tipo,id,estado_matriz,categoria,motivo,dueno,evidencia,criterio_reprueba,correccion,sha_revisado
atributo,Organization.id,PARCIAL,EVIDENCIA_PENDIENTE,No concrete non-null field value or measured read projection in this cut,HAC-40 / Cristhian,logs/attribute-matrix.json fila 1; supabase-v2/supabase/migrations/20260927042808_v2_schema_baseline.sql:30,Medir campo concreto POST/GET y permisos con control válido; distinguir NULL legítimo de valor ausente y no promover solo por columna/DTO.,NO_REQUIERE_CAMBIO_FUNCIONAL,d3a80eb28b7443e8f17c87e41dc6d81502a96e38
atributo,Organization.code,PARCIAL,EVIDENCIA_PENDIENTE,No concrete non-null field value or measured read projection in this cut,HAC-40 / Cristhian,logs/attribute-matrix.json fila 2; supabase-v2/supabase/migrations/20260927042808_v2_schema_baseline.sql:32,Medir campo concreto POST/GET y permisos con control válido; distinguir NULL legítimo de valor ausente y no promover solo por columna/DTO.,NO_REQUIERE_CAMBIO_FUNCIONAL,d3a80eb28b7443e8f17c87e41dc6d81502a96e38
atributo,Organization.commercialName,PARCIAL,EVIDENCIA_PENDIENTE,No concrete non-null field value or measured read projection in this cut,HAC-40 / Cristhian,logs/attribute-matrix.json fila 3; supabase-v2/supabase/migrations/20260927042808_v2_schema_baseline.sql:31,Medir campo concreto POST/GET y permisos con control válido; distinguir NULL legítimo de valor ausente y no promover solo por columna/DTO.,NO_REQUIERE_CAMBIO_FUNCIONAL,d3a80eb28b7443e8f17c87e41dc6d81502a96e38
atributo,Organization.legalName,PARCIAL,EVIDENCIA_PENDIENTE,No concrete non-null field value or measured read projection in this cut,HAC-40 / Cristhian,logs/attribute-matrix.json fila 4; supabase-v2/supabase/migrations/20260927042808_v2_schema_baseline.sql:230,Medir campo concreto POST/GET y permisos con control válido; distinguir NULL legítimo de valor ausente y no promover solo por columna/DTO.,NO_REQUIERE_CAMBIO_FUNCIONAL,d3a80eb28b7443e8f17c87e41dc6d81502a96e38
atributo,Organization.taxIdType,PARCIAL,EVIDENCIA_PENDIENTE,No concrete non-null field value or measured read projection in this cut,HAC-40 / Cristhian,logs/attribute-matrix.json fila 5; supabase-v2/supabase/migrations/20260927042808_v2_schema_baseline.sql:230,Medir campo concreto POST/GET y permisos con control válido; distinguir NULL legítimo de valor ausente y no promover solo por columna/DTO.,NO_REQUIERE_CAMBIO_FUNCIONAL,d3a80eb28b7443e8f17c87e41dc6d81502a96e38
atributo,Organization.taxIdValue,PARCIAL,EVIDENCIA_PENDIENTE,No concrete non-null field value or measured read projection in this cut,HAC-40 / Cristhian,logs/attribute-matrix.json fila 6; supabase-v2/supabase/migrations/20260927042808_v2_schema_baseline.sql:230,Medir campo concreto POST/GET y permisos con control válido; distinguir NULL legítimo de valor ausente y no promover solo por columna/DTO.,NO_REQUIERE_CAMBIO_FUNCIONAL,d3a80eb28b7443e8f17c87e41dc6d81502a96e38
atributo,Organization.countryCode,PARCIAL,EVIDENCIA_PENDIENTE,No concrete non-null field value or measured read projection in this cut,HAC-40 / Cristhian,logs/attribute-matrix.json fila 7; supabase-v2/supabase/migrations/20260927042808_v2_schema_baseline.sql:230,Medir campo concreto POST/GET y permisos con control válido; distinguir NULL legítimo de valor ausente y no promover solo por columna/DTO.,NO_REQUIERE_CAMBIO_FUNCIONAL,d3a80eb28b7443e8f17c87e41dc6d81502a96e38
atributo,Organization.corporateEmail,PARCIAL,EVIDENCIA_PENDIENTE,No concrete non-null field value or measured read projection in this cut,HAC-40 / Cristhian,logs/attribute-matrix.json fila 8; supabase-v2/supabase/migrations/20261004022650_hac40_organization_commands.sql:3,Medir campo concreto POST/GET y permisos con control válido; distinguir NULL legítimo de valor ausente y no promover solo por columna/DTO.,NO_REQUIERE_CAMBIO_FUNCIONAL,d3a80eb28b7443e8f17c87e41dc6d81502a96e38
atributo,Organization.defaultCurrency,PARCIAL,EVIDENCIA_PENDIENTE,No concrete non-null field value or measured read projection in this cut,HAC-40 / Cristhian,logs/attribute-matrix.json fila 9; supabase-v2/supabase/migrations/20260927042808_v2_schema_baseline.sql:34,Medir campo concreto POST/GET y permisos con control válido; distinguir NULL legítimo de valor ausente y no promover solo por columna/DTO.,NO_REQUIERE_CAMBIO_FUNCIONAL,d3a80eb28b7443e8f17c87e41dc6d81502a96e38
atributo,Organization.status,PARCIAL,EVIDENCIA_PENDIENTE,No concrete non-null field value or measured read projection in this cut,HAC-40 / Cristhian,logs/attribute-matrix.json fila 10; supabase-v2/supabase/migrations/20260927042808_v2_schema_baseline.sql:33,Medir campo concreto POST/GET y permisos con control válido; distinguir NULL legítimo de valor ausente y no promover solo por columna/DTO.,NO_REQUIERE_CAMBIO_FUNCIONAL,d3a80eb28b7443e8f17c87e41dc6d81502a96e38
atributo,Organization.corporatePhone,PARCIAL,EVIDENCIA_PENDIENTE,No concrete non-null field value or measured read projection in this cut,HAC-40 / Cristhian,logs/attribute-matrix.json fila 11; supabase-v2/supabase/migrations/20260927042808_v2_schema_baseline.sql:230,Medir campo concreto POST/GET y permisos con control válido; distinguir NULL legítimo de valor ausente y no promover solo por columna/DTO.,NO_REQUIERE_CAMBIO_FUNCIONAL,d3a80eb28b7443e8f17c87e41dc6d81502a96e38
atributo,FreightRequest.origin,PARCIAL,EVIDENCIA_PENDIENTE,Nullable physical column requires field-specific command proof,HAC-40 / Cristhian,logs/attribute-matrix.json fila 20; supabase-v2/supabase/migrations/20260927064713_hac12_road_vertical.sql:4,Probar comando con campo requerido y caso omitido/NULL bajo authenticated; evaluar constraints sin reset role. Después medir lectura del valor.,NO_REQUIERE_CAMBIO_FUNCIONAL,d3a80eb28b7443e8f17c87e41dc6d81502a96e38
atributo,FreightRequest.destination,PARCIAL,EVIDENCIA_PENDIENTE,Nullable physical column requires field-specific command proof,HAC-40 / Cristhian,logs/attribute-matrix.json fila 21; supabase-v2/supabase/migrations/20260927064713_hac12_road_vertical.sql:4,Probar comando con campo requerido y caso omitido/NULL bajo authenticated; evaluar constraints sin reset role. Después medir lectura del valor.,NO_REQUIERE_CAMBIO_FUNCIONAL,d3a80eb28b7443e8f17c87e41dc6d81502a96e38
atributo,FreightRequest.pickupWindow,PARCIAL,EVIDENCIA_PENDIENTE,Nullable physical column requires field-specific command proof,HAC-40 / Cristhian,logs/attribute-matrix.json fila 22; supabase-v2/supabase/migrations/20260927064713_hac12_road_vertical.sql:4,Probar comando con campo requerido y caso omitido/NULL bajo authenticated; evaluar constraints sin reset role. Después medir lectura del valor.,NO_REQUIERE_CAMBIO_FUNCIONAL,d3a80eb28b7443e8f17c87e41dc6d81502a96e38
atributo,FreightRequest.acceptedModes,PARCIAL,EVIDENCIA_PENDIENTE,Nullable physical column requires field-specific command proof,HAC-40 / Cristhian,logs/attribute-matrix.json fila 24; supabase-v2/supabase/migrations/20260927064713_hac12_road_vertical.sql:4,Probar comando con campo requerido y caso omitido/NULL bajo authenticated; evaluar constraints sin reset role. Después medir lectura del valor.,NO_REQUIERE_CAMBIO_FUNCIONAL,d3a80eb28b7443e8f17c87e41dc6d81502a96e38
atributo,FreightRequest.preferredEquipment,PARCIAL,EVIDENCIA_PENDIENTE,No concrete non-null field value or measured read projection in this cut,HAC-40 / Cristhian,logs/attribute-matrix.json fila 30; supabase-v2/supabase/migrations/20261004025720_hac40_full_request_contract.sql:6,Medir campo concreto POST/GET y permisos con control válido; distinguir NULL legítimo de valor ausente y no promover solo por columna/DTO.,NO_REQUIERE_CAMBIO_FUNCIONAL,d3a80eb28b7443e8f17c87e41dc6d81502a96e38
atributo,FreightRequest.selectionObjective,PARCIAL,EVIDENCIA_PENDIENTE,No concrete non-null field value or measured read projection in this cut,HAC-40 / Cristhian,logs/attribute-matrix.json fila 31; supabase-v2/supabase/migrations/20261004025720_hac40_full_request_contract.sql:6,Medir campo concreto POST/GET y permisos con control válido; distinguir NULL legítimo de valor ausente y no promover solo por columna/DTO.,NO_REQUIERE_CAMBIO_FUNCIONAL,d3a80eb28b7443e8f17c87e41dc6d81502a96e38
atributo,CargoUnit.unitsPerPackage,PARCIAL,EVIDENCIA_PENDIENTE,No concrete non-null field value or measured read projection in this cut,HAC-40 / Cristhian,logs/attribute-matrix.json fila 48; supabase-v2/supabase/migrations/20260927064713_hac12_road_vertical.sql:4,Medir campo concreto POST/GET y permisos con control válido; distinguir NULL legítimo de valor ausente y no promover solo por columna/DTO.,NO_REQUIERE_CAMBIO_FUNCIONAL,d3a80eb28b7443e8f17c87e41dc6d81502a96e38
atributo,Carrier.verifiedContact,PARCIAL,EVIDENCIA_PENDIENTE,No concrete non-null field value or measured read projection in this cut,HAC-40 / Cristhian,logs/attribute-matrix.json fila 56; supabase-v2/supabase/migrations/20261004032151_hac40_catalog.sql:31,Medir campo concreto POST/GET y permisos con control válido; distinguir NULL legítimo de valor ausente y no promover solo por columna/DTO.,NO_REQUIERE_CAMBIO_FUNCIONAL,d3a80eb28b7443e8f17c87e41dc6d81502a96e38
atributo,CarrierService.temperatureRange,PARCIAL,EVIDENCIA_PENDIENTE,No concrete non-null field value or measured read projection in this cut,HAC-40 / Cristhian,logs/attribute-matrix.json fila 73; supabase-v2/supabase/migrations/20260927042808_v2_schema_baseline.sql:85; supabase-v2/supabase/migrations/20260927042808_v2_schema_baseline.sql:86,Medir campo concreto POST/GET y permisos con control válido; distinguir NULL legítimo de valor ausente y no promover solo por columna/DTO.,NO_REQUIERE_CAMBIO_FUNCIONAL,d3a80eb28b7443e8f17c87e41dc6d81502a96e38
atributo,ResponseIntegration.channel,PARCIAL,EVIDENCIA_PENDIENTE,No concrete non-null field value or measured read projection in this cut,HAC-41 / Axel,logs/attribute-matrix.json fila 80; supabase-v2/supabase/migrations/20261008235124_hac41_identity_integrations.sql:22,Medir campo concreto POST/GET y permisos con control válido; distinguir NULL legítimo de valor ausente y no promover solo por columna/DTO.,NO_REQUIERE_CAMBIO_FUNCIONAL,d3a80eb28b7443e8f17c87e41dc6d81502a96e38
atributo,ResponseIntegration.endpointRef,PARCIAL,EVIDENCIA_PENDIENTE,No concrete non-null field value or measured read projection in this cut,HAC-41 / Axel,logs/attribute-matrix.json fila 81; supabase-v2/supabase/migrations/20261008235124_hac41_identity_integrations.sql:23,Medir campo concreto POST/GET y permisos con control válido; distinguir NULL legítimo de valor ausente y no promover solo por columna/DTO.,NO_REQUIERE_CAMBIO_FUNCIONAL,d3a80eb28b7443e8f17c87e41dc6d81502a96e38
atributo,ResponseIntegration.verifiedAt,PARCIAL,EVIDENCIA_PENDIENTE,No concrete non-null field value or measured read projection in this cut,HAC-41 / Axel,logs/attribute-matrix.json fila 82; supabase-v2/supabase/migrations/20261008235124_hac41_identity_integrations.sql:24,Medir campo concreto POST/GET y permisos con control válido; distinguir NULL legítimo de valor ausente y no promover solo por columna/DTO.,NO_REQUIERE_CAMBIO_FUNCIONAL,d3a80eb28b7443e8f17c87e41dc6d81502a96e38
atributo,ResponseIntegration.status,PARCIAL,EVIDENCIA_PENDIENTE,No concrete non-null field value or measured read projection in this cut,HAC-41 / Axel,logs/attribute-matrix.json fila 83; supabase-v2/supabase/migrations/20261008235124_hac41_identity_integrations.sql:24,Medir campo concreto POST/GET y permisos con control válido; distinguir NULL legítimo de valor ausente y no promover solo por columna/DTO.,NO_REQUIERE_CAMBIO_FUNCIONAL,d3a80eb28b7443e8f17c87e41dc6d81502a96e38
atributo,ResponseIntegration.evidence,PARCIAL,EVIDENCIA_PENDIENTE,No concrete non-null field value or measured read projection in this cut,HAC-41 / Axel,logs/attribute-matrix.json fila 84; supabase-v2/supabase/migrations/20261008235124_hac41_identity_integrations.sql:25,Medir campo concreto POST/GET y permisos con control válido; distinguir NULL legítimo de valor ausente y no promover solo por columna/DTO.,NO_REQUIERE_CAMBIO_FUNCIONAL,d3a80eb28b7443e8f17c87e41dc6d81502a96e38
atributo,CapacitySource.sourceId,PARCIAL,EVIDENCIA_PENDIENTE,Derived/scenario/container representation; exact field semantics not certified,HAC-40 / Cristhian,logs/attribute-matrix.json fila 85; NO_DEFINITION,Probar semántica de la derivación/container y su fuente/versiones con positivo y negativo; no exigir una FK o columna ficticia.,NO_REQUIERE_CAMBIO_FUNCIONAL,d3a80eb28b7443e8f17c87e41dc6d81502a96e38
atributo,CapacitySource.provenance,PARCIAL,EVIDENCIA_PENDIENTE,Derived/scenario/container representation; exact field semantics not certified,HAC-40 / Cristhian,logs/attribute-matrix.json fila 86; NO_DEFINITION,Probar semántica de la derivación/container y su fuente/versiones con positivo y negativo; no exigir una FK o columna ficticia.,NO_REQUIERE_CAMBIO_FUNCIONAL,d3a80eb28b7443e8f17c87e41dc6d81502a96e38
atributo,TransportAsset.usefulCapacityKg,PARCIAL,EVIDENCIA_PENDIENTE,Nullable physical column requires field-specific command proof,HAC-40 / Cristhian,logs/attribute-matrix.json fila 90; supabase-v2/supabase/migrations/20260927064713_hac12_road_vertical.sql:50,Probar comando con campo requerido y caso omitido/NULL bajo authenticated; evaluar constraints sin reset role. Después medir lectura del valor.,NO_REQUIERE_CAMBIO_FUNCIONAL,d3a80eb28b7443e8f17c87e41dc6d81502a96e38
atributo,RoadVehicle.plate,PARCIAL,EVIDENCIA_PENDIENTE,Nullable physical column requires field-specific command proof,HAC-40 / Cristhian,logs/attribute-matrix.json fila 94; supabase-v2/supabase/migrations/20260927064713_hac12_road_vertical.sql:48,Probar comando con campo requerido y caso omitido/NULL bajo authenticated; evaluar constraints sin reset role. Después medir lectura del valor.,NO_REQUIERE_CAMBIO_FUNCIONAL,d3a80eb28b7443e8f17c87e41dc6d81502a96e38
atributo,RoadVehicle.variant,PARCIAL,EVIDENCIA_PENDIENTE,No concrete non-null field value or measured read projection in this cut,HAC-40 / Cristhian,logs/attribute-matrix.json fila 99; supabase-v2/supabase/migrations/20261004042259_hac40_fleet.sql:17,Medir campo concreto POST/GET y permisos con control válido; distinguir NULL legítimo de valor ausente y no promover solo por columna/DTO.,NO_REQUIERE_CAMBIO_FUNCIONAL,d3a80eb28b7443e8f17c87e41dc6d81502a96e38
atributo,RoadVehicle.bodyType,PARCIAL,EVIDENCIA_PENDIENTE,Nullable physical column requires field-specific command proof,HAC-40 / Cristhian,logs/attribute-matrix.json fila 100; supabase-v2/supabase/migrations/20261004042259_hac40_fleet.sql:17,Probar comando con campo requerido y caso omitido/NULL bajo authenticated; evaluar constraints sin reset role. Después medir lectura del valor.,NO_REQUIERE_CAMBIO_FUNCIONAL,d3a80eb28b7443e8f17c87e41dc6d81502a96e38
atributo,RoadVehicle.conditionReason,PARCIAL,EVIDENCIA_PENDIENTE,No concrete non-null field value or measured read projection in this cut,HAC-40 / Cristhian,logs/attribute-matrix.json fila 104; supabase-v2/supabase/migrations/20261004042259_hac40_fleet.sql:17,Medir campo concreto POST/GET y permisos con control válido; distinguir NULL legítimo de valor ausente y no promover solo por columna/DTO.,NO_REQUIERE_CAMBIO_FUNCIONAL,d3a80eb28b7443e8f17c87e41dc6d81502a96e38
atributo,CapacityPool.mode,PARCIAL,EVIDENCIA_PENDIENTE,Nullable physical column requires field-specific command proof,HAC-40 / Cristhian,logs/attribute-matrix.json fila 106; supabase-v2/supabase/migrations/20261004042259_hac40_fleet.sql:29,Probar comando con campo requerido y caso omitido/NULL bajo authenticated; evaluar constraints sin reset role. Después medir lectura del valor.,NO_REQUIERE_CAMBIO_FUNCIONAL,d3a80eb28b7443e8f17c87e41dc6d81502a96e38
atributo,CapacityPool.partner,PARCIAL,EVIDENCIA_PENDIENTE,Nullable physical column requires field-specific command proof,HAC-40 / Cristhian,logs/attribute-matrix.json fila 109; supabase-v2/supabase/migrations/20261004042259_hac40_fleet.sql:29,Probar comando con campo requerido y caso omitido/NULL bajo authenticated; evaluar constraints sin reset role. Después medir lectura del valor.,NO_REQUIERE_CAMBIO_FUNCIONAL,d3a80eb28b7443e8f17c87e41dc6d81502a96e38
atributo,CapacityPool.evidence,PARCIAL,EVIDENCIA_PENDIENTE,Nullable physical column requires field-specific command proof,HAC-40 / Cristhian,logs/attribute-matrix.json fila 110; supabase-v2/supabase/migrations/20261004042259_hac40_fleet.sql:29,Probar comando con campo requerido y caso omitido/NULL bajo authenticated; evaluar constraints sin reset role. Después medir lectura del valor.,NO_REQUIERE_CAMBIO_FUNCIONAL,d3a80eb28b7443e8f17c87e41dc6d81502a96e38
atributo,CapacityCalendar.timezone,PARCIAL,EVIDENCIA_PENDIENTE,Nullable physical column requires field-specific command proof,HAC-40 / Cristhian,logs/attribute-matrix.json fila 111; supabase-v2/supabase/migrations/20261004042259_hac40_fleet.sql:35,Probar comando con campo requerido y caso omitido/NULL bajo authenticated; evaluar constraints sin reset role. Después medir lectura del valor.,NO_REQUIERE_CAMBIO_FUNCIONAL,d3a80eb28b7443e8f17c87e41dc6d81502a96e38
atributo,CapacityCalendar.source,PARCIAL,EVIDENCIA_PENDIENTE,Nullable physical column requires field-specific command proof,HAC-40 / Cristhian,logs/attribute-matrix.json fila 113; supabase-v2/supabase/migrations/20261004042259_hac40_fleet.sql:35,Probar comando con campo requerido y caso omitido/NULL bajo authenticated; evaluar constraints sin reset role. Después medir lectura del valor.,NO_REQUIERE_CAMBIO_FUNCIONAL,d3a80eb28b7443e8f17c87e41dc6d81502a96e38
atributo,CapacityCalendar.freshness,PARCIAL,EVIDENCIA_PENDIENTE,Nullable physical column requires field-specific command proof,HAC-40 / Cristhian,logs/attribute-matrix.json fila 115; supabase-v2/supabase/migrations/20261004042259_hac40_fleet.sql:35,Probar comando con campo requerido y caso omitido/NULL bajo authenticated; evaluar constraints sin reset role. Después medir lectura del valor.,NO_REQUIERE_CAMBIO_FUNCIONAL,d3a80eb28b7443e8f17c87e41dc6d81502a96e38
atributo,CapacityReservation.committedCapacity,PARCIAL,EVIDENCIA_PENDIENTE,Nullable physical column requires field-specific command proof,HAC-40 / Cristhian,logs/attribute-matrix.json fila 117; supabase-v2/supabase/migrations/20261004080506_hac40_crew_assignments.sql:75,Probar comando con campo requerido y caso omitido/NULL bajo authenticated; evaluar constraints sin reset role. Después medir lectura del valor.,NO_REQUIERE_CAMBIO_FUNCIONAL,d3a80eb28b7443e8f17c87e41dc6d81502a96e38
atributo,CapacityReservation.reference,PARCIAL,EVIDENCIA_PENDIENTE,Nullable physical column requires field-specific command proof,HAC-40 / Cristhian,logs/attribute-matrix.json fila 119; supabase-v2/supabase/migrations/20261004080506_hac40_crew_assignments.sql:75,Probar comando con campo requerido y caso omitido/NULL bajo authenticated; evaluar constraints sin reset role. Después medir lectura del valor.,NO_REQUIERE_CAMBIO_FUNCIONAL,d3a80eb28b7443e8f17c87e41dc6d81502a96e38
atributo,CapacityReservation.source,PARCIAL,EVIDENCIA_PENDIENTE,Nullable physical column requires field-specific command proof,HAC-40 / Cristhian,logs/attribute-matrix.json fila 120; supabase-v2/supabase/migrations/20261004080506_hac40_crew_assignments.sql:75,Probar comando con campo requerido y caso omitido/NULL bajo authenticated; evaluar constraints sin reset role. Después medir lectura del valor.,NO_REQUIERE_CAMBIO_FUNCIONAL,d3a80eb28b7443e8f17c87e41dc6d81502a96e38
atributo,ScheduledMaintenance.kind,PARCIAL,EVIDENCIA_PENDIENTE,Nullable physical column requires field-specific command proof,HAC-40 / Cristhian,logs/attribute-matrix.json fila 124; supabase-v2/supabase/migrations/20261004042259_hac40_fleet.sql:40,Probar comando con campo requerido y caso omitido/NULL bajo authenticated; evaluar constraints sin reset role. Después medir lectura del valor.,NO_REQUIERE_CAMBIO_FUNCIONAL,d3a80eb28b7443e8f17c87e41dc6d81502a96e38
atributo,ScheduledMaintenance.source,PARCIAL,EVIDENCIA_PENDIENTE,Nullable physical column requires field-specific command proof,HAC-40 / Cristhian,logs/attribute-matrix.json fila 126; supabase-v2/supabase/migrations/20261004042259_hac40_fleet.sql:40,Probar comando con campo requerido y caso omitido/NULL bajo authenticated; evaluar constraints sin reset role. Después medir lectura del valor.,NO_REQUIERE_CAMBIO_FUNCIONAL,d3a80eb28b7443e8f17c87e41dc6d81502a96e38
atributo,Driver.portalAccount,PARCIAL,EVIDENCIA_PENDIENTE,No concrete non-null field value or measured read projection in this cut,HAC-40 / Cristhian,logs/attribute-matrix.json fila 129; supabase-v2/supabase/migrations/20261004080506_hac40_crew_assignments.sql:20,Medir campo concreto POST/GET y permisos con control válido; distinguir NULL legítimo de valor ausente y no promover solo por columna/DTO.,NO_REQUIERE_CAMBIO_FUNCIONAL,d3a80eb28b7443e8f17c87e41dc6d81502a96e38
atributo,AssetStatusEvent.at,PARCIAL,EVIDENCIA_PENDIENTE,No concrete non-null field value or measured read projection in this cut,HAC-40 / Cristhian,logs/attribute-matrix.json fila 143; supabase-v2/supabase/migrations/20261004154048_hac40_workflow.sql:257,Medir campo concreto POST/GET y permisos con control válido; distinguir NULL legítimo de valor ausente y no promover solo por columna/DTO.,NO_REQUIERE_CAMBIO_FUNCIONAL,d3a80eb28b7443e8f17c87e41dc6d81502a96e38
atributo,AssetStatusEvent.previous,PARCIAL,EVIDENCIA_PENDIENTE,No concrete non-null field value or measured read projection in this cut,HAC-40 / Cristhian,logs/attribute-matrix.json fila 144; supabase-v2/supabase/migrations/20261004154048_hac40_workflow.sql:257,Medir campo concreto POST/GET y permisos con control válido; distinguir NULL legítimo de valor ausente y no promover solo por columna/DTO.,NO_REQUIERE_CAMBIO_FUNCIONAL,d3a80eb28b7443e8f17c87e41dc6d81502a96e38
atributo,AssetStatusEvent.next,PARCIAL,EVIDENCIA_PENDIENTE,No concrete non-null field value or measured read projection in this cut,HAC-40 / Cristhian,logs/attribute-matrix.json fila 145; supabase-v2/supabase/migrations/20261004154048_hac40_workflow.sql:257,Medir campo concreto POST/GET y permisos con control válido; distinguir NULL legítimo de valor ausente y no promover solo por columna/DTO.,NO_REQUIERE_CAMBIO_FUNCIONAL,d3a80eb28b7443e8f17c87e41dc6d81502a96e38
atributo,AssetStatusEvent.reason,PARCIAL,EVIDENCIA_PENDIENTE,No concrete non-null field value or measured read projection in this cut,HAC-40 / Cristhian,logs/attribute-matrix.json fila 146; supabase-v2/supabase/migrations/20261004154048_hac40_workflow.sql:257,Medir campo concreto POST/GET y permisos con control válido; distinguir NULL legítimo de valor ausente y no promover solo por columna/DTO.,NO_REQUIERE_CAMBIO_FUNCIONAL,d3a80eb28b7443e8f17c87e41dc6d81502a96e38
atributo,AssetStatusEvent.evidence,PARCIAL,EVIDENCIA_PENDIENTE,No concrete non-null field value or measured read projection in this cut,HAC-40 / Cristhian,logs/attribute-matrix.json fila 147; supabase-v2/supabase/migrations/20261004154048_hac40_workflow.sql:257,Medir campo concreto POST/GET y permisos con control válido; distinguir NULL legítimo de valor ausente y no promover solo por columna/DTO.,NO_REQUIERE_CAMBIO_FUNCIONAL,d3a80eb28b7443e8f17c87e41dc6d81502a96e38
atributo,RoutePlan.estimatedTolls,PARCIAL,EVIDENCIA_PENDIENTE,No concrete non-null field value or measured read projection in this cut,HAC-40 / Cristhian,logs/attribute-matrix.json fila 154; supabase-v2/supabase/migrations/20261004154048_hac40_workflow.sql:140,Medir campo concreto POST/GET y permisos con control válido; distinguir NULL legítimo de valor ausente y no promover solo por columna/DTO.,NO_REQUIERE_CAMBIO_FUNCIONAL,d3a80eb28b7443e8f17c87e41dc6d81502a96e38
atributo,RoutePlan.borderCostEstimate,PARCIAL,EVIDENCIA_PENDIENTE,No concrete non-null field value or measured read projection in this cut,HAC-40 / Cristhian,logs/attribute-matrix.json fila 155; supabase-v2/supabase/migrations/20261004154048_hac40_workflow.sql:140,Medir campo concreto POST/GET y permisos con control válido; distinguir NULL legítimo de valor ausente y no promover solo por columna/DTO.,NO_REQUIERE_CAMBIO_FUNCIONAL,d3a80eb28b7443e8f17c87e41dc6d81502a96e38
atributo,RouteLeg.borderRequirements,PARCIAL,EVIDENCIA_PENDIENTE,No concrete non-null field value or measured read projection in this cut,HAC-40 / Cristhian,logs/attribute-matrix.json fila 160; supabase-v2/supabase/migrations/20261004154048_hac40_workflow.sql:312,Medir campo concreto POST/GET y permisos con control válido; distinguir NULL legítimo de valor ausente y no promover solo por columna/DTO.,NO_REQUIERE_CAMBIO_FUNCIONAL,d3a80eb28b7443e8f17c87e41dc6d81502a96e38
atributo,RouteWaypoint.sequence,PARCIAL,DEFECTO_FUNCIONAL_REAL,"Publicar corredor con dos waypoints y crear ruta autenticada. BD conserva sequence=1,2; POST y GET omiten data.legs[].waypoints[].sequence.",HAC-40 / Cristhian,cargomesh/src/shared/schemas/v2/workflow.ts:121; logs/uml-before-fix.log: cinco asserts rojos corresponden a R01 y R02; controles de permisos y boundary authenticated pasan.,"POST/GET devuelven 1,2 en el mismo orden; metadata y fuentes conservadas; otro tenant 404 y anon 401; constraints bajo authenticated.",CORREGIDO_LOCAL; no integrado ni alojado,d3a80eb28b7443e8f17c87e41dc6d81502a96e38
atributo,RoutePlanningPolicy.constraints,PARCIAL,EVIDENCIA_PENDIENTE,No concrete non-null field value or measured read projection in this cut,HAC-40 / Cristhian,logs/attribute-matrix.json fila 176; supabase-v2/supabase/migrations/20261004154048_hac40_workflow.sql:75,Medir campo concreto POST/GET y permisos con control válido; distinguir NULL legítimo de valor ausente y no promover solo por columna/DTO.,NO_REQUIERE_CAMBIO_FUNCIONAL,d3a80eb28b7443e8f17c87e41dc6d81502a96e38
atributo,TransportPlanCandidate.pendingRequirements,PARCIAL,EVIDENCIA_PENDIENTE,No concrete non-null field value or measured read projection in this cut,HAC-40 / Cristhian,logs/attribute-matrix.json fila 182; supabase-v2/supabase/migrations/20261004154048_hac40_workflow.sql:153,Medir campo concreto POST/GET y permisos con control válido; distinguir NULL legítimo de valor ausente y no promover solo por columna/DTO.,NO_REQUIERE_CAMBIO_FUNCIONAL,d3a80eb28b7443e8f17c87e41dc6d81502a96e38
atributo,TransportPlanCandidate.exclusionReasons,PARCIAL,EVIDENCIA_PENDIENTE,No concrete non-null field value or measured read projection in this cut,HAC-40 / Cristhian,logs/attribute-matrix.json fila 183; supabase-v2/supabase/migrations/20261004154048_hac40_workflow.sql:153,Medir campo concreto POST/GET y permisos con control válido; distinguir NULL legítimo de valor ausente y no promover solo por columna/DTO.,NO_REQUIERE_CAMBIO_FUNCIONAL,d3a80eb28b7443e8f17c87e41dc6d81502a96e38
atributo,CarrierOffer.estimatedPickupAt,PARCIAL,EVIDENCIA_PENDIENTE,No concrete non-null field value or measured read projection in this cut,HAC-40 / Cristhian,logs/attribute-matrix.json fila 205; supabase-v2/supabase/migrations/20261004154048_hac40_workflow.sql:179,Medir campo concreto POST/GET y permisos con control válido; distinguir NULL legítimo de valor ausente y no promover solo por columna/DTO.,NO_REQUIERE_CAMBIO_FUNCIONAL,d3a80eb28b7443e8f17c87e41dc6d81502a96e38
atributo,CarrierOffer.estimatedDeliveryAt,PARCIAL,EVIDENCIA_PENDIENTE,No concrete non-null field value or measured read projection in this cut,HAC-40 / Cristhian,logs/attribute-matrix.json fila 206; supabase-v2/supabase/migrations/20261004154048_hac40_workflow.sql:179,Medir campo concreto POST/GET y permisos con control válido; distinguir NULL legítimo de valor ausente y no promover solo por columna/DTO.,NO_REQUIERE_CAMBIO_FUNCIONAL,d3a80eb28b7443e8f17c87e41dc6d81502a96e38
atributo,CarrierOffer.commercialTerms,PARCIAL,EVIDENCIA_PENDIENTE,No concrete non-null field value or measured read projection in this cut,HAC-40 / Cristhian,logs/attribute-matrix.json fila 209; supabase-v2/supabase/migrations/20261004154048_hac40_workflow.sql:179,Medir campo concreto POST/GET y permisos con control válido; distinguir NULL legítimo de valor ausente y no promover solo por columna/DTO.,NO_REQUIERE_CAMBIO_FUNCIONAL,d3a80eb28b7443e8f17c87e41dc6d81502a96e38
atributo,CarrierOffer.supersedesOfferId,PARCIAL,EVIDENCIA_PENDIENTE,No concrete non-null field value or measured read projection in this cut,HAC-40 / Cristhian,logs/attribute-matrix.json fila 212; supabase-v2/supabase/migrations/20261004154048_hac40_workflow.sql:300,Medir campo concreto POST/GET y permisos con control válido; distinguir NULL legítimo de valor ausente y no promover solo por columna/DTO.,NO_REQUIERE_CAMBIO_FUNCIONAL,d3a80eb28b7443e8f17c87e41dc6d81502a96e38
atributo,CarrierOffer.requestId,PARCIAL,EVIDENCIA_PENDIENTE,Nullable physical column requires field-specific command proof,HAC-40 / Cristhian,logs/attribute-matrix.json fila 213; supabase-v2/supabase/migrations/20261004154048_hac40_workflow.sql:177,Probar comando con campo requerido y caso omitido/NULL bajo authenticated; evaluar constraints sin reset role. Después medir lectura del valor.,NO_REQUIERE_CAMBIO_FUNCIONAL,d3a80eb28b7443e8f17c87e41dc6d81502a96e38
atributo,CarrierOffer.opportunityId,PARCIAL,EVIDENCIA_PENDIENTE,Nullable physical column requires field-specific command proof,HAC-40 / Cristhian,logs/attribute-matrix.json fila 215; supabase-v2/supabase/migrations/20261004154048_hac40_workflow.sql:177,Probar comando con campo requerido y caso omitido/NULL bajo authenticated; evaluar constraints sin reset role. Después medir lectura del valor.,NO_REQUIERE_CAMBIO_FUNCIONAL,d3a80eb28b7443e8f17c87e41dc6d81502a96e38
atributo,CarrierOffer.carrierId,PARCIAL,EVIDENCIA_PENDIENTE,Nullable physical column requires field-specific command proof,HAC-40 / Cristhian,logs/attribute-matrix.json fila 216; supabase-v2/supabase/migrations/20261004154048_hac40_workflow.sql:177,Probar comando con campo requerido y caso omitido/NULL bajo authenticated; evaluar constraints sin reset role. Después medir lectura del valor.,NO_REQUIERE_CAMBIO_FUNCIONAL,d3a80eb28b7443e8f17c87e41dc6d81502a96e38
atributo,RankedOption.position,PARCIAL,EVIDENCIA_PENDIENTE,Nullable physical column requires field-specific command proof,HAC-40 / Cristhian,logs/attribute-matrix.json fila 219; supabase-v2/supabase/migrations/20261004154048_hac40_workflow.sql:325,Probar comando con campo requerido y caso omitido/NULL bajo authenticated; evaluar constraints sin reset role. Después medir lectura del valor.,NO_REQUIERE_CAMBIO_FUNCIONAL,d3a80eb28b7443e8f17c87e41dc6d81502a96e38
atributo,RankedOption.missingData,PARCIAL,EVIDENCIA_PENDIENTE,No concrete non-null field value or measured read projection in this cut,HAC-40 / Cristhian,logs/attribute-matrix.json fila 222; supabase-v2/supabase/migrations/20261004154048_hac40_workflow.sql:325,Medir campo concreto POST/GET y permisos con control válido; distinguir NULL legítimo de valor ausente y no promover solo por columna/DTO.,NO_REQUIERE_CAMBIO_FUNCIONAL,d3a80eb28b7443e8f17c87e41dc6d81502a96e38
atributo,Booking.carrierReference,PARCIAL,EVIDENCIA_PENDIENTE,No concrete non-null field value or measured read projection in this cut,HAC-40 / Cristhian,logs/attribute-matrix.json fila 229; supabase-v2/supabase/migrations/20261004154048_hac40_workflow.sql:218,Medir campo concreto POST/GET y permisos con control válido; distinguir NULL legítimo de valor ausente y no promover solo por columna/DTO.,NO_REQUIERE_CAMBIO_FUNCIONAL,d3a80eb28b7443e8f17c87e41dc6d81502a96e38
atributo,Booking.confirmedAt,PARCIAL,EVIDENCIA_PENDIENTE,No concrete non-null field value or measured read projection in this cut,HAC-40 / Cristhian,logs/attribute-matrix.json fila 230; supabase-v2/supabase/migrations/20261004154048_hac40_workflow.sql:218,Medir campo concreto POST/GET y permisos con control válido; distinguir NULL legítimo de valor ausente y no promover solo por columna/DTO.,NO_REQUIERE_CAMBIO_FUNCIONAL,d3a80eb28b7443e8f17c87e41dc6d81502a96e38
atributo,Booking.selectionDecisionId,PARCIAL,DEFECTO_FUNCIONAL_REAL,"Crear decisión y booking autenticados. v2_bookings.decision_id existe, pero POST/GET omiten data.decisionId.",HAC-40 / Cristhian,cargomesh/src/shared/schemas/v2/workflow.ts:193; logs/uml-before-fix.log; mediciones-originales/extended-roundtrips.json conserva input.decisionId y muestra omisión en written/read.,POST/GET conservan el UUID de la decisión; otro tenant 404 y anon 401; helper privado sigue denegado; constraints bajo authenticated.,CORREGIDO_LOCAL; no integrado ni alojado,d3a80eb28b7443e8f17c87e41dc6d81502a96e38
atributo,Booking.capacityEvidence,PARCIAL,EVIDENCIA_PENDIENTE,No concrete non-null field value or measured read projection in this cut,HAC-40 / Cristhian,logs/attribute-matrix.json fila 236; supabase-v2/supabase/migrations/20261004154048_hac40_workflow.sql:218,Medir campo concreto POST/GET y permisos con control válido; distinguir NULL legítimo de valor ausente y no promover solo por columna/DTO.,NO_REQUIERE_CAMBIO_FUNCIONAL,d3a80eb28b7443e8f17c87e41dc6d81502a96e38
atributo,TransportExecution.actualStartedAt,PARCIAL,EVIDENCIA_PENDIENTE,No concrete non-null field value or measured read projection in this cut,HAC-40 / Cristhian,logs/attribute-matrix.json fila 240; supabase-v2/supabase/migrations/20261004080506_hac40_crew_assignments.sql:14,Medir campo concreto POST/GET y permisos con control válido; distinguir NULL legítimo de valor ausente y no promover solo por columna/DTO.,NO_REQUIERE_CAMBIO_FUNCIONAL,d3a80eb28b7443e8f17c87e41dc6d81502a96e38
atributo,TransportExecution.actualCompletedAt,PARCIAL,EVIDENCIA_PENDIENTE,No concrete non-null field value or measured read projection in this cut,HAC-40 / Cristhian,logs/attribute-matrix.json fila 241; supabase-v2/supabase/migrations/20261004080506_hac40_crew_assignments.sql:9 (generic DDL/dispatch; see catalog),Medir campo concreto POST/GET y permisos con control válido; distinguir NULL legítimo de valor ausente y no promover solo por columna/DTO.,NO_REQUIERE_CAMBIO_FUNCIONAL,d3a80eb28b7443e8f17c87e41dc6d81502a96e38
atributo,TransportExecution.lastKnownPosition,PARCIAL,EVIDENCIA_PENDIENTE,No concrete non-null field value or measured read projection in this cut,HAC-40 / Cristhian,logs/attribute-matrix.json fila 242; supabase-v2/supabase/migrations/20261004080506_hac40_crew_assignments.sql:14,Medir campo concreto POST/GET y permisos con control válido; distinguir NULL legítimo de valor ausente y no promover solo por columna/DTO.,NO_REQUIERE_CAMBIO_FUNCIONAL,d3a80eb28b7443e8f17c87e41dc6d81502a96e38
atributo,IncidentUpdate.at,PARCIAL,EVIDENCIA_PENDIENTE,No concrete non-null field value or measured read projection in this cut,HAC-40 / Cristhian,logs/attribute-matrix.json fila 252; supabase-v2/supabase/migrations/20261004154048_hac40_workflow.sql:244,Medir campo concreto POST/GET y permisos con control válido; distinguir NULL legítimo de valor ausente y no promover solo por columna/DTO.,NO_REQUIERE_CAMBIO_FUNCIONAL,d3a80eb28b7443e8f17c87e41dc6d81502a96e38
atributo,IncidentUpdate.actor,PARCIAL,EVIDENCIA_PENDIENTE,No concrete non-null field value or measured read projection in this cut,HAC-40 / Cristhian,logs/attribute-matrix.json fila 253; supabase-v2/supabase/migrations/20261004154048_hac40_workflow.sql:244,Medir campo concreto POST/GET y permisos con control válido; distinguir NULL legítimo de valor ausente y no promover solo por columna/DTO.,NO_REQUIERE_CAMBIO_FUNCIONAL,d3a80eb28b7443e8f17c87e41dc6d81502a96e38
atributo,IncidentUpdate.action,PARCIAL,EVIDENCIA_PENDIENTE,No concrete non-null field value or measured read projection in this cut,HAC-40 / Cristhian,logs/attribute-matrix.json fila 254; supabase-v2/supabase/migrations/20261004154048_hac40_workflow.sql:244,Medir campo concreto POST/GET y permisos con control válido; distinguir NULL legítimo de valor ausente y no promover solo por columna/DTO.,NO_REQUIERE_CAMBIO_FUNCIONAL,d3a80eb28b7443e8f17c87e41dc6d81502a96e38
atributo,IncidentUpdate.note,PARCIAL,EVIDENCIA_PENDIENTE,No concrete non-null field value or measured read projection in this cut,HAC-40 / Cristhian,logs/attribute-matrix.json fila 255; supabase-v2/supabase/migrations/20261004154048_hac40_workflow.sql:244,Medir campo concreto POST/GET y permisos con control válido; distinguir NULL legítimo de valor ausente y no promover solo por columna/DTO.,NO_REQUIERE_CAMBIO_FUNCIONAL,d3a80eb28b7443e8f17c87e41dc6d81502a96e38
atributo,IncidentUpdate.evidence,PARCIAL,EVIDENCIA_PENDIENTE,No concrete non-null field value or measured read projection in this cut,HAC-40 / Cristhian,logs/attribute-matrix.json fila 256; supabase-v2/supabase/migrations/20261004154048_hac40_workflow.sql:244,Medir campo concreto POST/GET y permisos con control válido; distinguir NULL legítimo de valor ausente y no promover solo por columna/DTO.,NO_REQUIERE_CAMBIO_FUNCIONAL,d3a80eb28b7443e8f17c87e41dc6d81502a96e38
atributo,RouteCorridor.restrictions,PARCIAL,EVIDENCIA_PENDIENTE,No concrete non-null field value or measured read projection in this cut,HAC-40 / Cristhian,logs/attribute-matrix.json fila 268; supabase-v2/supabase/migrations/20261004154048_hac40_workflow.sql:62,Medir campo concreto POST/GET y permisos con control válido; distinguir NULL legítimo de valor ausente y no promover solo por columna/DTO.,NO_REQUIERE_CAMBIO_FUNCIONAL,d3a80eb28b7443e8f17c87e41dc6d81502a96e38
atributo,LoadAllocation.handlingRequirements,PARCIAL,EVIDENCIA_PENDIENTE,No concrete non-null field value or measured read projection in this cut,HAC-40 / Cristhian,logs/attribute-matrix.json fila 286; supabase-v2/supabase/migrations/20261004154048_hac40_workflow.sql:316,Medir campo concreto POST/GET y permisos con control válido; distinguir NULL legítimo de valor ausente y no promover solo por columna/DTO.,NO_REQUIERE_CAMBIO_FUNCIONAL,d3a80eb28b7443e8f17c87e41dc6d81502a96e38
atributo,OrganizationMember.id,PARCIAL,EVIDENCIA_PENDIENTE,No concrete non-null field value or measured read projection in this cut,HAC-41 / Axel,logs/attribute-matrix.json fila 288; supabase-v2/supabase/migrations/20260927042808_v2_schema_baseline.sql:216,Medir campo concreto POST/GET y permisos con control válido; distinguir NULL legítimo de valor ausente y no promover solo por columna/DTO.,NO_REQUIERE_CAMBIO_FUNCIONAL,d3a80eb28b7443e8f17c87e41dc6d81502a96e38
atributo,OrganizationMember.role,PARCIAL,EVIDENCIA_PENDIENTE,No concrete non-null field value or measured read projection in this cut,HAC-41 / Axel,logs/attribute-matrix.json fila 289; supabase-v2/supabase/migrations/20260927042808_v2_schema_baseline.sql:221,Medir campo concreto POST/GET y permisos con control válido; distinguir NULL legítimo de valor ausente y no promover solo por columna/DTO.,NO_REQUIERE_CAMBIO_FUNCIONAL,d3a80eb28b7443e8f17c87e41dc6d81502a96e38
atributo,OrganizationMember.status,PARCIAL,EVIDENCIA_PENDIENTE,No concrete non-null field value or measured read projection in this cut,HAC-41 / Axel,logs/attribute-matrix.json fila 290; supabase-v2/supabase/migrations/20260927042808_v2_schema_baseline.sql:222,Medir campo concreto POST/GET y permisos con control válido; distinguir NULL legítimo de valor ausente y no promover solo por columna/DTO.,NO_REQUIERE_CAMBIO_FUNCIONAL,d3a80eb28b7443e8f17c87e41dc6d81502a96e38
atributo,OrganizationMember.contactRef,PARCIAL,EVIDENCIA_PENDIENTE,No concrete non-null field value or measured read projection in this cut,HAC-41 / Axel,logs/attribute-matrix.json fila 291; supabase-v2/supabase/migrations/20260927042808_v2_schema_baseline.sql:220,Medir campo concreto POST/GET y permisos con control válido; distinguir NULL legítimo de valor ausente y no promover solo por columna/DTO.,NO_REQUIERE_CAMBIO_FUNCIONAL,d3a80eb28b7443e8f17c87e41dc6d81502a96e38
atributo,OrganizationMember.verifiedAt,PARCIAL,EVIDENCIA_PENDIENTE,No concrete non-null field value or measured read projection in this cut,HAC-41 / Axel,logs/attribute-matrix.json fila 292; supabase-v2/supabase/migrations/20261008235124_hac41_identity_integrations.sql:2,Medir campo concreto POST/GET y permisos con control válido; distinguir NULL legítimo de valor ausente y no promover solo por columna/DTO.,NO_REQUIERE_CAMBIO_FUNCIONAL,d3a80eb28b7443e8f17c87e41dc6d81502a96e38
atributo,McpAccountLink.id,PARCIAL,EVIDENCIA_PENDIENTE,No concrete non-null field value or measured read projection in this cut,HAC-41 / Axel,logs/attribute-matrix.json fila 293; supabase-v2/supabase/migrations/20261002160000_hac11_mcp_account_links.sql:8,Medir campo concreto POST/GET y permisos con control válido; distinguir NULL legítimo de valor ausente y no promover solo por columna/DTO.,NO_REQUIERE_CAMBIO_FUNCIONAL,d3a80eb28b7443e8f17c87e41dc6d81502a96e38
atributo,McpAccountLink.authUserId,PARCIAL,EVIDENCIA_PENDIENTE,No concrete non-null field value or measured read projection in this cut,HAC-41 / Axel,logs/attribute-matrix.json fila 294; supabase-v2/supabase/migrations/20261002160000_hac11_mcp_account_links.sql:9,Medir campo concreto POST/GET y permisos con control válido; distinguir NULL legítimo de valor ausente y no promover solo por columna/DTO.,NO_REQUIERE_CAMBIO_FUNCIONAL,d3a80eb28b7443e8f17c87e41dc6d81502a96e38
atributo,McpAccountLink.oauthClientId,PARCIAL,EVIDENCIA_PENDIENTE,No concrete non-null field value or measured read projection in this cut,HAC-41 / Axel,logs/attribute-matrix.json fila 295; supabase-v2/supabase/migrations/20261002160000_hac11_mcp_account_links.sql:11,Medir campo concreto POST/GET y permisos con control válido; distinguir NULL legítimo de valor ausente y no promover solo por columna/DTO.,NO_REQUIERE_CAMBIO_FUNCIONAL,d3a80eb28b7443e8f17c87e41dc6d81502a96e38
atributo,McpAccountLink.organizationId,PARCIAL,EVIDENCIA_PENDIENTE,No concrete non-null field value or measured read projection in this cut,HAC-41 / Axel,logs/attribute-matrix.json fila 296; supabase-v2/supabase/migrations/20261002160000_hac11_mcp_account_links.sql:12,Medir campo concreto POST/GET y permisos con control válido; distinguir NULL legítimo de valor ausente y no promover solo por columna/DTO.,NO_REQUIERE_CAMBIO_FUNCIONAL,d3a80eb28b7443e8f17c87e41dc6d81502a96e38
atributo,McpAccountLink.scopes,PARCIAL,EVIDENCIA_PENDIENTE,No concrete non-null field value or measured read projection in this cut,HAC-41 / Axel,logs/attribute-matrix.json fila 297; supabase-v2/supabase/migrations/20261002160000_hac11_mcp_account_links.sql:13,Medir campo concreto POST/GET y permisos con control válido; distinguir NULL legítimo de valor ausente y no promover solo por columna/DTO.,NO_REQUIERE_CAMBIO_FUNCIONAL,d3a80eb28b7443e8f17c87e41dc6d81502a96e38
atributo,McpAccountLink.provider,DIVERGENTE,DOCUMENTACION_DESACTUALIZADA,El UML no distingue el vínculo verificado del registro histórico: HAC-41 conserva metadatos NULL y deniega su acceso MCP. No se deben fabricar valores.,HAC-41 / Axel,supabase-v2/supabase/migrations/20261008235124_hac41_identity_integrations.sql:5; cargomesh/src/shared/schemas/v2/identity.ts:25; docs/v2-amazon/contracts/IDENTITY_AND_MCP_CHANNELS.md,Reconciliar UML/diccionario con la lectura histórica; mantener los tres campos obligatorios para acceso verificado. Probar vínculo nuevo y legacy no autorizado.,ACLARACION_DOCUMENTAL_LOCAL; matriz conserva divergencia histórica,d3a80eb28b7443e8f17c87e41dc6d81502a96e38
atributo,McpAccountLink.externalSubjectRef,DIVERGENTE,DOCUMENTACION_DESACTUALIZADA,El UML no distingue el vínculo verificado del registro histórico: HAC-41 conserva metadatos NULL y deniega su acceso MCP. No se deben fabricar valores.,HAC-41 / Axel,supabase-v2/supabase/migrations/20261008235124_hac41_identity_integrations.sql:5; cargomesh/src/shared/schemas/v2/identity.ts:25; docs/v2-amazon/contracts/IDENTITY_AND_MCP_CHANNELS.md,Reconciliar UML/diccionario con la lectura histórica; mantener los tres campos obligatorios para acceso verificado. Probar vínculo nuevo y legacy no autorizado.,ACLARACION_DOCUMENTAL_LOCAL; matriz conserva divergencia histórica,d3a80eb28b7443e8f17c87e41dc6d81502a96e38
atributo,McpAccountLink.status,PARCIAL,EVIDENCIA_PENDIENTE,No concrete non-null field value or measured read projection in this cut,HAC-41 / Axel,logs/attribute-matrix.json fila 300; supabase-v2/supabase/migrations/20261002160000_hac11_mcp_account_links.sql:14,Medir campo concreto POST/GET y permisos con control válido; distinguir NULL legítimo de valor ausente y no promover solo por columna/DTO.,NO_REQUIERE_CAMBIO_FUNCIONAL,d3a80eb28b7443e8f17c87e41dc6d81502a96e38
atributo,McpAccountLink.verifiedAt,DIVERGENTE,DOCUMENTACION_DESACTUALIZADA,El UML no distingue el vínculo verificado del registro histórico: HAC-41 conserva metadatos NULL y deniega su acceso MCP. No se deben fabricar valores.,HAC-41 / Axel,supabase-v2/supabase/migrations/20261008235124_hac41_identity_integrations.sql:5; cargomesh/src/shared/schemas/v2/identity.ts:25; docs/v2-amazon/contracts/IDENTITY_AND_MCP_CHANNELS.md,Reconciliar UML/diccionario con la lectura histórica; mantener los tres campos obligatorios para acceso verificado. Probar vínculo nuevo y legacy no autorizado.,ACLARACION_DOCUMENTAL_LOCAL; matriz conserva divergencia histórica,d3a80eb28b7443e8f17c87e41dc6d81502a96e38
atributo,McpAccountLink.revokedAt,PARCIAL,EVIDENCIA_PENDIENTE,No concrete non-null field value or measured read projection in this cut,HAC-41 / Axel,logs/attribute-matrix.json fila 302; supabase-v2/supabase/migrations/20261002160000_hac11_mcp_account_links.sql:17,Medir campo concreto POST/GET y permisos con control válido; distinguir NULL legítimo de valor ausente y no promover solo por columna/DTO.,NO_REQUIERE_CAMBIO_FUNCIONAL,d3a80eb28b7443e8f17c87e41dc6d81502a96e38
atributo,McpAccountLink.expiresAt,PARCIAL,EVIDENCIA_PENDIENTE,No concrete non-null field value or measured read projection in this cut,HAC-41 / Axel,logs/attribute-matrix.json fila 303; supabase-v2/supabase/migrations/20261002160000_hac11_mcp_account_links.sql:16,Medir campo concreto POST/GET y permisos con control válido; distinguir NULL legítimo de valor ausente y no promover solo por columna/DTO.,NO_REQUIERE_CAMBIO_FUNCIONAL,d3a80eb28b7443e8f17c87e41dc6d81502a96e38
atributo,RepositioningBlock.origin,PARCIAL,EVIDENCIA_PENDIENTE,Nullable physical column requires field-specific command proof,HAC-40 / Cristhian,logs/attribute-matrix.json fila 305; supabase-v2/supabase/migrations/20261004042259_hac40_fleet.sql:44,Probar comando con campo requerido y caso omitido/NULL bajo authenticated; evaluar constraints sin reset role. Después medir lectura del valor.,NO_REQUIERE_CAMBIO_FUNCIONAL,d3a80eb28b7443e8f17c87e41dc6d81502a96e38
atributo,RepositioningBlock.nextPickup,PARCIAL,EVIDENCIA_PENDIENTE,Nullable physical column requires field-specific command proof,HAC-40 / Cristhian,logs/attribute-matrix.json fila 306; supabase-v2/supabase/migrations/20261004042259_hac40_fleet.sql:44,Probar comando con campo requerido y caso omitido/NULL bajo authenticated; evaluar constraints sin reset role. Después medir lectura del valor.,NO_REQUIERE_CAMBIO_FUNCIONAL,d3a80eb28b7443e8f17c87e41dc6d81502a96e38
atributo,RepositioningBlock.estimatedTravel,PARCIAL,EVIDENCIA_PENDIENTE,Nullable physical column requires field-specific command proof,HAC-40 / Cristhian,logs/attribute-matrix.json fila 307; supabase-v2/supabase/migrations/20261004042259_hac40_fleet.sql:44,Probar comando con campo requerido y caso omitido/NULL bajo authenticated; evaluar constraints sin reset role. Después medir lectura del valor.,NO_REQUIERE_CAMBIO_FUNCIONAL,d3a80eb28b7443e8f17c87e41dc6d81502a96e38
atributo,RepositioningBlock.source,PARCIAL,EVIDENCIA_PENDIENTE,Nullable physical column requires field-specific command proof,HAC-40 / Cristhian,logs/attribute-matrix.json fila 309; supabase-v2/supabase/migrations/20261004042259_hac40_fleet.sql:44,Probar comando con campo requerido y caso omitido/NULL bajo authenticated; evaluar constraints sin reset role. Después medir lectura del valor.,NO_REQUIERE_CAMBIO_FUNCIONAL,d3a80eb28b7443e8f17c87e41dc6d81502a96e38
atributo,OrganizationPreferences.validUntil,PARCIAL,EVIDENCIA_PENDIENTE,No concrete non-null field value or measured read projection in this cut,HAC-40 / Cristhian,logs/attribute-matrix.json fila 315; supabase-v2/supabase/migrations/20261004032151_hac40_catalog.sql:23,Medir campo concreto POST/GET y permisos con control válido; distinguir NULL legítimo de valor ausente y no promover solo por columna/DTO.,NO_REQUIERE_CAMBIO_FUNCIONAL,d3a80eb28b7443e8f17c87e41dc6d81502a96e38
atributo,FulfilmentPartner.partnerCarrierRef,PARCIAL,EVIDENCIA_PENDIENTE,No concrete non-null field value or measured read projection in this cut,HAC-40 / Cristhian,logs/attribute-matrix.json fila 341; supabase-v2/supabase/migrations/20261004032151_hac40_catalog.sql:45,Medir campo concreto POST/GET y permisos con control válido; distinguir NULL legítimo de valor ausente y no promover solo por columna/DTO.,NO_REQUIERE_CAMBIO_FUNCIONAL,d3a80eb28b7443e8f17c87e41dc6d81502a96e38
atributo,PlanLegAssignment.evidence,PARCIAL,EVIDENCIA_PENDIENTE,No concrete non-null field value or measured read projection in this cut,HAC-40 / Cristhian,logs/attribute-matrix.json fila 352; supabase-v2/supabase/migrations/20261004154048_hac40_workflow.sql:315,Medir campo concreto POST/GET y permisos con control válido; distinguir NULL legítimo de valor ausente y no promover solo por columna/DTO.,NO_REQUIERE_CAMBIO_FUNCIONAL,d3a80eb28b7443e8f17c87e41dc6d81502a96e38
atributo,OfferCostComponent.details,PARCIAL,EVIDENCIA_PENDIENTE,No concrete non-null field value or measured read projection in this cut,HAC-40 / Cristhian,logs/attribute-matrix.json fila 359; supabase-v2/supabase/migrations/20261004154048_hac40_workflow.sql:179,Medir campo concreto POST/GET y permisos con control válido; distinguir NULL legítimo de valor ausente y no promover solo por columna/DTO.,NO_REQUIERE_CAMBIO_FUNCIONAL,d3a80eb28b7443e8f17c87e41dc6d81502a96e38
atributo,ShipmentContact.role,PARCIAL,EVIDENCIA_PENDIENTE,Derived/scenario/container representation; exact field semantics not certified,HAC-40 / Cristhian,logs/attribute-matrix.json fila 360; supabase-v2/supabase/migrations/20260927064713_hac12_road_vertical.sql:4,Probar semántica de la derivación/container y su fuente/versiones con positivo y negativo; no exigir una FK o columna ficticia.,NO_REQUIERE_CAMBIO_FUNCIONAL,d3a80eb28b7443e8f17c87e41dc6d81502a96e38
atributo,ShipmentContact.company,PARCIAL,EVIDENCIA_PENDIENTE,No concrete non-null field value or measured read projection in this cut,HAC-40 / Cristhian,logs/attribute-matrix.json fila 362; supabase-v2/supabase/migrations/20260927064713_hac12_road_vertical.sql:4,Medir campo concreto POST/GET y permisos con control válido; distinguir NULL legítimo de valor ausente y no promover solo por columna/DTO.,NO_REQUIERE_CAMBIO_FUNCIONAL,d3a80eb28b7443e8f17c87e41dc6d81502a96e38
atributo,ShipmentContact.addressDetail,PARCIAL,EVIDENCIA_PENDIENTE,No concrete non-null field value or measured read projection in this cut,HAC-40 / Cristhian,logs/attribute-matrix.json fila 365; supabase-v2/supabase/migrations/20260927064713_hac12_road_vertical.sql:4,Medir campo concreto POST/GET y permisos con control válido; distinguir NULL legítimo de valor ausente y no promover solo por columna/DTO.,NO_REQUIERE_CAMBIO_FUNCIONAL,d3a80eb28b7443e8f17c87e41dc6d81502a96e38
atributo,ShipmentContact.handlingInstructions,PARCIAL,EVIDENCIA_PENDIENTE,No concrete non-null field value or measured read projection in this cut,HAC-40 / Cristhian,logs/attribute-matrix.json fila 366; supabase-v2/supabase/migrations/20260927064713_hac12_road_vertical.sql:4,Medir campo concreto POST/GET y permisos con control válido; distinguir NULL legítimo de valor ausente y no promover solo por columna/DTO.,NO_REQUIERE_CAMBIO_FUNCIONAL,d3a80eb28b7443e8f17c87e41dc6d81502a96e38
atributo,CarrierOperator.id,PARCIAL,EVIDENCIA_PENDIENTE,No concrete non-null field value or measured read projection in this cut,HAC-41 / Axel,logs/attribute-matrix.json fila 367; supabase-v2/supabase/migrations/20261004080506_hac40_crew_assignments.sql:4,Medir campo concreto POST/GET y permisos con control válido; distinguir NULL legítimo de valor ausente y no promover solo por columna/DTO.,NO_REQUIERE_CAMBIO_FUNCIONAL,d3a80eb28b7443e8f17c87e41dc6d81502a96e38
atributo,CarrierOperator.displayName,PARCIAL,EVIDENCIA_PENDIENTE,No concrete non-null field value or measured read projection in this cut,HAC-41 / Axel,logs/attribute-matrix.json fila 368; supabase-v2/supabase/migrations/20261004080506_hac40_crew_assignments.sql:5,Medir campo concreto POST/GET y permisos con control válido; distinguir NULL legítimo de valor ausente y no promover solo por columna/DTO.,NO_REQUIERE_CAMBIO_FUNCIONAL,d3a80eb28b7443e8f17c87e41dc6d81502a96e38
atributo,CarrierOperator.role,PARCIAL,EVIDENCIA_PENDIENTE,No concrete non-null field value or measured read projection in this cut,HAC-41 / Axel,logs/attribute-matrix.json fila 369; supabase-v2/supabase/migrations/20261004080506_hac40_crew_assignments.sql:6,Medir campo concreto POST/GET y permisos con control válido; distinguir NULL legítimo de valor ausente y no promover solo por columna/DTO.,NO_REQUIERE_CAMBIO_FUNCIONAL,d3a80eb28b7443e8f17c87e41dc6d81502a96e38
atributo,CarrierOperator.email,PARCIAL,EVIDENCIA_PENDIENTE,No concrete non-null field value or measured read projection in this cut,HAC-41 / Axel,logs/attribute-matrix.json fila 370; supabase-v2/supabase/migrations/20261004080506_hac40_crew_assignments.sql:6,Medir campo concreto POST/GET y permisos con control válido; distinguir NULL legítimo de valor ausente y no promover solo por columna/DTO.,NO_REQUIERE_CAMBIO_FUNCIONAL,d3a80eb28b7443e8f17c87e41dc6d81502a96e38
atributo,CarrierOperator.phone,PARCIAL,EVIDENCIA_PENDIENTE,No concrete non-null field value or measured read projection in this cut,HAC-41 / Axel,logs/attribute-matrix.json fila 371; supabase-v2/supabase/migrations/20261004080506_hac40_crew_assignments.sql:6,Medir campo concreto POST/GET y permisos con control válido; distinguir NULL legítimo de valor ausente y no promover solo por columna/DTO.,NO_REQUIERE_CAMBIO_FUNCIONAL,d3a80eb28b7443e8f17c87e41dc6d81502a96e38
atributo,CarrierOperator.status,PARCIAL,EVIDENCIA_PENDIENTE,No concrete non-null field value or measured read projection in this cut,HAC-41 / Axel,logs/attribute-matrix.json fila 372; supabase-v2/supabase/migrations/20261004080506_hac40_crew_assignments.sql:6,Medir campo concreto POST/GET y permisos con control válido; distinguir NULL legítimo de valor ausente y no promover solo por columna/DTO.,NO_REQUIERE_CAMBIO_FUNCIONAL,d3a80eb28b7443e8f17c87e41dc6d81502a96e38
atributo,CarrierOperator.verifiedAt,PARCIAL,EVIDENCIA_PENDIENTE,No concrete non-null field value or measured read projection in this cut,HAC-41 / Axel,logs/attribute-matrix.json fila 373; supabase-v2/supabase/migrations/20261004080506_hac40_crew_assignments.sql:7,Medir campo concreto POST/GET y permisos con control válido; distinguir NULL legítimo de valor ausente y no promover solo por columna/DTO.,NO_REQUIERE_CAMBIO_FUNCIONAL,d3a80eb28b7443e8f17c87e41dc6d81502a96e38
atributo,AssetCargoCapability.requirements,PARCIAL,EVIDENCIA_PENDIENTE,No concrete non-null field value or measured read projection in this cut,HAC-40 / Cristhian,logs/attribute-matrix.json fila 374; supabase-v2/supabase/migrations/20261004042259_hac40_fleet.sql:5,Medir campo concreto POST/GET y permisos con control válido; distinguir NULL legítimo de valor ausente y no promover solo por columna/DTO.,NO_REQUIERE_CAMBIO_FUNCIONAL,d3a80eb28b7443e8f17c87e41dc6d81502a96e38
atributo,AssetCargoCapability.temperatureRange,PARCIAL,EVIDENCIA_PENDIENTE,No concrete non-null field value or measured read projection in this cut,HAC-40 / Cristhian,logs/attribute-matrix.json fila 376; supabase-v2/supabase/migrations/20261004042259_hac40_fleet.sql:6,Medir campo concreto POST/GET y permisos con control válido; distinguir NULL legítimo de valor ausente y no promover solo por columna/DTO.,NO_REQUIERE_CAMBIO_FUNCIONAL,d3a80eb28b7443e8f17c87e41dc6d81502a96e38
atributo,RouteSimulationScenario.id,PARCIAL,EVIDENCIA_PENDIENTE,Derived/scenario/container representation; exact field semantics not certified,HAC-40 / Cristhian,logs/attribute-matrix.json fila 379; NO_DEFINITION,Probar semántica de la derivación/container y su fuente/versiones con positivo y negativo; no exigir una FK o columna ficticia.,NO_REQUIERE_CAMBIO_FUNCIONAL,d3a80eb28b7443e8f17c87e41dc6d81502a96e38
atributo,RouteSimulationScenario.label,PARCIAL,EVIDENCIA_PENDIENTE,Derived/scenario/container representation; exact field semantics not certified,HAC-40 / Cristhian,logs/attribute-matrix.json fila 380; NO_DEFINITION,Probar semántica de la derivación/container y su fuente/versiones con positivo y negativo; no exigir una FK o columna ficticia.,NO_REQUIERE_CAMBIO_FUNCIONAL,d3a80eb28b7443e8f17c87e41dc6d81502a96e38
atributo,RouteSimulationScenario.seed,PARCIAL,EVIDENCIA_PENDIENTE,Derived/scenario/container representation; exact field semantics not certified,HAC-40 / Cristhian,logs/attribute-matrix.json fila 381; NO_DEFINITION,Probar semántica de la derivación/container y su fuente/versiones con positivo y negativo; no exigir una FK o columna ficticia.,NO_REQUIERE_CAMBIO_FUNCIONAL,d3a80eb28b7443e8f17c87e41dc6d81502a96e38
atributo,RouteSimulationScenario.networkVersion,PARCIAL,EVIDENCIA_PENDIENTE,Derived/scenario/container representation; exact field semantics not certified,HAC-40 / Cristhian,logs/attribute-matrix.json fila 382; NO_DEFINITION,Probar semántica de la derivación/container y su fuente/versiones con positivo y negativo; no exigir una FK o columna ficticia.,NO_REQUIERE_CAMBIO_FUNCIONAL,d3a80eb28b7443e8f17c87e41dc6d81502a96e38
atributo,RouteSimulationScenario.clock,PARCIAL,EVIDENCIA_PENDIENTE,Derived/scenario/container representation; exact field semantics not certified,HAC-40 / Cristhian,logs/attribute-matrix.json fila 383; NO_DEFINITION,Probar semántica de la derivación/container y su fuente/versiones con positivo y negativo; no exigir una FK o columna ficticia.,NO_REQUIERE_CAMBIO_FUNCIONAL,d3a80eb28b7443e8f17c87e41dc6d81502a96e38
atributo,RouteSimulationScenario.source,PARCIAL,EVIDENCIA_PENDIENTE,Derived/scenario/container representation; exact field semantics not certified,HAC-40 / Cristhian,logs/attribute-matrix.json fila 384; NO_DEFINITION,Probar semántica de la derivación/container y su fuente/versiones con positivo y negativo; no exigir una FK o columna ficticia.,NO_REQUIERE_CAMBIO_FUNCIONAL,d3a80eb28b7443e8f17c87e41dc6d81502a96e38
atributo,RouteSimulationScenario.expectedOutcome,PARCIAL,EVIDENCIA_PENDIENTE,Derived/scenario/container representation; exact field semantics not certified,HAC-40 / Cristhian,logs/attribute-matrix.json fila 385; NO_DEFINITION,Probar semántica de la derivación/container y su fuente/versiones con positivo y negativo; no exigir una FK o columna ficticia.,NO_REQUIERE_CAMBIO_FUNCIONAL,d3a80eb28b7443e8f17c87e41dc6d81502a96e38
relacion,O3AsrRVXhiO8iDlZrkKS-152 Organization → FreightRequest,PARCIAL,EVIDENCIA_PENDIENTE,FK pairs PASS; dedicated minimum/maximum or representation semantics remain unproved,HAC-40 / Cristhian,logs/relationship-matrix.json fila 2; supabase-v2/supabase/migrations/20260927042808_v2_schema_baseline.sql:138; supabase-v2/supabase/migrations/20260927042808_v2_schema_baseline.sql:30,"Medir las FK físicas identificadas y, aparte, mínimos/máximos, XOR o semántica de snapshot/JSON indicada en esta fila. Pares positivo/negativo y boundary authenticated. Un snapshot válido no exige bridge inexistente.",NO_REQUIERE_CAMBIO_FUNCIONAL,d3a80eb28b7443e8f17c87e41dc6d81502a96e38
relacion,O3AsrRVXhiO8iDlZrkKS-161 FreightRequest → CargoSpecification,PARCIAL,EVIDENCIA_PENDIENTE,Missing independent compatible FK proof; no blanket semantic certification,HAC-40 / Cristhian,logs/relationship-matrix.json fila 5; supabase-v2/supabase/migrations/20260927064713_hac12_road_vertical.sql:4,"Medir las FK físicas identificadas y, aparte, mínimos/máximos, XOR o semántica de snapshot/JSON indicada en esta fila. Pares positivo/negativo y boundary authenticated. Un snapshot válido no exige bridge inexistente.",NO_REQUIERE_CAMBIO_FUNCIONAL,d3a80eb28b7443e8f17c87e41dc6d81502a96e38
relacion,O3AsrRVXhiO8iDlZrkKS-164 CargoSpecification → CargoUnit,PARCIAL,EVIDENCIA_PENDIENTE,Missing independent compatible FK proof; no blanket semantic certification,HAC-40 / Cristhian,logs/relationship-matrix.json fila 6; supabase-v2/supabase/migrations/20260927042808_v2_schema_baseline.sql:136,"Medir las FK físicas identificadas y, aparte, mínimos/máximos, XOR o semántica de snapshot/JSON indicada en esta fila. Pares positivo/negativo y boundary authenticated. Un snapshot válido no exige bridge inexistente.",NO_REQUIERE_CAMBIO_FUNCIONAL,d3a80eb28b7443e8f17c87e41dc6d81502a96e38
relacion,O3AsrRVXhiO8iDlZrkKS-176 CarrierService → ServiceLane,PARCIAL,EVIDENCIA_PENDIENTE,FK pairs PASS; dedicated minimum/maximum or representation semantics remain unproved,HAC-40 / Cristhian,logs/relationship-matrix.json fila 10; supabase-v2/supabase/migrations/20260927042808_v2_schema_baseline.sql:3332; supabase-v2/supabase/migrations/20260927042808_v2_schema_baseline.sql:74,"Medir las FK físicas identificadas y, aparte, mínimos/máximos, XOR o semántica de snapshot/JSON indicada en esta fila. Pares positivo/negativo y boundary authenticated. Un snapshot válido no exige bridge inexistente.",NO_REQUIERE_CAMBIO_FUNCIONAL,d3a80eb28b7443e8f17c87e41dc6d81502a96e38
relacion,O3AsrRVXhiO8iDlZrkKS-188 Carrier → TransportAsset,PARCIAL,EVIDENCIA_PENDIENTE,FK pairs PASS; dedicated minimum/maximum or representation semantics remain unproved,HAC-40 / Cristhian,logs/relationship-matrix.json fila 14; supabase-v2/supabase/migrations/20260927064713_hac12_road_vertical.sql:42; supabase-v2/supabase/migrations/20260927042808_v2_schema_baseline.sql:50,"Medir las FK físicas identificadas y, aparte, mínimos/máximos, XOR o semántica de snapshot/JSON indicada en esta fila. Pares positivo/negativo y boundary authenticated. Un snapshot válido no exige bridge inexistente.",NO_REQUIERE_CAMBIO_FUNCIONAL,d3a80eb28b7443e8f17c87e41dc6d81502a96e38
relacion,O3AsrRVXhiO8iDlZrkKS-194 RoadVehicle → TransportAsset,PARCIAL,EVIDENCIA_PENDIENTE,Missing independent compatible FK proof; no blanket semantic certification,HAC-40 / Cristhian,logs/relationship-matrix.json fila 16; supabase-v2/supabase/migrations/20260927064713_hac12_road_vertical.sql:40,"Medir las FK físicas identificadas y, aparte, mínimos/máximos, XOR o semántica de snapshot/JSON indicada en esta fila. Pares positivo/negativo y boundary authenticated. Un snapshot válido no exige bridge inexistente.",NO_REQUIERE_CAMBIO_FUNCIONAL,d3a80eb28b7443e8f17c87e41dc6d81502a96e38
relacion,O3AsrRVXhiO8iDlZrkKS-195 TransportAsset → CapacitySource,PARCIAL,EVIDENCIA_PENDIENTE,Missing independent compatible FK proof; no blanket semantic certification,HAC-40 / Cristhian,logs/relationship-matrix.json fila 17; NO_DEFINITION,"Medir las FK físicas identificadas y, aparte, mínimos/máximos, XOR o semántica de snapshot/JSON indicada en esta fila. Pares positivo/negativo y boundary authenticated. Un snapshot válido no exige bridge inexistente.",NO_REQUIERE_CAMBIO_FUNCIONAL,d3a80eb28b7443e8f17c87e41dc6d81502a96e38
relacion,O3AsrRVXhiO8iDlZrkKS-196 CapacityPool → CapacitySource,PARCIAL,EVIDENCIA_PENDIENTE,Missing independent compatible FK proof; no blanket semantic certification,HAC-40 / Cristhian,logs/relationship-matrix.json fila 18; NO_DEFINITION,"Medir las FK físicas identificadas y, aparte, mínimos/máximos, XOR o semántica de snapshot/JSON indicada en esta fila. Pares positivo/negativo y boundary authenticated. Un snapshot válido no exige bridge inexistente.",NO_REQUIERE_CAMBIO_FUNCIONAL,d3a80eb28b7443e8f17c87e41dc6d81502a96e38
relacion,O3AsrRVXhiO8iDlZrkKS-197 CarrierService → CapacityPool,PARCIAL,EVIDENCIA_PENDIENTE,FK pairs PASS; dedicated minimum/maximum or representation semantics remain unproved,HAC-40 / Cristhian,logs/relationship-matrix.json fila 19; supabase-v2/supabase/migrations/20260927064713_hac12_road_vertical.sql:81; supabase-v2/supabase/migrations/20260927042808_v2_schema_baseline.sql:74,"Medir las FK físicas identificadas y, aparte, mínimos/máximos, XOR o semántica de snapshot/JSON indicada en esta fila. Pares positivo/negativo y boundary authenticated. Un snapshot válido no exige bridge inexistente.",NO_REQUIERE_CAMBIO_FUNCIONAL,d3a80eb28b7443e8f17c87e41dc6d81502a96e38
relacion,O3AsrRVXhiO8iDlZrkKS-200 CapacitySource → CapacityCalendar,PARCIAL,EVIDENCIA_PENDIENTE,Missing independent compatible FK proof; no blanket semantic certification,HAC-40 / Cristhian,logs/relationship-matrix.json fila 20; supabase-v2/supabase/migrations/20260927064713_hac12_road_vertical.sql:98,"Medir las FK físicas identificadas y, aparte, mínimos/máximos, XOR o semántica de snapshot/JSON indicada en esta fila. Pares positivo/negativo y boundary authenticated. Un snapshot válido no exige bridge inexistente.",NO_REQUIERE_CAMBIO_FUNCIONAL,d3a80eb28b7443e8f17c87e41dc6d81502a96e38
relacion,O3AsrRVXhiO8iDlZrkKS-209 TransportAsset → AssetStatusEvent,PARCIAL,EVIDENCIA_PENDIENTE,Missing independent compatible FK proof; no blanket semantic certification,HAC-40 / Cristhian,logs/relationship-matrix.json fila 23; supabase-v2/supabase/migrations/20261004154048_hac40_workflow.sql:253 (generic DDL/dispatch; see catalog); supabase-v2/supabase/migrations/20260927064713_hac12_road_vertical.sql:41,"Medir las FK físicas identificadas y, aparte, mínimos/máximos, XOR o semántica de snapshot/JSON indicada en esta fila. Pares positivo/negativo y boundary authenticated. Un snapshot válido no exige bridge inexistente.",NO_REQUIERE_CAMBIO_FUNCIONAL,d3a80eb28b7443e8f17c87e41dc6d81502a96e38
relacion,O3AsrRVXhiO8iDlZrkKS-212 Carrier → Driver,PARCIAL,EVIDENCIA_PENDIENTE,FK pairs PASS; dedicated minimum/maximum or representation semantics remain unproved,HAC-40 / Cristhian,logs/relationship-matrix.json fila 24; supabase-v2/supabase/migrations/20261004080506_hac40_crew_assignments.sql:19; supabase-v2/supabase/migrations/20260927042808_v2_schema_baseline.sql:50,"Medir las FK físicas identificadas y, aparte, mínimos/máximos, XOR o semántica de snapshot/JSON indicada en esta fila. Pares positivo/negativo y boundary authenticated. Un snapshot válido no exige bridge inexistente.",NO_REQUIERE_CAMBIO_FUNCIONAL,d3a80eb28b7443e8f17c87e41dc6d81502a96e38
relacion,O3AsrRVXhiO8iDlZrkKS-227 RoutePlan → RouteLeg,PARCIAL,EVIDENCIA_PENDIENTE,FK pairs PASS; dedicated minimum/maximum or representation semantics remain unproved,HAC-40 / Cristhian,logs/relationship-matrix.json fila 29; supabase-v2/supabase/migrations/20261004154048_hac40_workflow.sql:312; supabase-v2/supabase/migrations/20261004154048_hac40_workflow.sql:137,"Medir las FK físicas identificadas y, aparte, mínimos/máximos, XOR o semántica de snapshot/JSON indicada en esta fila. Pares positivo/negativo y boundary authenticated. Un snapshot válido no exige bridge inexistente.",NO_REQUIERE_CAMBIO_FUNCIONAL,d3a80eb28b7443e8f17c87e41dc6d81502a96e38
relacion,O3AsrRVXhiO8iDlZrkKS-233 RouteLeg → RouteCondition,PARCIAL,EVIDENCIA_PENDIENTE,Missing independent compatible FK proof; no blanket semantic certification,HAC-40 / Cristhian,logs/relationship-matrix.json fila 31; supabase-v2/supabase/migrations/20261004154048_hac40_workflow.sql:312,"Medir las FK físicas identificadas y, aparte, mínimos/máximos, XOR o semántica de snapshot/JSON indicada en esta fila. Pares positivo/negativo y boundary authenticated. Un snapshot válido no exige bridge inexistente.",NO_REQUIERE_CAMBIO_FUNCIONAL,d3a80eb28b7443e8f17c87e41dc6d81502a96e38
relacion,O3AsrRVXhiO8iDlZrkKS-239 TransportPlanCandidate → PlanResource,PARCIAL,EVIDENCIA_PENDIENTE,FK pairs PASS; dedicated minimum/maximum or representation semantics remain unproved,HAC-40 / Cristhian,logs/relationship-matrix.json fila 33; supabase-v2/supabase/migrations/20261004154048_hac40_workflow.sql:314,"Medir las FK físicas identificadas y, aparte, mínimos/máximos, XOR o semántica de snapshot/JSON indicada en esta fila. Pares positivo/negativo y boundary authenticated. Un snapshot válido no exige bridge inexistente.",NO_REQUIERE_CAMBIO_FUNCIONAL,d3a80eb28b7443e8f17c87e41dc6d81502a96e38
relacion,O3AsrRVXhiO8iDlZrkKS-242 TransportPlanCandidate → CarrierService,PARCIAL,EVIDENCIA_PENDIENTE,Missing independent compatible FK proof; no blanket semantic certification,HAC-40 / Cristhian,logs/relationship-matrix.json fila 34; supabase-v2/supabase/migrations/20260927042808_v2_schema_baseline.sql:73,"Medir las FK físicas identificadas y, aparte, mínimos/máximos, XOR o semántica de snapshot/JSON indicada en esta fila. Pares positivo/negativo y boundary authenticated. Un snapshot válido no exige bridge inexistente.",NO_REQUIERE_CAMBIO_FUNCIONAL,d3a80eb28b7443e8f17c87e41dc6d81502a96e38
relacion,O3AsrRVXhiO8iDlZrkKS-248 PlanResource → CapacitySource,PARCIAL,EVIDENCIA_PENDIENTE,Missing independent compatible FK proof; no blanket semantic certification,HAC-40 / Cristhian,logs/relationship-matrix.json fila 36; NO_DEFINITION,"Medir las FK físicas identificadas y, aparte, mínimos/máximos, XOR o semántica de snapshot/JSON indicada en esta fila. Pares positivo/negativo y boundary authenticated. Un snapshot válido no exige bridge inexistente.",NO_REQUIERE_CAMBIO_FUNCIONAL,d3a80eb28b7443e8f17c87e41dc6d81502a96e38
relacion,O3AsrRVXhiO8iDlZrkKS-251 TransportPlanCandidate → CarrierOpportunity,PARCIAL,EVIDENCIA_PENDIENTE,Missing independent compatible FK proof; no blanket semantic certification,HAC-40 / Cristhian,logs/relationship-matrix.json fila 37; supabase-v2/supabase/migrations/20261004154048_hac40_workflow.sql:162 (generic DDL/dispatch; see catalog),"Medir las FK físicas identificadas y, aparte, mínimos/máximos, XOR o semántica de snapshot/JSON indicada en esta fila. Pares positivo/negativo y boundary authenticated. Un snapshot válido no exige bridge inexistente.",NO_REQUIERE_CAMBIO_FUNCIONAL,d3a80eb28b7443e8f17c87e41dc6d81502a96e38
relacion,O3AsrRVXhiO8iDlZrkKS-260 Carrier → CarrierOffer,PARCIAL,EVIDENCIA_PENDIENTE,FK pairs PASS; dedicated minimum/maximum or representation semantics remain unproved,HAC-40 / Cristhian,logs/relationship-matrix.json fila 40; supabase-v2/supabase/migrations/20261004154048_hac40_workflow.sql:177; supabase-v2/supabase/migrations/20260927042808_v2_schema_baseline.sql:50,"Medir las FK físicas identificadas y, aparte, mínimos/máximos, XOR o semántica de snapshot/JSON indicada en esta fila. Pares positivo/negativo y boundary authenticated. Un snapshot válido no exige bridge inexistente.",NO_REQUIERE_CAMBIO_FUNCIONAL,d3a80eb28b7443e8f17c87e41dc6d81502a96e38
relacion,O3AsrRVXhiO8iDlZrkKS-263 CarrierOffer → RankedOption,PARCIAL,EVIDENCIA_PENDIENTE,FK pairs PASS; dedicated minimum/maximum or representation semantics remain unproved,HAC-40 / Cristhian,logs/relationship-matrix.json fila 41; supabase-v2/supabase/migrations/20261004154048_hac40_workflow.sql:325; supabase-v2/supabase/migrations/20261004154048_hac40_workflow.sql:176,"Medir las FK físicas identificadas y, aparte, mínimos/máximos, XOR o semántica de snapshot/JSON indicada en esta fila. Pares positivo/negativo y boundary authenticated. Un snapshot válido no exige bridge inexistente.",NO_REQUIERE_CAMBIO_FUNCIONAL,d3a80eb28b7443e8f17c87e41dc6d81502a96e38
relacion,O3AsrRVXhiO8iDlZrkKS-266 ScoringPolicy → RankedOption,PARCIAL,EVIDENCIA_PENDIENTE,FK pairs PASS; dedicated minimum/maximum or representation semantics remain unproved,HAC-40 / Cristhian,logs/relationship-matrix.json fila 42; supabase-v2/supabase/migrations/20261004154048_hac40_workflow.sql:325; supabase-v2/supabase/migrations/20261004154048_hac40_workflow.sql:192,"Medir las FK físicas identificadas y, aparte, mínimos/máximos, XOR o semántica de snapshot/JSON indicada en esta fila. Pares positivo/negativo y boundary authenticated. Un snapshot válido no exige bridge inexistente.",NO_REQUIERE_CAMBIO_FUNCIONAL,d3a80eb28b7443e8f17c87e41dc6d81502a96e38
relacion,O3AsrRVXhiO8iDlZrkKS-287 OperationalIncident → RouteCondition,PARCIAL,EVIDENCIA_PENDIENTE,FK pairs PASS; dedicated minimum/maximum or representation semantics remain unproved,HAC-40 / Cristhian,logs/relationship-matrix.json fila 49; supabase-v2/supabase/migrations/20261007083000_hac40_model_associations.sql:34; supabase-v2/supabase/migrations/20261007083000_hac40_model_associations.sql:33,"Medir las FK físicas identificadas y, aparte, mínimos/máximos, XOR o semántica de snapshot/JSON indicada en esta fila. Pares positivo/negativo y boundary authenticated. Un snapshot válido no exige bridge inexistente.",NO_REQUIERE_CAMBIO_FUNCIONAL,d3a80eb28b7443e8f17c87e41dc6d81502a96e38
relacion,2hVugEQixPLE8ubNQINt-1 RouteCorridor → RouteLeg,PARCIAL,EVIDENCIA_PENDIENTE,FK pairs PASS; dedicated minimum/maximum or representation semantics remain unproved,HAC-40 / Cristhian,logs/relationship-matrix.json fila 52; supabase-v2/supabase/migrations/20261004154048_hac40_workflow.sql:312,"Medir las FK físicas identificadas y, aparte, mínimos/máximos, XOR o semántica de snapshot/JSON indicada en esta fila. Pares positivo/negativo y boundary authenticated. Un snapshot válido no exige bridge inexistente.",NO_REQUIERE_CAMBIO_FUNCIONAL,d3a80eb28b7443e8f17c87e41dc6d81502a96e38
relacion,u-VsSdGcmUxEkryfOKhH-1 CargoUnit → LoadAllocation,PARCIAL,EVIDENCIA_PENDIENTE,Missing independent compatible FK proof; no blanket semantic certification,HAC-40 / Cristhian,logs/relationship-matrix.json fila 55; supabase-v2/supabase/migrations/20261004154048_hac40_workflow.sql:316,"Medir las FK físicas identificadas y, aparte, mínimos/máximos, XOR o semántica de snapshot/JSON indicada en esta fila. Pares positivo/negativo y boundary authenticated. Un snapshot válido no exige bridge inexistente.",NO_REQUIERE_CAMBIO_FUNCIONAL,d3a80eb28b7443e8f17c87e41dc6d81502a96e38
relacion,g8S2DPwqzsmnHs3VKEzF-1 OrganizationMember → Organization,PARCIAL,EVIDENCIA_PENDIENTE,FK pairs PASS; dedicated minimum/maximum or representation semantics remain unproved,HAC-41 / Axel,logs/relationship-matrix.json fila 57; supabase-v2/supabase/migrations/20260927042808_v2_schema_baseline.sql:217; supabase-v2/supabase/migrations/20260927042808_v2_schema_baseline.sql:30,"Medir las FK físicas identificadas y, aparte, mínimos/máximos, XOR o semántica de snapshot/JSON indicada en esta fila. Pares positivo/negativo y boundary authenticated. Un snapshot válido no exige bridge inexistente.",NO_REQUIERE_CAMBIO_FUNCIONAL,d3a80eb28b7443e8f17c87e41dc6d81502a96e38
relacion,bR8ZHdLwjZc_sJT4jZ76-1 VehicleCombination → TransportAsset,PARCIAL,EVIDENCIA_PENDIENTE,Missing independent compatible FK proof; no blanket semantic certification,HAC-40 / Cristhian,logs/relationship-matrix.json fila 63; supabase-v2/supabase/migrations/20260927064713_hac12_road_vertical.sql:40,"Medir las FK físicas identificadas y, aparte, mínimos/máximos, XOR o semántica de snapshot/JSON indicada en esta fila. Pares positivo/negativo y boundary authenticated. Un snapshot válido no exige bridge inexistente.",NO_REQUIERE_CAMBIO_FUNCIONAL,d3a80eb28b7443e8f17c87e41dc6d81502a96e38
relacion,RGhOuhwsT8ZYOMnHYwK_-1 TransportPlanCandidate → PlanLegAssignment,PARCIAL,EVIDENCIA_PENDIENTE,FK pairs PASS; dedicated minimum/maximum or representation semantics remain unproved,HAC-40 / Cristhian,logs/relationship-matrix.json fila 69; supabase-v2/supabase/migrations/20261004154048_hac40_workflow.sql:315,"Medir las FK físicas identificadas y, aparte, mínimos/máximos, XOR o semántica de snapshot/JSON indicada en esta fila. Pares positivo/negativo y boundary authenticated. Un snapshot válido no exige bridge inexistente.",NO_REQUIERE_CAMBIO_FUNCIONAL,d3a80eb28b7443e8f17c87e41dc6d81502a96e38
relacion,fk9bowG78kA6Nmof4bi--1 PlanLegAssignment → PlanResource,PARCIAL,EVIDENCIA_PENDIENTE,Missing independent compatible FK proof; no blanket semantic certification,HAC-40 / Cristhian,logs/relationship-matrix.json fila 70; supabase-v2/supabase/migrations/20261004154048_hac40_workflow.sql:314,"Medir las FK físicas identificadas y, aparte, mínimos/máximos, XOR o semántica de snapshot/JSON indicada en esta fila. Pares positivo/negativo y boundary authenticated. Un snapshot válido no exige bridge inexistente.",NO_REQUIERE_CAMBIO_FUNCIONAL,d3a80eb28b7443e8f17c87e41dc6d81502a96e38
relacion,DK0aJlq7bGL-fGDcFSUt-1 CarrierOffer → PlanLegAssignment,PARCIAL,EVIDENCIA_PENDIENTE,Missing independent compatible FK proof; no blanket semantic certification,HAC-40 / Cristhian,logs/relationship-matrix.json fila 72; supabase-v2/supabase/migrations/20261004154048_hac40_workflow.sql:179,"Medir las FK físicas identificadas y, aparte, mínimos/máximos, XOR o semántica de snapshot/JSON indicada en esta fila. Pares positivo/negativo y boundary authenticated. Un snapshot válido no exige bridge inexistente.",NO_REQUIERE_CAMBIO_FUNCIONAL,d3a80eb28b7443e8f17c87e41dc6d81502a96e38
relacion,72KwxI-JqKkcPOP_kNa3-1 CarrierOffer → OfferCostComponent,PARCIAL,EVIDENCIA_PENDIENTE,Missing independent compatible FK proof; no blanket semantic certification,HAC-40 / Cristhian,logs/relationship-matrix.json fila 73; supabase-v2/supabase/migrations/20261004154048_hac40_workflow.sql:175 (generic DDL/dispatch; see catalog),"Medir las FK físicas identificadas y, aparte, mínimos/máximos, XOR o semántica de snapshot/JSON indicada en esta fila. Pares positivo/negativo y boundary authenticated. Un snapshot válido no exige bridge inexistente.",NO_REQUIERE_CAMBIO_FUNCIONAL,d3a80eb28b7443e8f17c87e41dc6d81502a96e38
relacion,rg1mzH5NKyUcr1gneQok-1 FreightRequest → ShipmentContact,PARCIAL,EVIDENCIA_PENDIENTE,Missing independent compatible FK proof; no blanket semantic certification,HAC-40 / Cristhian,logs/relationship-matrix.json fila 74; supabase-v2/supabase/migrations/20260927064713_hac12_road_vertical.sql:4; supabase-v2/supabase/migrations/20260927064713_hac12_road_vertical.sql:21 (generic DDL/dispatch; see catalog),"Medir las FK físicas identificadas y, aparte, mínimos/máximos, XOR o semántica de snapshot/JSON indicada en esta fila. Pares positivo/negativo y boundary authenticated. Un snapshot válido no exige bridge inexistente.",NO_REQUIERE_CAMBIO_FUNCIONAL,d3a80eb28b7443e8f17c87e41dc6d81502a96e38
relacion,zAdGsDxVq7Eb_sLkxGRV-1 CarrierOperator → CarrierOffer,PARCIAL,EVIDENCIA_PENDIENTE,Missing independent compatible FK proof; no blanket semantic certification,HAC-41 / Axel,logs/relationship-matrix.json fila 75; supabase-v2/supabase/migrations/20260927042808_v2_schema_baseline.sql:218 (generic DDL/dispatch; see catalog),"Medir las FK físicas identificadas y, aparte, mínimos/máximos, XOR o semántica de snapshot/JSON indicada en esta fila. Pares positivo/negativo y boundary authenticated. Un snapshot válido no exige bridge inexistente.",NO_REQUIERE_CAMBIO_FUNCIONAL,d3a80eb28b7443e8f17c87e41dc6d81502a96e38
relacion,6Ioss1hAN_-tinRlzXcZ-1 AssetCargoCapability → TransportAsset,PARCIAL,EVIDENCIA_PENDIENTE,FK pairs PASS; dedicated minimum/maximum or representation semantics remain unproved,HAC-40 / Cristhian,logs/relationship-matrix.json fila 77; supabase-v2/supabase/migrations/20261004042259_hac40_fleet.sql:49; supabase-v2/supabase/migrations/20260927064713_hac12_road_vertical.sql:40 (generic DDL/dispatch; see catalog),"Medir las FK físicas identificadas y, aparte, mínimos/máximos, XOR o semántica de snapshot/JSON indicada en esta fila. Pares positivo/negativo y boundary authenticated. Un snapshot válido no exige bridge inexistente.",NO_REQUIERE_CAMBIO_FUNCIONAL,d3a80eb28b7443e8f17c87e41dc6d81502a96e38
relacion,jSKYVkFkDFWJeImlZA73-5 RouteSimulationScenario → RouteCorridor,PARCIAL,EVIDENCIA_PENDIENTE,Missing independent compatible FK proof; no blanket semantic certification,HAC-40 / Cristhian,logs/relationship-matrix.json fila 79; supabase-v2/supabase/migrations/20261004154048_hac40_workflow.sql:58,"Medir las FK físicas identificadas y, aparte, mínimos/máximos, XOR o semántica de snapshot/JSON indicada en esta fila. Pares positivo/negativo y boundary authenticated. Un snapshot válido no exige bridge inexistente.",NO_REQUIERE_CAMBIO_FUNCIONAL,d3a80eb28b7443e8f17c87e41dc6d81502a96e38
relacion,jSKYVkFkDFWJeImlZA73-8 RouteSimulationScenario → RouteCondition,PARCIAL,EVIDENCIA_PENDIENTE,Missing independent compatible FK proof; no blanket semantic certification,HAC-40 / Cristhian,logs/relationship-matrix.json fila 80; supabase-v2/supabase/migrations/20261004154048_hac40_workflow.sql:84,"Medir las FK físicas identificadas y, aparte, mínimos/máximos, XOR o semántica de snapshot/JSON indicada en esta fila. Pares positivo/negativo y boundary authenticated. Un snapshot válido no exige bridge inexistente.",NO_REQUIERE_CAMBIO_FUNCIONAL,d3a80eb28b7443e8f17c87e41dc6d81502a96e38
relacion,WNCIiRomMXHDXtrxWMq--1 RoutePlanner → RoutePlan,PARCIAL,EVIDENCIA_PENDIENTE,Missing independent compatible FK proof; no blanket semantic certification,HAC-40 / Cristhian,logs/relationship-matrix.json fila 81; supabase-v2/supabase/migrations/20261004154048_hac40_workflow.sql:140; supabase-v2/supabase/migrations/20261005181940_hac40_cp1_contract_reconciliation.sql:1 (generic DDL/dispatch; see catalog),"Medir las FK físicas identificadas y, aparte, mínimos/máximos, XOR o semántica de snapshot/JSON indicada en esta fila. Pares positivo/negativo y boundary authenticated. Un snapshot válido no exige bridge inexistente.",NO_REQUIERE_CAMBIO_FUNCIONAL,d3a80eb28b7443e8f17c87e41dc6d81502a96e38
relacion,iFQi1_XGm5au44xV3qrT-1 RoutePlanner → RoutePlanningPolicy,PARCIAL,EVIDENCIA_PENDIENTE,Missing independent compatible FK proof; no blanket semantic certification,HAC-40 / Cristhian,logs/relationship-matrix.json fila 82; supabase-v2/supabase/migrations/20261004154048_hac40_workflow.sql:140; supabase-v2/supabase/migrations/20261005181940_hac40_cp1_contract_reconciliation.sql:1 (generic DDL/dispatch; see catalog),"Medir las FK físicas identificadas y, aparte, mínimos/máximos, XOR o semántica de snapshot/JSON indicada en esta fila. Pares positivo/negativo y boundary authenticated. Un snapshot válido no exige bridge inexistente.",NO_REQUIERE_CAMBIO_FUNCIONAL,d3a80eb28b7443e8f17c87e41dc6d81502a96e38
relacion,h7SgiR5XgM2d8XkbtD6E-1 RoutePlanner → RouteCorridor,PARCIAL,EVIDENCIA_PENDIENTE,Missing independent compatible FK proof; no blanket semantic certification,HAC-40 / Cristhian,logs/relationship-matrix.json fila 83; supabase-v2/supabase/migrations/20261004154048_hac40_workflow.sql:140; supabase-v2/supabase/migrations/20261005181940_hac40_cp1_contract_reconciliation.sql:1 (generic DDL/dispatch; see catalog),"Medir las FK físicas identificadas y, aparte, mínimos/máximos, XOR o semántica de snapshot/JSON indicada en esta fila. Pares positivo/negativo y boundary authenticated. Un snapshot válido no exige bridge inexistente.",NO_REQUIERE_CAMBIO_FUNCIONAL,d3a80eb28b7443e8f17c87e41dc6d81502a96e38
relacion,TTPNMglXCn0O7Q35afVn-1 SelectionDecision → Booking,PARCIAL,EVIDENCIA_PENDIENTE,FK pairs PASS; dedicated minimum/maximum or representation semantics remain unproved,HAC-40 / Cristhian,logs/relationship-matrix.json fila 84; supabase-v2/supabase/migrations/20261004154048_hac40_workflow.sql:303,"Medir las FK físicas identificadas y, aparte, mínimos/máximos, XOR o semántica de snapshot/JSON indicada en esta fila. Pares positivo/negativo y boundary authenticated. Un snapshot válido no exige bridge inexistente.",NO_REQUIERE_CAMBIO_FUNCIONAL,d3a80eb28b7443e8f17c87e41dc6d81502a96e38
relacion,Ftk5fUhrMQUH-lgMXdC8-1 CarrierOffer → SelectionDecision,PARCIAL,EVIDENCIA_PENDIENTE,FK pairs PASS; dedicated minimum/maximum or representation semantics remain unproved,HAC-40 / Cristhian,logs/relationship-matrix.json fila 86; supabase-v2/supabase/migrations/20261004154048_hac40_workflow.sql:324,"Medir las FK físicas identificadas y, aparte, mínimos/máximos, XOR o semántica de snapshot/JSON indicada en esta fila. Pares positivo/negativo y boundary authenticated. Un snapshot válido no exige bridge inexistente.",NO_REQUIERE_CAMBIO_FUNCIONAL,d3a80eb28b7443e8f17c87e41dc6d81502a96e38
relacion,cm-v2fix-3 FreightRequest → ShipmentContact,PARCIAL,EVIDENCIA_PENDIENTE,Missing independent compatible FK proof; no blanket semantic certification,HAC-40 / Cristhian,logs/relationship-matrix.json fila 91; supabase-v2/supabase/migrations/20260927064713_hac12_road_vertical.sql:4; supabase-v2/supabase/migrations/20260927064713_hac12_road_vertical.sql:21 (generic DDL/dispatch; see catalog),"Medir las FK físicas identificadas y, aparte, mínimos/máximos, XOR o semántica de snapshot/JSON indicada en esta fila. Pares positivo/negativo y boundary authenticated. Un snapshot válido no exige bridge inexistente.",NO_REQUIERE_CAMBIO_FUNCIONAL,d3a80eb28b7443e8f17c87e41dc6d81502a96e38
relacion,cm-v2fix-8 CarrierOffer → CarrierService,PARCIAL,EVIDENCIA_PENDIENTE,Missing independent compatible FK proof; no blanket semantic certification,HAC-40 / Cristhian,logs/relationship-matrix.json fila 92; supabase-v2/supabase/migrations/20261004154048_hac40_workflow.sql:179,"Medir las FK físicas identificadas y, aparte, mínimos/máximos, XOR o semántica de snapshot/JSON indicada en esta fila. Pares positivo/negativo y boundary authenticated. Un snapshot válido no exige bridge inexistente.",NO_REQUIERE_CAMBIO_FUNCIONAL,d3a80eb28b7443e8f17c87e41dc6d81502a96e38
clase,Organization,PARCIAL,EVIDENCIA_PENDIENTE,"Estado agregado: atributos, asociaciones y semántica de métodos; una suite verde no certifica la clase completa.",HAC-40 / Cristhian,logs/class-matrix.json; logs/method-map.json,"Resolver las filas hijas y aportar controles semánticos de los métodos relacionados, sin contar dos veces los defectos R01/R02.",NO_REQUIERE_CAMBIO_FUNCIONAL,d3a80eb28b7443e8f17c87e41dc6d81502a96e38
clase,Facility,PARCIAL,EVIDENCIA_PENDIENTE,"Estado agregado: atributos, asociaciones y semántica de métodos; una suite verde no certifica la clase completa.",HAC-40 / Cristhian,logs/class-matrix.json; logs/method-map.json,"Resolver las filas hijas y aportar controles semánticos de los métodos relacionados, sin contar dos veces los defectos R01/R02.",NO_REQUIERE_CAMBIO_FUNCIONAL,d3a80eb28b7443e8f17c87e41dc6d81502a96e38
clase,FreightRequest,PARCIAL,EVIDENCIA_PENDIENTE,"Estado agregado: atributos, asociaciones y semántica de métodos; una suite verde no certifica la clase completa.",HAC-40 / Cristhian,logs/class-matrix.json; logs/method-map.json,"Resolver las filas hijas y aportar controles semánticos de los métodos relacionados, sin contar dos veces los defectos R01/R02.",NO_REQUIERE_CAMBIO_FUNCIONAL,d3a80eb28b7443e8f17c87e41dc6d81502a96e38
clase,CargoSpecification,PARCIAL,EVIDENCIA_PENDIENTE,"Estado agregado: atributos, asociaciones y semántica de métodos; una suite verde no certifica la clase completa.",HAC-40 / Cristhian,logs/class-matrix.json; logs/method-map.json,"Resolver las filas hijas y aportar controles semánticos de los métodos relacionados, sin contar dos veces los defectos R01/R02.",NO_REQUIERE_CAMBIO_FUNCIONAL,d3a80eb28b7443e8f17c87e41dc6d81502a96e38
clase,CargoUnit,PARCIAL,EVIDENCIA_PENDIENTE,"Estado agregado: atributos, asociaciones y semántica de métodos; una suite verde no certifica la clase completa.",HAC-40 / Cristhian,logs/class-matrix.json; logs/method-map.json,"Resolver las filas hijas y aportar controles semánticos de los métodos relacionados, sin contar dos veces los defectos R01/R02.",NO_REQUIERE_CAMBIO_FUNCIONAL,d3a80eb28b7443e8f17c87e41dc6d81502a96e38
clase,Carrier,PARCIAL,EVIDENCIA_PENDIENTE,"Estado agregado: atributos, asociaciones y semántica de métodos; una suite verde no certifica la clase completa.",HAC-40 / Cristhian,logs/class-matrix.json; logs/method-map.json,"Resolver las filas hijas y aportar controles semánticos de los métodos relacionados, sin contar dos veces los defectos R01/R02.",NO_REQUIERE_CAMBIO_FUNCIONAL,d3a80eb28b7443e8f17c87e41dc6d81502a96e38
clase,CarrierDepot,PARCIAL,EVIDENCIA_PENDIENTE,"Estado agregado: atributos, asociaciones y semántica de métodos; una suite verde no certifica la clase completa.",HAC-40 / Cristhian,logs/class-matrix.json; logs/method-map.json,"Resolver las filas hijas y aportar controles semánticos de los métodos relacionados, sin contar dos veces los defectos R01/R02.",NO_REQUIERE_CAMBIO_FUNCIONAL,d3a80eb28b7443e8f17c87e41dc6d81502a96e38
clase,CarrierService,PARCIAL,EVIDENCIA_PENDIENTE,"Estado agregado: atributos, asociaciones y semántica de métodos; una suite verde no certifica la clase completa.",HAC-40 / Cristhian,logs/class-matrix.json; logs/method-map.json,"Resolver las filas hijas y aportar controles semánticos de los métodos relacionados, sin contar dos veces los defectos R01/R02.",NO_REQUIERE_CAMBIO_FUNCIONAL,d3a80eb28b7443e8f17c87e41dc6d81502a96e38
clase,ServiceLane,PARCIAL,EVIDENCIA_PENDIENTE,"Estado agregado: atributos, asociaciones y semántica de métodos; una suite verde no certifica la clase completa.",HAC-40 / Cristhian,logs/class-matrix.json; logs/method-map.json,"Resolver las filas hijas y aportar controles semánticos de los métodos relacionados, sin contar dos veces los defectos R01/R02.",NO_REQUIERE_CAMBIO_FUNCIONAL,d3a80eb28b7443e8f17c87e41dc6d81502a96e38
clase,ResponseIntegration,PARCIAL,EVIDENCIA_PENDIENTE,"Estado agregado: atributos, asociaciones y semántica de métodos; una suite verde no certifica la clase completa.",HAC-41 / Axel,logs/class-matrix.json; logs/method-map.json,"Resolver las filas hijas y aportar controles semánticos de los métodos relacionados, sin contar dos veces los defectos R01/R02.",NO_REQUIERE_CAMBIO_FUNCIONAL,d3a80eb28b7443e8f17c87e41dc6d81502a96e38
clase,CapacitySource,PARCIAL,EVIDENCIA_PENDIENTE,"Estado agregado: atributos, asociaciones y semántica de métodos; una suite verde no certifica la clase completa.",HAC-40 / Cristhian,logs/class-matrix.json; logs/method-map.json,"Resolver las filas hijas y aportar controles semánticos de los métodos relacionados, sin contar dos veces los defectos R01/R02.",NO_REQUIERE_CAMBIO_FUNCIONAL,d3a80eb28b7443e8f17c87e41dc6d81502a96e38
clase,TransportAsset,PARCIAL,EVIDENCIA_PENDIENTE,"Estado agregado: atributos, asociaciones y semántica de métodos; una suite verde no certifica la clase completa.",HAC-40 / Cristhian,logs/class-matrix.json; logs/method-map.json,"Resolver las filas hijas y aportar controles semánticos de los métodos relacionados, sin contar dos veces los defectos R01/R02.",NO_REQUIERE_CAMBIO_FUNCIONAL,d3a80eb28b7443e8f17c87e41dc6d81502a96e38
clase,RoadVehicle,PARCIAL,EVIDENCIA_PENDIENTE,"Estado agregado: atributos, asociaciones y semántica de métodos; una suite verde no certifica la clase completa.",HAC-40 / Cristhian,logs/class-matrix.json; logs/method-map.json,"Resolver las filas hijas y aportar controles semánticos de los métodos relacionados, sin contar dos veces los defectos R01/R02.",NO_REQUIERE_CAMBIO_FUNCIONAL,d3a80eb28b7443e8f17c87e41dc6d81502a96e38
clase,CapacityPool,PARCIAL,EVIDENCIA_PENDIENTE,"Estado agregado: atributos, asociaciones y semántica de métodos; una suite verde no certifica la clase completa.",HAC-40 / Cristhian,logs/class-matrix.json; logs/method-map.json,"Resolver las filas hijas y aportar controles semánticos de los métodos relacionados, sin contar dos veces los defectos R01/R02.",NO_REQUIERE_CAMBIO_FUNCIONAL,d3a80eb28b7443e8f17c87e41dc6d81502a96e38
clase,CapacityCalendar,PARCIAL,EVIDENCIA_PENDIENTE,"Estado agregado: atributos, asociaciones y semántica de métodos; una suite verde no certifica la clase completa.",HAC-40 / Cristhian,logs/class-matrix.json; logs/method-map.json,"Resolver las filas hijas y aportar controles semánticos de los métodos relacionados, sin contar dos veces los defectos R01/R02.",NO_REQUIERE_CAMBIO_FUNCIONAL,d3a80eb28b7443e8f17c87e41dc6d81502a96e38
clase,CapacityReservation,PARCIAL,EVIDENCIA_PENDIENTE,"Estado agregado: atributos, asociaciones y semántica de métodos; una suite verde no certifica la clase completa.",HAC-40 / Cristhian,logs/class-matrix.json; logs/method-map.json,"Resolver las filas hijas y aportar controles semánticos de los métodos relacionados, sin contar dos veces los defectos R01/R02.",NO_REQUIERE_CAMBIO_FUNCIONAL,d3a80eb28b7443e8f17c87e41dc6d81502a96e38
clase,ScheduledMaintenance,PARCIAL,EVIDENCIA_PENDIENTE,"Estado agregado: atributos, asociaciones y semántica de métodos; una suite verde no certifica la clase completa.",HAC-40 / Cristhian,logs/class-matrix.json; logs/method-map.json,"Resolver las filas hijas y aportar controles semánticos de los métodos relacionados, sin contar dos veces los defectos R01/R02.",NO_REQUIERE_CAMBIO_FUNCIONAL,d3a80eb28b7443e8f17c87e41dc6d81502a96e38
clase,Driver,PARCIAL,EVIDENCIA_PENDIENTE,"Estado agregado: atributos, asociaciones y semántica de métodos; una suite verde no certifica la clase completa.",HAC-40 / Cristhian,logs/class-matrix.json; logs/method-map.json,"Resolver las filas hijas y aportar controles semánticos de los métodos relacionados, sin contar dos veces los defectos R01/R02.",NO_REQUIERE_CAMBIO_FUNCIONAL,d3a80eb28b7443e8f17c87e41dc6d81502a96e38
clase,VehicleAssignment,PARCIAL,EVIDENCIA_PENDIENTE,"Estado agregado: atributos, asociaciones y semántica de métodos; una suite verde no certifica la clase completa.",HAC-40 / Cristhian,logs/class-matrix.json; logs/method-map.json,"Resolver las filas hijas y aportar controles semánticos de los métodos relacionados, sin contar dos veces los defectos R01/R02.",NO_REQUIERE_CAMBIO_FUNCIONAL,d3a80eb28b7443e8f17c87e41dc6d81502a96e38
clase,AssetStatusEvent,PARCIAL,EVIDENCIA_PENDIENTE,"Estado agregado: atributos, asociaciones y semántica de métodos; una suite verde no certifica la clase completa.",HAC-40 / Cristhian,logs/class-matrix.json; logs/method-map.json,"Resolver las filas hijas y aportar controles semánticos de los métodos relacionados, sin contar dos veces los defectos R01/R02.",NO_REQUIERE_CAMBIO_FUNCIONAL,d3a80eb28b7443e8f17c87e41dc6d81502a96e38
clase,RoutePlan,PARCIAL,EVIDENCIA_PENDIENTE,"Estado agregado: atributos, asociaciones y semántica de métodos; una suite verde no certifica la clase completa.",HAC-40 / Cristhian,logs/class-matrix.json; logs/method-map.json,"Resolver las filas hijas y aportar controles semánticos de los métodos relacionados, sin contar dos veces los defectos R01/R02.",NO_REQUIERE_CAMBIO_FUNCIONAL,d3a80eb28b7443e8f17c87e41dc6d81502a96e38
clase,RouteLeg,PARCIAL,EVIDENCIA_PENDIENTE,"Estado agregado: atributos, asociaciones y semántica de métodos; una suite verde no certifica la clase completa.",HAC-40 / Cristhian,logs/class-matrix.json; logs/method-map.json,"Resolver las filas hijas y aportar controles semánticos de los métodos relacionados, sin contar dos veces los defectos R01/R02.",NO_REQUIERE_CAMBIO_FUNCIONAL,d3a80eb28b7443e8f17c87e41dc6d81502a96e38
clase,RouteCondition,PARCIAL,EVIDENCIA_PENDIENTE,"Estado agregado: atributos, asociaciones y semántica de métodos; una suite verde no certifica la clase completa.",HAC-40 / Cristhian,logs/class-matrix.json; logs/method-map.json,"Resolver las filas hijas y aportar controles semánticos de los métodos relacionados, sin contar dos veces los defectos R01/R02.",NO_REQUIERE_CAMBIO_FUNCIONAL,d3a80eb28b7443e8f17c87e41dc6d81502a96e38
clase,RouteWaypoint,PARCIAL,DEFECTO_FUNCIONAL_REAL,"Estado agregado: atributos, asociaciones y semántica de métodos; una suite verde no certifica la clase completa.",HAC-40 / Cristhian,logs/class-matrix.json; logs/method-map.json,"Resolver las filas hijas y aportar controles semánticos de los métodos relacionados, sin contar dos veces los defectos R01/R02.",CORREGIDO_LOCAL_EN_ATRIBUTOS; certificación de clase pendiente,d3a80eb28b7443e8f17c87e41dc6d81502a96e38
clase,RoutePlanningPolicy,PARCIAL,EVIDENCIA_PENDIENTE,"Estado agregado: atributos, asociaciones y semántica de métodos; una suite verde no certifica la clase completa.",HAC-40 / Cristhian,logs/class-matrix.json; logs/method-map.json,"Resolver las filas hijas y aportar controles semánticos de los métodos relacionados, sin contar dos veces los defectos R01/R02.",NO_REQUIERE_CAMBIO_FUNCIONAL,d3a80eb28b7443e8f17c87e41dc6d81502a96e38
clase,TransportPlanCandidate,PARCIAL,EVIDENCIA_PENDIENTE,"Estado agregado: atributos, asociaciones y semántica de métodos; una suite verde no certifica la clase completa.",HAC-40 / Cristhian,logs/class-matrix.json; logs/method-map.json,"Resolver las filas hijas y aportar controles semánticos de los métodos relacionados, sin contar dos veces los defectos R01/R02.",NO_REQUIERE_CAMBIO_FUNCIONAL,d3a80eb28b7443e8f17c87e41dc6d81502a96e38
clase,PlanResource,PARCIAL,EVIDENCIA_PENDIENTE,"Estado agregado: atributos, asociaciones y semántica de métodos; una suite verde no certifica la clase completa.",HAC-40 / Cristhian,logs/class-matrix.json; logs/method-map.json,"Resolver las filas hijas y aportar controles semánticos de los métodos relacionados, sin contar dos veces los defectos R01/R02.",NO_REQUIERE_CAMBIO_FUNCIONAL,d3a80eb28b7443e8f17c87e41dc6d81502a96e38
clase,CarrierOpportunity,PARCIAL,EVIDENCIA_PENDIENTE,"Estado agregado: atributos, asociaciones y semántica de métodos; una suite verde no certifica la clase completa.",HAC-40 / Cristhian,logs/class-matrix.json; logs/method-map.json,"Resolver las filas hijas y aportar controles semánticos de los métodos relacionados, sin contar dos veces los defectos R01/R02.",NO_REQUIERE_CAMBIO_FUNCIONAL,d3a80eb28b7443e8f17c87e41dc6d81502a96e38
clase,CarrierOffer,PARCIAL,EVIDENCIA_PENDIENTE,"Estado agregado: atributos, asociaciones y semántica de métodos; una suite verde no certifica la clase completa.",HAC-40 / Cristhian,logs/class-matrix.json; logs/method-map.json,"Resolver las filas hijas y aportar controles semánticos de los métodos relacionados, sin contar dos veces los defectos R01/R02.",NO_REQUIERE_CAMBIO_FUNCIONAL,d3a80eb28b7443e8f17c87e41dc6d81502a96e38
clase,RankedOption,PARCIAL,EVIDENCIA_PENDIENTE,"Estado agregado: atributos, asociaciones y semántica de métodos; una suite verde no certifica la clase completa.",HAC-40 / Cristhian,logs/class-matrix.json; logs/method-map.json,"Resolver las filas hijas y aportar controles semánticos de los métodos relacionados, sin contar dos veces los defectos R01/R02.",NO_REQUIERE_CAMBIO_FUNCIONAL,d3a80eb28b7443e8f17c87e41dc6d81502a96e38
clase,ScoringPolicy,PARCIAL,EVIDENCIA_PENDIENTE,"Estado agregado: atributos, asociaciones y semántica de métodos; una suite verde no certifica la clase completa.",HAC-40 / Cristhian,logs/class-matrix.json; logs/method-map.json,"Resolver las filas hijas y aportar controles semánticos de los métodos relacionados, sin contar dos veces los defectos R01/R02.",NO_REQUIERE_CAMBIO_FUNCIONAL,d3a80eb28b7443e8f17c87e41dc6d81502a96e38
clase,Booking,PARCIAL,DEFECTO_FUNCIONAL_REAL,"Estado agregado: atributos, asociaciones y semántica de métodos; una suite verde no certifica la clase completa.",HAC-40 / Cristhian,logs/class-matrix.json; logs/method-map.json,"Resolver las filas hijas y aportar controles semánticos de los métodos relacionados, sin contar dos veces los defectos R01/R02.",CORREGIDO_LOCAL_EN_ATRIBUTOS; certificación de clase pendiente,d3a80eb28b7443e8f17c87e41dc6d81502a96e38
clase,TransportExecution,PARCIAL,EVIDENCIA_PENDIENTE,"Estado agregado: atributos, asociaciones y semántica de métodos; una suite verde no certifica la clase completa.",HAC-40 / Cristhian,logs/class-matrix.json; logs/method-map.json,"Resolver las filas hijas y aportar controles semánticos de los métodos relacionados, sin contar dos veces los defectos R01/R02.",NO_REQUIERE_CAMBIO_FUNCIONAL,d3a80eb28b7443e8f17c87e41dc6d81502a96e38
clase,OperationalIncident,PARCIAL,EVIDENCIA_PENDIENTE,"Estado agregado: atributos, asociaciones y semántica de métodos; una suite verde no certifica la clase completa.",HAC-40 / Cristhian,logs/class-matrix.json; logs/method-map.json,"Resolver las filas hijas y aportar controles semánticos de los métodos relacionados, sin contar dos veces los defectos R01/R02.",NO_REQUIERE_CAMBIO_FUNCIONAL,d3a80eb28b7443e8f17c87e41dc6d81502a96e38
clase,IncidentUpdate,PARCIAL,EVIDENCIA_PENDIENTE,"Estado agregado: atributos, asociaciones y semántica de métodos; una suite verde no certifica la clase completa.",HAC-40 / Cristhian,logs/class-matrix.json; logs/method-map.json,"Resolver las filas hijas y aportar controles semánticos de los métodos relacionados, sin contar dos veces los defectos R01/R02.",NO_REQUIERE_CAMBIO_FUNCIONAL,d3a80eb28b7443e8f17c87e41dc6d81502a96e38
clase,LogisticsNode,PARCIAL,EVIDENCIA_PENDIENTE,"Estado agregado: atributos, asociaciones y semántica de métodos; una suite verde no certifica la clase completa.",HAC-40 / Cristhian,logs/class-matrix.json; logs/method-map.json,"Resolver las filas hijas y aportar controles semánticos de los métodos relacionados, sin contar dos veces los defectos R01/R02.",NO_REQUIERE_CAMBIO_FUNCIONAL,d3a80eb28b7443e8f17c87e41dc6d81502a96e38
clase,RouteCorridor,PARCIAL,EVIDENCIA_PENDIENTE,"Estado agregado: atributos, asociaciones y semántica de métodos; una suite verde no certifica la clase completa.",HAC-40 / Cristhian,logs/class-matrix.json; logs/method-map.json,"Resolver las filas hijas y aportar controles semánticos de los métodos relacionados, sin contar dos veces los defectos R01/R02.",NO_REQUIERE_CAMBIO_FUNCIONAL,d3a80eb28b7443e8f17c87e41dc6d81502a96e38
clase,CargoProfile,PARCIAL,EVIDENCIA_PENDIENTE,"Estado agregado: atributos, asociaciones y semántica de métodos; una suite verde no certifica la clase completa.",HAC-40 / Cristhian,logs/class-matrix.json; logs/method-map.json,"Resolver las filas hijas y aportar controles semánticos de los métodos relacionados, sin contar dos veces los defectos R01/R02.",NO_REQUIERE_CAMBIO_FUNCIONAL,d3a80eb28b7443e8f17c87e41dc6d81502a96e38
clase,CargoCategory,PARCIAL,EVIDENCIA_PENDIENTE,"Estado agregado: atributos, asociaciones y semántica de métodos; una suite verde no certifica la clase completa.",HAC-40 / Cristhian,logs/class-matrix.json; logs/method-map.json,"Resolver las filas hijas y aportar controles semánticos de los métodos relacionados, sin contar dos veces los defectos R01/R02.",NO_REQUIERE_CAMBIO_FUNCIONAL,d3a80eb28b7443e8f17c87e41dc6d81502a96e38
clase,LoadAllocation,PARCIAL,EVIDENCIA_PENDIENTE,"Estado agregado: atributos, asociaciones y semántica de métodos; una suite verde no certifica la clase completa.",HAC-40 / Cristhian,logs/class-matrix.json; logs/method-map.json,"Resolver las filas hijas y aportar controles semánticos de los métodos relacionados, sin contar dos veces los defectos R01/R02.",NO_REQUIERE_CAMBIO_FUNCIONAL,d3a80eb28b7443e8f17c87e41dc6d81502a96e38
clase,OrganizationMember,PARCIAL,EVIDENCIA_PENDIENTE,"Estado agregado: atributos, asociaciones y semántica de métodos; una suite verde no certifica la clase completa.",HAC-41 / Axel,logs/class-matrix.json; logs/method-map.json,"Resolver las filas hijas y aportar controles semánticos de los métodos relacionados, sin contar dos veces los defectos R01/R02.",NO_REQUIERE_CAMBIO_FUNCIONAL,d3a80eb28b7443e8f17c87e41dc6d81502a96e38
clase,McpAccountLink,DIVERGENTE,DOCUMENTACION_DESACTUALIZADA,"Estado agregado: atributos, asociaciones y semántica de métodos; una suite verde no certifica la clase completa.",HAC-41 / Axel,logs/class-matrix.json; logs/method-map.json,"Resolver las filas hijas y aportar controles semánticos de los métodos relacionados, sin contar dos veces los defectos R01/R02.",NO_REQUIERE_CAMBIO_FUNCIONAL,d3a80eb28b7443e8f17c87e41dc6d81502a96e38
clase,RepositioningBlock,PARCIAL,EVIDENCIA_PENDIENTE,"Estado agregado: atributos, asociaciones y semántica de métodos; una suite verde no certifica la clase completa.",HAC-40 / Cristhian,logs/class-matrix.json; logs/method-map.json,"Resolver las filas hijas y aportar controles semánticos de los métodos relacionados, sin contar dos veces los defectos R01/R02.",NO_REQUIERE_CAMBIO_FUNCIONAL,d3a80eb28b7443e8f17c87e41dc6d81502a96e38
clase,OrganizationPreferences,PARCIAL,EVIDENCIA_PENDIENTE,"Estado agregado: atributos, asociaciones y semántica de métodos; una suite verde no certifica la clase completa.",HAC-40 / Cristhian,logs/class-matrix.json; logs/method-map.json,"Resolver las filas hijas y aportar controles semánticos de los métodos relacionados, sin contar dos veces los defectos R01/R02.",NO_REQUIERE_CAMBIO_FUNCIONAL,d3a80eb28b7443e8f17c87e41dc6d81502a96e38
clase,CarrierMetric,PARCIAL,EVIDENCIA_PENDIENTE,"Estado agregado: atributos, asociaciones y semántica de métodos; una suite verde no certifica la clase completa.",HAC-40 / Cristhian,logs/class-matrix.json; logs/method-map.json,"Resolver las filas hijas y aportar controles semánticos de los métodos relacionados, sin contar dos veces los defectos R01/R02.",NO_REQUIERE_CAMBIO_FUNCIONAL,d3a80eb28b7443e8f17c87e41dc6d81502a96e38
clase,VehicleCombination,PARCIAL,EVIDENCIA_PENDIENTE,"Estado agregado: atributos, asociaciones y semántica de métodos; una suite verde no certifica la clase completa.",HAC-40 / Cristhian,logs/class-matrix.json; logs/method-map.json,"Resolver las filas hijas y aportar controles semánticos de los métodos relacionados, sin contar dos veces los defectos R01/R02.",NO_REQUIERE_CAMBIO_FUNCIONAL,d3a80eb28b7443e8f17c87e41dc6d81502a96e38
clase,ServiceArea,PARCIAL,EVIDENCIA_PENDIENTE,"Estado agregado: atributos, asociaciones y semántica de métodos; una suite verde no certifica la clase completa.",HAC-40 / Cristhian,logs/class-matrix.json; logs/method-map.json,"Resolver las filas hijas y aportar controles semánticos de los métodos relacionados, sin contar dos veces los defectos R01/R02.",NO_REQUIERE_CAMBIO_FUNCIONAL,d3a80eb28b7443e8f17c87e41dc6d81502a96e38
clase,FulfilmentPartner,PARCIAL,EVIDENCIA_PENDIENTE,"Estado agregado: atributos, asociaciones y semántica de métodos; una suite verde no certifica la clase completa.",HAC-40 / Cristhian,logs/class-matrix.json; logs/method-map.json,"Resolver las filas hijas y aportar controles semánticos de los métodos relacionados, sin contar dos veces los defectos R01/R02.",NO_REQUIERE_CAMBIO_FUNCIONAL,d3a80eb28b7443e8f17c87e41dc6d81502a96e38
clase,PlanLegAssignment,PARCIAL,EVIDENCIA_PENDIENTE,"Estado agregado: atributos, asociaciones y semántica de métodos; una suite verde no certifica la clase completa.",HAC-40 / Cristhian,logs/class-matrix.json; logs/method-map.json,"Resolver las filas hijas y aportar controles semánticos de los métodos relacionados, sin contar dos veces los defectos R01/R02.",NO_REQUIERE_CAMBIO_FUNCIONAL,d3a80eb28b7443e8f17c87e41dc6d81502a96e38
clase,OfferCostComponent,PARCIAL,EVIDENCIA_PENDIENTE,"Estado agregado: atributos, asociaciones y semántica de métodos; una suite verde no certifica la clase completa.",HAC-40 / Cristhian,logs/class-matrix.json; logs/method-map.json,"Resolver las filas hijas y aportar controles semánticos de los métodos relacionados, sin contar dos veces los defectos R01/R02.",NO_REQUIERE_CAMBIO_FUNCIONAL,d3a80eb28b7443e8f17c87e41dc6d81502a96e38
clase,ShipmentContact,PARCIAL,EVIDENCIA_PENDIENTE,"Estado agregado: atributos, asociaciones y semántica de métodos; una suite verde no certifica la clase completa.",HAC-40 / Cristhian,logs/class-matrix.json; logs/method-map.json,"Resolver las filas hijas y aportar controles semánticos de los métodos relacionados, sin contar dos veces los defectos R01/R02.",NO_REQUIERE_CAMBIO_FUNCIONAL,d3a80eb28b7443e8f17c87e41dc6d81502a96e38
clase,CarrierOperator,PARCIAL,EVIDENCIA_PENDIENTE,"Estado agregado: atributos, asociaciones y semántica de métodos; una suite verde no certifica la clase completa.",HAC-41 / Axel,logs/class-matrix.json; logs/method-map.json,"Resolver las filas hijas y aportar controles semánticos de los métodos relacionados, sin contar dos veces los defectos R01/R02.",NO_REQUIERE_CAMBIO_FUNCIONAL,d3a80eb28b7443e8f17c87e41dc6d81502a96e38
clase,AssetCargoCapability,PARCIAL,EVIDENCIA_PENDIENTE,"Estado agregado: atributos, asociaciones y semántica de métodos; una suite verde no certifica la clase completa.",HAC-40 / Cristhian,logs/class-matrix.json; logs/method-map.json,"Resolver las filas hijas y aportar controles semánticos de los métodos relacionados, sin contar dos veces los defectos R01/R02.",NO_REQUIERE_CAMBIO_FUNCIONAL,d3a80eb28b7443e8f17c87e41dc6d81502a96e38
clase,RouteSimulationScenario,PARCIAL,EVIDENCIA_PENDIENTE,"Estado agregado: atributos, asociaciones y semántica de métodos; una suite verde no certifica la clase completa.",HAC-40 / Cristhian,logs/class-matrix.json; logs/method-map.json,"Resolver las filas hijas y aportar controles semánticos de los métodos relacionados, sin contar dos veces los defectos R01/R02.",NO_REQUIERE_CAMBIO_FUNCIONAL,d3a80eb28b7443e8f17c87e41dc6d81502a96e38
clase,RoutePlanner,PARCIAL,EVIDENCIA_PENDIENTE,"Estado agregado: atributos, asociaciones y semántica de métodos; una suite verde no certifica la clase completa.",HAC-40 / Cristhian,logs/class-matrix.json; logs/method-map.json,"Resolver las filas hijas y aportar controles semánticos de los métodos relacionados, sin contar dos veces los defectos R01/R02.",NO_REQUIERE_CAMBIO_FUNCIONAL,d3a80eb28b7443e8f17c87e41dc6d81502a96e38
clase,SelectionDecision,PARCIAL,EVIDENCIA_PENDIENTE,"Estado agregado: atributos, asociaciones y semántica de métodos; una suite verde no certifica la clase completa.",HAC-40 / Cristhian,logs/class-matrix.json; logs/method-map.json,"Resolver las filas hijas y aportar controles semánticos de los métodos relacionados, sin contar dos veces los defectos R01/R02.",NO_REQUIERE_CAMBIO_FUNCIONAL,d3a80eb28b7443e8f17c87e41dc6d81502a96e38
endpoint,GET /api/v2/organizations/current/members,PARCIAL,EVIDENCIA_PENDIENTE,La ruta está registrada y documentada por HAC-41; no tiene positivo funcional y negativo anónimo atribuidos en el formato de este harness.,HAC-44 / Jean (medición); HAC-41 / Axel (contrato),logs/endpoint-matrix.json; repro/sources/HAC41_IDENTITY_MCP.md,"Agregar fixture válido y su positivo funcional; acompañar con anónimo 401, tenant/rol y versión donde corresponda. Un GET vacío o una observación de inventario no bastan.",NO_REQUIERE_CAMBIO_FUNCIONAL,d3a80eb28b7443e8f17c87e41dc6d81502a96e38
endpoint,POST /api/v2/organizations/current/members/invitations,PARCIAL,EVIDENCIA_PENDIENTE,La ruta está registrada y documentada por HAC-41; no tiene positivo funcional y negativo anónimo atribuidos en el formato de este harness.,HAC-44 / Jean (medición); HAC-41 / Axel (contrato),logs/endpoint-matrix.json; repro/sources/HAC41_IDENTITY_MCP.md,"Agregar fixture válido y su positivo funcional; acompañar con anónimo 401, tenant/rol y versión donde corresponda. Un GET vacío o una observación de inventario no bastan.",NO_REQUIERE_CAMBIO_FUNCIONAL,d3a80eb28b7443e8f17c87e41dc6d81502a96e38
endpoint,POST /api/v2/organizations/current/members/:id/revisions,PARCIAL,EVIDENCIA_PENDIENTE,La ruta está registrada y documentada por HAC-41; no tiene positivo funcional y negativo anónimo atribuidos en el formato de este harness.,HAC-44 / Jean (medición); HAC-41 / Axel (contrato),logs/endpoint-matrix.json; repro/sources/HAC41_IDENTITY_MCP.md,"Agregar fixture válido y su positivo funcional; acompañar con anónimo 401, tenant/rol y versión donde corresponda. Un GET vacío o una observación de inventario no bastan.",NO_REQUIERE_CAMBIO_FUNCIONAL,d3a80eb28b7443e8f17c87e41dc6d81502a96e38
endpoint,POST /api/v2/identity/organizations/:organizationId/members/:id/acceptance,PARCIAL,EVIDENCIA_PENDIENTE,La ruta está registrada y documentada por HAC-41; no tiene positivo funcional y negativo anónimo atribuidos en el formato de este harness.,HAC-44 / Jean (medición); HAC-41 / Axel (contrato),logs/endpoint-matrix.json; repro/sources/HAC41_IDENTITY_MCP.md,"Agregar fixture válido y su positivo funcional; acompañar con anónimo 401, tenant/rol y versión donde corresponda. Un GET vacío o una observación de inventario no bastan.",NO_REQUIERE_CAMBIO_FUNCIONAL,d3a80eb28b7443e8f17c87e41dc6d81502a96e38
endpoint,GET /api/v2/carriers/:carrierId/operators,PARCIAL,EVIDENCIA_PENDIENTE,La ruta está registrada y documentada por HAC-41; no tiene positivo funcional y negativo anónimo atribuidos en el formato de este harness.,HAC-44 / Jean (medición); HAC-41 / Axel (contrato),logs/endpoint-matrix.json; repro/sources/HAC41_IDENTITY_MCP.md,"Agregar fixture válido y su positivo funcional; acompañar con anónimo 401, tenant/rol y versión donde corresponda. Un GET vacío o una observación de inventario no bastan.",NO_REQUIERE_CAMBIO_FUNCIONAL,d3a80eb28b7443e8f17c87e41dc6d81502a96e38
endpoint,POST /api/v2/carriers/:carrierId/operators/invitations,PARCIAL,EVIDENCIA_PENDIENTE,La ruta está registrada y documentada por HAC-41; no tiene positivo funcional y negativo anónimo atribuidos en el formato de este harness.,HAC-44 / Jean (medición); HAC-41 / Axel (contrato),logs/endpoint-matrix.json; repro/sources/HAC41_IDENTITY_MCP.md,"Agregar fixture válido y su positivo funcional; acompañar con anónimo 401, tenant/rol y versión donde corresponda. Un GET vacío o una observación de inventario no bastan.",NO_REQUIERE_CAMBIO_FUNCIONAL,d3a80eb28b7443e8f17c87e41dc6d81502a96e38
endpoint,POST /api/v2/carriers/:carrierId/operators/:id/revisions,PARCIAL,EVIDENCIA_PENDIENTE,La ruta está registrada y documentada por HAC-41; no tiene positivo funcional y negativo anónimo atribuidos en el formato de este harness.,HAC-44 / Jean (medición); HAC-41 / Axel (contrato),logs/endpoint-matrix.json; repro/sources/HAC41_IDENTITY_MCP.md,"Agregar fixture válido y su positivo funcional; acompañar con anónimo 401, tenant/rol y versión donde corresponda. Un GET vacío o una observación de inventario no bastan.",NO_REQUIERE_CAMBIO_FUNCIONAL,d3a80eb28b7443e8f17c87e41dc6d81502a96e38
endpoint,POST /api/v2/carriers/:carrierId/operators/:id/acceptance,PARCIAL,EVIDENCIA_PENDIENTE,La ruta está registrada y documentada por HAC-41; no tiene positivo funcional y negativo anónimo atribuidos en el formato de este harness.,HAC-44 / Jean (medición); HAC-41 / Axel (contrato),logs/endpoint-matrix.json; repro/sources/HAC41_IDENTITY_MCP.md,"Agregar fixture válido y su positivo funcional; acompañar con anónimo 401, tenant/rol y versión donde corresponda. Un GET vacío o una observación de inventario no bastan.",NO_REQUIERE_CAMBIO_FUNCIONAL,d3a80eb28b7443e8f17c87e41dc6d81502a96e38
endpoint,GET /api/v2/identity/mcp/links,PARCIAL,EVIDENCIA_PENDIENTE,La ruta está registrada y documentada por HAC-41; no tiene positivo funcional y negativo anónimo atribuidos en el formato de este harness.,HAC-44 / Jean (medición); HAC-41 / Axel (contrato),logs/endpoint-matrix.json; repro/sources/HAC41_IDENTITY_MCP.md,"Agregar fixture válido y su positivo funcional; acompañar con anónimo 401, tenant/rol y versión donde corresponda. Un GET vacío o una observación de inventario no bastan.",NO_REQUIERE_CAMBIO_FUNCIONAL,d3a80eb28b7443e8f17c87e41dc6d81502a96e38
endpoint,POST /api/v2/identity/mcp/links,PARCIAL,EVIDENCIA_PENDIENTE,La ruta está registrada y documentada por HAC-41; no tiene positivo funcional y negativo anónimo atribuidos en el formato de este harness.,HAC-44 / Jean (medición); HAC-41 / Axel (contrato),logs/endpoint-matrix.json; repro/sources/HAC41_IDENTITY_MCP.md,"Agregar fixture válido y su positivo funcional; acompañar con anónimo 401, tenant/rol y versión donde corresponda. Un GET vacío o una observación de inventario no bastan.",NO_REQUIERE_CAMBIO_FUNCIONAL,d3a80eb28b7443e8f17c87e41dc6d81502a96e38
endpoint,POST /api/v2/identity/mcp/links/:id/revocations,PARCIAL,EVIDENCIA_PENDIENTE,La ruta está registrada y documentada por HAC-41; no tiene positivo funcional y negativo anónimo atribuidos en el formato de este harness.,HAC-44 / Jean (medición); HAC-41 / Axel (contrato),logs/endpoint-matrix.json; repro/sources/HAC41_IDENTITY_MCP.md,"Agregar fixture válido y su positivo funcional; acompañar con anónimo 401, tenant/rol y versión donde corresponda. Un GET vacío o una observación de inventario no bastan.",NO_REQUIERE_CAMBIO_FUNCIONAL,d3a80eb28b7443e8f17c87e41dc6d81502a96e38
endpoint,GET /api/v2/carriers/:carrierId/integrations,PARCIAL,EVIDENCIA_PENDIENTE,La ruta está registrada y documentada por HAC-41; no tiene positivo funcional y negativo anónimo atribuidos en el formato de este harness.,HAC-44 / Jean (medición); HAC-41 / Axel (contrato),logs/endpoint-matrix.json; repro/sources/HAC41_IDENTITY_MCP.md,"Agregar fixture válido y su positivo funcional; acompañar con anónimo 401, tenant/rol y versión donde corresponda. Un GET vacío o una observación de inventario no bastan.",NO_REQUIERE_CAMBIO_FUNCIONAL,d3a80eb28b7443e8f17c87e41dc6d81502a96e38
endpoint,POST /api/v2/carriers/:carrierId/integrations,PARCIAL,EVIDENCIA_PENDIENTE,La ruta está registrada y documentada por HAC-41; no tiene positivo funcional y negativo anónimo atribuidos en el formato de este harness.,HAC-44 / Jean (medición); HAC-41 / Axel (contrato),logs/endpoint-matrix.json; repro/sources/HAC41_IDENTITY_MCP.md,"Agregar fixture válido y su positivo funcional; acompañar con anónimo 401, tenant/rol y versión donde corresponda. Un GET vacío o una observación de inventario no bastan.",NO_REQUIERE_CAMBIO_FUNCIONAL,d3a80eb28b7443e8f17c87e41dc6d81502a96e38
endpoint,GET /api/v2/carriers/:carrierId/integrations/:id/diagnostics,PARCIAL,EVIDENCIA_PENDIENTE,La ruta está registrada y documentada por HAC-41; no tiene positivo funcional y negativo anónimo atribuidos en el formato de este harness.,HAC-44 / Jean (medición); HAC-41 / Axel (contrato),logs/endpoint-matrix.json; repro/sources/HAC41_IDENTITY_MCP.md,"Agregar fixture válido y su positivo funcional; acompañar con anónimo 401, tenant/rol y versión donde corresponda. Un GET vacío o una observación de inventario no bastan.",NO_REQUIERE_CAMBIO_FUNCIONAL,d3a80eb28b7443e8f17c87e41dc6d81502a96e38
endpoint,POST /api/v2/locations/resolutions,PARCIAL,EVIDENCIA_PENDIENTE,La ruta está registrada y documentada por HAC-41; no tiene positivo funcional y negativo anónimo atribuidos en el formato de este harness.,HAC-44 / Jean (medición); HAC-41 / Axel (contrato),logs/endpoint-matrix.json; repro/sources/HAC41_IDENTITY_MCP.md,"Agregar fixture válido y su positivo funcional; acompañar con anónimo 401, tenant/rol y versión donde corresponda. Un GET vacío o una observación de inventario no bastan.",NO_REQUIERE_CAMBIO_FUNCIONAL,d3a80eb28b7443e8f17c87e41dc6d81502a96e38
endpoint,POST /api/v2/locations/confirmations,PARCIAL,EVIDENCIA_PENDIENTE,La ruta está registrada y documentada por HAC-41; no tiene positivo funcional y negativo anónimo atribuidos en el formato de este harness.,HAC-44 / Jean (medición); HAC-41 / Axel (contrato),logs/endpoint-matrix.json; repro/sources/HAC41_IDENTITY_MCP.md,"Agregar fixture válido y su positivo funcional; acompañar con anónimo 401, tenant/rol y versión donde corresponda. Un GET vacío o una observación de inventario no bastan.",NO_REQUIERE_CAMBIO_FUNCIONAL,d3a80eb28b7443e8f17c87e41dc6d81502a96e38
