numero,clase,atributo,tipo_uml,opcional_uml,diccionario_tratamiento,diccionario_representacion,diccionario_linea,der_destino,representacion_real,tipo_fisico,nullable_fisico,default_fisico,restricciones,indices,dto_escritura,ruta_input,tipo_dto_input,optional_dto_input,nullable_dto_input,restriccion_dto_input,dto_lectura,ruta_output,tipo_dto_output,optional_dto_output,nullable_dto_output,migracion_linea,api_servicio,evidencia_roundtrip,estado,justificacion,dueno,sha,endpoint_escritura,endpoint_lectura,permisos_rls
1,Organization,id,UUID,False,PARCIAL,organizations.id,27,organizations.id,organizations.id,uuid,NO,gen_random_uuid(),organizations_pkey: PRIMARY KEY (id),"CREATE UNIQUE INDEX organizations_business_identifier_unique ON public.organizations USING btree (country_code, business_identifier_type, business_identifier_value) WHERE (business_identifier_value IS NOT NULL); CREATE UNIQUE INDEX organizations_pkey ON public.organizations USING btree (id)",NO_WRITABLE_DTO,—,—,—,—,—,cargomesh/src/shared/schemas/v2/organization.ts:17; schema organization.ts:OrganizationRecordV2Schema; field id,id,ZodString,False,False,supabase-v2/supabase/migrations/20260927042808_v2_schema_baseline.sql:30,Organization,[],PARCIAL,No concrete non-null field value or measured read projection in this cut,HAC-40 / Cristhian,29c385fe0ee501eb4b8b989b0a247c8fdeda62ad,POST /api/v2/organizations/current/members/invitations; POST /api/v2/organizations/current/members/:id/revisions; POST /api/v2/organizations/current/revisions; POST /api/v2/organizations/current/preferences; POST /api/v2/organizations/current/preferences/:id/revisions,GET /api/v2/organizations/current/members; GET /api/v2/organizations/current; GET /api/v2/organizations/current/preferences; GET /api/v2/organizations/current/preferences/:id,logs/class-matrix.json: Organization (catalog grants/policies/table ACL); logs/independent-rls-result.json; logs/auth-controls.json
2,Organization,code,string,False,PARCIAL,organizations.code,28,organizations.code,organizations.code,text,NO,None,organizations_code_key: UNIQUE (code),"CREATE UNIQUE INDEX organizations_business_identifier_unique ON public.organizations USING btree (country_code, business_identifier_type, business_identifier_value) WHERE (business_identifier_value IS NOT NULL); CREATE UNIQUE INDEX organizations_code_key ON public.organizations USING btree (code)",cargomesh/src/shared/schemas/v2/organization.ts:3; schema organization.ts:OrganizationValueV2Schema; field code,code,ZodString,False,False,"{""type"":""ZodString"",""optional"":false,""nullable"":false,""checks"":[{""kind"":""trim""},{""kind"":""min"",""value"":1},{""kind"":""max"",""value"":100}]}",cargomesh/src/shared/schemas/v2/organization.ts:17; schema organization.ts:OrganizationRecordV2Schema; field value.code,value.code,ZodString,False,False,supabase-v2/supabase/migrations/20260927042808_v2_schema_baseline.sql:32,Organization,[],PARCIAL,No concrete non-null field value or measured read projection in this cut,HAC-40 / Cristhian,29c385fe0ee501eb4b8b989b0a247c8fdeda62ad,POST /api/v2/organizations/current/members/invitations; POST /api/v2/organizations/current/members/:id/revisions; POST /api/v2/organizations/current/revisions; POST /api/v2/organizations/current/preferences; POST /api/v2/organizations/current/preferences/:id/revisions,GET /api/v2/organizations/current/members; GET /api/v2/organizations/current; GET /api/v2/organizations/current/preferences; GET /api/v2/organizations/current/preferences/:id,logs/class-matrix.json: Organization (catalog grants/policies/table ACL); logs/independent-rls-result.json; logs/auth-controls.json
3,Organization,commercialName,string,False,PARCIAL,organizations.name,29,organizations.name,organizations.name,text,NO,None,,,cargomesh/src/shared/schemas/v2/organization.ts:3; schema organization.ts:OrganizationValueV2Schema; field commercialName,commercialName,ZodString,False,False,"{""type"":""ZodString"",""optional"":false,""nullable"":false,""checks"":[{""kind"":""trim""},{""kind"":""min"",""value"":1},{""kind"":""max"",""value"":200}]}",cargomesh/src/shared/schemas/v2/organization.ts:17; schema organization.ts:OrganizationRecordV2Schema; field value.commercialName,value.commercialName,ZodString,False,False,supabase-v2/supabase/migrations/20260927042808_v2_schema_baseline.sql:31,Organization,[],PARCIAL,No concrete non-null field value or measured read projection in this cut,HAC-40 / Cristhian,29c385fe0ee501eb4b8b989b0a247c8fdeda62ad,POST /api/v2/organizations/current/members/invitations; POST /api/v2/organizations/current/members/:id/revisions; POST /api/v2/organizations/current/revisions; POST /api/v2/organizations/current/preferences; POST /api/v2/organizations/current/preferences/:id/revisions,GET /api/v2/organizations/current/members; GET /api/v2/organizations/current; GET /api/v2/organizations/current/preferences; GET /api/v2/organizations/current/preferences/:id,logs/class-matrix.json: Organization (catalog grants/policies/table ACL); logs/independent-rls-result.json; logs/auth-controls.json
4,Organization,legalName,string,True,PARCIAL,organizations.legal_name,30,organizations.legal_name,organizations.legal_name,text,YES,None,,,cargomesh/src/shared/schemas/v2/organization.ts:3; schema organization.ts:OrganizationValueV2Schema; field legalName,legalName,ZodString,False,True,"{""type"":""ZodString"",""optional"":false,""nullable"":true,""checks"":[{""kind"":""trim""},{""kind"":""min"",""value"":1},{""kind"":""max"",""value"":200}]}",cargomesh/src/shared/schemas/v2/organization.ts:17; schema organization.ts:OrganizationRecordV2Schema; field value.legalName,value.legalName,ZodString,False,True,supabase-v2/supabase/migrations/20260927042808_v2_schema_baseline.sql:230,Organization,[],PARCIAL,No concrete non-null field value or measured read projection in this cut,HAC-40 / Cristhian,29c385fe0ee501eb4b8b989b0a247c8fdeda62ad,POST /api/v2/organizations/current/members/invitations; POST /api/v2/organizations/current/members/:id/revisions; POST /api/v2/organizations/current/revisions; POST /api/v2/organizations/current/preferences; POST /api/v2/organizations/current/preferences/:id/revisions,GET /api/v2/organizations/current/members; GET /api/v2/organizations/current; GET /api/v2/organizations/current/preferences; GET /api/v2/organizations/current/preferences/:id,logs/class-matrix.json: Organization (catalog grants/policies/table ACL); logs/independent-rls-result.json; logs/auth-controls.json
5,Organization,taxIdType,string,True,PARCIAL,organizations.business_identifier_type,31,organizations.business_identifier_type,organizations.business_identifier_type,text,YES,None,,"CREATE UNIQUE INDEX organizations_business_identifier_unique ON public.organizations USING btree (country_code, business_identifier_type, business_identifier_value) WHERE (business_identifier_value IS NOT NULL)",cargomesh/src/shared/schemas/v2/organization.ts:3; schema organization.ts:OrganizationValueV2Schema; field taxIdType,taxIdType,ZodString,False,True,"{""type"":""ZodString"",""optional"":false,""nullable"":true,""checks"":[{""kind"":""trim""},{""kind"":""min"",""value"":1},{""kind"":""max"",""value"":50}]}",cargomesh/src/shared/schemas/v2/organization.ts:17; schema organization.ts:OrganizationRecordV2Schema; field value.taxIdType,value.taxIdType,ZodString,False,True,supabase-v2/supabase/migrations/20260927042808_v2_schema_baseline.sql:230,Organization,[],PARCIAL,No concrete non-null field value or measured read projection in this cut,HAC-40 / Cristhian,29c385fe0ee501eb4b8b989b0a247c8fdeda62ad,POST /api/v2/organizations/current/members/invitations; POST /api/v2/organizations/current/members/:id/revisions; POST /api/v2/organizations/current/revisions; POST /api/v2/organizations/current/preferences; POST /api/v2/organizations/current/preferences/:id/revisions,GET /api/v2/organizations/current/members; GET /api/v2/organizations/current; GET /api/v2/organizations/current/preferences; GET /api/v2/organizations/current/preferences/:id,logs/class-matrix.json: Organization (catalog grants/policies/table ACL); logs/independent-rls-result.json; logs/auth-controls.json
6,Organization,taxIdValue,string,True,PARCIAL,organizations.business_identifier_value,32,organizations.business_identifier_value,organizations.business_identifier_value,text,YES,None,,"CREATE UNIQUE INDEX organizations_business_identifier_unique ON public.organizations USING btree (country_code, business_identifier_type, business_identifier_value) WHERE (business_identifier_value IS NOT NULL)",cargomesh/src/shared/schemas/v2/organization.ts:3; schema organization.ts:OrganizationValueV2Schema; field taxIdValue,taxIdValue,ZodString,False,True,"{""type"":""ZodString"",""optional"":false,""nullable"":true,""checks"":[{""kind"":""trim""},{""kind"":""min"",""value"":1},{""kind"":""max"",""value"":100}]}",cargomesh/src/shared/schemas/v2/organization.ts:17; schema organization.ts:OrganizationRecordV2Schema; field value.taxIdValue,value.taxIdValue,ZodString,False,True,supabase-v2/supabase/migrations/20260927042808_v2_schema_baseline.sql:230,Organization,[],PARCIAL,No concrete non-null field value or measured read projection in this cut,HAC-40 / Cristhian,29c385fe0ee501eb4b8b989b0a247c8fdeda62ad,POST /api/v2/organizations/current/members/invitations; POST /api/v2/organizations/current/members/:id/revisions; POST /api/v2/organizations/current/revisions; POST /api/v2/organizations/current/preferences; POST /api/v2/organizations/current/preferences/:id/revisions,GET /api/v2/organizations/current/members; GET /api/v2/organizations/current; GET /api/v2/organizations/current/preferences; GET /api/v2/organizations/current/preferences/:id,logs/class-matrix.json: Organization (catalog grants/policies/table ACL); logs/independent-rls-result.json; logs/auth-controls.json
7,Organization,countryCode,string,True,PARCIAL,organizations.country_code,33,organizations.country_code,organizations.country_code,text,YES,None,,"CREATE UNIQUE INDEX organizations_business_identifier_unique ON public.organizations USING btree (country_code, business_identifier_type, business_identifier_value) WHERE (business_identifier_value IS NOT NULL)",cargomesh/src/shared/schemas/v2/organization.ts:3; schema organization.ts:OrganizationValueV2Schema; field countryCode,countryCode,ZodString,False,True,"{""type"":""ZodString"",""optional"":false,""nullable"":true,""checks"":[{""kind"":""regex"",""regex"":{""source"":""^[A-Z]{2}$"",""flags"":""""}}]}",cargomesh/src/shared/schemas/v2/organization.ts:17; schema organization.ts:OrganizationRecordV2Schema; field value.countryCode,value.countryCode,ZodString,False,True,supabase-v2/supabase/migrations/20260927042808_v2_schema_baseline.sql:230,Organization,[],PARCIAL,No concrete non-null field value or measured read projection in this cut,HAC-40 / Cristhian,29c385fe0ee501eb4b8b989b0a247c8fdeda62ad,POST /api/v2/organizations/current/members/invitations; POST /api/v2/organizations/current/members/:id/revisions; POST /api/v2/organizations/current/revisions; POST /api/v2/organizations/current/preferences; POST /api/v2/organizations/current/preferences/:id/revisions,GET /api/v2/organizations/current/members; GET /api/v2/organizations/current; GET /api/v2/organizations/current/preferences; GET /api/v2/organizations/current/preferences/:id,logs/class-matrix.json: Organization (catalog grants/policies/table ACL); logs/independent-rls-result.json; logs/auth-controls.json
8,Organization,corporateEmail,string,True,PARCIAL,organizations.corporate_email,34,organizations.corporate_email,organizations.corporate_email,text,YES,None,,,cargomesh/src/shared/schemas/v2/organization.ts:3; schema organization.ts:OrganizationValueV2Schema; field corporateEmail,corporateEmail,ZodString,False,True,"{""type"":""ZodString"",""optional"":false,""nullable"":true,""checks"":[{""kind"":""email""},{""kind"":""max"",""value"":254}]}",cargomesh/src/shared/schemas/v2/organization.ts:17; schema organization.ts:OrganizationRecordV2Schema; field value.corporateEmail,value.corporateEmail,ZodString,False,True,supabase-v2/supabase/migrations/20261004022650_hac40_organization_commands.sql:3,Organization,[],PARCIAL,No concrete non-null field value or measured read projection in this cut,HAC-40 / Cristhian,29c385fe0ee501eb4b8b989b0a247c8fdeda62ad,POST /api/v2/organizations/current/members/invitations; POST /api/v2/organizations/current/members/:id/revisions; POST /api/v2/organizations/current/revisions; POST /api/v2/organizations/current/preferences; POST /api/v2/organizations/current/preferences/:id/revisions,GET /api/v2/organizations/current/members; GET /api/v2/organizations/current; GET /api/v2/organizations/current/preferences; GET /api/v2/organizations/current/preferences/:id,logs/class-matrix.json: Organization (catalog grants/policies/table ACL); logs/independent-rls-result.json; logs/auth-controls.json
9,Organization,defaultCurrency,Currency,False,PARCIAL,organizations.default_currency,35,organizations.default_currency,organizations.default_currency,text,NO,'USD'::text,"organizations_default_currency_check: CHECK ((default_currency = ANY (ARRAY['USD'::text, 'PEN'::text])))",,cargomesh/src/shared/schemas/v2/organization.ts:3; schema organization.ts:OrganizationValueV2Schema; field defaultCurrency,defaultCurrency,ZodLiteral,False,False,"{""type"":""ZodLiteral"",""optional"":false,""nullable"":false,""value"":""USD""}",cargomesh/src/shared/schemas/v2/organization.ts:17; schema organization.ts:OrganizationRecordV2Schema; field value.defaultCurrency,value.defaultCurrency,ZodLiteral,False,False,supabase-v2/supabase/migrations/20260927042808_v2_schema_baseline.sql:34,Organization,[],PARCIAL,No concrete non-null field value or measured read projection in this cut,HAC-40 / Cristhian,29c385fe0ee501eb4b8b989b0a247c8fdeda62ad,POST /api/v2/organizations/current/members/invitations; POST /api/v2/organizations/current/members/:id/revisions; POST /api/v2/organizations/current/revisions; POST /api/v2/organizations/current/preferences; POST /api/v2/organizations/current/preferences/:id/revisions,GET /api/v2/organizations/current/members; GET /api/v2/organizations/current; GET /api/v2/organizations/current/preferences; GET /api/v2/organizations/current/preferences/:id,logs/class-matrix.json: Organization (catalog grants/policies/table ACL); logs/independent-rls-result.json; logs/auth-controls.json
10,Organization,status,OrganizationStatus,False,PARCIAL,organizations.status,36,organizations.status,organizations.status,text,NO,'ACTIVE'::text,"organizations_status_check: CHECK ((status = ANY (ARRAY['ACTIVE'::text, 'INACTIVE'::text])))",,cargomesh/src/shared/schemas/v2/organization.ts:3; schema organization.ts:OrganizationValueV2Schema; field status,status,ZodEnum,False,False,"{""type"":""ZodEnum"",""optional"":false,""nullable"":false,""values"":[""ACTIVE"",""INACTIVE""]}",cargomesh/src/shared/schemas/v2/organization.ts:17; schema organization.ts:OrganizationRecordV2Schema; field value.status,value.status,ZodEnum,False,False,supabase-v2/supabase/migrations/20260927042808_v2_schema_baseline.sql:33,Organization,[],PARCIAL,No concrete non-null field value or measured read projection in this cut,HAC-40 / Cristhian,29c385fe0ee501eb4b8b989b0a247c8fdeda62ad,POST /api/v2/organizations/current/members/invitations; POST /api/v2/organizations/current/members/:id/revisions; POST /api/v2/organizations/current/revisions; POST /api/v2/organizations/current/preferences; POST /api/v2/organizations/current/preferences/:id/revisions,GET /api/v2/organizations/current/members; GET /api/v2/organizations/current; GET /api/v2/organizations/current/preferences; GET /api/v2/organizations/current/preferences/:id,logs/class-matrix.json: Organization (catalog grants/policies/table ACL); logs/independent-rls-result.json; logs/auth-controls.json
11,Organization,corporatePhone,string,True,PARCIAL,organizations.corporate_phone,37,organizations.corporate_phone,organizations.corporate_phone,text,YES,None,,,cargomesh/src/shared/schemas/v2/organization.ts:3; schema organization.ts:OrganizationValueV2Schema; field corporatePhone,corporatePhone,ZodString,False,True,"{""type"":""ZodString"",""optional"":false,""nullable"":true,""checks"":[{""kind"":""regex"",""regex"":{""source"":""^\\+[1-9]\\d{6,14}$"",""flags"":""""}}]}",cargomesh/src/shared/schemas/v2/organization.ts:17; schema organization.ts:OrganizationRecordV2Schema; field value.corporatePhone,value.corporatePhone,ZodString,False,True,supabase-v2/supabase/migrations/20260927042808_v2_schema_baseline.sql:230,Organization,[],PARCIAL,No concrete non-null field value or measured read projection in this cut,HAC-40 / Cristhian,29c385fe0ee501eb4b8b989b0a247c8fdeda62ad,POST /api/v2/organizations/current/members/invitations; POST /api/v2/organizations/current/members/:id/revisions; POST /api/v2/organizations/current/revisions; POST /api/v2/organizations/current/preferences; POST /api/v2/organizations/current/preferences/:id/revisions,GET /api/v2/organizations/current/members; GET /api/v2/organizations/current; GET /api/v2/organizations/current/preferences; GET /api/v2/organizations/current/preferences/:id,logs/class-matrix.json: Organization (catalog grants/policies/table ACL); logs/independent-rls-result.json; logs/auth-controls.json
12,Facility,id,UUID,False,COMPLETO,facilities.id,38,facilities.id,facilities.id,uuid,NO,gen_random_uuid(),"facilities_id_org_unique: UNIQUE (id, organization_id); facilities_organization_id_fkey: FOREIGN KEY (organization_id) REFERENCES organizations(id) ON DELETE CASCADE; facilities_pkey: PRIMARY KEY (id)","CREATE UNIQUE INDEX facilities_id_org_unique ON public.facilities USING btree (id, organization_id); CREATE INDEX facilities_org_active_idx ON public.facilities USING btree (organization_id, active); CREATE UNIQUE INDEX facilities_org_code_unique ON public.facilities USING btree (organization_id, code); CREATE UNIQUE INDEX facilities_pkey ON public.facilities USING btree (id)",NO_WRITABLE_DTO,—,—,—,—,—,cargomesh/src/shared/schemas/v2/facilities.ts:44; schema facilities.ts:FacilityV2Schema; field id,id,ZodString,False,False,supabase-v2/supabase/migrations/20260927042808_v2_schema_baseline.sql:3233,Facility,"[{""file"":""extended-roundtrips.json"",""row"":4,""id"":""c62720ee-8582-4171-9a02-ecc9d16f5803"",""state"":""VALUE"",""inputState"":""MISSING"",""inputEqualsRead"":null,""value"":""c62720ee-8582-4171-9a02-ecc9d16f5803""}]",COMPLETO,Resolved storage and current typed output agree with a concrete POST/GET or measured read projection,HAC-40 / Cristhian,29c385fe0ee501eb4b8b989b0a247c8fdeda62ad,POST /api/v2/facilities; POST /api/v2/facilities/:id/revisions,GET /api/v2/facilities; GET /api/v2/facilities/:id,logs/class-matrix.json: Facility (catalog grants/policies/table ACL); logs/independent-rls-result.json; logs/auth-controls.json
13,Facility,code,string,False,COMPLETO,facilities.code,39,facilities.code,facilities.code,text,NO,None,"facilities_code_nonblank: CHECK ((length(btrim(code)) > 0)); facilities_org_code_unique: UNIQUE (organization_id, code)","CREATE UNIQUE INDEX facilities_org_code_unique ON public.facilities USING btree (organization_id, code)",cargomesh/src/shared/schemas/v2/facilities.ts:32; schema facilities.ts:FacilityInputV2Schema; field code,code,ZodString,False,False,"{""type"":""ZodString"",""optional"":false,""nullable"":false,""checks"":[{""kind"":""trim""},{""kind"":""min"",""value"":1},{""kind"":""max"",""value"":100}]}",cargomesh/src/shared/schemas/v2/facilities.ts:44; schema facilities.ts:FacilityV2Schema; field value.code,value.code,ZodString,False,False,supabase-v2/supabase/migrations/20260927042808_v2_schema_baseline.sql:3235,Facility,"[{""file"":""extended-roundtrips.json"",""row"":4,""id"":""c62720ee-8582-4171-9a02-ecc9d16f5803"",""state"":""VALUE"",""inputState"":""VALUE"",""inputEqualsRead"":true,""value"":""HAC44_HTTP_FACILITY_1791568320949""}]",COMPLETO,Resolved storage and current typed output agree with a concrete POST/GET or measured read projection,HAC-40 / Cristhian,29c385fe0ee501eb4b8b989b0a247c8fdeda62ad,POST /api/v2/facilities; POST /api/v2/facilities/:id/revisions,GET /api/v2/facilities; GET /api/v2/facilities/:id,logs/class-matrix.json: Facility (catalog grants/policies/table ACL); logs/independent-rls-result.json; logs/auth-controls.json
14,Facility,name,string,False,COMPLETO,facilities.name,40,facilities.name,facilities.name,text,NO,None,facilities_name_nonblank: CHECK ((length(btrim(name)) > 0)),,cargomesh/src/shared/schemas/v2/facilities.ts:32; schema facilities.ts:FacilityInputV2Schema; field name,name,ZodString,False,False,"{""type"":""ZodString"",""optional"":false,""nullable"":false,""checks"":[{""kind"":""trim""},{""kind"":""min"",""value"":1},{""kind"":""max"",""value"":200}]}",cargomesh/src/shared/schemas/v2/facilities.ts:44; schema facilities.ts:FacilityV2Schema; field value.name,value.name,ZodString,False,False,supabase-v2/supabase/migrations/20260927042808_v2_schema_baseline.sql:3236,Facility,"[{""file"":""extended-roundtrips.json"",""row"":4,""id"":""c62720ee-8582-4171-9a02-ecc9d16f5803"",""state"":""VALUE"",""inputState"":""VALUE"",""inputEqualsRead"":true,""value"":""HAC44 synthetic facility""}]",COMPLETO,Resolved storage and current typed output agree with a concrete POST/GET or measured read projection,HAC-40 / Cristhian,29c385fe0ee501eb4b8b989b0a247c8fdeda62ad,POST /api/v2/facilities; POST /api/v2/facilities/:id/revisions,GET /api/v2/facilities; GET /api/v2/facilities/:id,logs/class-matrix.json: Facility (catalog grants/policies/table ACL); logs/independent-rls-result.json; logs/auth-controls.json
15,Facility,location,GeoLocation,False,COMPLETO,facilities.country_code; facilities.region_code; facilities.city; facilities.address_line; facilities.latitude; facilities.longitude,41,facilities.country_code; facilities.region_code; facilities.city; facilities.address_line; facilities.latitude; facilities.longitude,facilities.country_code; facilities.region_code; facilities.city; facilities.address_line; facilities.latitude; facilities.longitude,text; text; text; text; numeric; numeric,NO; YES; NO; NO; YES; YES,None; None; None; None; None; None,facilities_address_nonblank: CHECK ((length(btrim(address_line)) > 0)); facilities_coordinates_pair: CHECK (((latitude IS NULL) = (longitude IS NULL))); facilities_country_code_check: CHECK ((country_code ~ '^[A-Z]{2}$'::text)); facilities_latitude_range: CHECK (((latitude >= ('-90'::integer)::numeric) AND (latitude <= (90)::numeric))); facilities_longitude_range: CHECK (((longitude >= ('-180'::integer)::numeric) AND (longitude <= (180)::numeric))),,cargomesh/src/shared/schemas/v2/facilities.ts:32; schema facilities.ts:FacilityInputV2Schema; field location,location,ZodObject,False,False,"{""type"":""ZodObject"",""optional"":false,""nullable"":false,""fields"":{""label"":{""type"":""ZodString"",""optional"":false,""nullable"":false,""checks"":[{""kind"":""min"",""value"":1}]},""countryCode"":{""type"":""ZodString"",""optional"":false,""nullable"":false,""checks"":[{""kind"":""regex"",""regex"":{""source"":""^[A-Z]{2}$"",""flags"":""""}}]},""region"":{""type"":""ZodString"",""optional"":false,""nullable"":true,""checks"":[]},""city"":{""type"":""ZodString"",""optional"":false,""nullable"":false,""checks"":[{""kind"":""min"",""value"":1}]},""lat"":{""type"":""ZodNumber"",""optional"":false,""nullable"":true,""checks"":[{""kind"":""min"",""value"":-90,""inclusive"":true},{""kind"":""max"",""value"":90,""inclusive"":true}]},""lng"":{""type"":""ZodNumber"",""optional"":false,""nullable"":true,""checks"":[{""kind"":""min"",""value"":-180,""inclusive"":true},{""kind"":""max"",""value"":180,""inclusive"":true}]}},""unknownKeys"":""strict""}",cargomesh/src/shared/schemas/v2/facilities.ts:44; schema facilities.ts:FacilityV2Schema; field value.location,value.location,ZodObject,False,False,supabase-v2/supabase/migrations/20260927042808_v2_schema_baseline.sql:3239; supabase-v2/supabase/migrations/20260927042808_v2_schema_baseline.sql:3240; supabase-v2/supabase/migrations/20260927042808_v2_schema_baseline.sql:3241; supabase-v2/supabase/migrations/20260927042808_v2_schema_baseline.sql:3243; supabase-v2/supabase/migrations/20260927042808_v2_schema_baseline.sql:3244; supabase-v2/supabase/migrations/20260927042808_v2_schema_baseline.sql:3245,Facility,"[{""file"":""extended-roundtrips.json"",""row"":4,""id"":""c62720ee-8582-4171-9a02-ecc9d16f5803"",""state"":""VALUE"",""inputState"":""VALUE"",""inputEqualsRead"":true,""value"":{""label"":""[SYNTHETIC] A pickup on covered lane"",""countryCode"":""PE"",""region"":null,""city"":""Lima"",""lat"":null,""lng"":null}}]",COMPLETO,Resolved storage and current typed output agree with a concrete POST/GET or measured read projection,HAC-40 / Cristhian,29c385fe0ee501eb4b8b989b0a247c8fdeda62ad,POST /api/v2/facilities; POST /api/v2/facilities/:id/revisions,GET /api/v2/facilities; GET /api/v2/facilities/:id,logs/class-matrix.json: Facility (catalog grants/policies/table ACL); logs/independent-rls-result.json; logs/auth-controls.json
16,Facility,active,boolean,False,COMPLETO,facilities.active,42,facilities.active,facilities.active,boolean,NO,true,,"CREATE INDEX facilities_org_active_idx ON public.facilities USING btree (organization_id, active)",cargomesh/src/shared/schemas/v2/facilities.ts:32; schema facilities.ts:FacilityInputV2Schema; field active,active,ZodBoolean,False,False,"{""type"":""ZodBoolean"",""optional"":false,""nullable"":false}",cargomesh/src/shared/schemas/v2/facilities.ts:44; schema facilities.ts:FacilityV2Schema; field value.active,value.active,ZodBoolean,False,False,supabase-v2/supabase/migrations/20260927042808_v2_schema_baseline.sql:3247,Facility,"[{""file"":""extended-roundtrips.json"",""row"":4,""id"":""c62720ee-8582-4171-9a02-ecc9d16f5803"",""state"":""VALUE"",""inputState"":""VALUE"",""inputEqualsRead"":true,""value"":true}]",COMPLETO,Resolved storage and current typed output agree with a concrete POST/GET or measured read projection,HAC-40 / Cristhian,29c385fe0ee501eb4b8b989b0a247c8fdeda62ad,POST /api/v2/facilities; POST /api/v2/facilities/:id/revisions,GET /api/v2/facilities; GET /api/v2/facilities/:id,logs/class-matrix.json: Facility (catalog grants/policies/table ACL); logs/independent-rls-result.json; logs/auth-controls.json
17,Facility,accessRestrictions,Rule[],False,COMPLETO,facilities.access_restrictions,43,facilities.access_restrictions,facilities.access_restrictions,jsonb,NO,'[]'::jsonb,"facilities_v2_details_valid: CHECK (private.valid_v2_facility_details(access_restrictions, operating_hours))",,cargomesh/src/shared/schemas/v2/facilities.ts:32; schema facilities.ts:FacilityInputV2Schema; field accessRestrictions,accessRestrictions,ZodArray,False,False,"{""type"":""ZodArray"",""optional"":false,""nullable"":false,""element"":{""type"":""ZodObject"",""optional"":false,""nullable"":false,""fields"":{""code"":{""type"":""ZodString"",""optional"":false,""nullable"":false,""checks"":[{""kind"":""trim""},{""kind"":""min"",""value"":1},{""kind"":""max"",""value"":100}]},""description"":{""type"":""ZodString"",""optional"":false,""nullable"":false,""checks"":[{""kind"":""trim""},{""kind"":""min"",""value"":1},{""kind"":""max"",""value"":1000}]},""evidenceReference"":{""type"":""ZodString"",""optional"":false,""nullable"":true,""checks"":[{""kind"":""trim""},{""kind"":""min"",""value"":1},{""kind"":""max"",""value"":500}]}},""unknownKeys"":""strict""},""maxLength"":{""value"":100}}",cargomesh/src/shared/schemas/v2/facilities.ts:44; schema facilities.ts:FacilityV2Schema; field value.accessRestrictions,value.accessRestrictions,ZodArray,False,False,supabase-v2/supabase/migrations/20261004012929_hac40_facility_commands.sql:5,Facility,"[{""file"":""extended-roundtrips.json"",""row"":4,""id"":""c62720ee-8582-4171-9a02-ecc9d16f5803"",""state"":""VALUE"",""inputState"":""VALUE"",""inputEqualsRead"":true,""value"":[{""code"":""QA"",""description"":""Synthetic requirement"",""evidenceReference"":""fixture:qa""}]}]",COMPLETO,Resolved storage and current typed output agree with a concrete POST/GET or measured read projection,HAC-40 / Cristhian,29c385fe0ee501eb4b8b989b0a247c8fdeda62ad,POST /api/v2/facilities; POST /api/v2/facilities/:id/revisions,GET /api/v2/facilities; GET /api/v2/facilities/:id,logs/class-matrix.json: Facility (catalog grants/policies/table ACL); logs/independent-rls-result.json; logs/auth-controls.json
18,Facility,operatingHours,Schedule,True,COMPLETO,facilities.operating_hours,44,facilities.operating_hours,facilities.operating_hours,jsonb,YES,None,"facilities_v2_details_valid: CHECK (private.valid_v2_facility_details(access_restrictions, operating_hours))",,cargomesh/src/shared/schemas/v2/facilities.ts:32; schema facilities.ts:FacilityInputV2Schema; field operatingHours,operatingHours,ZodObject,False,True,"{""type"":""ZodObject"",""optional"":false,""nullable"":true,""fields"":{""timezone"":{""type"":""ZodString"",""optional"":false,""nullable"":false,""checks"":[]},""weekly"":{""type"":""ZodArray"",""optional"":false,""nullable"":false,""element"":{""type"":""ZodObject"",""optional"":false,""nullable"":false,""fields"":{""dayOfWeek"":{""type"":""ZodNumber"",""optional"":false,""nullable"":false,""checks"":[{""kind"":""int""},{""kind"":""min"",""value"":1,""inclusive"":true},{""kind"":""max"",""value"":7,""inclusive"":true}]},""opensAt"":{""type"":""ZodString"",""optional"":false,""nullable"":false,""checks"":[{""kind"":""regex"",""regex"":{""source"":""^([01]\\d|2[0-3]):[0-5]\\d$"",""flags"":""""}}]},""closesAt"":{""type"":""ZodString"",""optional"":false,""nullable"":false,""checks"":[{""kind"":""regex"",""regex"":{""source"":""^([01]\\d|2[0-3]):[0-5]\\d$"",""flags"":""""}}]}},""unknownKeys"":""strict""},""maxLength"":{""value"":28}}},""unknownKeys"":""strict""}",cargomesh/src/shared/schemas/v2/facilities.ts:44; schema facilities.ts:FacilityV2Schema; field value.operatingHours,value.operatingHours,ZodObject,False,True,supabase-v2/supabase/migrations/20261004012929_hac40_facility_commands.sql:5,Facility,"[{""file"":""extended-roundtrips.json"",""row"":4,""id"":""c62720ee-8582-4171-9a02-ecc9d16f5803"",""state"":""VALUE"",""inputState"":""VALUE"",""inputEqualsRead"":true,""value"":{""timezone"":""America/Lima"",""weekly"":[{""dayOfWeek"":1,""opensAt"":""08:00"",""closesAt"":""18:00""}]}}]",COMPLETO,Resolved storage and current typed output agree with a concrete POST/GET or measured read projection,HAC-40 / Cristhian,29c385fe0ee501eb4b8b989b0a247c8fdeda62ad,POST /api/v2/facilities; POST /api/v2/facilities/:id/revisions,GET /api/v2/facilities; GET /api/v2/facilities/:id,logs/class-matrix.json: Facility (catalog grants/policies/table ACL); logs/independent-rls-result.json; logs/auth-controls.json
19,FreightRequest,id,UUID,False,COMPLETO,freight_requests.id,45,freight_requests.id,freight_requests.id,uuid,NO,gen_random_uuid(),"freight_requests_cargo_category_id_fkey: FOREIGN KEY (cargo_category_id) REFERENCES cargo_categories(id); freight_requests_confirmed_by_member_id_fkey: FOREIGN KEY (confirmed_by_member_id) REFERENCES organization_members(id); freight_requests_destination_facility_same_org: FOREIGN KEY (destination_facility_id, organization_id) REFERENCES facilities(id, organization_id); freight_requests_organization_cargo_profile_fkey: FOREIGN KEY (organization_id, cargo_profile_id) REFERENCES organization_cargo_profiles(organization_id, id); freight_requests_organization_id_fkey: FOREIGN KEY (organization_id) REFERENCES organizations(id) ON DELETE CASCADE; freight_requests_origin_facility_same_org: FOREIGN KEY (origin_facility_id, organization_id) REFERENCES facilities(id, organization_id); freight_requests_pkey: PRIMARY KEY (id); freight_requests_requested_by_member_id_fkey: FOREIGN KEY (requested_by_member_id) REFERENCES organization_members(id)","CREATE INDEX freight_requests_cargo_category_idx ON public.freight_requests USING btree (cargo_category_id); CREATE INDEX freight_requests_cargo_profile_idx ON public.freight_requests USING btree (cargo_profile_id) WHERE (cargo_profile_id IS NOT NULL); CREATE INDEX freight_requests_confirmed_by_idx ON public.freight_requests USING btree (confirmed_by_member_id) WHERE (confirmed_by_member_id IS NOT NULL); CREATE UNIQUE INDEX freight_requests_creation_idempotency_idx ON public.freight_requests USING btree (organization_id, requested_by_member_id, creation_idempotency_key) WHERE (creation_idempotency_key IS NOT NULL); CREATE INDEX freight_requests_destination_facility_idx ON public.freight_requests USING btree (destination_facility_id) WHERE (destination_facility_id IS NOT NULL); CREATE INDEX freight_requests_org_cargo_profile_idx ON public.freight_requests USING btree (organization_id, cargo_profile_id) WHERE (cargo_profile_id IS NOT NULL); CREATE INDEX freight_requests_org_draft_version_idx ON public.freight_requests USING btree (organization_id, draft_version); CREATE INDEX freight_requests_org_status_created_idx ON public.freight_requests USING btree (organization_id, status, created_at DESC); CREATE INDEX freight_requests_origin_facility_idx ON public.freight_requests USING btree (origin_facility_id) WHERE (origin_facility_id IS NOT NULL); CREATE UNIQUE INDEX freight_requests_pkey ON public.freight_requests USING btree (id); CREATE INDEX freight_requests_requester_idx ON public.freight_requests USING btree (requested_by_member_id) WHERE (requested_by_member_id IS NOT NULL); CREATE INDEX freight_requests_v2_org_created_idx ON public.freight_requests USING btree (organization_id, created_at DESC) WHERE (v2_contract_version = '2.0'::text)",NO_WRITABLE_DTO,—,—,—,—,—,cargomesh/src/shared/schemas/v2/freight-request.ts:148; schema freight-request.ts:FreightRequestV2ResponseSchema; field id,id,ZodString,False,False,supabase-v2/supabase/migrations/20260927042808_v2_schema_baseline.sql:137,request,"[{""file"":""roundtrips.json"",""row"":21,""id"":""a8085b64-73e5-4704-b81a-f4262131f95c"",""state"":""VALUE"",""inputState"":""MISSING"",""inputEqualsRead"":null,""value"":""a8085b64-73e5-4704-b81a-f4262131f95c""},{""file"":""extended-roundtrips.json"",""row"":5,""id"":""82f5d33a-d482-46b8-b2c3-53fcc4e8a88d"",""state"":""VALUE"",""inputState"":""MISSING"",""inputEqualsRead"":null,""value"":""82f5d33a-d482-46b8-b2c3-53fcc4e8a88d""}]",COMPLETO,Resolved storage and current typed output agree with a concrete POST/GET or measured read projection,HAC-40 / Cristhian,29c385fe0ee501eb4b8b989b0a247c8fdeda62ad,POST /api/v2/freight/requests/:id/revisions; POST /api/v2/freight/requests/:id/submissions; POST /api/v2/freight/requests; POST /api/v2/freight/requests/:requestId/route-alternatives; POST /api/v2/freight/requests/:requestId/routes; POST /api/v2/freight/requests/:requestId/plans; POST /api/v2/freight/requests/:requestId/opportunities; POST /api/v2/freight/requests/:requestId/ranking; POST /api/v2/freight/requests/:requestId/decisions; POST /api/v2/freight/requests/:requestId/decisions/:id/revocations,GET /api/v2/freight/requests; GET /api/v2/freight/requests/:id/serviceability; GET /api/v2/freight/requests/:id; GET /api/v2/freight/requests/:requestId/routes; GET /api/v2/freight/requests/:requestId/routes/:id; GET /api/v2/freight/requests/:requestId/plans; GET /api/v2/freight/requests/:requestId/plans/:id; GET /api/v2/freight/requests/:requestId/opportunities; GET /api/v2/freight/requests/:requestId/opportunities/:id; GET /api/v2/freight/requests/:requestId/offers; GET /api/v2/freight/requests/:requestId/offers/:id; GET /api/v2/freight/requests/:requestId/ranking; GET /api/v2/freight/requests/:requestId/ranking/:id; GET /api/v2/freight/requests/:requestId/decisions; GET /api/v2/freight/requests/:requestId/decisions/:id,logs/class-matrix.json: FreightRequest (catalog grants/policies/table ACL); logs/independent-rls-result.json; logs/auth-controls.json
20,FreightRequest,origin,GeoLocation,False,PARCIAL,freight_requests.v2_snapshot.origin,46,freight_requests.v2_snapshot.origin,freight_requests.v2_snapshot.origin,jsonb,YES,None,freight_requests_v2_snapshot_shape: CHECK (((v2_snapshot IS NULL) OR ((jsonb_typeof(v2_snapshot) = 'object'::text) AND (jsonb_typeof(v2_creation_payload) = 'object'::text) AND (v2_contract_version = '2.0'::text) AND ((v2_snapshot ->> 'schemaVersion'::text) = '2.0'::text) AND (v2_snapshot ? 'cargoSpecification'::text) AND (v2_snapshot ? 'contacts'::text) AND (budget_currency IS DISTINCT FROM 'PEN'::text)))),,cargomesh/src/shared/schemas/v2/freight-request.ts:126; schema freight-request.ts:CreateFreightRequestV2InputSchema; field origin,origin,ZodObject,False,False,"{""type"":""ZodObject"",""optional"":false,""nullable"":false,""fields"":{""facilityId"":{""type"":""ZodString"",""optional"":true,""nullable"":true,""checks"":[{""kind"":""uuid""}]},""label"":{""type"":""ZodString"",""optional"":true,""nullable"":false,""checks"":[{""kind"":""trim""},{""kind"":""min"",""value"":1},{""kind"":""max"",""value"":200}]},""countryCode"":{""type"":""ZodString"",""optional"":true,""nullable"":false,""checks"":[{""kind"":""regex"",""regex"":{""source"":""^[A-Z]{2}$"",""flags"":""""}}]},""region"":{""type"":""ZodString"",""optional"":true,""nullable"":true,""checks"":[{""kind"":""trim""},{""kind"":""max"",""value"":120}]},""city"":{""type"":""ZodString"",""optional"":true,""nullable"":false,""checks"":[{""kind"":""trim""},{""kind"":""min"",""value"":1},{""kind"":""max"",""value"":120}]},""lat"":{""type"":""ZodNumber"",""optional"":true,""nullable"":true,""checks"":[{""kind"":""min"",""value"":-90,""inclusive"":true},{""kind"":""max"",""value"":90,""inclusive"":true}]},""lng"":{""type"":""ZodNumber"",""optional"":true,""nullable"":true,""checks"":[{""kind"":""min"",""value"":-180,""inclusive"":true},{""kind"":""max"",""value"":180,""inclusive"":true}]}},""unknownKeys"":""strict""}",cargomesh/src/shared/schemas/v2/freight-request.ts:148; schema freight-request.ts:FreightRequestV2ResponseSchema; field origin,origin,ZodObject,False,False,supabase-v2/supabase/migrations/20260927064713_hac12_road_vertical.sql:4,request,"[{""file"":""roundtrips.json"",""row"":21,""id"":""a8085b64-73e5-4704-b81a-f4262131f95c"",""state"":""VALUE"",""inputState"":""VALUE"",""inputEqualsRead"":false,""value"":{""facilityId"":""d4430000-0000-4000-8000-000000000001"",""label"":""[SYNTHETIC] A pickup on covered lane"",""countryCode"":""PE"",""region"":null,""city"":""Lima"",""lat"":null,""lng"":null}},{""file"":""extended-roundtrips.json"",""row"":5,""id"":""82f5d33a-d482-46b8-b2c3-53fcc4e8a88d"",""state"":""VALUE"",""inputState"":""VALUE"",""inputEqualsRead"":false,""value"":{""facilityId"":""d4430000-0000-4000-8000-000000000001"",""label"":""[SYNTHETIC] A pickup on covered lane"",""countryCode"":""PE"",""region"":null,""city"":""Lima"",""lat"":null,""lng"":null}}]",PARCIAL,Nullable physical column requires field-specific command proof,HAC-40 / Cristhian,29c385fe0ee501eb4b8b989b0a247c8fdeda62ad,POST /api/v2/freight/requests/:id/revisions; POST /api/v2/freight/requests/:id/submissions; POST /api/v2/freight/requests; POST /api/v2/freight/requests/:requestId/route-alternatives; POST /api/v2/freight/requests/:requestId/routes; POST /api/v2/freight/requests/:requestId/plans; POST /api/v2/freight/requests/:requestId/opportunities; POST /api/v2/freight/requests/:requestId/ranking; POST /api/v2/freight/requests/:requestId/decisions; POST /api/v2/freight/requests/:requestId/decisions/:id/revocations,GET /api/v2/freight/requests; GET /api/v2/freight/requests/:id/serviceability; GET /api/v2/freight/requests/:id; GET /api/v2/freight/requests/:requestId/routes; GET /api/v2/freight/requests/:requestId/routes/:id; GET /api/v2/freight/requests/:requestId/plans; GET /api/v2/freight/requests/:requestId/plans/:id; GET /api/v2/freight/requests/:requestId/opportunities; GET /api/v2/freight/requests/:requestId/opportunities/:id; GET /api/v2/freight/requests/:requestId/offers; GET /api/v2/freight/requests/:requestId/offers/:id; GET /api/v2/freight/requests/:requestId/ranking; GET /api/v2/freight/requests/:requestId/ranking/:id; GET /api/v2/freight/requests/:requestId/decisions; GET /api/v2/freight/requests/:requestId/decisions/:id,logs/class-matrix.json: FreightRequest (catalog grants/policies/table ACL); logs/independent-rls-result.json; logs/auth-controls.json
21,FreightRequest,destination,GeoLocation,False,PARCIAL,freight_requests.v2_snapshot.destination,47,freight_requests.v2_snapshot.destination,freight_requests.v2_snapshot.destination,jsonb,YES,None,freight_requests_v2_snapshot_shape: CHECK (((v2_snapshot IS NULL) OR ((jsonb_typeof(v2_snapshot) = 'object'::text) AND (jsonb_typeof(v2_creation_payload) = 'object'::text) AND (v2_contract_version = '2.0'::text) AND ((v2_snapshot ->> 'schemaVersion'::text) = '2.0'::text) AND (v2_snapshot ? 'cargoSpecification'::text) AND (v2_snapshot ? 'contacts'::text) AND (budget_currency IS DISTINCT FROM 'PEN'::text)))),,cargomesh/src/shared/schemas/v2/freight-request.ts:126; schema freight-request.ts:CreateFreightRequestV2InputSchema; field destination,destination,ZodObject,False,False,"{""type"":""ZodObject"",""optional"":false,""nullable"":false,""fields"":{""facilityId"":{""type"":""ZodString"",""optional"":true,""nullable"":true,""checks"":[{""kind"":""uuid""}]},""label"":{""type"":""ZodString"",""optional"":true,""nullable"":false,""checks"":[{""kind"":""trim""},{""kind"":""min"",""value"":1},{""kind"":""max"",""value"":200}]},""countryCode"":{""type"":""ZodString"",""optional"":true,""nullable"":false,""checks"":[{""kind"":""regex"",""regex"":{""source"":""^[A-Z]{2}$"",""flags"":""""}}]},""region"":{""type"":""ZodString"",""optional"":true,""nullable"":true,""checks"":[{""kind"":""trim""},{""kind"":""max"",""value"":120}]},""city"":{""type"":""ZodString"",""optional"":true,""nullable"":false,""checks"":[{""kind"":""trim""},{""kind"":""min"",""value"":1},{""kind"":""max"",""value"":120}]},""lat"":{""type"":""ZodNumber"",""optional"":true,""nullable"":true,""checks"":[{""kind"":""min"",""value"":-90,""inclusive"":true},{""kind"":""max"",""value"":90,""inclusive"":true}]},""lng"":{""type"":""ZodNumber"",""optional"":true,""nullable"":true,""checks"":[{""kind"":""min"",""value"":-180,""inclusive"":true},{""kind"":""max"",""value"":180,""inclusive"":true}]}},""unknownKeys"":""strict""}",cargomesh/src/shared/schemas/v2/freight-request.ts:148; schema freight-request.ts:FreightRequestV2ResponseSchema; field destination,destination,ZodObject,False,False,supabase-v2/supabase/migrations/20260927064713_hac12_road_vertical.sql:4,request,"[{""file"":""roundtrips.json"",""row"":21,""id"":""a8085b64-73e5-4704-b81a-f4262131f95c"",""state"":""VALUE"",""inputState"":""VALUE"",""inputEqualsRead"":false,""value"":{""facilityId"":""d4430000-0000-4000-8000-000000000002"",""label"":""[SYNTHETIC] B delivery on covered lane"",""countryCode"":""PE"",""region"":null,""city"":""Arequipa"",""lat"":null,""lng"":null}},{""file"":""extended-roundtrips.json"",""row"":5,""id"":""82f5d33a-d482-46b8-b2c3-53fcc4e8a88d"",""state"":""VALUE"",""inputState"":""VALUE"",""inputEqualsRead"":false,""value"":{""facilityId"":""d4430000-0000-4000-8000-000000000002"",""label"":""[SYNTHETIC] B delivery on covered lane"",""countryCode"":""PE"",""region"":null,""city"":""Arequipa"",""lat"":null,""lng"":null}}]",PARCIAL,Nullable physical column requires field-specific command proof,HAC-40 / Cristhian,29c385fe0ee501eb4b8b989b0a247c8fdeda62ad,POST /api/v2/freight/requests/:id/revisions; POST /api/v2/freight/requests/:id/submissions; POST /api/v2/freight/requests; POST /api/v2/freight/requests/:requestId/route-alternatives; POST /api/v2/freight/requests/:requestId/routes; POST /api/v2/freight/requests/:requestId/plans; POST /api/v2/freight/requests/:requestId/opportunities; POST /api/v2/freight/requests/:requestId/ranking; POST /api/v2/freight/requests/:requestId/decisions; POST /api/v2/freight/requests/:requestId/decisions/:id/revocations,GET /api/v2/freight/requests; GET /api/v2/freight/requests/:id/serviceability; GET /api/v2/freight/requests/:id; GET /api/v2/freight/requests/:requestId/routes; GET /api/v2/freight/requests/:requestId/routes/:id; GET /api/v2/freight/requests/:requestId/plans; GET /api/v2/freight/requests/:requestId/plans/:id; GET /api/v2/freight/requests/:requestId/opportunities; GET /api/v2/freight/requests/:requestId/opportunities/:id; GET /api/v2/freight/requests/:requestId/offers; GET /api/v2/freight/requests/:requestId/offers/:id; GET /api/v2/freight/requests/:requestId/ranking; GET /api/v2/freight/requests/:requestId/ranking/:id; GET /api/v2/freight/requests/:requestId/decisions; GET /api/v2/freight/requests/:requestId/decisions/:id,logs/class-matrix.json: FreightRequest (catalog grants/policies/table ACL); logs/independent-rls-result.json; logs/auth-controls.json
22,FreightRequest,pickupWindow,TimeWindow,False,PARCIAL,freight_requests.v2_snapshot.pickupWindow,48,freight_requests.v2_snapshot.pickupWindow,freight_requests.v2_snapshot.pickupWindow,jsonb,YES,None,freight_requests_v2_snapshot_shape: CHECK (((v2_snapshot IS NULL) OR ((jsonb_typeof(v2_snapshot) = 'object'::text) AND (jsonb_typeof(v2_creation_payload) = 'object'::text) AND (v2_contract_version = '2.0'::text) AND ((v2_snapshot ->> 'schemaVersion'::text) = '2.0'::text) AND (v2_snapshot ? 'cargoSpecification'::text) AND (v2_snapshot ? 'contacts'::text) AND (budget_currency IS DISTINCT FROM 'PEN'::text)))),,cargomesh/src/shared/schemas/v2/freight-request.ts:126; schema freight-request.ts:CreateFreightRequestV2InputSchema; field pickupWindow,pickupWindow,ZodObject,False,False,"{""type"":""ZodObject"",""optional"":false,""nullable"":false,""fields"":{""startsAt"":{""type"":""ZodString"",""optional"":false,""nullable"":false,""checks"":[{""kind"":""datetime"",""precision"":null,""offset"":true,""local"":false}]},""endsAt"":{""type"":""ZodString"",""optional"":false,""nullable"":false,""checks"":[{""kind"":""datetime"",""precision"":null,""offset"":true,""local"":false}]}},""unknownKeys"":""strict""}",cargomesh/src/shared/schemas/v2/freight-request.ts:148; schema freight-request.ts:FreightRequestV2ResponseSchema; field pickupWindow,pickupWindow,ZodObject,False,False,supabase-v2/supabase/migrations/20260927064713_hac12_road_vertical.sql:4,request,"[{""file"":""roundtrips.json"",""row"":21,""id"":""a8085b64-73e5-4704-b81a-f4262131f95c"",""state"":""VALUE"",""inputState"":""VALUE"",""inputEqualsRead"":true,""value"":{""startsAt"":""2026-10-05T08:00:00Z"",""endsAt"":""2026-10-05T18:00:00Z""}},{""file"":""extended-roundtrips.json"",""row"":5,""id"":""82f5d33a-d482-46b8-b2c3-53fcc4e8a88d"",""state"":""VALUE"",""inputState"":""VALUE"",""inputEqualsRead"":true,""value"":{""startsAt"":""2026-10-09T16:51:05.286166+00:00"",""endsAt"":""2026-10-09T21:51:05.286166+00:00""}}]",PARCIAL,Nullable physical column requires field-specific command proof,HAC-40 / Cristhian,29c385fe0ee501eb4b8b989b0a247c8fdeda62ad,POST /api/v2/freight/requests/:id/revisions; POST /api/v2/freight/requests/:id/submissions; POST /api/v2/freight/requests; POST /api/v2/freight/requests/:requestId/route-alternatives; POST /api/v2/freight/requests/:requestId/routes; POST /api/v2/freight/requests/:requestId/plans; POST /api/v2/freight/requests/:requestId/opportunities; POST /api/v2/freight/requests/:requestId/ranking; POST /api/v2/freight/requests/:requestId/decisions; POST /api/v2/freight/requests/:requestId/decisions/:id/revocations,GET /api/v2/freight/requests; GET /api/v2/freight/requests/:id/serviceability; GET /api/v2/freight/requests/:id; GET /api/v2/freight/requests/:requestId/routes; GET /api/v2/freight/requests/:requestId/routes/:id; GET /api/v2/freight/requests/:requestId/plans; GET /api/v2/freight/requests/:requestId/plans/:id; GET /api/v2/freight/requests/:requestId/opportunities; GET /api/v2/freight/requests/:requestId/opportunities/:id; GET /api/v2/freight/requests/:requestId/offers; GET /api/v2/freight/requests/:requestId/offers/:id; GET /api/v2/freight/requests/:requestId/ranking; GET /api/v2/freight/requests/:requestId/ranking/:id; GET /api/v2/freight/requests/:requestId/decisions; GET /api/v2/freight/requests/:requestId/decisions/:id,logs/class-matrix.json: FreightRequest (catalog grants/policies/table ACL); logs/independent-rls-result.json; logs/auth-controls.json
23,FreightRequest,deliveryDeadline,Instant,True,COMPLETO,freight_requests.delivery_deadline,49,freight_requests.delivery_deadline,freight_requests.delivery_deadline,timestamp with time zone,YES,None,,,cargomesh/src/shared/schemas/v2/freight-request.ts:126; schema freight-request.ts:CreateFreightRequestV2InputSchema; field deliveryWindow.endsAt,deliveryWindow.endsAt,ZodString,False,False,"{""type"":""ZodString"",""optional"":false,""nullable"":false,""checks"":[{""kind"":""datetime"",""precision"":null,""offset"":true,""local"":false}]}",cargomesh/src/shared/schemas/v2/freight-request.ts:148; schema freight-request.ts:FreightRequestV2ResponseSchema; field deliveryWindow.endsAt,deliveryWindow.endsAt,ZodString,False,False,supabase-v2/supabase/migrations/20260927042808_v2_schema_baseline.sql:160,request,"[{""file"":""roundtrips.json"",""row"":21,""id"":""a8085b64-73e5-4704-b81a-f4262131f95c"",""state"":""VALUE"",""inputState"":""VALUE"",""inputEqualsRead"":true,""value"":""2026-10-07T20:00:00Z""},{""file"":""extended-roundtrips.json"",""row"":5,""id"":""82f5d33a-d482-46b8-b2c3-53fcc4e8a88d"",""state"":""VALUE"",""inputState"":""VALUE"",""inputEqualsRead"":true,""value"":""2026-10-10T01:51:05.286166+00:00""}]",COMPLETO,Resolved storage and current typed output agree with a concrete POST/GET or measured read projection,HAC-40 / Cristhian,29c385fe0ee501eb4b8b989b0a247c8fdeda62ad,POST /api/v2/freight/requests/:id/revisions; POST /api/v2/freight/requests/:id/submissions; POST /api/v2/freight/requests; POST /api/v2/freight/requests/:requestId/route-alternatives; POST /api/v2/freight/requests/:requestId/routes; POST /api/v2/freight/requests/:requestId/plans; POST /api/v2/freight/requests/:requestId/opportunities; POST /api/v2/freight/requests/:requestId/ranking; POST /api/v2/freight/requests/:requestId/decisions; POST /api/v2/freight/requests/:requestId/decisions/:id/revocations,GET /api/v2/freight/requests; GET /api/v2/freight/requests/:id/serviceability; GET /api/v2/freight/requests/:id; GET /api/v2/freight/requests/:requestId/routes; GET /api/v2/freight/requests/:requestId/routes/:id; GET /api/v2/freight/requests/:requestId/plans; GET /api/v2/freight/requests/:requestId/plans/:id; GET /api/v2/freight/requests/:requestId/opportunities; GET /api/v2/freight/requests/:requestId/opportunities/:id; GET /api/v2/freight/requests/:requestId/offers; GET /api/v2/freight/requests/:requestId/offers/:id; GET /api/v2/freight/requests/:requestId/ranking; GET /api/v2/freight/requests/:requestId/ranking/:id; GET /api/v2/freight/requests/:requestId/decisions; GET /api/v2/freight/requests/:requestId/decisions/:id,logs/class-matrix.json: FreightRequest (catalog grants/policies/table ACL); logs/independent-rls-result.json; logs/auth-controls.json
24,FreightRequest,acceptedModes,TransportMode[],False,PARCIAL,freight_requests.v2_snapshot.acceptedModes,50,freight_requests.v2_snapshot.acceptedModes,freight_requests.v2_snapshot.acceptedModes,jsonb,YES,None,freight_requests_v2_snapshot_shape: CHECK (((v2_snapshot IS NULL) OR ((jsonb_typeof(v2_snapshot) = 'object'::text) AND (jsonb_typeof(v2_creation_payload) = 'object'::text) AND (v2_contract_version = '2.0'::text) AND ((v2_snapshot ->> 'schemaVersion'::text) = '2.0'::text) AND (v2_snapshot ? 'cargoSpecification'::text) AND (v2_snapshot ? 'contacts'::text) AND (budget_currency IS DISTINCT FROM 'PEN'::text)))),,cargomesh/src/shared/schemas/v2/freight-request.ts:126; schema freight-request.ts:CreateFreightRequestV2InputSchema; field acceptedModes,acceptedModes,ZodArray,False,False,"{""type"":""ZodArray"",""optional"":false,""nullable"":false,""element"":{""type"":""ZodEnum"",""optional"":false,""nullable"":false,""values"":[""ROAD"",""RAIL"",""SEA"",""AIR""]},""minLength"":{""value"":1},""maxLength"":{""value"":4}}",cargomesh/src/shared/schemas/v2/freight-request.ts:148; schema freight-request.ts:FreightRequestV2ResponseSchema; field acceptedModes,acceptedModes,ZodArray,False,False,supabase-v2/supabase/migrations/20260927064713_hac12_road_vertical.sql:4,request,"[{""file"":""roundtrips.json"",""row"":21,""id"":""a8085b64-73e5-4704-b81a-f4262131f95c"",""state"":""VALUE"",""inputState"":""VALUE"",""inputEqualsRead"":true,""value"":[""ROAD""]},{""file"":""extended-roundtrips.json"",""row"":5,""id"":""82f5d33a-d482-46b8-b2c3-53fcc4e8a88d"",""state"":""VALUE"",""inputState"":""VALUE"",""inputEqualsRead"":true,""value"":[""ROAD""]}]",PARCIAL,Nullable physical column requires field-specific command proof,HAC-40 / Cristhian,29c385fe0ee501eb4b8b989b0a247c8fdeda62ad,POST /api/v2/freight/requests/:id/revisions; POST /api/v2/freight/requests/:id/submissions; POST /api/v2/freight/requests; POST /api/v2/freight/requests/:requestId/route-alternatives; POST /api/v2/freight/requests/:requestId/routes; POST /api/v2/freight/requests/:requestId/plans; POST /api/v2/freight/requests/:requestId/opportunities; POST /api/v2/freight/requests/:requestId/ranking; POST /api/v2/freight/requests/:requestId/decisions; POST /api/v2/freight/requests/:requestId/decisions/:id/revocations,GET /api/v2/freight/requests; GET /api/v2/freight/requests/:id/serviceability; GET /api/v2/freight/requests/:id; GET /api/v2/freight/requests/:requestId/routes; GET /api/v2/freight/requests/:requestId/routes/:id; GET /api/v2/freight/requests/:requestId/plans; GET /api/v2/freight/requests/:requestId/plans/:id; GET /api/v2/freight/requests/:requestId/opportunities; GET /api/v2/freight/requests/:requestId/opportunities/:id; GET /api/v2/freight/requests/:requestId/offers; GET /api/v2/freight/requests/:requestId/offers/:id; GET /api/v2/freight/requests/:requestId/ranking; GET /api/v2/freight/requests/:requestId/ranking/:id; GET /api/v2/freight/requests/:requestId/decisions; GET /api/v2/freight/requests/:requestId/decisions/:id,logs/class-matrix.json: FreightRequest (catalog grants/policies/table ACL); logs/independent-rls-result.json; logs/auth-controls.json
25,FreightRequest,budget,Money,True,COMPLETO,freight_requests.v2_snapshot.budget,51,freight_requests.v2_snapshot.budget,freight_requests.v2_snapshot.budget,jsonb,YES,None,freight_requests_v2_snapshot_shape: CHECK (((v2_snapshot IS NULL) OR ((jsonb_typeof(v2_snapshot) = 'object'::text) AND (jsonb_typeof(v2_creation_payload) = 'object'::text) AND (v2_contract_version = '2.0'::text) AND ((v2_snapshot ->> 'schemaVersion'::text) = '2.0'::text) AND (v2_snapshot ? 'cargoSpecification'::text) AND (v2_snapshot ? 'contacts'::text) AND (budget_currency IS DISTINCT FROM 'PEN'::text)))),,cargomesh/src/shared/schemas/v2/freight-request.ts:126; schema freight-request.ts:CreateFreightRequestV2InputSchema; field budget,budget,ZodObject,True,True,"{""type"":""ZodObject"",""optional"":true,""nullable"":true,""fields"":{""amount"":{""type"":""ZodNumber"",""optional"":false,""nullable"":false,""checks"":[{""kind"":""min"",""value"":0,""inclusive"":false}]},""currency"":{""type"":""ZodLiteral"",""optional"":false,""nullable"":false,""value"":""USD""}},""unknownKeys"":""strict""}",cargomesh/src/shared/schemas/v2/freight-request.ts:148; schema freight-request.ts:FreightRequestV2ResponseSchema; field budget,budget,ZodObject,False,True,supabase-v2/supabase/migrations/20260927064713_hac12_road_vertical.sql:4,request,"[{""file"":""roundtrips.json"",""row"":21,""id"":""a8085b64-73e5-4704-b81a-f4262131f95c"",""state"":""VALUE"",""inputState"":""VALUE"",""inputEqualsRead"":true,""value"":{""amount"":3200,""currency"":""USD""}},{""file"":""extended-roundtrips.json"",""row"":5,""id"":""82f5d33a-d482-46b8-b2c3-53fcc4e8a88d"",""state"":""VALUE"",""inputState"":""VALUE"",""inputEqualsRead"":true,""value"":{""amount"":3200,""currency"":""USD""}}]",COMPLETO,Resolved storage and current typed output agree with a concrete POST/GET or measured read projection,HAC-40 / Cristhian,29c385fe0ee501eb4b8b989b0a247c8fdeda62ad,POST /api/v2/freight/requests/:id/revisions; POST /api/v2/freight/requests/:id/submissions; POST /api/v2/freight/requests; POST /api/v2/freight/requests/:requestId/route-alternatives; POST /api/v2/freight/requests/:requestId/routes; POST /api/v2/freight/requests/:requestId/plans; POST /api/v2/freight/requests/:requestId/opportunities; POST /api/v2/freight/requests/:requestId/ranking; POST /api/v2/freight/requests/:requestId/decisions; POST /api/v2/freight/requests/:requestId/decisions/:id/revocations,GET /api/v2/freight/requests; GET /api/v2/freight/requests/:id/serviceability; GET /api/v2/freight/requests/:id; GET /api/v2/freight/requests/:requestId/routes; GET /api/v2/freight/requests/:requestId/routes/:id; GET /api/v2/freight/requests/:requestId/plans; GET /api/v2/freight/requests/:requestId/plans/:id; GET /api/v2/freight/requests/:requestId/opportunities; GET /api/v2/freight/requests/:requestId/opportunities/:id; GET /api/v2/freight/requests/:requestId/offers; GET /api/v2/freight/requests/:requestId/offers/:id; GET /api/v2/freight/requests/:requestId/ranking; GET /api/v2/freight/requests/:requestId/ranking/:id; GET /api/v2/freight/requests/:requestId/decisions; GET /api/v2/freight/requests/:requestId/decisions/:id,logs/class-matrix.json: FreightRequest (catalog grants/policies/table ACL); logs/independent-rls-result.json; logs/auth-controls.json
26,FreightRequest,status,RequestStatus,False,COMPLETO,freight_requests.status,52,freight_requests.status,freight_requests.status,text,NO,'PENDING'::text,"freight_requests_status_check: CHECK ((status = ANY (ARRAY['DRAFT'::text, 'PENDING'::text, 'ORCHESTRATING'::text, 'AWAITING_SELECTION'::text, 'BOOKING'::text, 'BOOKED'::text, 'FAILED'::text, 'CANCELLED'::text]))); freight_requests_unitized_intake_complete: CHECK (((status = 'DRAFT'::text) OR (cargo_entry_method = 'TOTAL_WEIGHT'::text) OR ((entry_quantity IS NOT NULL) AND (entry_unit_weight_kg IS NOT NULL) AND (units_per_entry IS NOT NULL))))","CREATE INDEX freight_requests_org_status_created_idx ON public.freight_requests USING btree (organization_id, status, created_at DESC)",NO_WRITABLE_DTO,—,—,—,—,—,cargomesh/src/shared/schemas/v2/freight-request.ts:148; schema freight-request.ts:FreightRequestV2ResponseSchema; field status,status,ZodEnum,False,False,supabase-v2/supabase/migrations/20260927042808_v2_schema_baseline.sql:163,request,"[{""file"":""roundtrips.json"",""row"":21,""id"":""a8085b64-73e5-4704-b81a-f4262131f95c"",""state"":""VALUE"",""inputState"":""MISSING"",""inputEqualsRead"":null,""value"":""DRAFT""},{""file"":""extended-roundtrips.json"",""row"":5,""id"":""82f5d33a-d482-46b8-b2c3-53fcc4e8a88d"",""state"":""VALUE"",""inputState"":""MISSING"",""inputEqualsRead"":null,""value"":""DRAFT""}]",COMPLETO,Resolved storage and current typed output agree with a concrete POST/GET or measured read projection,HAC-40 / Cristhian,29c385fe0ee501eb4b8b989b0a247c8fdeda62ad,POST /api/v2/freight/requests/:id/revisions; POST /api/v2/freight/requests/:id/submissions; POST /api/v2/freight/requests; POST /api/v2/freight/requests/:requestId/route-alternatives; POST /api/v2/freight/requests/:requestId/routes; POST /api/v2/freight/requests/:requestId/plans; POST /api/v2/freight/requests/:requestId/opportunities; POST /api/v2/freight/requests/:requestId/ranking; POST /api/v2/freight/requests/:requestId/decisions; POST /api/v2/freight/requests/:requestId/decisions/:id/revocations,GET /api/v2/freight/requests; GET /api/v2/freight/requests/:id/serviceability; GET /api/v2/freight/requests/:id; GET /api/v2/freight/requests/:requestId/routes; GET /api/v2/freight/requests/:requestId/routes/:id; GET /api/v2/freight/requests/:requestId/plans; GET /api/v2/freight/requests/:requestId/plans/:id; GET /api/v2/freight/requests/:requestId/opportunities; GET /api/v2/freight/requests/:requestId/opportunities/:id; GET /api/v2/freight/requests/:requestId/offers; GET /api/v2/freight/requests/:requestId/offers/:id; GET /api/v2/freight/requests/:requestId/ranking; GET /api/v2/freight/requests/:requestId/ranking/:id; GET /api/v2/freight/requests/:requestId/decisions; GET /api/v2/freight/requests/:requestId/decisions/:id,logs/class-matrix.json: FreightRequest (catalog grants/policies/table ACL); logs/independent-rls-result.json; logs/auth-controls.json
27,FreightRequest,draftVersion,number,False,COMPLETO,freight_requests.draft_version,53,freight_requests.draft_version,freight_requests.draft_version,integer,NO,1,freight_requests_draft_version_positive: CHECK ((draft_version >= 1)),"CREATE INDEX freight_requests_org_draft_version_idx ON public.freight_requests USING btree (organization_id, draft_version)",NO_WRITABLE_DTO,—,—,—,—,—,cargomesh/src/shared/schemas/v2/freight-request.ts:148; schema freight-request.ts:FreightRequestV2ResponseSchema; field draftVersion,draftVersion,ZodNumber,False,False,supabase-v2/supabase/migrations/20260927042808_v2_schema_baseline.sql:3122,request,"[{""file"":""roundtrips.json"",""row"":21,""id"":""a8085b64-73e5-4704-b81a-f4262131f95c"",""state"":""VALUE"",""inputState"":""MISSING"",""inputEqualsRead"":null,""value"":1},{""file"":""extended-roundtrips.json"",""row"":5,""id"":""82f5d33a-d482-46b8-b2c3-53fcc4e8a88d"",""state"":""VALUE"",""inputState"":""MISSING"",""inputEqualsRead"":null,""value"":1}]",COMPLETO,Resolved storage and current typed output agree with a concrete POST/GET or measured read projection,HAC-40 / Cristhian,29c385fe0ee501eb4b8b989b0a247c8fdeda62ad,POST /api/v2/freight/requests/:id/revisions; POST /api/v2/freight/requests/:id/submissions; POST /api/v2/freight/requests; POST /api/v2/freight/requests/:requestId/route-alternatives; POST /api/v2/freight/requests/:requestId/routes; POST /api/v2/freight/requests/:requestId/plans; POST /api/v2/freight/requests/:requestId/opportunities; POST /api/v2/freight/requests/:requestId/ranking; POST /api/v2/freight/requests/:requestId/decisions; POST /api/v2/freight/requests/:requestId/decisions/:id/revocations,GET /api/v2/freight/requests; GET /api/v2/freight/requests/:id/serviceability; GET /api/v2/freight/requests/:id; GET /api/v2/freight/requests/:requestId/routes; GET /api/v2/freight/requests/:requestId/routes/:id; GET /api/v2/freight/requests/:requestId/plans; GET /api/v2/freight/requests/:requestId/plans/:id; GET /api/v2/freight/requests/:requestId/opportunities; GET /api/v2/freight/requests/:requestId/opportunities/:id; GET /api/v2/freight/requests/:requestId/offers; GET /api/v2/freight/requests/:requestId/offers/:id; GET /api/v2/freight/requests/:requestId/ranking; GET /api/v2/freight/requests/:requestId/ranking/:id; GET /api/v2/freight/requests/:requestId/decisions; GET /api/v2/freight/requests/:requestId/decisions/:id,logs/class-matrix.json: FreightRequest (catalog grants/policies/table ACL); logs/independent-rls-result.json; logs/auth-controls.json
28,FreightRequest,serviceType,ServiceClass,True,COMPLETO,freight_requests.service_type,54,freight_requests.service_type,freight_requests.service_type,text,NO,'FTL'::text,,,cargomesh/src/shared/schemas/v2/freight-request.ts:126; schema freight-request.ts:CreateFreightRequestV2InputSchema; field serviceType,serviceType,ZodEnum,True,False,"{""type"":""ZodEnum"",""optional"":true,""nullable"":false,""values"":[""FTL"",""LTL""]}",cargomesh/src/shared/schemas/v2/freight-request.ts:148; schema freight-request.ts:FreightRequestV2ResponseSchema; field serviceType,serviceType,ZodEnum,True,False,supabase-v2/supabase/migrations/20260927042808_v2_schema_baseline.sql:148,request,"[{""file"":""roundtrips.json"",""row"":21,""id"":""a8085b64-73e5-4704-b81a-f4262131f95c"",""state"":""VALUE"",""inputState"":""MISSING"",""inputEqualsRead"":null,""value"":""FTL""},{""file"":""extended-roundtrips.json"",""row"":5,""id"":""82f5d33a-d482-46b8-b2c3-53fcc4e8a88d"",""state"":""VALUE"",""inputState"":""MISSING"",""inputEqualsRead"":null,""value"":""FTL""}]",COMPLETO,Resolved storage and current typed output agree with a concrete POST/GET or measured read projection,HAC-40 / Cristhian,29c385fe0ee501eb4b8b989b0a247c8fdeda62ad,POST /api/v2/freight/requests/:id/revisions; POST /api/v2/freight/requests/:id/submissions; POST /api/v2/freight/requests; POST /api/v2/freight/requests/:requestId/route-alternatives; POST /api/v2/freight/requests/:requestId/routes; POST /api/v2/freight/requests/:requestId/plans; POST /api/v2/freight/requests/:requestId/opportunities; POST /api/v2/freight/requests/:requestId/ranking; POST /api/v2/freight/requests/:requestId/decisions; POST /api/v2/freight/requests/:requestId/decisions/:id/revocations,GET /api/v2/freight/requests; GET /api/v2/freight/requests/:id/serviceability; GET /api/v2/freight/requests/:id; GET /api/v2/freight/requests/:requestId/routes; GET /api/v2/freight/requests/:requestId/routes/:id; GET /api/v2/freight/requests/:requestId/plans; GET /api/v2/freight/requests/:requestId/plans/:id; GET /api/v2/freight/requests/:requestId/opportunities; GET /api/v2/freight/requests/:requestId/opportunities/:id; GET /api/v2/freight/requests/:requestId/offers; GET /api/v2/freight/requests/:requestId/offers/:id; GET /api/v2/freight/requests/:requestId/ranking; GET /api/v2/freight/requests/:requestId/ranking/:id; GET /api/v2/freight/requests/:requestId/decisions; GET /api/v2/freight/requests/:requestId/decisions/:id,logs/class-matrix.json: FreightRequest (catalog grants/policies/table ACL); logs/independent-rls-result.json; logs/auth-controls.json
29,FreightRequest,requiredEquipment,EquipmentType,True,COMPLETO,freight_requests.required_equipment_code,55,freight_requests.required_equipment_code,freight_requests.required_equipment_code,text,YES,None,,,cargomesh/src/shared/schemas/v2/freight-request.ts:126; schema freight-request.ts:CreateFreightRequestV2InputSchema; field requiredEquipment,requiredEquipment,ZodEnum,True,True,"{""type"":""ZodEnum"",""optional"":true,""nullable"":true,""values"":[""BOX_TRUCK"",""REEFER_TRUCK"",""FLATBED"",""TANKER_TRUCK"",""TRACTOR_TRAILER"",""ISO_CONTAINER"",""RAIL_WAGON"",""AIR_ULD""]}",cargomesh/src/shared/schemas/v2/freight-request.ts:148; schema freight-request.ts:FreightRequestV2ResponseSchema; field requiredEquipment,requiredEquipment,ZodString,False,True,supabase-v2/supabase/migrations/20260927064713_hac12_road_vertical.sql:4,request,"[{""file"":""roundtrips.json"",""row"":21,""id"":""a8085b64-73e5-4704-b81a-f4262131f95c"",""state"":""VALUE"",""inputState"":""VALUE"",""inputEqualsRead"":true,""value"":""REEFER_TRUCK""},{""file"":""extended-roundtrips.json"",""row"":5,""id"":""82f5d33a-d482-46b8-b2c3-53fcc4e8a88d"",""state"":""NULL"",""inputState"":""NULL"",""inputEqualsRead"":true,""value"":null}]",COMPLETO,Resolved storage and current typed output agree with a concrete POST/GET or measured read projection,HAC-40 / Cristhian,29c385fe0ee501eb4b8b989b0a247c8fdeda62ad,POST /api/v2/freight/requests/:id/revisions; POST /api/v2/freight/requests/:id/submissions; POST /api/v2/freight/requests; POST /api/v2/freight/requests/:requestId/route-alternatives; POST /api/v2/freight/requests/:requestId/routes; POST /api/v2/freight/requests/:requestId/plans; POST /api/v2/freight/requests/:requestId/opportunities; POST /api/v2/freight/requests/:requestId/ranking; POST /api/v2/freight/requests/:requestId/decisions; POST /api/v2/freight/requests/:requestId/decisions/:id/revocations,GET /api/v2/freight/requests; GET /api/v2/freight/requests/:id/serviceability; GET /api/v2/freight/requests/:id; GET /api/v2/freight/requests/:requestId/routes; GET /api/v2/freight/requests/:requestId/routes/:id; GET /api/v2/freight/requests/:requestId/plans; GET /api/v2/freight/requests/:requestId/plans/:id; GET /api/v2/freight/requests/:requestId/opportunities; GET /api/v2/freight/requests/:requestId/opportunities/:id; GET /api/v2/freight/requests/:requestId/offers; GET /api/v2/freight/requests/:requestId/offers/:id; GET /api/v2/freight/requests/:requestId/ranking; GET /api/v2/freight/requests/:requestId/ranking/:id; GET /api/v2/freight/requests/:requestId/decisions; GET /api/v2/freight/requests/:requestId/decisions/:id,logs/class-matrix.json: FreightRequest (catalog grants/policies/table ACL); logs/independent-rls-result.json; logs/auth-controls.json
30,FreightRequest,preferredEquipment,EquipmentType,True,PARCIAL,freight_requests.preferred_equipment_code,56,freight_requests.preferred_equipment_code,freight_requests.preferred_equipment_code,text,YES,None,,,cargomesh/src/shared/schemas/v2/freight-request.ts:126; schema freight-request.ts:CreateFreightRequestV2InputSchema; field preferredEquipment,preferredEquipment,ZodEnum,True,True,"{""type"":""ZodEnum"",""optional"":true,""nullable"":true,""values"":[""BOX_TRUCK"",""REEFER_TRUCK"",""FLATBED"",""TANKER_TRUCK"",""TRACTOR_TRAILER"",""ISO_CONTAINER"",""RAIL_WAGON"",""AIR_ULD""]}",cargomesh/src/shared/schemas/v2/freight-request.ts:148; schema freight-request.ts:FreightRequestV2ResponseSchema; field preferredEquipment,preferredEquipment,ZodEnum,True,True,supabase-v2/supabase/migrations/20261004025720_hac40_full_request_contract.sql:6,request,"[{""file"":""roundtrips.json"",""row"":21,""id"":""a8085b64-73e5-4704-b81a-f4262131f95c"",""state"":""NULL"",""inputState"":""MISSING"",""inputEqualsRead"":null,""value"":null},{""file"":""extended-roundtrips.json"",""row"":5,""id"":""82f5d33a-d482-46b8-b2c3-53fcc4e8a88d"",""state"":""NULL"",""inputState"":""MISSING"",""inputEqualsRead"":null,""value"":null}]",PARCIAL,No concrete non-null field value or measured read projection in this cut,HAC-40 / Cristhian,29c385fe0ee501eb4b8b989b0a247c8fdeda62ad,POST /api/v2/freight/requests/:id/revisions; POST /api/v2/freight/requests/:id/submissions; POST /api/v2/freight/requests; POST /api/v2/freight/requests/:requestId/route-alternatives; POST /api/v2/freight/requests/:requestId/routes; POST /api/v2/freight/requests/:requestId/plans; POST /api/v2/freight/requests/:requestId/opportunities; POST /api/v2/freight/requests/:requestId/ranking; POST /api/v2/freight/requests/:requestId/decisions; POST /api/v2/freight/requests/:requestId/decisions/:id/revocations,GET /api/v2/freight/requests; GET /api/v2/freight/requests/:id/serviceability; GET /api/v2/freight/requests/:id; GET /api/v2/freight/requests/:requestId/routes; GET /api/v2/freight/requests/:requestId/routes/:id; GET /api/v2/freight/requests/:requestId/plans; GET /api/v2/freight/requests/:requestId/plans/:id; GET /api/v2/freight/requests/:requestId/opportunities; GET /api/v2/freight/requests/:requestId/opportunities/:id; GET /api/v2/freight/requests/:requestId/offers; GET /api/v2/freight/requests/:requestId/offers/:id; GET /api/v2/freight/requests/:requestId/ranking; GET /api/v2/freight/requests/:requestId/ranking/:id; GET /api/v2/freight/requests/:requestId/decisions; GET /api/v2/freight/requests/:requestId/decisions/:id,logs/class-matrix.json: FreightRequest (catalog grants/policies/table ACL); logs/independent-rls-result.json; logs/auth-controls.json
31,FreightRequest,selectionObjective,RankingObjective,True,PARCIAL,freight_requests.selection_objective,57,freight_requests.selection_objective,freight_requests.selection_objective,text,YES,None,"freight_requests_selection_objective_check: CHECK ((selection_objective = ANY (ARRAY['LOWEST_COST'::text, 'FASTEST'::text, 'WEIGHTED'::text])))",,cargomesh/src/shared/schemas/v2/freight-request.ts:126; schema freight-request.ts:CreateFreightRequestV2InputSchema; field selectionObjective,selectionObjective,ZodEnum,True,False,"{""type"":""ZodEnum"",""optional"":true,""nullable"":false,""values"":[""LOWEST_COST"",""FASTEST"",""WEIGHTED""]}",cargomesh/src/shared/schemas/v2/freight-request.ts:148; schema freight-request.ts:FreightRequestV2ResponseSchema; field selectionObjective,selectionObjective,ZodEnum,True,True,supabase-v2/supabase/migrations/20261004025720_hac40_full_request_contract.sql:6,request,"[{""file"":""roundtrips.json"",""row"":21,""id"":""a8085b64-73e5-4704-b81a-f4262131f95c"",""state"":""NULL"",""inputState"":""MISSING"",""inputEqualsRead"":null,""value"":null},{""file"":""extended-roundtrips.json"",""row"":5,""id"":""82f5d33a-d482-46b8-b2c3-53fcc4e8a88d"",""state"":""NULL"",""inputState"":""MISSING"",""inputEqualsRead"":null,""value"":null}]",PARCIAL,No concrete non-null field value or measured read projection in this cut,HAC-40 / Cristhian,29c385fe0ee501eb4b8b989b0a247c8fdeda62ad,POST /api/v2/freight/requests/:id/revisions; POST /api/v2/freight/requests/:id/submissions; POST /api/v2/freight/requests; POST /api/v2/freight/requests/:requestId/route-alternatives; POST /api/v2/freight/requests/:requestId/routes; POST /api/v2/freight/requests/:requestId/plans; POST /api/v2/freight/requests/:requestId/opportunities; POST /api/v2/freight/requests/:requestId/ranking; POST /api/v2/freight/requests/:requestId/decisions; POST /api/v2/freight/requests/:requestId/decisions/:id/revocations,GET /api/v2/freight/requests; GET /api/v2/freight/requests/:id/serviceability; GET /api/v2/freight/requests/:id; GET /api/v2/freight/requests/:requestId/routes; GET /api/v2/freight/requests/:requestId/routes/:id; GET /api/v2/freight/requests/:requestId/plans; GET /api/v2/freight/requests/:requestId/plans/:id; GET /api/v2/freight/requests/:requestId/opportunities; GET /api/v2/freight/requests/:requestId/opportunities/:id; GET /api/v2/freight/requests/:requestId/offers; GET /api/v2/freight/requests/:requestId/offers/:id; GET /api/v2/freight/requests/:requestId/ranking; GET /api/v2/freight/requests/:requestId/ranking/:id; GET /api/v2/freight/requests/:requestId/decisions; GET /api/v2/freight/requests/:requestId/decisions/:id,logs/class-matrix.json: FreightRequest (catalog grants/policies/table ACL); logs/independent-rls-result.json; logs/auth-controls.json
32,CargoSpecification,category,CargoCategory,False,COMPLETO,freight_requests.v2_snapshot.cargoSpecification.categoryCode,58,freight_requests.v2_snapshot.cargoSpecification.categoryCode,freight_requests.v2_snapshot.cargoSpecification.categoryCode,jsonb,YES,None,"freight_requests_budget_positive: CHECK (((budget_max IS NULL) OR (budget_max > (0)::numeric))); freight_requests_cargo_category_id_fkey: FOREIGN KEY (cargo_category_id) REFERENCES cargo_categories(id); freight_requests_cargo_entry_method_check: CHECK ((cargo_entry_method = ANY (ARRAY['TOTAL_WEIGHT'::text, 'UNITS'::text, 'PACKAGES'::text, 'PALLETS'::text, 'LOTS'::text, 'SACKS'::text]))); freight_requests_cargo_specifications_object: CHECK ((jsonb_typeof(cargo_specifications) = 'object'::text)); freight_requests_code_key: UNIQUE (code); freight_requests_confirmed_by_member_id_fkey: FOREIGN KEY (confirmed_by_member_id) REFERENCES organization_members(id); freight_requests_creation_receipt_check: CHECK ((((creation_idempotency_key IS NULL) AND (creation_payload_hash IS NULL)) OR ((creation_idempotency_key IS NOT NULL) AND (creation_payload_hash IS NOT NULL) AND (requested_by_member_id IS NOT NULL) AND (creation_payload_hash ~ '^[0-9a-f]{64}$'::text)))); freight_requests_destination_facility_same_org: FOREIGN KEY (destination_facility_id, organization_id) REFERENCES facilities(id, organization_id); freight_requests_destination_region_not_blank: CHECK (((destination_region IS NULL) OR (length(btrim(destination_region)) > 0))); freight_requests_draft_version_positive: CHECK ((draft_version >= 1)); freight_requests_entry_dimensions_positive: CHECK ((((entry_length_cm IS NULL) OR (entry_length_cm > (0)::numeric)) AND ((entry_width_cm IS NULL) OR (entry_width_cm > (0)::numeric)) AND ((entry_height_cm IS NULL) OR (entry_height_cm > (0)::numeric)))); freight_requests_entry_quantity_positive: CHECK (((entry_quantity IS NULL) OR (entry_quantity > (0)::numeric))); freight_requests_entry_unit_weight_positive: CHECK (((entry_unit_weight_kg IS NULL) OR (entry_unit_weight_kg > (0)::numeric))); freight_requests_organization_cargo_profile_fkey: FOREIGN KEY (organization_id, cargo_profile_id) REFERENCES organization_cargo_profiles(organization_id, id); freight_requests_organization_id_fkey: FOREIGN KEY (organization_id) REFERENCES organizations(id) ON DELETE CASCADE; freight_requests_origin_facility_same_org: FOREIGN KEY (origin_facility_id, organization_id) REFERENCES facilities(id, organization_id); freight_requests_origin_region_not_blank: CHECK (((origin_region IS NULL) OR (length(btrim(origin_region)) > 0))); freight_requests_pickup_mode_check: CHECK ((pickup_mode = ANY (ARRAY['ASAP'::text, 'SCHEDULED'::text]))); freight_requests_pickup_window_check: CHECK (((pickup_window_end IS NULL) OR (pickup_window_start IS NULL) OR (pickup_window_end > pickup_window_start))); freight_requests_pkey: PRIMARY KEY (id); freight_requests_requested_by_member_id_fkey: FOREIGN KEY (requested_by_member_id) REFERENCES organization_members(id); freight_requests_selection_objective_check: CHECK ((selection_objective = ANY (ARRAY['LOWEST_COST'::text, 'FASTEST'::text, 'WEIGHTED'::text]))); freight_requests_status_check: CHECK ((status = ANY (ARRAY['DRAFT'::text, 'PENDING'::text, 'ORCHESTRATING'::text, 'AWAITING_SELECTION'::text, 'BOOKING'::text, 'BOOKED'::text, 'FAILED'::text, 'CANCELLED'::text]))); freight_requests_unitized_intake_complete: CHECK (((status = 'DRAFT'::text) OR (cargo_entry_method = 'TOTAL_WEIGHT'::text) OR ((entry_quantity IS NOT NULL) AND (entry_unit_weight_kg IS NOT NULL) AND (units_per_entry IS NOT NULL)))); freight_requests_unitized_volume_matches_total: CHECK (((cargo_volume_m3 IS NULL) OR (entry_quantity IS NULL) OR (units_per_entry IS NULL) OR (entry_length_cm IS NULL) OR (entry_width_cm IS NULL) OR (entry_height_cm IS NULL) OR (abs((cargo_volume_m3 - (((((entry_quantity * (units_per_entry)::numeric) * entry_length_cm) * entry_width_cm) * entry_height_cm) / (1000000)::numeric))) <= 0.01))); freight_requests_unitized_weight_matches_total: CHECK (((cargo_entry_method = 'TOTAL_WEIGHT'::text) OR (entry_quantity IS NULL) OR (entry_unit_weight_kg IS NULL) OR (units_per_entry IS NULL) OR (abs((cargo_weight_kg - ((entry_quantity * entry_unit_weight_kg) * (units_per_entry)::numeric))) <= 0.01))); freight_requests_units_per_entry_positive: CHECK (((units_per_entry IS NULL) OR (units_per_entry > 0))); freight_requests_v2_budget_currency: CHECK (((budget_currency IS NULL) OR (budget_currency = 'USD'::text))); freight_requests_v2_delivery_window: CHECK (((delivery_window_start IS NULL) OR ((delivery_window_end IS NOT NULL) AND (delivery_window_end > delivery_window_start)))); freight_requests_v2_snapshot_shape: CHECK (((v2_snapshot IS NULL) OR ((jsonb_typeof(v2_snapshot) = 'object'::text) AND (jsonb_typeof(v2_creation_payload) = 'object'::text) AND (v2_contract_version = '2.0'::text) AND ((v2_snapshot ->> 'schemaVersion'::text) = '2.0'::text) AND (v2_snapshot ? 'cargoSpecification'::text) AND (v2_snapshot ? 'contacts'::text) AND (budget_currency IS DISTINCT FROM 'PEN'::text)))); freight_requests_weight_positive: CHECK ((cargo_weight_kg > (0)::numeric))","CREATE INDEX freight_requests_cargo_category_idx ON public.freight_requests USING btree (cargo_category_id); CREATE INDEX freight_requests_cargo_profile_idx ON public.freight_requests USING btree (cargo_profile_id) WHERE (cargo_profile_id IS NOT NULL); CREATE UNIQUE INDEX freight_requests_code_key ON public.freight_requests USING btree (code); CREATE INDEX freight_requests_confirmed_by_idx ON public.freight_requests USING btree (confirmed_by_member_id) WHERE (confirmed_by_member_id IS NOT NULL); CREATE UNIQUE INDEX freight_requests_creation_idempotency_idx ON public.freight_requests USING btree (organization_id, requested_by_member_id, creation_idempotency_key) WHERE (creation_idempotency_key IS NOT NULL); CREATE INDEX freight_requests_destination_facility_idx ON public.freight_requests USING btree (destination_facility_id) WHERE (destination_facility_id IS NOT NULL); CREATE INDEX freight_requests_org_cargo_profile_idx ON public.freight_requests USING btree (organization_id, cargo_profile_id) WHERE (cargo_profile_id IS NOT NULL); CREATE INDEX freight_requests_org_draft_version_idx ON public.freight_requests USING btree (organization_id, draft_version); CREATE INDEX freight_requests_org_status_created_idx ON public.freight_requests USING btree (organization_id, status, created_at DESC); CREATE INDEX freight_requests_origin_facility_idx ON public.freight_requests USING btree (origin_facility_id) WHERE (origin_facility_id IS NOT NULL); CREATE UNIQUE INDEX freight_requests_pkey ON public.freight_requests USING btree (id); CREATE INDEX freight_requests_requester_idx ON public.freight_requests USING btree (requested_by_member_id) WHERE (requested_by_member_id IS NOT NULL); CREATE INDEX freight_requests_v2_org_created_idx ON public.freight_requests USING btree (organization_id, created_at DESC) WHERE (v2_contract_version = '2.0'::text)",cargomesh/src/shared/schemas/v2/freight-request.ts:126; schema freight-request.ts:CreateFreightRequestV2InputSchema; field cargoSpecification.categoryCode,cargoSpecification.categoryCode,ZodString,False,False,"{""type"":""ZodString"",""optional"":false,""nullable"":false,""checks"":[{""kind"":""regex"",""regex"":{""source"":""^[A-Z][A-Z0-9_]{0,99}$"",""flags"":""""}}]}",cargomesh/src/shared/schemas/v2/freight-request.ts:148; schema freight-request.ts:FreightRequestV2ResponseSchema; field cargoSpecification.categoryCode,cargoSpecification.categoryCode,ZodString,False,False,supabase-v2/supabase/migrations/20260927064713_hac12_road_vertical.sql:4,request,"[{""file"":""roundtrips.json"",""row"":21,""id"":""a8085b64-73e5-4704-b81a-f4262131f95c"",""state"":""VALUE"",""inputState"":""VALUE"",""inputEqualsRead"":true,""value"":""PHARMA""},{""file"":""extended-roundtrips.json"",""row"":5,""id"":""82f5d33a-d482-46b8-b2c3-53fcc4e8a88d"",""state"":""VALUE"",""inputState"":""VALUE"",""inputEqualsRead"":true,""value"":""GENERAL""}]",COMPLETO,Resolved storage and current typed output agree with a concrete POST/GET or measured read projection,HAC-40 / Cristhian,29c385fe0ee501eb4b8b989b0a247c8fdeda62ad,POST /api/v2/freight/requests/:id/revisions; POST /api/v2/freight/requests/:id/submissions; POST /api/v2/freight/requests; POST /api/v2/freight/requests/:requestId/route-alternatives; POST /api/v2/freight/requests/:requestId/routes; POST /api/v2/freight/requests/:requestId/plans; POST /api/v2/freight/requests/:requestId/opportunities; POST /api/v2/freight/requests/:requestId/ranking; POST /api/v2/freight/requests/:requestId/decisions; POST /api/v2/freight/requests/:requestId/decisions/:id/revocations,GET /api/v2/freight/requests; GET /api/v2/freight/requests/:id/serviceability; GET /api/v2/freight/requests/:id; GET /api/v2/freight/requests/:requestId/routes; GET /api/v2/freight/requests/:requestId/routes/:id; GET /api/v2/freight/requests/:requestId/plans; GET /api/v2/freight/requests/:requestId/plans/:id; GET /api/v2/freight/requests/:requestId/opportunities; GET /api/v2/freight/requests/:requestId/opportunities/:id; GET /api/v2/freight/requests/:requestId/offers; GET /api/v2/freight/requests/:requestId/offers/:id; GET /api/v2/freight/requests/:requestId/ranking; GET /api/v2/freight/requests/:requestId/ranking/:id; GET /api/v2/freight/requests/:requestId/decisions; GET /api/v2/freight/requests/:requestId/decisions/:id,logs/class-matrix.json: CargoSpecification (catalog grants/policies/table ACL); logs/independent-rls-result.json; logs/auth-controls.json
33,CargoSpecification,packaging,PackageType,False,COMPLETO,freight_requests.v2_snapshot.cargoSpecification.packaging,59,freight_requests.v2_snapshot.cargoSpecification.packaging,freight_requests.v2_snapshot.cargoSpecification.packaging,jsonb,YES,None,"freight_requests_budget_positive: CHECK (((budget_max IS NULL) OR (budget_max > (0)::numeric))); freight_requests_cargo_category_id_fkey: FOREIGN KEY (cargo_category_id) REFERENCES cargo_categories(id); freight_requests_cargo_entry_method_check: CHECK ((cargo_entry_method = ANY (ARRAY['TOTAL_WEIGHT'::text, 'UNITS'::text, 'PACKAGES'::text, 'PALLETS'::text, 'LOTS'::text, 'SACKS'::text]))); freight_requests_cargo_specifications_object: CHECK ((jsonb_typeof(cargo_specifications) = 'object'::text)); freight_requests_code_key: UNIQUE (code); freight_requests_confirmed_by_member_id_fkey: FOREIGN KEY (confirmed_by_member_id) REFERENCES organization_members(id); freight_requests_creation_receipt_check: CHECK ((((creation_idempotency_key IS NULL) AND (creation_payload_hash IS NULL)) OR ((creation_idempotency_key IS NOT NULL) AND (creation_payload_hash IS NOT NULL) AND (requested_by_member_id IS NOT NULL) AND (creation_payload_hash ~ '^[0-9a-f]{64}$'::text)))); freight_requests_destination_facility_same_org: FOREIGN KEY (destination_facility_id, organization_id) REFERENCES facilities(id, organization_id); freight_requests_destination_region_not_blank: CHECK (((destination_region IS NULL) OR (length(btrim(destination_region)) > 0))); freight_requests_draft_version_positive: CHECK ((draft_version >= 1)); freight_requests_entry_dimensions_positive: CHECK ((((entry_length_cm IS NULL) OR (entry_length_cm > (0)::numeric)) AND ((entry_width_cm IS NULL) OR (entry_width_cm > (0)::numeric)) AND ((entry_height_cm IS NULL) OR (entry_height_cm > (0)::numeric)))); freight_requests_entry_quantity_positive: CHECK (((entry_quantity IS NULL) OR (entry_quantity > (0)::numeric))); freight_requests_entry_unit_weight_positive: CHECK (((entry_unit_weight_kg IS NULL) OR (entry_unit_weight_kg > (0)::numeric))); freight_requests_organization_cargo_profile_fkey: FOREIGN KEY (organization_id, cargo_profile_id) REFERENCES organization_cargo_profiles(organization_id, id); freight_requests_organization_id_fkey: FOREIGN KEY (organization_id) REFERENCES organizations(id) ON DELETE CASCADE; freight_requests_origin_facility_same_org: FOREIGN KEY (origin_facility_id, organization_id) REFERENCES facilities(id, organization_id); freight_requests_origin_region_not_blank: CHECK (((origin_region IS NULL) OR (length(btrim(origin_region)) > 0))); freight_requests_pickup_mode_check: CHECK ((pickup_mode = ANY (ARRAY['ASAP'::text, 'SCHEDULED'::text]))); freight_requests_pickup_window_check: CHECK (((pickup_window_end IS NULL) OR (pickup_window_start IS NULL) OR (pickup_window_end > pickup_window_start))); freight_requests_pkey: PRIMARY KEY (id); freight_requests_requested_by_member_id_fkey: FOREIGN KEY (requested_by_member_id) REFERENCES organization_members(id); freight_requests_selection_objective_check: CHECK ((selection_objective = ANY (ARRAY['LOWEST_COST'::text, 'FASTEST'::text, 'WEIGHTED'::text]))); freight_requests_status_check: CHECK ((status = ANY (ARRAY['DRAFT'::text, 'PENDING'::text, 'ORCHESTRATING'::text, 'AWAITING_SELECTION'::text, 'BOOKING'::text, 'BOOKED'::text, 'FAILED'::text, 'CANCELLED'::text]))); freight_requests_unitized_intake_complete: CHECK (((status = 'DRAFT'::text) OR (cargo_entry_method = 'TOTAL_WEIGHT'::text) OR ((entry_quantity IS NOT NULL) AND (entry_unit_weight_kg IS NOT NULL) AND (units_per_entry IS NOT NULL)))); freight_requests_unitized_volume_matches_total: CHECK (((cargo_volume_m3 IS NULL) OR (entry_quantity IS NULL) OR (units_per_entry IS NULL) OR (entry_length_cm IS NULL) OR (entry_width_cm IS NULL) OR (entry_height_cm IS NULL) OR (abs((cargo_volume_m3 - (((((entry_quantity * (units_per_entry)::numeric) * entry_length_cm) * entry_width_cm) * entry_height_cm) / (1000000)::numeric))) <= 0.01))); freight_requests_unitized_weight_matches_total: CHECK (((cargo_entry_method = 'TOTAL_WEIGHT'::text) OR (entry_quantity IS NULL) OR (entry_unit_weight_kg IS NULL) OR (units_per_entry IS NULL) OR (abs((cargo_weight_kg - ((entry_quantity * entry_unit_weight_kg) * (units_per_entry)::numeric))) <= 0.01))); freight_requests_units_per_entry_positive: CHECK (((units_per_entry IS NULL) OR (units_per_entry > 0))); freight_requests_v2_budget_currency: CHECK (((budget_currency IS NULL) OR (budget_currency = 'USD'::text))); freight_requests_v2_delivery_window: CHECK (((delivery_window_start IS NULL) OR ((delivery_window_end IS NOT NULL) AND (delivery_window_end > delivery_window_start)))); freight_requests_v2_snapshot_shape: CHECK (((v2_snapshot IS NULL) OR ((jsonb_typeof(v2_snapshot) = 'object'::text) AND (jsonb_typeof(v2_creation_payload) = 'object'::text) AND (v2_contract_version = '2.0'::text) AND ((v2_snapshot ->> 'schemaVersion'::text) = '2.0'::text) AND (v2_snapshot ? 'cargoSpecification'::text) AND (v2_snapshot ? 'contacts'::text) AND (budget_currency IS DISTINCT FROM 'PEN'::text)))); freight_requests_weight_positive: CHECK ((cargo_weight_kg > (0)::numeric))","CREATE INDEX freight_requests_cargo_category_idx ON public.freight_requests USING btree (cargo_category_id); CREATE INDEX freight_requests_cargo_profile_idx ON public.freight_requests USING btree (cargo_profile_id) WHERE (cargo_profile_id IS NOT NULL); CREATE UNIQUE INDEX freight_requests_code_key ON public.freight_requests USING btree (code); CREATE INDEX freight_requests_confirmed_by_idx ON public.freight_requests USING btree (confirmed_by_member_id) WHERE (confirmed_by_member_id IS NOT NULL); CREATE UNIQUE INDEX freight_requests_creation_idempotency_idx ON public.freight_requests USING btree (organization_id, requested_by_member_id, creation_idempotency_key) WHERE (creation_idempotency_key IS NOT NULL); CREATE INDEX freight_requests_destination_facility_idx ON public.freight_requests USING btree (destination_facility_id) WHERE (destination_facility_id IS NOT NULL); CREATE INDEX freight_requests_org_cargo_profile_idx ON public.freight_requests USING btree (organization_id, cargo_profile_id) WHERE (cargo_profile_id IS NOT NULL); CREATE INDEX freight_requests_org_draft_version_idx ON public.freight_requests USING btree (organization_id, draft_version); CREATE INDEX freight_requests_org_status_created_idx ON public.freight_requests USING btree (organization_id, status, created_at DESC); CREATE INDEX freight_requests_origin_facility_idx ON public.freight_requests USING btree (origin_facility_id) WHERE (origin_facility_id IS NOT NULL); CREATE UNIQUE INDEX freight_requests_pkey ON public.freight_requests USING btree (id); CREATE INDEX freight_requests_requester_idx ON public.freight_requests USING btree (requested_by_member_id) WHERE (requested_by_member_id IS NOT NULL); CREATE INDEX freight_requests_v2_org_created_idx ON public.freight_requests USING btree (organization_id, created_at DESC) WHERE (v2_contract_version = '2.0'::text)",cargomesh/src/shared/schemas/v2/freight-request.ts:126; schema freight-request.ts:CreateFreightRequestV2InputSchema; field cargoSpecification.packaging,cargoSpecification.packaging,ZodString,False,False,"{""type"":""ZodString"",""optional"":false,""nullable"":false,""checks"":[{""kind"":""trim""},{""kind"":""min"",""value"":1}]}",cargomesh/src/shared/schemas/v2/freight-request.ts:148; schema freight-request.ts:FreightRequestV2ResponseSchema; field cargoSpecification.packaging,cargoSpecification.packaging,ZodString,False,False,supabase-v2/supabase/migrations/20260927064713_hac12_road_vertical.sql:4,request,"[{""file"":""roundtrips.json"",""row"":21,""id"":""a8085b64-73e5-4704-b81a-f4262131f95c"",""state"":""VALUE"",""inputState"":""VALUE"",""inputEqualsRead"":true,""value"":""PALLET""},{""file"":""extended-roundtrips.json"",""row"":5,""id"":""82f5d33a-d482-46b8-b2c3-53fcc4e8a88d"",""state"":""VALUE"",""inputState"":""VALUE"",""inputEqualsRead"":true,""value"":""PALLET""}]",COMPLETO,Resolved storage and current typed output agree with a concrete POST/GET or measured read projection,HAC-40 / Cristhian,29c385fe0ee501eb4b8b989b0a247c8fdeda62ad,POST /api/v2/freight/requests/:id/revisions; POST /api/v2/freight/requests/:id/submissions; POST /api/v2/freight/requests; POST /api/v2/freight/requests/:requestId/route-alternatives; POST /api/v2/freight/requests/:requestId/routes; POST /api/v2/freight/requests/:requestId/plans; POST /api/v2/freight/requests/:requestId/opportunities; POST /api/v2/freight/requests/:requestId/ranking; POST /api/v2/freight/requests/:requestId/decisions; POST /api/v2/freight/requests/:requestId/decisions/:id/revocations,GET /api/v2/freight/requests; GET /api/v2/freight/requests/:id/serviceability; GET /api/v2/freight/requests/:id; GET /api/v2/freight/requests/:requestId/routes; GET /api/v2/freight/requests/:requestId/routes/:id; GET /api/v2/freight/requests/:requestId/plans; GET /api/v2/freight/requests/:requestId/plans/:id; GET /api/v2/freight/requests/:requestId/opportunities; GET /api/v2/freight/requests/:requestId/opportunities/:id; GET /api/v2/freight/requests/:requestId/offers; GET /api/v2/freight/requests/:requestId/offers/:id; GET /api/v2/freight/requests/:requestId/ranking; GET /api/v2/freight/requests/:requestId/ranking/:id; GET /api/v2/freight/requests/:requestId/decisions; GET /api/v2/freight/requests/:requestId/decisions/:id,logs/class-matrix.json: CargoSpecification (catalog grants/policies/table ACL); logs/independent-rls-result.json; logs/auth-controls.json
34,CargoSpecification,totalWeightKg,number,False,COMPLETO,freight_requests.v2_snapshot.cargoSpecification.totalWeightKg,60,freight_requests.v2_snapshot.cargoSpecification.totalWeightKg,freight_requests.v2_snapshot.cargoSpecification.totalWeightKg,jsonb,YES,None,"freight_requests_budget_positive: CHECK (((budget_max IS NULL) OR (budget_max > (0)::numeric))); freight_requests_cargo_category_id_fkey: FOREIGN KEY (cargo_category_id) REFERENCES cargo_categories(id); freight_requests_cargo_entry_method_check: CHECK ((cargo_entry_method = ANY (ARRAY['TOTAL_WEIGHT'::text, 'UNITS'::text, 'PACKAGES'::text, 'PALLETS'::text, 'LOTS'::text, 'SACKS'::text]))); freight_requests_cargo_specifications_object: CHECK ((jsonb_typeof(cargo_specifications) = 'object'::text)); freight_requests_code_key: UNIQUE (code); freight_requests_confirmed_by_member_id_fkey: FOREIGN KEY (confirmed_by_member_id) REFERENCES organization_members(id); freight_requests_creation_receipt_check: CHECK ((((creation_idempotency_key IS NULL) AND (creation_payload_hash IS NULL)) OR ((creation_idempotency_key IS NOT NULL) AND (creation_payload_hash IS NOT NULL) AND (requested_by_member_id IS NOT NULL) AND (creation_payload_hash ~ '^[0-9a-f]{64}$'::text)))); freight_requests_destination_facility_same_org: FOREIGN KEY (destination_facility_id, organization_id) REFERENCES facilities(id, organization_id); freight_requests_destination_region_not_blank: CHECK (((destination_region IS NULL) OR (length(btrim(destination_region)) > 0))); freight_requests_draft_version_positive: CHECK ((draft_version >= 1)); freight_requests_entry_dimensions_positive: CHECK ((((entry_length_cm IS NULL) OR (entry_length_cm > (0)::numeric)) AND ((entry_width_cm IS NULL) OR (entry_width_cm > (0)::numeric)) AND ((entry_height_cm IS NULL) OR (entry_height_cm > (0)::numeric)))); freight_requests_entry_quantity_positive: CHECK (((entry_quantity IS NULL) OR (entry_quantity > (0)::numeric))); freight_requests_entry_unit_weight_positive: CHECK (((entry_unit_weight_kg IS NULL) OR (entry_unit_weight_kg > (0)::numeric))); freight_requests_organization_cargo_profile_fkey: FOREIGN KEY (organization_id, cargo_profile_id) REFERENCES organization_cargo_profiles(organization_id, id); freight_requests_organization_id_fkey: FOREIGN KEY (organization_id) REFERENCES organizations(id) ON DELETE CASCADE; freight_requests_origin_facility_same_org: FOREIGN KEY (origin_facility_id, organization_id) REFERENCES facilities(id, organization_id); freight_requests_origin_region_not_blank: CHECK (((origin_region IS NULL) OR (length(btrim(origin_region)) > 0))); freight_requests_pickup_mode_check: CHECK ((pickup_mode = ANY (ARRAY['ASAP'::text, 'SCHEDULED'::text]))); freight_requests_pickup_window_check: CHECK (((pickup_window_end IS NULL) OR (pickup_window_start IS NULL) OR (pickup_window_end > pickup_window_start))); freight_requests_pkey: PRIMARY KEY (id); freight_requests_requested_by_member_id_fkey: FOREIGN KEY (requested_by_member_id) REFERENCES organization_members(id); freight_requests_selection_objective_check: CHECK ((selection_objective = ANY (ARRAY['LOWEST_COST'::text, 'FASTEST'::text, 'WEIGHTED'::text]))); freight_requests_status_check: CHECK ((status = ANY (ARRAY['DRAFT'::text, 'PENDING'::text, 'ORCHESTRATING'::text, 'AWAITING_SELECTION'::text, 'BOOKING'::text, 'BOOKED'::text, 'FAILED'::text, 'CANCELLED'::text]))); freight_requests_unitized_intake_complete: CHECK (((status = 'DRAFT'::text) OR (cargo_entry_method = 'TOTAL_WEIGHT'::text) OR ((entry_quantity IS NOT NULL) AND (entry_unit_weight_kg IS NOT NULL) AND (units_per_entry IS NOT NULL)))); freight_requests_unitized_volume_matches_total: CHECK (((cargo_volume_m3 IS NULL) OR (entry_quantity IS NULL) OR (units_per_entry IS NULL) OR (entry_length_cm IS NULL) OR (entry_width_cm IS NULL) OR (entry_height_cm IS NULL) OR (abs((cargo_volume_m3 - (((((entry_quantity * (units_per_entry)::numeric) * entry_length_cm) * entry_width_cm) * entry_height_cm) / (1000000)::numeric))) <= 0.01))); freight_requests_unitized_weight_matches_total: CHECK (((cargo_entry_method = 'TOTAL_WEIGHT'::text) OR (entry_quantity IS NULL) OR (entry_unit_weight_kg IS NULL) OR (units_per_entry IS NULL) OR (abs((cargo_weight_kg - ((entry_quantity * entry_unit_weight_kg) * (units_per_entry)::numeric))) <= 0.01))); freight_requests_units_per_entry_positive: CHECK (((units_per_entry IS NULL) OR (units_per_entry > 0))); freight_requests_v2_budget_currency: CHECK (((budget_currency IS NULL) OR (budget_currency = 'USD'::text))); freight_requests_v2_delivery_window: CHECK (((delivery_window_start IS NULL) OR ((delivery_window_end IS NOT NULL) AND (delivery_window_end > delivery_window_start)))); freight_requests_v2_snapshot_shape: CHECK (((v2_snapshot IS NULL) OR ((jsonb_typeof(v2_snapshot) = 'object'::text) AND (jsonb_typeof(v2_creation_payload) = 'object'::text) AND (v2_contract_version = '2.0'::text) AND ((v2_snapshot ->> 'schemaVersion'::text) = '2.0'::text) AND (v2_snapshot ? 'cargoSpecification'::text) AND (v2_snapshot ? 'contacts'::text) AND (budget_currency IS DISTINCT FROM 'PEN'::text)))); freight_requests_weight_positive: CHECK ((cargo_weight_kg > (0)::numeric))","CREATE INDEX freight_requests_cargo_category_idx ON public.freight_requests USING btree (cargo_category_id); CREATE INDEX freight_requests_cargo_profile_idx ON public.freight_requests USING btree (cargo_profile_id) WHERE (cargo_profile_id IS NOT NULL); CREATE UNIQUE INDEX freight_requests_code_key ON public.freight_requests USING btree (code); CREATE INDEX freight_requests_confirmed_by_idx ON public.freight_requests USING btree (confirmed_by_member_id) WHERE (confirmed_by_member_id IS NOT NULL); CREATE UNIQUE INDEX freight_requests_creation_idempotency_idx ON public.freight_requests USING btree (organization_id, requested_by_member_id, creation_idempotency_key) WHERE (creation_idempotency_key IS NOT NULL); CREATE INDEX freight_requests_destination_facility_idx ON public.freight_requests USING btree (destination_facility_id) WHERE (destination_facility_id IS NOT NULL); CREATE INDEX freight_requests_org_cargo_profile_idx ON public.freight_requests USING btree (organization_id, cargo_profile_id) WHERE (cargo_profile_id IS NOT NULL); CREATE INDEX freight_requests_org_draft_version_idx ON public.freight_requests USING btree (organization_id, draft_version); CREATE INDEX freight_requests_org_status_created_idx ON public.freight_requests USING btree (organization_id, status, created_at DESC); CREATE INDEX freight_requests_origin_facility_idx ON public.freight_requests USING btree (origin_facility_id) WHERE (origin_facility_id IS NOT NULL); CREATE UNIQUE INDEX freight_requests_pkey ON public.freight_requests USING btree (id); CREATE INDEX freight_requests_requester_idx ON public.freight_requests USING btree (requested_by_member_id) WHERE (requested_by_member_id IS NOT NULL); CREATE INDEX freight_requests_v2_org_created_idx ON public.freight_requests USING btree (organization_id, created_at DESC) WHERE (v2_contract_version = '2.0'::text)",cargomesh/src/shared/schemas/v2/freight-request.ts:126; schema freight-request.ts:CreateFreightRequestV2InputSchema; field cargoSpecification.totalWeightKg,cargoSpecification.totalWeightKg,ZodNumber,False,False,"{""type"":""ZodNumber"",""optional"":false,""nullable"":false,""checks"":[{""kind"":""min"",""value"":0,""inclusive"":false}]}",cargomesh/src/shared/schemas/v2/freight-request.ts:148; schema freight-request.ts:FreightRequestV2ResponseSchema; field cargoSpecification.totalWeightKg,cargoSpecification.totalWeightKg,ZodNumber,False,False,supabase-v2/supabase/migrations/20260927064713_hac12_road_vertical.sql:4,request,"[{""file"":""roundtrips.json"",""row"":21,""id"":""a8085b64-73e5-4704-b81a-f4262131f95c"",""state"":""VALUE"",""inputState"":""VALUE"",""inputEqualsRead"":true,""value"":4800},{""file"":""extended-roundtrips.json"",""row"":5,""id"":""82f5d33a-d482-46b8-b2c3-53fcc4e8a88d"",""state"":""VALUE"",""inputState"":""VALUE"",""inputEqualsRead"":true,""value"":1000}]",COMPLETO,Resolved storage and current typed output agree with a concrete POST/GET or measured read projection,HAC-40 / Cristhian,29c385fe0ee501eb4b8b989b0a247c8fdeda62ad,POST /api/v2/freight/requests/:id/revisions; POST /api/v2/freight/requests/:id/submissions; POST /api/v2/freight/requests; POST /api/v2/freight/requests/:requestId/route-alternatives; POST /api/v2/freight/requests/:requestId/routes; POST /api/v2/freight/requests/:requestId/plans; POST /api/v2/freight/requests/:requestId/opportunities; POST /api/v2/freight/requests/:requestId/ranking; POST /api/v2/freight/requests/:requestId/decisions; POST /api/v2/freight/requests/:requestId/decisions/:id/revocations,GET /api/v2/freight/requests; GET /api/v2/freight/requests/:id/serviceability; GET /api/v2/freight/requests/:id; GET /api/v2/freight/requests/:requestId/routes; GET /api/v2/freight/requests/:requestId/routes/:id; GET /api/v2/freight/requests/:requestId/plans; GET /api/v2/freight/requests/:requestId/plans/:id; GET /api/v2/freight/requests/:requestId/opportunities; GET /api/v2/freight/requests/:requestId/opportunities/:id; GET /api/v2/freight/requests/:requestId/offers; GET /api/v2/freight/requests/:requestId/offers/:id; GET /api/v2/freight/requests/:requestId/ranking; GET /api/v2/freight/requests/:requestId/ranking/:id; GET /api/v2/freight/requests/:requestId/decisions; GET /api/v2/freight/requests/:requestId/decisions/:id,logs/class-matrix.json: CargoSpecification (catalog grants/policies/table ACL); logs/independent-rls-result.json; logs/auth-controls.json
35,CargoSpecification,totalVolumeM3,number,True,COMPLETO,freight_requests.v2_snapshot.cargoSpecification.totalVolumeM3,61,freight_requests.v2_snapshot.cargoSpecification.totalVolumeM3,freight_requests.v2_snapshot.cargoSpecification.totalVolumeM3,jsonb,YES,None,"freight_requests_budget_positive: CHECK (((budget_max IS NULL) OR (budget_max > (0)::numeric))); freight_requests_cargo_category_id_fkey: FOREIGN KEY (cargo_category_id) REFERENCES cargo_categories(id); freight_requests_cargo_entry_method_check: CHECK ((cargo_entry_method = ANY (ARRAY['TOTAL_WEIGHT'::text, 'UNITS'::text, 'PACKAGES'::text, 'PALLETS'::text, 'LOTS'::text, 'SACKS'::text]))); freight_requests_cargo_specifications_object: CHECK ((jsonb_typeof(cargo_specifications) = 'object'::text)); freight_requests_code_key: UNIQUE (code); freight_requests_confirmed_by_member_id_fkey: FOREIGN KEY (confirmed_by_member_id) REFERENCES organization_members(id); freight_requests_creation_receipt_check: CHECK ((((creation_idempotency_key IS NULL) AND (creation_payload_hash IS NULL)) OR ((creation_idempotency_key IS NOT NULL) AND (creation_payload_hash IS NOT NULL) AND (requested_by_member_id IS NOT NULL) AND (creation_payload_hash ~ '^[0-9a-f]{64}$'::text)))); freight_requests_destination_facility_same_org: FOREIGN KEY (destination_facility_id, organization_id) REFERENCES facilities(id, organization_id); freight_requests_destination_region_not_blank: CHECK (((destination_region IS NULL) OR (length(btrim(destination_region)) > 0))); freight_requests_draft_version_positive: CHECK ((draft_version >= 1)); freight_requests_entry_dimensions_positive: CHECK ((((entry_length_cm IS NULL) OR (entry_length_cm > (0)::numeric)) AND ((entry_width_cm IS NULL) OR (entry_width_cm > (0)::numeric)) AND ((entry_height_cm IS NULL) OR (entry_height_cm > (0)::numeric)))); freight_requests_entry_quantity_positive: CHECK (((entry_quantity IS NULL) OR (entry_quantity > (0)::numeric))); freight_requests_entry_unit_weight_positive: CHECK (((entry_unit_weight_kg IS NULL) OR (entry_unit_weight_kg > (0)::numeric))); freight_requests_organization_cargo_profile_fkey: FOREIGN KEY (organization_id, cargo_profile_id) REFERENCES organization_cargo_profiles(organization_id, id); freight_requests_organization_id_fkey: FOREIGN KEY (organization_id) REFERENCES organizations(id) ON DELETE CASCADE; freight_requests_origin_facility_same_org: FOREIGN KEY (origin_facility_id, organization_id) REFERENCES facilities(id, organization_id); freight_requests_origin_region_not_blank: CHECK (((origin_region IS NULL) OR (length(btrim(origin_region)) > 0))); freight_requests_pickup_mode_check: CHECK ((pickup_mode = ANY (ARRAY['ASAP'::text, 'SCHEDULED'::text]))); freight_requests_pickup_window_check: CHECK (((pickup_window_end IS NULL) OR (pickup_window_start IS NULL) OR (pickup_window_end > pickup_window_start))); freight_requests_pkey: PRIMARY KEY (id); freight_requests_requested_by_member_id_fkey: FOREIGN KEY (requested_by_member_id) REFERENCES organization_members(id); freight_requests_selection_objective_check: CHECK ((selection_objective = ANY (ARRAY['LOWEST_COST'::text, 'FASTEST'::text, 'WEIGHTED'::text]))); freight_requests_status_check: CHECK ((status = ANY (ARRAY['DRAFT'::text, 'PENDING'::text, 'ORCHESTRATING'::text, 'AWAITING_SELECTION'::text, 'BOOKING'::text, 'BOOKED'::text, 'FAILED'::text, 'CANCELLED'::text]))); freight_requests_unitized_intake_complete: CHECK (((status = 'DRAFT'::text) OR (cargo_entry_method = 'TOTAL_WEIGHT'::text) OR ((entry_quantity IS NOT NULL) AND (entry_unit_weight_kg IS NOT NULL) AND (units_per_entry IS NOT NULL)))); freight_requests_unitized_volume_matches_total: CHECK (((cargo_volume_m3 IS NULL) OR (entry_quantity IS NULL) OR (units_per_entry IS NULL) OR (entry_length_cm IS NULL) OR (entry_width_cm IS NULL) OR (entry_height_cm IS NULL) OR (abs((cargo_volume_m3 - (((((entry_quantity * (units_per_entry)::numeric) * entry_length_cm) * entry_width_cm) * entry_height_cm) / (1000000)::numeric))) <= 0.01))); freight_requests_unitized_weight_matches_total: CHECK (((cargo_entry_method = 'TOTAL_WEIGHT'::text) OR (entry_quantity IS NULL) OR (entry_unit_weight_kg IS NULL) OR (units_per_entry IS NULL) OR (abs((cargo_weight_kg - ((entry_quantity * entry_unit_weight_kg) * (units_per_entry)::numeric))) <= 0.01))); freight_requests_units_per_entry_positive: CHECK (((units_per_entry IS NULL) OR (units_per_entry > 0))); freight_requests_v2_budget_currency: CHECK (((budget_currency IS NULL) OR (budget_currency = 'USD'::text))); freight_requests_v2_delivery_window: CHECK (((delivery_window_start IS NULL) OR ((delivery_window_end IS NOT NULL) AND (delivery_window_end > delivery_window_start)))); freight_requests_v2_snapshot_shape: CHECK (((v2_snapshot IS NULL) OR ((jsonb_typeof(v2_snapshot) = 'object'::text) AND (jsonb_typeof(v2_creation_payload) = 'object'::text) AND (v2_contract_version = '2.0'::text) AND ((v2_snapshot ->> 'schemaVersion'::text) = '2.0'::text) AND (v2_snapshot ? 'cargoSpecification'::text) AND (v2_snapshot ? 'contacts'::text) AND (budget_currency IS DISTINCT FROM 'PEN'::text)))); freight_requests_weight_positive: CHECK ((cargo_weight_kg > (0)::numeric))","CREATE INDEX freight_requests_cargo_category_idx ON public.freight_requests USING btree (cargo_category_id); CREATE INDEX freight_requests_cargo_profile_idx ON public.freight_requests USING btree (cargo_profile_id) WHERE (cargo_profile_id IS NOT NULL); CREATE UNIQUE INDEX freight_requests_code_key ON public.freight_requests USING btree (code); CREATE INDEX freight_requests_confirmed_by_idx ON public.freight_requests USING btree (confirmed_by_member_id) WHERE (confirmed_by_member_id IS NOT NULL); CREATE UNIQUE INDEX freight_requests_creation_idempotency_idx ON public.freight_requests USING btree (organization_id, requested_by_member_id, creation_idempotency_key) WHERE (creation_idempotency_key IS NOT NULL); CREATE INDEX freight_requests_destination_facility_idx ON public.freight_requests USING btree (destination_facility_id) WHERE (destination_facility_id IS NOT NULL); CREATE INDEX freight_requests_org_cargo_profile_idx ON public.freight_requests USING btree (organization_id, cargo_profile_id) WHERE (cargo_profile_id IS NOT NULL); CREATE INDEX freight_requests_org_draft_version_idx ON public.freight_requests USING btree (organization_id, draft_version); CREATE INDEX freight_requests_org_status_created_idx ON public.freight_requests USING btree (organization_id, status, created_at DESC); CREATE INDEX freight_requests_origin_facility_idx ON public.freight_requests USING btree (origin_facility_id) WHERE (origin_facility_id IS NOT NULL); CREATE UNIQUE INDEX freight_requests_pkey ON public.freight_requests USING btree (id); CREATE INDEX freight_requests_requester_idx ON public.freight_requests USING btree (requested_by_member_id) WHERE (requested_by_member_id IS NOT NULL); CREATE INDEX freight_requests_v2_org_created_idx ON public.freight_requests USING btree (organization_id, created_at DESC) WHERE (v2_contract_version = '2.0'::text)",cargomesh/src/shared/schemas/v2/freight-request.ts:126; schema freight-request.ts:CreateFreightRequestV2InputSchema; field cargoSpecification.totalVolumeM3,cargoSpecification.totalVolumeM3,ZodNumber,False,False,"{""type"":""ZodNumber"",""optional"":false,""nullable"":false,""checks"":[{""kind"":""min"",""value"":0,""inclusive"":false}]}",cargomesh/src/shared/schemas/v2/freight-request.ts:148; schema freight-request.ts:FreightRequestV2ResponseSchema; field cargoSpecification.totalVolumeM3,cargoSpecification.totalVolumeM3,ZodNumber,False,False,supabase-v2/supabase/migrations/20260927064713_hac12_road_vertical.sql:4,request,"[{""file"":""roundtrips.json"",""row"":21,""id"":""a8085b64-73e5-4704-b81a-f4262131f95c"",""state"":""VALUE"",""inputState"":""VALUE"",""inputEqualsRead"":true,""value"":19.2},{""file"":""extended-roundtrips.json"",""row"":5,""id"":""82f5d33a-d482-46b8-b2c3-53fcc4e8a88d"",""state"":""VALUE"",""inputState"":""VALUE"",""inputEqualsRead"":true,""value"":2}]",COMPLETO,Resolved storage and current typed output agree with a concrete POST/GET or measured read projection,HAC-40 / Cristhian,29c385fe0ee501eb4b8b989b0a247c8fdeda62ad,POST /api/v2/freight/requests/:id/revisions; POST /api/v2/freight/requests/:id/submissions; POST /api/v2/freight/requests; POST /api/v2/freight/requests/:requestId/route-alternatives; POST /api/v2/freight/requests/:requestId/routes; POST /api/v2/freight/requests/:requestId/plans; POST /api/v2/freight/requests/:requestId/opportunities; POST /api/v2/freight/requests/:requestId/ranking; POST /api/v2/freight/requests/:requestId/decisions; POST /api/v2/freight/requests/:requestId/decisions/:id/revocations,GET /api/v2/freight/requests; GET /api/v2/freight/requests/:id/serviceability; GET /api/v2/freight/requests/:id; GET /api/v2/freight/requests/:requestId/routes; GET /api/v2/freight/requests/:requestId/routes/:id; GET /api/v2/freight/requests/:requestId/plans; GET /api/v2/freight/requests/:requestId/plans/:id; GET /api/v2/freight/requests/:requestId/opportunities; GET /api/v2/freight/requests/:requestId/opportunities/:id; GET /api/v2/freight/requests/:requestId/offers; GET /api/v2/freight/requests/:requestId/offers/:id; GET /api/v2/freight/requests/:requestId/ranking; GET /api/v2/freight/requests/:requestId/ranking/:id; GET /api/v2/freight/requests/:requestId/decisions; GET /api/v2/freight/requests/:requestId/decisions/:id,logs/class-matrix.json: CargoSpecification (catalog grants/policies/table ACL); logs/independent-rls-result.json; logs/auth-controls.json
36,CargoSpecification,divisible,boolean,False,COMPLETO,freight_requests.v2_snapshot.cargoSpecification.divisible,62,freight_requests.v2_snapshot.cargoSpecification.divisible,freight_requests.v2_snapshot.cargoSpecification.divisible,jsonb,YES,None,"freight_requests_budget_positive: CHECK (((budget_max IS NULL) OR (budget_max > (0)::numeric))); freight_requests_cargo_category_id_fkey: FOREIGN KEY (cargo_category_id) REFERENCES cargo_categories(id); freight_requests_cargo_entry_method_check: CHECK ((cargo_entry_method = ANY (ARRAY['TOTAL_WEIGHT'::text, 'UNITS'::text, 'PACKAGES'::text, 'PALLETS'::text, 'LOTS'::text, 'SACKS'::text]))); freight_requests_cargo_specifications_object: CHECK ((jsonb_typeof(cargo_specifications) = 'object'::text)); freight_requests_code_key: UNIQUE (code); freight_requests_confirmed_by_member_id_fkey: FOREIGN KEY (confirmed_by_member_id) REFERENCES organization_members(id); freight_requests_creation_receipt_check: CHECK ((((creation_idempotency_key IS NULL) AND (creation_payload_hash IS NULL)) OR ((creation_idempotency_key IS NOT NULL) AND (creation_payload_hash IS NOT NULL) AND (requested_by_member_id IS NOT NULL) AND (creation_payload_hash ~ '^[0-9a-f]{64}$'::text)))); freight_requests_destination_facility_same_org: FOREIGN KEY (destination_facility_id, organization_id) REFERENCES facilities(id, organization_id); freight_requests_destination_region_not_blank: CHECK (((destination_region IS NULL) OR (length(btrim(destination_region)) > 0))); freight_requests_draft_version_positive: CHECK ((draft_version >= 1)); freight_requests_entry_dimensions_positive: CHECK ((((entry_length_cm IS NULL) OR (entry_length_cm > (0)::numeric)) AND ((entry_width_cm IS NULL) OR (entry_width_cm > (0)::numeric)) AND ((entry_height_cm IS NULL) OR (entry_height_cm > (0)::numeric)))); freight_requests_entry_quantity_positive: CHECK (((entry_quantity IS NULL) OR (entry_quantity > (0)::numeric))); freight_requests_entry_unit_weight_positive: CHECK (((entry_unit_weight_kg IS NULL) OR (entry_unit_weight_kg > (0)::numeric))); freight_requests_organization_cargo_profile_fkey: FOREIGN KEY (organization_id, cargo_profile_id) REFERENCES organization_cargo_profiles(organization_id, id); freight_requests_organization_id_fkey: FOREIGN KEY (organization_id) REFERENCES organizations(id) ON DELETE CASCADE; freight_requests_origin_facility_same_org: FOREIGN KEY (origin_facility_id, organization_id) REFERENCES facilities(id, organization_id); freight_requests_origin_region_not_blank: CHECK (((origin_region IS NULL) OR (length(btrim(origin_region)) > 0))); freight_requests_pickup_mode_check: CHECK ((pickup_mode = ANY (ARRAY['ASAP'::text, 'SCHEDULED'::text]))); freight_requests_pickup_window_check: CHECK (((pickup_window_end IS NULL) OR (pickup_window_start IS NULL) OR (pickup_window_end > pickup_window_start))); freight_requests_pkey: PRIMARY KEY (id); freight_requests_requested_by_member_id_fkey: FOREIGN KEY (requested_by_member_id) REFERENCES organization_members(id); freight_requests_selection_objective_check: CHECK ((selection_objective = ANY (ARRAY['LOWEST_COST'::text, 'FASTEST'::text, 'WEIGHTED'::text]))); freight_requests_status_check: CHECK ((status = ANY (ARRAY['DRAFT'::text, 'PENDING'::text, 'ORCHESTRATING'::text, 'AWAITING_SELECTION'::text, 'BOOKING'::text, 'BOOKED'::text, 'FAILED'::text, 'CANCELLED'::text]))); freight_requests_unitized_intake_complete: CHECK (((status = 'DRAFT'::text) OR (cargo_entry_method = 'TOTAL_WEIGHT'::text) OR ((entry_quantity IS NOT NULL) AND (entry_unit_weight_kg IS NOT NULL) AND (units_per_entry IS NOT NULL)))); freight_requests_unitized_volume_matches_total: CHECK (((cargo_volume_m3 IS NULL) OR (entry_quantity IS NULL) OR (units_per_entry IS NULL) OR (entry_length_cm IS NULL) OR (entry_width_cm IS NULL) OR (entry_height_cm IS NULL) OR (abs((cargo_volume_m3 - (((((entry_quantity * (units_per_entry)::numeric) * entry_length_cm) * entry_width_cm) * entry_height_cm) / (1000000)::numeric))) <= 0.01))); freight_requests_unitized_weight_matches_total: CHECK (((cargo_entry_method = 'TOTAL_WEIGHT'::text) OR (entry_quantity IS NULL) OR (entry_unit_weight_kg IS NULL) OR (units_per_entry IS NULL) OR (abs((cargo_weight_kg - ((entry_quantity * entry_unit_weight_kg) * (units_per_entry)::numeric))) <= 0.01))); freight_requests_units_per_entry_positive: CHECK (((units_per_entry IS NULL) OR (units_per_entry > 0))); freight_requests_v2_budget_currency: CHECK (((budget_currency IS NULL) OR (budget_currency = 'USD'::text))); freight_requests_v2_delivery_window: CHECK (((delivery_window_start IS NULL) OR ((delivery_window_end IS NOT NULL) AND (delivery_window_end > delivery_window_start)))); freight_requests_v2_snapshot_shape: CHECK (((v2_snapshot IS NULL) OR ((jsonb_typeof(v2_snapshot) = 'object'::text) AND (jsonb_typeof(v2_creation_payload) = 'object'::text) AND (v2_contract_version = '2.0'::text) AND ((v2_snapshot ->> 'schemaVersion'::text) = '2.0'::text) AND (v2_snapshot ? 'cargoSpecification'::text) AND (v2_snapshot ? 'contacts'::text) AND (budget_currency IS DISTINCT FROM 'PEN'::text)))); freight_requests_weight_positive: CHECK ((cargo_weight_kg > (0)::numeric))","CREATE INDEX freight_requests_cargo_category_idx ON public.freight_requests USING btree (cargo_category_id); CREATE INDEX freight_requests_cargo_profile_idx ON public.freight_requests USING btree (cargo_profile_id) WHERE (cargo_profile_id IS NOT NULL); CREATE UNIQUE INDEX freight_requests_code_key ON public.freight_requests USING btree (code); CREATE INDEX freight_requests_confirmed_by_idx ON public.freight_requests USING btree (confirmed_by_member_id) WHERE (confirmed_by_member_id IS NOT NULL); CREATE UNIQUE INDEX freight_requests_creation_idempotency_idx ON public.freight_requests USING btree (organization_id, requested_by_member_id, creation_idempotency_key) WHERE (creation_idempotency_key IS NOT NULL); CREATE INDEX freight_requests_destination_facility_idx ON public.freight_requests USING btree (destination_facility_id) WHERE (destination_facility_id IS NOT NULL); CREATE INDEX freight_requests_org_cargo_profile_idx ON public.freight_requests USING btree (organization_id, cargo_profile_id) WHERE (cargo_profile_id IS NOT NULL); CREATE INDEX freight_requests_org_draft_version_idx ON public.freight_requests USING btree (organization_id, draft_version); CREATE INDEX freight_requests_org_status_created_idx ON public.freight_requests USING btree (organization_id, status, created_at DESC); CREATE INDEX freight_requests_origin_facility_idx ON public.freight_requests USING btree (origin_facility_id) WHERE (origin_facility_id IS NOT NULL); CREATE UNIQUE INDEX freight_requests_pkey ON public.freight_requests USING btree (id); CREATE INDEX freight_requests_requester_idx ON public.freight_requests USING btree (requested_by_member_id) WHERE (requested_by_member_id IS NOT NULL); CREATE INDEX freight_requests_v2_org_created_idx ON public.freight_requests USING btree (organization_id, created_at DESC) WHERE (v2_contract_version = '2.0'::text)",cargomesh/src/shared/schemas/v2/freight-request.ts:126; schema freight-request.ts:CreateFreightRequestV2InputSchema; field cargoSpecification.divisible,cargoSpecification.divisible,ZodBoolean,False,False,"{""type"":""ZodBoolean"",""optional"":false,""nullable"":false}",cargomesh/src/shared/schemas/v2/freight-request.ts:148; schema freight-request.ts:FreightRequestV2ResponseSchema; field cargoSpecification.divisible,cargoSpecification.divisible,ZodBoolean,False,False,supabase-v2/supabase/migrations/20260927064713_hac12_road_vertical.sql:4,request,"[{""file"":""roundtrips.json"",""row"":21,""id"":""a8085b64-73e5-4704-b81a-f4262131f95c"",""state"":""VALUE"",""inputState"":""VALUE"",""inputEqualsRead"":true,""value"":false},{""file"":""extended-roundtrips.json"",""row"":5,""id"":""82f5d33a-d482-46b8-b2c3-53fcc4e8a88d"",""state"":""VALUE"",""inputState"":""VALUE"",""inputEqualsRead"":true,""value"":true}]",COMPLETO,Resolved storage and current typed output agree with a concrete POST/GET or measured read projection,HAC-40 / Cristhian,29c385fe0ee501eb4b8b989b0a247c8fdeda62ad,POST /api/v2/freight/requests/:id/revisions; POST /api/v2/freight/requests/:id/submissions; POST /api/v2/freight/requests; POST /api/v2/freight/requests/:requestId/route-alternatives; POST /api/v2/freight/requests/:requestId/routes; POST /api/v2/freight/requests/:requestId/plans; POST /api/v2/freight/requests/:requestId/opportunities; POST /api/v2/freight/requests/:requestId/ranking; POST /api/v2/freight/requests/:requestId/decisions; POST /api/v2/freight/requests/:requestId/decisions/:id/revocations,GET /api/v2/freight/requests; GET /api/v2/freight/requests/:id/serviceability; GET /api/v2/freight/requests/:id; GET /api/v2/freight/requests/:requestId/routes; GET /api/v2/freight/requests/:requestId/routes/:id; GET /api/v2/freight/requests/:requestId/plans; GET /api/v2/freight/requests/:requestId/plans/:id; GET /api/v2/freight/requests/:requestId/opportunities; GET /api/v2/freight/requests/:requestId/opportunities/:id; GET /api/v2/freight/requests/:requestId/offers; GET /api/v2/freight/requests/:requestId/offers/:id; GET /api/v2/freight/requests/:requestId/ranking; GET /api/v2/freight/requests/:requestId/ranking/:id; GET /api/v2/freight/requests/:requestId/decisions; GET /api/v2/freight/requests/:requestId/decisions/:id,logs/class-matrix.json: CargoSpecification (catalog grants/policies/table ACL); logs/independent-rls-result.json; logs/auth-controls.json
37,CargoSpecification,requirements,CargoRequirement[],False,COMPLETO,freight_requests.v2_snapshot.cargoSpecification.requirements,63,freight_requests.v2_snapshot.cargoSpecification.requirements,freight_requests.v2_snapshot.cargoSpecification.requirements,jsonb,YES,None,"freight_requests_budget_positive: CHECK (((budget_max IS NULL) OR (budget_max > (0)::numeric))); freight_requests_cargo_category_id_fkey: FOREIGN KEY (cargo_category_id) REFERENCES cargo_categories(id); freight_requests_cargo_entry_method_check: CHECK ((cargo_entry_method = ANY (ARRAY['TOTAL_WEIGHT'::text, 'UNITS'::text, 'PACKAGES'::text, 'PALLETS'::text, 'LOTS'::text, 'SACKS'::text]))); freight_requests_cargo_specifications_object: CHECK ((jsonb_typeof(cargo_specifications) = 'object'::text)); freight_requests_code_key: UNIQUE (code); freight_requests_confirmed_by_member_id_fkey: FOREIGN KEY (confirmed_by_member_id) REFERENCES organization_members(id); freight_requests_creation_receipt_check: CHECK ((((creation_idempotency_key IS NULL) AND (creation_payload_hash IS NULL)) OR ((creation_idempotency_key IS NOT NULL) AND (creation_payload_hash IS NOT NULL) AND (requested_by_member_id IS NOT NULL) AND (creation_payload_hash ~ '^[0-9a-f]{64}$'::text)))); freight_requests_destination_facility_same_org: FOREIGN KEY (destination_facility_id, organization_id) REFERENCES facilities(id, organization_id); freight_requests_destination_region_not_blank: CHECK (((destination_region IS NULL) OR (length(btrim(destination_region)) > 0))); freight_requests_draft_version_positive: CHECK ((draft_version >= 1)); freight_requests_entry_dimensions_positive: CHECK ((((entry_length_cm IS NULL) OR (entry_length_cm > (0)::numeric)) AND ((entry_width_cm IS NULL) OR (entry_width_cm > (0)::numeric)) AND ((entry_height_cm IS NULL) OR (entry_height_cm > (0)::numeric)))); freight_requests_entry_quantity_positive: CHECK (((entry_quantity IS NULL) OR (entry_quantity > (0)::numeric))); freight_requests_entry_unit_weight_positive: CHECK (((entry_unit_weight_kg IS NULL) OR (entry_unit_weight_kg > (0)::numeric))); freight_requests_organization_cargo_profile_fkey: FOREIGN KEY (organization_id, cargo_profile_id) REFERENCES organization_cargo_profiles(organization_id, id); freight_requests_organization_id_fkey: FOREIGN KEY (organization_id) REFERENCES organizations(id) ON DELETE CASCADE; freight_requests_origin_facility_same_org: FOREIGN KEY (origin_facility_id, organization_id) REFERENCES facilities(id, organization_id); freight_requests_origin_region_not_blank: CHECK (((origin_region IS NULL) OR (length(btrim(origin_region)) > 0))); freight_requests_pickup_mode_check: CHECK ((pickup_mode = ANY (ARRAY['ASAP'::text, 'SCHEDULED'::text]))); freight_requests_pickup_window_check: CHECK (((pickup_window_end IS NULL) OR (pickup_window_start IS NULL) OR (pickup_window_end > pickup_window_start))); freight_requests_pkey: PRIMARY KEY (id); freight_requests_requested_by_member_id_fkey: FOREIGN KEY (requested_by_member_id) REFERENCES organization_members(id); freight_requests_selection_objective_check: CHECK ((selection_objective = ANY (ARRAY['LOWEST_COST'::text, 'FASTEST'::text, 'WEIGHTED'::text]))); freight_requests_status_check: CHECK ((status = ANY (ARRAY['DRAFT'::text, 'PENDING'::text, 'ORCHESTRATING'::text, 'AWAITING_SELECTION'::text, 'BOOKING'::text, 'BOOKED'::text, 'FAILED'::text, 'CANCELLED'::text]))); freight_requests_unitized_intake_complete: CHECK (((status = 'DRAFT'::text) OR (cargo_entry_method = 'TOTAL_WEIGHT'::text) OR ((entry_quantity IS NOT NULL) AND (entry_unit_weight_kg IS NOT NULL) AND (units_per_entry IS NOT NULL)))); freight_requests_unitized_volume_matches_total: CHECK (((cargo_volume_m3 IS NULL) OR (entry_quantity IS NULL) OR (units_per_entry IS NULL) OR (entry_length_cm IS NULL) OR (entry_width_cm IS NULL) OR (entry_height_cm IS NULL) OR (abs((cargo_volume_m3 - (((((entry_quantity * (units_per_entry)::numeric) * entry_length_cm) * entry_width_cm) * entry_height_cm) / (1000000)::numeric))) <= 0.01))); freight_requests_unitized_weight_matches_total: CHECK (((cargo_entry_method = 'TOTAL_WEIGHT'::text) OR (entry_quantity IS NULL) OR (entry_unit_weight_kg IS NULL) OR (units_per_entry IS NULL) OR (abs((cargo_weight_kg - ((entry_quantity * entry_unit_weight_kg) * (units_per_entry)::numeric))) <= 0.01))); freight_requests_units_per_entry_positive: CHECK (((units_per_entry IS NULL) OR (units_per_entry > 0))); freight_requests_v2_budget_currency: CHECK (((budget_currency IS NULL) OR (budget_currency = 'USD'::text))); freight_requests_v2_delivery_window: CHECK (((delivery_window_start IS NULL) OR ((delivery_window_end IS NOT NULL) AND (delivery_window_end > delivery_window_start)))); freight_requests_v2_snapshot_shape: CHECK (((v2_snapshot IS NULL) OR ((jsonb_typeof(v2_snapshot) = 'object'::text) AND (jsonb_typeof(v2_creation_payload) = 'object'::text) AND (v2_contract_version = '2.0'::text) AND ((v2_snapshot ->> 'schemaVersion'::text) = '2.0'::text) AND (v2_snapshot ? 'cargoSpecification'::text) AND (v2_snapshot ? 'contacts'::text) AND (budget_currency IS DISTINCT FROM 'PEN'::text)))); freight_requests_weight_positive: CHECK ((cargo_weight_kg > (0)::numeric))","CREATE INDEX freight_requests_cargo_category_idx ON public.freight_requests USING btree (cargo_category_id); CREATE INDEX freight_requests_cargo_profile_idx ON public.freight_requests USING btree (cargo_profile_id) WHERE (cargo_profile_id IS NOT NULL); CREATE UNIQUE INDEX freight_requests_code_key ON public.freight_requests USING btree (code); CREATE INDEX freight_requests_confirmed_by_idx ON public.freight_requests USING btree (confirmed_by_member_id) WHERE (confirmed_by_member_id IS NOT NULL); CREATE UNIQUE INDEX freight_requests_creation_idempotency_idx ON public.freight_requests USING btree (organization_id, requested_by_member_id, creation_idempotency_key) WHERE (creation_idempotency_key IS NOT NULL); CREATE INDEX freight_requests_destination_facility_idx ON public.freight_requests USING btree (destination_facility_id) WHERE (destination_facility_id IS NOT NULL); CREATE INDEX freight_requests_org_cargo_profile_idx ON public.freight_requests USING btree (organization_id, cargo_profile_id) WHERE (cargo_profile_id IS NOT NULL); CREATE INDEX freight_requests_org_draft_version_idx ON public.freight_requests USING btree (organization_id, draft_version); CREATE INDEX freight_requests_org_status_created_idx ON public.freight_requests USING btree (organization_id, status, created_at DESC); CREATE INDEX freight_requests_origin_facility_idx ON public.freight_requests USING btree (origin_facility_id) WHERE (origin_facility_id IS NOT NULL); CREATE UNIQUE INDEX freight_requests_pkey ON public.freight_requests USING btree (id); CREATE INDEX freight_requests_requester_idx ON public.freight_requests USING btree (requested_by_member_id) WHERE (requested_by_member_id IS NOT NULL); CREATE INDEX freight_requests_v2_org_created_idx ON public.freight_requests USING btree (organization_id, created_at DESC) WHERE (v2_contract_version = '2.0'::text)",cargomesh/src/shared/schemas/v2/freight-request.ts:126; schema freight-request.ts:CreateFreightRequestV2InputSchema; field cargoSpecification.requirements,cargoSpecification.requirements,ZodArray,False,False,"{""type"":""ZodArray"",""optional"":false,""nullable"":false,""element"":{""type"":""ZodString"",""optional"":false,""nullable"":false,""checks"":[{""kind"":""trim""},{""kind"":""min"",""value"":1}]}}",cargomesh/src/shared/schemas/v2/freight-request.ts:148; schema freight-request.ts:FreightRequestV2ResponseSchema; field cargoSpecification.requirements,cargoSpecification.requirements,ZodArray,False,False,supabase-v2/supabase/migrations/20260927064713_hac12_road_vertical.sql:4,request,"[{""file"":""roundtrips.json"",""row"":21,""id"":""a8085b64-73e5-4704-b81a-f4262131f95c"",""state"":""VALUE"",""inputState"":""VALUE"",""inputEqualsRead"":true,""value"":[""TEMP_CONTROLLED"",""SECURITY_SEAL""]}]",COMPLETO,Resolved storage and current typed output agree with a concrete POST/GET or measured read projection,HAC-40 / Cristhian,29c385fe0ee501eb4b8b989b0a247c8fdeda62ad,POST /api/v2/freight/requests/:id/revisions; POST /api/v2/freight/requests/:id/submissions; POST /api/v2/freight/requests; POST /api/v2/freight/requests/:requestId/route-alternatives; POST /api/v2/freight/requests/:requestId/routes; POST /api/v2/freight/requests/:requestId/plans; POST /api/v2/freight/requests/:requestId/opportunities; POST /api/v2/freight/requests/:requestId/ranking; POST /api/v2/freight/requests/:requestId/decisions; POST /api/v2/freight/requests/:requestId/decisions/:id/revocations,GET /api/v2/freight/requests; GET /api/v2/freight/requests/:id/serviceability; GET /api/v2/freight/requests/:id; GET /api/v2/freight/requests/:requestId/routes; GET /api/v2/freight/requests/:requestId/routes/:id; GET /api/v2/freight/requests/:requestId/plans; GET /api/v2/freight/requests/:requestId/plans/:id; GET /api/v2/freight/requests/:requestId/opportunities; GET /api/v2/freight/requests/:requestId/opportunities/:id; GET /api/v2/freight/requests/:requestId/offers; GET /api/v2/freight/requests/:requestId/offers/:id; GET /api/v2/freight/requests/:requestId/ranking; GET /api/v2/freight/requests/:requestId/ranking/:id; GET /api/v2/freight/requests/:requestId/decisions; GET /api/v2/freight/requests/:requestId/decisions/:id,logs/class-matrix.json: CargoSpecification (catalog grants/policies/table ACL); logs/independent-rls-result.json; logs/auth-controls.json
38,CargoSpecification,temperatureRange,TemperatureRange,True,COMPLETO,freight_requests.v2_snapshot.cargoSpecification.temperatureRange,64,freight_requests.v2_snapshot.cargoSpecification.temperatureRange,freight_requests.v2_snapshot.cargoSpecification.temperatureRange,jsonb,YES,None,"freight_requests_budget_positive: CHECK (((budget_max IS NULL) OR (budget_max > (0)::numeric))); freight_requests_cargo_category_id_fkey: FOREIGN KEY (cargo_category_id) REFERENCES cargo_categories(id); freight_requests_cargo_entry_method_check: CHECK ((cargo_entry_method = ANY (ARRAY['TOTAL_WEIGHT'::text, 'UNITS'::text, 'PACKAGES'::text, 'PALLETS'::text, 'LOTS'::text, 'SACKS'::text]))); freight_requests_cargo_specifications_object: CHECK ((jsonb_typeof(cargo_specifications) = 'object'::text)); freight_requests_code_key: UNIQUE (code); freight_requests_confirmed_by_member_id_fkey: FOREIGN KEY (confirmed_by_member_id) REFERENCES organization_members(id); freight_requests_creation_receipt_check: CHECK ((((creation_idempotency_key IS NULL) AND (creation_payload_hash IS NULL)) OR ((creation_idempotency_key IS NOT NULL) AND (creation_payload_hash IS NOT NULL) AND (requested_by_member_id IS NOT NULL) AND (creation_payload_hash ~ '^[0-9a-f]{64}$'::text)))); freight_requests_destination_facility_same_org: FOREIGN KEY (destination_facility_id, organization_id) REFERENCES facilities(id, organization_id); freight_requests_destination_region_not_blank: CHECK (((destination_region IS NULL) OR (length(btrim(destination_region)) > 0))); freight_requests_draft_version_positive: CHECK ((draft_version >= 1)); freight_requests_entry_dimensions_positive: CHECK ((((entry_length_cm IS NULL) OR (entry_length_cm > (0)::numeric)) AND ((entry_width_cm IS NULL) OR (entry_width_cm > (0)::numeric)) AND ((entry_height_cm IS NULL) OR (entry_height_cm > (0)::numeric)))); freight_requests_entry_quantity_positive: CHECK (((entry_quantity IS NULL) OR (entry_quantity > (0)::numeric))); freight_requests_entry_unit_weight_positive: CHECK (((entry_unit_weight_kg IS NULL) OR (entry_unit_weight_kg > (0)::numeric))); freight_requests_organization_cargo_profile_fkey: FOREIGN KEY (organization_id, cargo_profile_id) REFERENCES organization_cargo_profiles(organization_id, id); freight_requests_organization_id_fkey: FOREIGN KEY (organization_id) REFERENCES organizations(id) ON DELETE CASCADE; freight_requests_origin_facility_same_org: FOREIGN KEY (origin_facility_id, organization_id) REFERENCES facilities(id, organization_id); freight_requests_origin_region_not_blank: CHECK (((origin_region IS NULL) OR (length(btrim(origin_region)) > 0))); freight_requests_pickup_mode_check: CHECK ((pickup_mode = ANY (ARRAY['ASAP'::text, 'SCHEDULED'::text]))); freight_requests_pickup_window_check: CHECK (((pickup_window_end IS NULL) OR (pickup_window_start IS NULL) OR (pickup_window_end > pickup_window_start))); freight_requests_pkey: PRIMARY KEY (id); freight_requests_requested_by_member_id_fkey: FOREIGN KEY (requested_by_member_id) REFERENCES organization_members(id); freight_requests_selection_objective_check: CHECK ((selection_objective = ANY (ARRAY['LOWEST_COST'::text, 'FASTEST'::text, 'WEIGHTED'::text]))); freight_requests_status_check: CHECK ((status = ANY (ARRAY['DRAFT'::text, 'PENDING'::text, 'ORCHESTRATING'::text, 'AWAITING_SELECTION'::text, 'BOOKING'::text, 'BOOKED'::text, 'FAILED'::text, 'CANCELLED'::text]))); freight_requests_unitized_intake_complete: CHECK (((status = 'DRAFT'::text) OR (cargo_entry_method = 'TOTAL_WEIGHT'::text) OR ((entry_quantity IS NOT NULL) AND (entry_unit_weight_kg IS NOT NULL) AND (units_per_entry IS NOT NULL)))); freight_requests_unitized_volume_matches_total: CHECK (((cargo_volume_m3 IS NULL) OR (entry_quantity IS NULL) OR (units_per_entry IS NULL) OR (entry_length_cm IS NULL) OR (entry_width_cm IS NULL) OR (entry_height_cm IS NULL) OR (abs((cargo_volume_m3 - (((((entry_quantity * (units_per_entry)::numeric) * entry_length_cm) * entry_width_cm) * entry_height_cm) / (1000000)::numeric))) <= 0.01))); freight_requests_unitized_weight_matches_total: CHECK (((cargo_entry_method = 'TOTAL_WEIGHT'::text) OR (entry_quantity IS NULL) OR (entry_unit_weight_kg IS NULL) OR (units_per_entry IS NULL) OR (abs((cargo_weight_kg - ((entry_quantity * entry_unit_weight_kg) * (units_per_entry)::numeric))) <= 0.01))); freight_requests_units_per_entry_positive: CHECK (((units_per_entry IS NULL) OR (units_per_entry > 0))); freight_requests_v2_budget_currency: CHECK (((budget_currency IS NULL) OR (budget_currency = 'USD'::text))); freight_requests_v2_delivery_window: CHECK (((delivery_window_start IS NULL) OR ((delivery_window_end IS NOT NULL) AND (delivery_window_end > delivery_window_start)))); freight_requests_v2_snapshot_shape: CHECK (((v2_snapshot IS NULL) OR ((jsonb_typeof(v2_snapshot) = 'object'::text) AND (jsonb_typeof(v2_creation_payload) = 'object'::text) AND (v2_contract_version = '2.0'::text) AND ((v2_snapshot ->> 'schemaVersion'::text) = '2.0'::text) AND (v2_snapshot ? 'cargoSpecification'::text) AND (v2_snapshot ? 'contacts'::text) AND (budget_currency IS DISTINCT FROM 'PEN'::text)))); freight_requests_weight_positive: CHECK ((cargo_weight_kg > (0)::numeric))","CREATE INDEX freight_requests_cargo_category_idx ON public.freight_requests USING btree (cargo_category_id); CREATE INDEX freight_requests_cargo_profile_idx ON public.freight_requests USING btree (cargo_profile_id) WHERE (cargo_profile_id IS NOT NULL); CREATE UNIQUE INDEX freight_requests_code_key ON public.freight_requests USING btree (code); CREATE INDEX freight_requests_confirmed_by_idx ON public.freight_requests USING btree (confirmed_by_member_id) WHERE (confirmed_by_member_id IS NOT NULL); CREATE UNIQUE INDEX freight_requests_creation_idempotency_idx ON public.freight_requests USING btree (organization_id, requested_by_member_id, creation_idempotency_key) WHERE (creation_idempotency_key IS NOT NULL); CREATE INDEX freight_requests_destination_facility_idx ON public.freight_requests USING btree (destination_facility_id) WHERE (destination_facility_id IS NOT NULL); CREATE INDEX freight_requests_org_cargo_profile_idx ON public.freight_requests USING btree (organization_id, cargo_profile_id) WHERE (cargo_profile_id IS NOT NULL); CREATE INDEX freight_requests_org_draft_version_idx ON public.freight_requests USING btree (organization_id, draft_version); CREATE INDEX freight_requests_org_status_created_idx ON public.freight_requests USING btree (organization_id, status, created_at DESC); CREATE INDEX freight_requests_origin_facility_idx ON public.freight_requests USING btree (origin_facility_id) WHERE (origin_facility_id IS NOT NULL); CREATE UNIQUE INDEX freight_requests_pkey ON public.freight_requests USING btree (id); CREATE INDEX freight_requests_requester_idx ON public.freight_requests USING btree (requested_by_member_id) WHERE (requested_by_member_id IS NOT NULL); CREATE INDEX freight_requests_v2_org_created_idx ON public.freight_requests USING btree (organization_id, created_at DESC) WHERE (v2_contract_version = '2.0'::text)",cargomesh/src/shared/schemas/v2/freight-request.ts:126; schema freight-request.ts:CreateFreightRequestV2InputSchema; field cargoSpecification.temperatureRange,cargoSpecification.temperatureRange,ZodObject,True,True,"{""type"":""ZodObject"",""optional"":true,""nullable"":true,""fields"":{""minCelsius"":{""type"":""ZodNumber"",""optional"":false,""nullable"":false,""checks"":[]},""maxCelsius"":{""type"":""ZodNumber"",""optional"":false,""nullable"":false,""checks"":[]}},""unknownKeys"":""strict""}",cargomesh/src/shared/schemas/v2/freight-request.ts:148; schema freight-request.ts:FreightRequestV2ResponseSchema; field cargoSpecification.temperatureRange,cargoSpecification.temperatureRange,ZodObject,True,True,supabase-v2/supabase/migrations/20260927064713_hac12_road_vertical.sql:4,request,"[{""file"":""roundtrips.json"",""row"":21,""id"":""a8085b64-73e5-4704-b81a-f4262131f95c"",""state"":""VALUE"",""inputState"":""VALUE"",""inputEqualsRead"":true,""value"":{""minCelsius"":2,""maxCelsius"":8}}]",COMPLETO,Resolved storage and current typed output agree with a concrete POST/GET or measured read projection,HAC-40 / Cristhian,29c385fe0ee501eb4b8b989b0a247c8fdeda62ad,POST /api/v2/freight/requests/:id/revisions; POST /api/v2/freight/requests/:id/submissions; POST /api/v2/freight/requests; POST /api/v2/freight/requests/:requestId/route-alternatives; POST /api/v2/freight/requests/:requestId/routes; POST /api/v2/freight/requests/:requestId/plans; POST /api/v2/freight/requests/:requestId/opportunities; POST /api/v2/freight/requests/:requestId/ranking; POST /api/v2/freight/requests/:requestId/decisions; POST /api/v2/freight/requests/:requestId/decisions/:id/revocations,GET /api/v2/freight/requests; GET /api/v2/freight/requests/:id/serviceability; GET /api/v2/freight/requests/:id; GET /api/v2/freight/requests/:requestId/routes; GET /api/v2/freight/requests/:requestId/routes/:id; GET /api/v2/freight/requests/:requestId/plans; GET /api/v2/freight/requests/:requestId/plans/:id; GET /api/v2/freight/requests/:requestId/opportunities; GET /api/v2/freight/requests/:requestId/opportunities/:id; GET /api/v2/freight/requests/:requestId/offers; GET /api/v2/freight/requests/:requestId/offers/:id; GET /api/v2/freight/requests/:requestId/ranking; GET /api/v2/freight/requests/:requestId/ranking/:id; GET /api/v2/freight/requests/:requestId/decisions; GET /api/v2/freight/requests/:requestId/decisions/:id,logs/class-matrix.json: CargoSpecification (catalog grants/policies/table ACL); logs/independent-rls-result.json; logs/auth-controls.json
39,CargoSpecification,description,string,True,COMPLETO,freight_requests.v2_snapshot.cargoSpecification.description,65,freight_requests.v2_snapshot.cargoSpecification.description,freight_requests.v2_snapshot.cargoSpecification.description,jsonb,YES,None,"freight_requests_budget_positive: CHECK (((budget_max IS NULL) OR (budget_max > (0)::numeric))); freight_requests_cargo_category_id_fkey: FOREIGN KEY (cargo_category_id) REFERENCES cargo_categories(id); freight_requests_cargo_entry_method_check: CHECK ((cargo_entry_method = ANY (ARRAY['TOTAL_WEIGHT'::text, 'UNITS'::text, 'PACKAGES'::text, 'PALLETS'::text, 'LOTS'::text, 'SACKS'::text]))); freight_requests_cargo_specifications_object: CHECK ((jsonb_typeof(cargo_specifications) = 'object'::text)); freight_requests_code_key: UNIQUE (code); freight_requests_confirmed_by_member_id_fkey: FOREIGN KEY (confirmed_by_member_id) REFERENCES organization_members(id); freight_requests_creation_receipt_check: CHECK ((((creation_idempotency_key IS NULL) AND (creation_payload_hash IS NULL)) OR ((creation_idempotency_key IS NOT NULL) AND (creation_payload_hash IS NOT NULL) AND (requested_by_member_id IS NOT NULL) AND (creation_payload_hash ~ '^[0-9a-f]{64}$'::text)))); freight_requests_destination_facility_same_org: FOREIGN KEY (destination_facility_id, organization_id) REFERENCES facilities(id, organization_id); freight_requests_destination_region_not_blank: CHECK (((destination_region IS NULL) OR (length(btrim(destination_region)) > 0))); freight_requests_draft_version_positive: CHECK ((draft_version >= 1)); freight_requests_entry_dimensions_positive: CHECK ((((entry_length_cm IS NULL) OR (entry_length_cm > (0)::numeric)) AND ((entry_width_cm IS NULL) OR (entry_width_cm > (0)::numeric)) AND ((entry_height_cm IS NULL) OR (entry_height_cm > (0)::numeric)))); freight_requests_entry_quantity_positive: CHECK (((entry_quantity IS NULL) OR (entry_quantity > (0)::numeric))); freight_requests_entry_unit_weight_positive: CHECK (((entry_unit_weight_kg IS NULL) OR (entry_unit_weight_kg > (0)::numeric))); freight_requests_organization_cargo_profile_fkey: FOREIGN KEY (organization_id, cargo_profile_id) REFERENCES organization_cargo_profiles(organization_id, id); freight_requests_organization_id_fkey: FOREIGN KEY (organization_id) REFERENCES organizations(id) ON DELETE CASCADE; freight_requests_origin_facility_same_org: FOREIGN KEY (origin_facility_id, organization_id) REFERENCES facilities(id, organization_id); freight_requests_origin_region_not_blank: CHECK (((origin_region IS NULL) OR (length(btrim(origin_region)) > 0))); freight_requests_pickup_mode_check: CHECK ((pickup_mode = ANY (ARRAY['ASAP'::text, 'SCHEDULED'::text]))); freight_requests_pickup_window_check: CHECK (((pickup_window_end IS NULL) OR (pickup_window_start IS NULL) OR (pickup_window_end > pickup_window_start))); freight_requests_pkey: PRIMARY KEY (id); freight_requests_requested_by_member_id_fkey: FOREIGN KEY (requested_by_member_id) REFERENCES organization_members(id); freight_requests_selection_objective_check: CHECK ((selection_objective = ANY (ARRAY['LOWEST_COST'::text, 'FASTEST'::text, 'WEIGHTED'::text]))); freight_requests_status_check: CHECK ((status = ANY (ARRAY['DRAFT'::text, 'PENDING'::text, 'ORCHESTRATING'::text, 'AWAITING_SELECTION'::text, 'BOOKING'::text, 'BOOKED'::text, 'FAILED'::text, 'CANCELLED'::text]))); freight_requests_unitized_intake_complete: CHECK (((status = 'DRAFT'::text) OR (cargo_entry_method = 'TOTAL_WEIGHT'::text) OR ((entry_quantity IS NOT NULL) AND (entry_unit_weight_kg IS NOT NULL) AND (units_per_entry IS NOT NULL)))); freight_requests_unitized_volume_matches_total: CHECK (((cargo_volume_m3 IS NULL) OR (entry_quantity IS NULL) OR (units_per_entry IS NULL) OR (entry_length_cm IS NULL) OR (entry_width_cm IS NULL) OR (entry_height_cm IS NULL) OR (abs((cargo_volume_m3 - (((((entry_quantity * (units_per_entry)::numeric) * entry_length_cm) * entry_width_cm) * entry_height_cm) / (1000000)::numeric))) <= 0.01))); freight_requests_unitized_weight_matches_total: CHECK (((cargo_entry_method = 'TOTAL_WEIGHT'::text) OR (entry_quantity IS NULL) OR (entry_unit_weight_kg IS NULL) OR (units_per_entry IS NULL) OR (abs((cargo_weight_kg - ((entry_quantity * entry_unit_weight_kg) * (units_per_entry)::numeric))) <= 0.01))); freight_requests_units_per_entry_positive: CHECK (((units_per_entry IS NULL) OR (units_per_entry > 0))); freight_requests_v2_budget_currency: CHECK (((budget_currency IS NULL) OR (budget_currency = 'USD'::text))); freight_requests_v2_delivery_window: CHECK (((delivery_window_start IS NULL) OR ((delivery_window_end IS NOT NULL) AND (delivery_window_end > delivery_window_start)))); freight_requests_v2_snapshot_shape: CHECK (((v2_snapshot IS NULL) OR ((jsonb_typeof(v2_snapshot) = 'object'::text) AND (jsonb_typeof(v2_creation_payload) = 'object'::text) AND (v2_contract_version = '2.0'::text) AND ((v2_snapshot ->> 'schemaVersion'::text) = '2.0'::text) AND (v2_snapshot ? 'cargoSpecification'::text) AND (v2_snapshot ? 'contacts'::text) AND (budget_currency IS DISTINCT FROM 'PEN'::text)))); freight_requests_weight_positive: CHECK ((cargo_weight_kg > (0)::numeric))","CREATE INDEX freight_requests_cargo_category_idx ON public.freight_requests USING btree (cargo_category_id); CREATE INDEX freight_requests_cargo_profile_idx ON public.freight_requests USING btree (cargo_profile_id) WHERE (cargo_profile_id IS NOT NULL); CREATE UNIQUE INDEX freight_requests_code_key ON public.freight_requests USING btree (code); CREATE INDEX freight_requests_confirmed_by_idx ON public.freight_requests USING btree (confirmed_by_member_id) WHERE (confirmed_by_member_id IS NOT NULL); CREATE UNIQUE INDEX freight_requests_creation_idempotency_idx ON public.freight_requests USING btree (organization_id, requested_by_member_id, creation_idempotency_key) WHERE (creation_idempotency_key IS NOT NULL); CREATE INDEX freight_requests_destination_facility_idx ON public.freight_requests USING btree (destination_facility_id) WHERE (destination_facility_id IS NOT NULL); CREATE INDEX freight_requests_org_cargo_profile_idx ON public.freight_requests USING btree (organization_id, cargo_profile_id) WHERE (cargo_profile_id IS NOT NULL); CREATE INDEX freight_requests_org_draft_version_idx ON public.freight_requests USING btree (organization_id, draft_version); CREATE INDEX freight_requests_org_status_created_idx ON public.freight_requests USING btree (organization_id, status, created_at DESC); CREATE INDEX freight_requests_origin_facility_idx ON public.freight_requests USING btree (origin_facility_id) WHERE (origin_facility_id IS NOT NULL); CREATE UNIQUE INDEX freight_requests_pkey ON public.freight_requests USING btree (id); CREATE INDEX freight_requests_requester_idx ON public.freight_requests USING btree (requested_by_member_id) WHERE (requested_by_member_id IS NOT NULL); CREATE INDEX freight_requests_v2_org_created_idx ON public.freight_requests USING btree (organization_id, created_at DESC) WHERE (v2_contract_version = '2.0'::text)",cargomesh/src/shared/schemas/v2/freight-request.ts:126; schema freight-request.ts:CreateFreightRequestV2InputSchema; field cargoSpecification.description,cargoSpecification.description,ZodString,False,False,"{""type"":""ZodString"",""optional"":false,""nullable"":false,""checks"":[{""kind"":""trim""},{""kind"":""min"",""value"":1},{""kind"":""max"",""value"":1000}]}",cargomesh/src/shared/schemas/v2/freight-request.ts:148; schema freight-request.ts:FreightRequestV2ResponseSchema; field cargoSpecification.description,cargoSpecification.description,ZodString,False,False,supabase-v2/supabase/migrations/20260927064713_hac12_road_vertical.sql:4,request,"[{""file"":""roundtrips.json"",""row"":21,""id"":""a8085b64-73e5-4704-b81a-f4262131f95c"",""state"":""VALUE"",""inputState"":""VALUE"",""inputEqualsRead"":true,""value"":""Vacunas termolábiles en pallets controlados""},{""file"":""extended-roundtrips.json"",""row"":5,""id"":""82f5d33a-d482-46b8-b2c3-53fcc4e8a88d"",""state"":""VALUE"",""inputState"":""VALUE"",""inputEqualsRead"":true,""value"":""QA original""}]",COMPLETO,Resolved storage and current typed output agree with a concrete POST/GET or measured read projection,HAC-40 / Cristhian,29c385fe0ee501eb4b8b989b0a247c8fdeda62ad,POST /api/v2/freight/requests/:id/revisions; POST /api/v2/freight/requests/:id/submissions; POST /api/v2/freight/requests; POST /api/v2/freight/requests/:requestId/route-alternatives; POST /api/v2/freight/requests/:requestId/routes; POST /api/v2/freight/requests/:requestId/plans; POST /api/v2/freight/requests/:requestId/opportunities; POST /api/v2/freight/requests/:requestId/ranking; POST /api/v2/freight/requests/:requestId/decisions; POST /api/v2/freight/requests/:requestId/decisions/:id/revocations,GET /api/v2/freight/requests; GET /api/v2/freight/requests/:id/serviceability; GET /api/v2/freight/requests/:id; GET /api/v2/freight/requests/:requestId/routes; GET /api/v2/freight/requests/:requestId/routes/:id; GET /api/v2/freight/requests/:requestId/plans; GET /api/v2/freight/requests/:requestId/plans/:id; GET /api/v2/freight/requests/:requestId/opportunities; GET /api/v2/freight/requests/:requestId/opportunities/:id; GET /api/v2/freight/requests/:requestId/offers; GET /api/v2/freight/requests/:requestId/offers/:id; GET /api/v2/freight/requests/:requestId/ranking; GET /api/v2/freight/requests/:requestId/ranking/:id; GET /api/v2/freight/requests/:requestId/decisions; GET /api/v2/freight/requests/:requestId/decisions/:id,logs/class-matrix.json: CargoSpecification (catalog grants/policies/table ACL); logs/independent-rls-result.json; logs/auth-controls.json
40,CargoSpecification,availableDocuments,DocumentRef[],False,DIVERGENTE,freight_requests.v2_snapshot.cargoSpecification.availableDocuments,66,freight_requests.v2_snapshot.cargoSpecification.availableDocuments,freight_requests.v2_snapshot.cargoSpecification.availableDocuments,jsonb,YES,None,"freight_requests_budget_positive: CHECK (((budget_max IS NULL) OR (budget_max > (0)::numeric))); freight_requests_cargo_category_id_fkey: FOREIGN KEY (cargo_category_id) REFERENCES cargo_categories(id); freight_requests_cargo_entry_method_check: CHECK ((cargo_entry_method = ANY (ARRAY['TOTAL_WEIGHT'::text, 'UNITS'::text, 'PACKAGES'::text, 'PALLETS'::text, 'LOTS'::text, 'SACKS'::text]))); freight_requests_cargo_specifications_object: CHECK ((jsonb_typeof(cargo_specifications) = 'object'::text)); freight_requests_code_key: UNIQUE (code); freight_requests_confirmed_by_member_id_fkey: FOREIGN KEY (confirmed_by_member_id) REFERENCES organization_members(id); freight_requests_creation_receipt_check: CHECK ((((creation_idempotency_key IS NULL) AND (creation_payload_hash IS NULL)) OR ((creation_idempotency_key IS NOT NULL) AND (creation_payload_hash IS NOT NULL) AND (requested_by_member_id IS NOT NULL) AND (creation_payload_hash ~ '^[0-9a-f]{64}$'::text)))); freight_requests_destination_facility_same_org: FOREIGN KEY (destination_facility_id, organization_id) REFERENCES facilities(id, organization_id); freight_requests_destination_region_not_blank: CHECK (((destination_region IS NULL) OR (length(btrim(destination_region)) > 0))); freight_requests_draft_version_positive: CHECK ((draft_version >= 1)); freight_requests_entry_dimensions_positive: CHECK ((((entry_length_cm IS NULL) OR (entry_length_cm > (0)::numeric)) AND ((entry_width_cm IS NULL) OR (entry_width_cm > (0)::numeric)) AND ((entry_height_cm IS NULL) OR (entry_height_cm > (0)::numeric)))); freight_requests_entry_quantity_positive: CHECK (((entry_quantity IS NULL) OR (entry_quantity > (0)::numeric))); freight_requests_entry_unit_weight_positive: CHECK (((entry_unit_weight_kg IS NULL) OR (entry_unit_weight_kg > (0)::numeric))); freight_requests_organization_cargo_profile_fkey: FOREIGN KEY (organization_id, cargo_profile_id) REFERENCES organization_cargo_profiles(organization_id, id); freight_requests_organization_id_fkey: FOREIGN KEY (organization_id) REFERENCES organizations(id) ON DELETE CASCADE; freight_requests_origin_facility_same_org: FOREIGN KEY (origin_facility_id, organization_id) REFERENCES facilities(id, organization_id); freight_requests_origin_region_not_blank: CHECK (((origin_region IS NULL) OR (length(btrim(origin_region)) > 0))); freight_requests_pickup_mode_check: CHECK ((pickup_mode = ANY (ARRAY['ASAP'::text, 'SCHEDULED'::text]))); freight_requests_pickup_window_check: CHECK (((pickup_window_end IS NULL) OR (pickup_window_start IS NULL) OR (pickup_window_end > pickup_window_start))); freight_requests_pkey: PRIMARY KEY (id); freight_requests_requested_by_member_id_fkey: FOREIGN KEY (requested_by_member_id) REFERENCES organization_members(id); freight_requests_selection_objective_check: CHECK ((selection_objective = ANY (ARRAY['LOWEST_COST'::text, 'FASTEST'::text, 'WEIGHTED'::text]))); freight_requests_status_check: CHECK ((status = ANY (ARRAY['DRAFT'::text, 'PENDING'::text, 'ORCHESTRATING'::text, 'AWAITING_SELECTION'::text, 'BOOKING'::text, 'BOOKED'::text, 'FAILED'::text, 'CANCELLED'::text]))); freight_requests_unitized_intake_complete: CHECK (((status = 'DRAFT'::text) OR (cargo_entry_method = 'TOTAL_WEIGHT'::text) OR ((entry_quantity IS NOT NULL) AND (entry_unit_weight_kg IS NOT NULL) AND (units_per_entry IS NOT NULL)))); freight_requests_unitized_volume_matches_total: CHECK (((cargo_volume_m3 IS NULL) OR (entry_quantity IS NULL) OR (units_per_entry IS NULL) OR (entry_length_cm IS NULL) OR (entry_width_cm IS NULL) OR (entry_height_cm IS NULL) OR (abs((cargo_volume_m3 - (((((entry_quantity * (units_per_entry)::numeric) * entry_length_cm) * entry_width_cm) * entry_height_cm) / (1000000)::numeric))) <= 0.01))); freight_requests_unitized_weight_matches_total: CHECK (((cargo_entry_method = 'TOTAL_WEIGHT'::text) OR (entry_quantity IS NULL) OR (entry_unit_weight_kg IS NULL) OR (units_per_entry IS NULL) OR (abs((cargo_weight_kg - ((entry_quantity * entry_unit_weight_kg) * (units_per_entry)::numeric))) <= 0.01))); freight_requests_units_per_entry_positive: CHECK (((units_per_entry IS NULL) OR (units_per_entry > 0))); freight_requests_v2_budget_currency: CHECK (((budget_currency IS NULL) OR (budget_currency = 'USD'::text))); freight_requests_v2_delivery_window: CHECK (((delivery_window_start IS NULL) OR ((delivery_window_end IS NOT NULL) AND (delivery_window_end > delivery_window_start)))); freight_requests_v2_snapshot_shape: CHECK (((v2_snapshot IS NULL) OR ((jsonb_typeof(v2_snapshot) = 'object'::text) AND (jsonb_typeof(v2_creation_payload) = 'object'::text) AND (v2_contract_version = '2.0'::text) AND ((v2_snapshot ->> 'schemaVersion'::text) = '2.0'::text) AND (v2_snapshot ? 'cargoSpecification'::text) AND (v2_snapshot ? 'contacts'::text) AND (budget_currency IS DISTINCT FROM 'PEN'::text)))); freight_requests_weight_positive: CHECK ((cargo_weight_kg > (0)::numeric))","CREATE INDEX freight_requests_cargo_category_idx ON public.freight_requests USING btree (cargo_category_id); CREATE INDEX freight_requests_cargo_profile_idx ON public.freight_requests USING btree (cargo_profile_id) WHERE (cargo_profile_id IS NOT NULL); CREATE UNIQUE INDEX freight_requests_code_key ON public.freight_requests USING btree (code); CREATE INDEX freight_requests_confirmed_by_idx ON public.freight_requests USING btree (confirmed_by_member_id) WHERE (confirmed_by_member_id IS NOT NULL); CREATE UNIQUE INDEX freight_requests_creation_idempotency_idx ON public.freight_requests USING btree (organization_id, requested_by_member_id, creation_idempotency_key) WHERE (creation_idempotency_key IS NOT NULL); CREATE INDEX freight_requests_destination_facility_idx ON public.freight_requests USING btree (destination_facility_id) WHERE (destination_facility_id IS NOT NULL); CREATE INDEX freight_requests_org_cargo_profile_idx ON public.freight_requests USING btree (organization_id, cargo_profile_id) WHERE (cargo_profile_id IS NOT NULL); CREATE INDEX freight_requests_org_draft_version_idx ON public.freight_requests USING btree (organization_id, draft_version); CREATE INDEX freight_requests_org_status_created_idx ON public.freight_requests USING btree (organization_id, status, created_at DESC); CREATE INDEX freight_requests_origin_facility_idx ON public.freight_requests USING btree (origin_facility_id) WHERE (origin_facility_id IS NOT NULL); CREATE UNIQUE INDEX freight_requests_pkey ON public.freight_requests USING btree (id); CREATE INDEX freight_requests_requester_idx ON public.freight_requests USING btree (requested_by_member_id) WHERE (requested_by_member_id IS NOT NULL); CREATE INDEX freight_requests_v2_org_created_idx ON public.freight_requests USING btree (organization_id, created_at DESC) WHERE (v2_contract_version = '2.0'::text)",cargomesh/src/shared/schemas/v2/freight-request.ts:126; schema freight-request.ts:CreateFreightRequestV2InputSchema; field cargoSpecification.availableDocuments,cargoSpecification.availableDocuments,ZodArray,True,False,"{""type"":""ZodArray"",""optional"":true,""nullable"":false,""element"":{""type"":""ZodObject"",""optional"":false,""nullable"":false,""fields"":{""code"":{""type"":""ZodString"",""optional"":false,""nullable"":false,""checks"":[{""kind"":""trim""},{""kind"":""min"",""value"":1},{""kind"":""max"",""value"":100}]},""reference"":{""type"":""ZodString"",""optional"":false,""nullable"":false,""checks"":[{""kind"":""trim""},{""kind"":""min"",""value"":1},{""kind"":""max"",""value"":500}]},""issuedAt"":{""type"":""ZodString"",""optional"":false,""nullable"":true,""checks"":[{""kind"":""datetime"",""precision"":null,""offset"":true,""local"":false}]},""validUntil"":{""type"":""ZodString"",""optional"":false,""nullable"":true,""checks"":[{""kind"":""datetime"",""precision"":null,""offset"":true,""local"":false}]}},""unknownKeys"":""strict""},""maxLength"":{""value"":100}}",cargomesh/src/shared/schemas/v2/freight-request.ts:148; schema freight-request.ts:FreightRequestV2ResponseSchema; field cargoSpecification.availableDocuments,cargoSpecification.availableDocuments,ZodArray,False,False,supabase-v2/supabase/migrations/20260927064713_hac12_road_vertical.sql:4,request,"[{""file"":""contract-normalization-result.json"",""row"":1,""id"":""e9567def-008a-4693-b628-f1c808052237"",""state"":""VALUE"",""inputState"":""MISSING"",""inputEqualsRead"":null,""value"":[],""controls"":{""validResponse"":true,""explicitArray"":true,""omittedNormalizesToArray"":true,""nullRejected"":true}}]",COMPLETO,Resolved storage and current typed output agree with a concrete POST/GET or measured read projection; Current response transform measured with valid/omitted array and rejected null: contract-normalization-result.json,HAC-40 / Cristhian,29c385fe0ee501eb4b8b989b0a247c8fdeda62ad,POST /api/v2/freight/requests/:id/revisions; POST /api/v2/freight/requests/:id/submissions; POST /api/v2/freight/requests; POST /api/v2/freight/requests/:requestId/route-alternatives; POST /api/v2/freight/requests/:requestId/routes; POST /api/v2/freight/requests/:requestId/plans; POST /api/v2/freight/requests/:requestId/opportunities; POST /api/v2/freight/requests/:requestId/ranking; POST /api/v2/freight/requests/:requestId/decisions; POST /api/v2/freight/requests/:requestId/decisions/:id/revocations,GET /api/v2/freight/requests; GET /api/v2/freight/requests/:id/serviceability; GET /api/v2/freight/requests/:id; GET /api/v2/freight/requests/:requestId/routes; GET /api/v2/freight/requests/:requestId/routes/:id; GET /api/v2/freight/requests/:requestId/plans; GET /api/v2/freight/requests/:requestId/plans/:id; GET /api/v2/freight/requests/:requestId/opportunities; GET /api/v2/freight/requests/:requestId/opportunities/:id; GET /api/v2/freight/requests/:requestId/offers; GET /api/v2/freight/requests/:requestId/offers/:id; GET /api/v2/freight/requests/:requestId/ranking; GET /api/v2/freight/requests/:requestId/ranking/:id; GET /api/v2/freight/requests/:requestId/decisions; GET /api/v2/freight/requests/:requestId/decisions/:id,logs/class-matrix.json: CargoSpecification (catalog grants/policies/table ACL); logs/independent-rls-result.json; logs/auth-controls.json
41,CargoUnit,packageType,PackageType,False,COMPLETO,freight_requests.v2_snapshot.cargoSpecification.units[].packageType,67,freight_requests.v2_snapshot.cargoSpecification.units[].packageType,freight_requests.v2_snapshot.cargoSpecification.units[].packageType,jsonb,YES,None,"freight_requests_budget_positive: CHECK (((budget_max IS NULL) OR (budget_max > (0)::numeric))); freight_requests_cargo_category_id_fkey: FOREIGN KEY (cargo_category_id) REFERENCES cargo_categories(id); freight_requests_cargo_entry_method_check: CHECK ((cargo_entry_method = ANY (ARRAY['TOTAL_WEIGHT'::text, 'UNITS'::text, 'PACKAGES'::text, 'PALLETS'::text, 'LOTS'::text, 'SACKS'::text]))); freight_requests_cargo_specifications_object: CHECK ((jsonb_typeof(cargo_specifications) = 'object'::text)); freight_requests_code_key: UNIQUE (code); freight_requests_confirmed_by_member_id_fkey: FOREIGN KEY (confirmed_by_member_id) REFERENCES organization_members(id); freight_requests_creation_receipt_check: CHECK ((((creation_idempotency_key IS NULL) AND (creation_payload_hash IS NULL)) OR ((creation_idempotency_key IS NOT NULL) AND (creation_payload_hash IS NOT NULL) AND (requested_by_member_id IS NOT NULL) AND (creation_payload_hash ~ '^[0-9a-f]{64}$'::text)))); freight_requests_destination_facility_same_org: FOREIGN KEY (destination_facility_id, organization_id) REFERENCES facilities(id, organization_id); freight_requests_destination_region_not_blank: CHECK (((destination_region IS NULL) OR (length(btrim(destination_region)) > 0))); freight_requests_draft_version_positive: CHECK ((draft_version >= 1)); freight_requests_entry_dimensions_positive: CHECK ((((entry_length_cm IS NULL) OR (entry_length_cm > (0)::numeric)) AND ((entry_width_cm IS NULL) OR (entry_width_cm > (0)::numeric)) AND ((entry_height_cm IS NULL) OR (entry_height_cm > (0)::numeric)))); freight_requests_entry_quantity_positive: CHECK (((entry_quantity IS NULL) OR (entry_quantity > (0)::numeric))); freight_requests_entry_unit_weight_positive: CHECK (((entry_unit_weight_kg IS NULL) OR (entry_unit_weight_kg > (0)::numeric))); freight_requests_organization_cargo_profile_fkey: FOREIGN KEY (organization_id, cargo_profile_id) REFERENCES organization_cargo_profiles(organization_id, id); freight_requests_organization_id_fkey: FOREIGN KEY (organization_id) REFERENCES organizations(id) ON DELETE CASCADE; freight_requests_origin_facility_same_org: FOREIGN KEY (origin_facility_id, organization_id) REFERENCES facilities(id, organization_id); freight_requests_origin_region_not_blank: CHECK (((origin_region IS NULL) OR (length(btrim(origin_region)) > 0))); freight_requests_pickup_mode_check: CHECK ((pickup_mode = ANY (ARRAY['ASAP'::text, 'SCHEDULED'::text]))); freight_requests_pickup_window_check: CHECK (((pickup_window_end IS NULL) OR (pickup_window_start IS NULL) OR (pickup_window_end > pickup_window_start))); freight_requests_pkey: PRIMARY KEY (id); freight_requests_requested_by_member_id_fkey: FOREIGN KEY (requested_by_member_id) REFERENCES organization_members(id); freight_requests_selection_objective_check: CHECK ((selection_objective = ANY (ARRAY['LOWEST_COST'::text, 'FASTEST'::text, 'WEIGHTED'::text]))); freight_requests_status_check: CHECK ((status = ANY (ARRAY['DRAFT'::text, 'PENDING'::text, 'ORCHESTRATING'::text, 'AWAITING_SELECTION'::text, 'BOOKING'::text, 'BOOKED'::text, 'FAILED'::text, 'CANCELLED'::text]))); freight_requests_unitized_intake_complete: CHECK (((status = 'DRAFT'::text) OR (cargo_entry_method = 'TOTAL_WEIGHT'::text) OR ((entry_quantity IS NOT NULL) AND (entry_unit_weight_kg IS NOT NULL) AND (units_per_entry IS NOT NULL)))); freight_requests_unitized_volume_matches_total: CHECK (((cargo_volume_m3 IS NULL) OR (entry_quantity IS NULL) OR (units_per_entry IS NULL) OR (entry_length_cm IS NULL) OR (entry_width_cm IS NULL) OR (entry_height_cm IS NULL) OR (abs((cargo_volume_m3 - (((((entry_quantity * (units_per_entry)::numeric) * entry_length_cm) * entry_width_cm) * entry_height_cm) / (1000000)::numeric))) <= 0.01))); freight_requests_unitized_weight_matches_total: CHECK (((cargo_entry_method = 'TOTAL_WEIGHT'::text) OR (entry_quantity IS NULL) OR (entry_unit_weight_kg IS NULL) OR (units_per_entry IS NULL) OR (abs((cargo_weight_kg - ((entry_quantity * entry_unit_weight_kg) * (units_per_entry)::numeric))) <= 0.01))); freight_requests_units_per_entry_positive: CHECK (((units_per_entry IS NULL) OR (units_per_entry > 0))); freight_requests_v2_budget_currency: CHECK (((budget_currency IS NULL) OR (budget_currency = 'USD'::text))); freight_requests_v2_delivery_window: CHECK (((delivery_window_start IS NULL) OR ((delivery_window_end IS NOT NULL) AND (delivery_window_end > delivery_window_start)))); freight_requests_v2_snapshot_shape: CHECK (((v2_snapshot IS NULL) OR ((jsonb_typeof(v2_snapshot) = 'object'::text) AND (jsonb_typeof(v2_creation_payload) = 'object'::text) AND (v2_contract_version = '2.0'::text) AND ((v2_snapshot ->> 'schemaVersion'::text) = '2.0'::text) AND (v2_snapshot ? 'cargoSpecification'::text) AND (v2_snapshot ? 'contacts'::text) AND (budget_currency IS DISTINCT FROM 'PEN'::text)))); freight_requests_weight_positive: CHECK ((cargo_weight_kg > (0)::numeric))","CREATE INDEX freight_requests_cargo_category_idx ON public.freight_requests USING btree (cargo_category_id); CREATE INDEX freight_requests_cargo_profile_idx ON public.freight_requests USING btree (cargo_profile_id) WHERE (cargo_profile_id IS NOT NULL); CREATE UNIQUE INDEX freight_requests_code_key ON public.freight_requests USING btree (code); CREATE INDEX freight_requests_confirmed_by_idx ON public.freight_requests USING btree (confirmed_by_member_id) WHERE (confirmed_by_member_id IS NOT NULL); CREATE UNIQUE INDEX freight_requests_creation_idempotency_idx ON public.freight_requests USING btree (organization_id, requested_by_member_id, creation_idempotency_key) WHERE (creation_idempotency_key IS NOT NULL); CREATE INDEX freight_requests_destination_facility_idx ON public.freight_requests USING btree (destination_facility_id) WHERE (destination_facility_id IS NOT NULL); CREATE INDEX freight_requests_org_cargo_profile_idx ON public.freight_requests USING btree (organization_id, cargo_profile_id) WHERE (cargo_profile_id IS NOT NULL); CREATE INDEX freight_requests_org_draft_version_idx ON public.freight_requests USING btree (organization_id, draft_version); CREATE INDEX freight_requests_org_status_created_idx ON public.freight_requests USING btree (organization_id, status, created_at DESC); CREATE INDEX freight_requests_origin_facility_idx ON public.freight_requests USING btree (origin_facility_id) WHERE (origin_facility_id IS NOT NULL); CREATE UNIQUE INDEX freight_requests_pkey ON public.freight_requests USING btree (id); CREATE INDEX freight_requests_requester_idx ON public.freight_requests USING btree (requested_by_member_id) WHERE (requested_by_member_id IS NOT NULL); CREATE INDEX freight_requests_v2_org_created_idx ON public.freight_requests USING btree (organization_id, created_at DESC) WHERE (v2_contract_version = '2.0'::text)",cargomesh/src/shared/schemas/v2/freight-request.ts:126; schema freight-request.ts:CreateFreightRequestV2InputSchema; field cargoSpecification.units[].packageType,cargoSpecification.units[].packageType,ZodString,False,False,"{""type"":""ZodString"",""optional"":false,""nullable"":false,""checks"":[{""kind"":""trim""},{""kind"":""min"",""value"":1}]}",cargomesh/src/shared/schemas/v2/freight-request.ts:148; schema freight-request.ts:FreightRequestV2ResponseSchema; field cargoSpecification.units[].packageType,cargoSpecification.units[].packageType,ZodString,False,False,supabase-v2/supabase/migrations/20260927064713_hac12_road_vertical.sql:4,request,"[{""file"":""roundtrips.json"",""row"":21,""id"":""a8085b64-73e5-4704-b81a-f4262131f95c"",""state"":""VALUE"",""inputState"":""VALUE"",""inputEqualsRead"":true,""value"":""PALLET""},{""file"":""extended-roundtrips.json"",""row"":5,""id"":""82f5d33a-d482-46b8-b2c3-53fcc4e8a88d"",""state"":""VALUE"",""inputState"":""VALUE"",""inputEqualsRead"":true,""value"":""PALLET""}]",COMPLETO,Resolved storage and current typed output agree with a concrete POST/GET or measured read projection,HAC-40 / Cristhian,29c385fe0ee501eb4b8b989b0a247c8fdeda62ad,POST /api/v2/freight/requests/:id/revisions; POST /api/v2/freight/requests/:id/submissions; POST /api/v2/freight/requests; POST /api/v2/freight/requests/:requestId/route-alternatives; POST /api/v2/freight/requests/:requestId/routes; POST /api/v2/freight/requests/:requestId/plans; POST /api/v2/freight/requests/:requestId/opportunities; POST /api/v2/freight/requests/:requestId/ranking; POST /api/v2/freight/requests/:requestId/decisions; POST /api/v2/freight/requests/:requestId/decisions/:id/revocations,GET /api/v2/freight/requests; GET /api/v2/freight/requests/:id/serviceability; GET /api/v2/freight/requests/:id; GET /api/v2/freight/requests/:requestId/routes; GET /api/v2/freight/requests/:requestId/routes/:id; GET /api/v2/freight/requests/:requestId/plans; GET /api/v2/freight/requests/:requestId/plans/:id; GET /api/v2/freight/requests/:requestId/opportunities; GET /api/v2/freight/requests/:requestId/opportunities/:id; GET /api/v2/freight/requests/:requestId/offers; GET /api/v2/freight/requests/:requestId/offers/:id; GET /api/v2/freight/requests/:requestId/ranking; GET /api/v2/freight/requests/:requestId/ranking/:id; GET /api/v2/freight/requests/:requestId/decisions; GET /api/v2/freight/requests/:requestId/decisions/:id,logs/class-matrix.json: CargoUnit (catalog grants/policies/table ACL); logs/independent-rls-result.json; logs/auth-controls.json
42,CargoUnit,quantity,number,False,COMPLETO,freight_requests.v2_snapshot.cargoSpecification.units[].quantity,68,freight_requests.v2_snapshot.cargoSpecification.units[].quantity,freight_requests.v2_snapshot.cargoSpecification.units[].quantity,jsonb,YES,None,"freight_requests_budget_positive: CHECK (((budget_max IS NULL) OR (budget_max > (0)::numeric))); freight_requests_cargo_category_id_fkey: FOREIGN KEY (cargo_category_id) REFERENCES cargo_categories(id); freight_requests_cargo_entry_method_check: CHECK ((cargo_entry_method = ANY (ARRAY['TOTAL_WEIGHT'::text, 'UNITS'::text, 'PACKAGES'::text, 'PALLETS'::text, 'LOTS'::text, 'SACKS'::text]))); freight_requests_cargo_specifications_object: CHECK ((jsonb_typeof(cargo_specifications) = 'object'::text)); freight_requests_code_key: UNIQUE (code); freight_requests_confirmed_by_member_id_fkey: FOREIGN KEY (confirmed_by_member_id) REFERENCES organization_members(id); freight_requests_creation_receipt_check: CHECK ((((creation_idempotency_key IS NULL) AND (creation_payload_hash IS NULL)) OR ((creation_idempotency_key IS NOT NULL) AND (creation_payload_hash IS NOT NULL) AND (requested_by_member_id IS NOT NULL) AND (creation_payload_hash ~ '^[0-9a-f]{64}$'::text)))); freight_requests_destination_facility_same_org: FOREIGN KEY (destination_facility_id, organization_id) REFERENCES facilities(id, organization_id); freight_requests_destination_region_not_blank: CHECK (((destination_region IS NULL) OR (length(btrim(destination_region)) > 0))); freight_requests_draft_version_positive: CHECK ((draft_version >= 1)); freight_requests_entry_dimensions_positive: CHECK ((((entry_length_cm IS NULL) OR (entry_length_cm > (0)::numeric)) AND ((entry_width_cm IS NULL) OR (entry_width_cm > (0)::numeric)) AND ((entry_height_cm IS NULL) OR (entry_height_cm > (0)::numeric)))); freight_requests_entry_quantity_positive: CHECK (((entry_quantity IS NULL) OR (entry_quantity > (0)::numeric))); freight_requests_entry_unit_weight_positive: CHECK (((entry_unit_weight_kg IS NULL) OR (entry_unit_weight_kg > (0)::numeric))); freight_requests_organization_cargo_profile_fkey: FOREIGN KEY (organization_id, cargo_profile_id) REFERENCES organization_cargo_profiles(organization_id, id); freight_requests_organization_id_fkey: FOREIGN KEY (organization_id) REFERENCES organizations(id) ON DELETE CASCADE; freight_requests_origin_facility_same_org: FOREIGN KEY (origin_facility_id, organization_id) REFERENCES facilities(id, organization_id); freight_requests_origin_region_not_blank: CHECK (((origin_region IS NULL) OR (length(btrim(origin_region)) > 0))); freight_requests_pickup_mode_check: CHECK ((pickup_mode = ANY (ARRAY['ASAP'::text, 'SCHEDULED'::text]))); freight_requests_pickup_window_check: CHECK (((pickup_window_end IS NULL) OR (pickup_window_start IS NULL) OR (pickup_window_end > pickup_window_start))); freight_requests_pkey: PRIMARY KEY (id); freight_requests_requested_by_member_id_fkey: FOREIGN KEY (requested_by_member_id) REFERENCES organization_members(id); freight_requests_selection_objective_check: CHECK ((selection_objective = ANY (ARRAY['LOWEST_COST'::text, 'FASTEST'::text, 'WEIGHTED'::text]))); freight_requests_status_check: CHECK ((status = ANY (ARRAY['DRAFT'::text, 'PENDING'::text, 'ORCHESTRATING'::text, 'AWAITING_SELECTION'::text, 'BOOKING'::text, 'BOOKED'::text, 'FAILED'::text, 'CANCELLED'::text]))); freight_requests_unitized_intake_complete: CHECK (((status = 'DRAFT'::text) OR (cargo_entry_method = 'TOTAL_WEIGHT'::text) OR ((entry_quantity IS NOT NULL) AND (entry_unit_weight_kg IS NOT NULL) AND (units_per_entry IS NOT NULL)))); freight_requests_unitized_volume_matches_total: CHECK (((cargo_volume_m3 IS NULL) OR (entry_quantity IS NULL) OR (units_per_entry IS NULL) OR (entry_length_cm IS NULL) OR (entry_width_cm IS NULL) OR (entry_height_cm IS NULL) OR (abs((cargo_volume_m3 - (((((entry_quantity * (units_per_entry)::numeric) * entry_length_cm) * entry_width_cm) * entry_height_cm) / (1000000)::numeric))) <= 0.01))); freight_requests_unitized_weight_matches_total: CHECK (((cargo_entry_method = 'TOTAL_WEIGHT'::text) OR (entry_quantity IS NULL) OR (entry_unit_weight_kg IS NULL) OR (units_per_entry IS NULL) OR (abs((cargo_weight_kg - ((entry_quantity * entry_unit_weight_kg) * (units_per_entry)::numeric))) <= 0.01))); freight_requests_units_per_entry_positive: CHECK (((units_per_entry IS NULL) OR (units_per_entry > 0))); freight_requests_v2_budget_currency: CHECK (((budget_currency IS NULL) OR (budget_currency = 'USD'::text))); freight_requests_v2_delivery_window: CHECK (((delivery_window_start IS NULL) OR ((delivery_window_end IS NOT NULL) AND (delivery_window_end > delivery_window_start)))); freight_requests_v2_snapshot_shape: CHECK (((v2_snapshot IS NULL) OR ((jsonb_typeof(v2_snapshot) = 'object'::text) AND (jsonb_typeof(v2_creation_payload) = 'object'::text) AND (v2_contract_version = '2.0'::text) AND ((v2_snapshot ->> 'schemaVersion'::text) = '2.0'::text) AND (v2_snapshot ? 'cargoSpecification'::text) AND (v2_snapshot ? 'contacts'::text) AND (budget_currency IS DISTINCT FROM 'PEN'::text)))); freight_requests_weight_positive: CHECK ((cargo_weight_kg > (0)::numeric))","CREATE INDEX freight_requests_cargo_category_idx ON public.freight_requests USING btree (cargo_category_id); CREATE INDEX freight_requests_cargo_profile_idx ON public.freight_requests USING btree (cargo_profile_id) WHERE (cargo_profile_id IS NOT NULL); CREATE UNIQUE INDEX freight_requests_code_key ON public.freight_requests USING btree (code); CREATE INDEX freight_requests_confirmed_by_idx ON public.freight_requests USING btree (confirmed_by_member_id) WHERE (confirmed_by_member_id IS NOT NULL); CREATE UNIQUE INDEX freight_requests_creation_idempotency_idx ON public.freight_requests USING btree (organization_id, requested_by_member_id, creation_idempotency_key) WHERE (creation_idempotency_key IS NOT NULL); CREATE INDEX freight_requests_destination_facility_idx ON public.freight_requests USING btree (destination_facility_id) WHERE (destination_facility_id IS NOT NULL); CREATE INDEX freight_requests_org_cargo_profile_idx ON public.freight_requests USING btree (organization_id, cargo_profile_id) WHERE (cargo_profile_id IS NOT NULL); CREATE INDEX freight_requests_org_draft_version_idx ON public.freight_requests USING btree (organization_id, draft_version); CREATE INDEX freight_requests_org_status_created_idx ON public.freight_requests USING btree (organization_id, status, created_at DESC); CREATE INDEX freight_requests_origin_facility_idx ON public.freight_requests USING btree (origin_facility_id) WHERE (origin_facility_id IS NOT NULL); CREATE UNIQUE INDEX freight_requests_pkey ON public.freight_requests USING btree (id); CREATE INDEX freight_requests_requester_idx ON public.freight_requests USING btree (requested_by_member_id) WHERE (requested_by_member_id IS NOT NULL); CREATE INDEX freight_requests_v2_org_created_idx ON public.freight_requests USING btree (organization_id, created_at DESC) WHERE (v2_contract_version = '2.0'::text)",cargomesh/src/shared/schemas/v2/freight-request.ts:126; schema freight-request.ts:CreateFreightRequestV2InputSchema; field cargoSpecification.units[].quantity,cargoSpecification.units[].quantity,ZodNumber,False,False,"{""type"":""ZodNumber"",""optional"":false,""nullable"":false,""checks"":[{""kind"":""int""},{""kind"":""min"",""value"":0,""inclusive"":false}]}",cargomesh/src/shared/schemas/v2/freight-request.ts:148; schema freight-request.ts:FreightRequestV2ResponseSchema; field cargoSpecification.units[].quantity,cargoSpecification.units[].quantity,ZodNumber,False,False,supabase-v2/supabase/migrations/20260927064713_hac12_road_vertical.sql:4,request,"[{""file"":""roundtrips.json"",""row"":21,""id"":""a8085b64-73e5-4704-b81a-f4262131f95c"",""state"":""VALUE"",""inputState"":""VALUE"",""inputEqualsRead"":true,""value"":8},{""file"":""extended-roundtrips.json"",""row"":5,""id"":""82f5d33a-d482-46b8-b2c3-53fcc4e8a88d"",""state"":""VALUE"",""inputState"":""VALUE"",""inputEqualsRead"":true,""value"":1}]",COMPLETO,Resolved storage and current typed output agree with a concrete POST/GET or measured read projection,HAC-40 / Cristhian,29c385fe0ee501eb4b8b989b0a247c8fdeda62ad,POST /api/v2/freight/requests/:id/revisions; POST /api/v2/freight/requests/:id/submissions; POST /api/v2/freight/requests; POST /api/v2/freight/requests/:requestId/route-alternatives; POST /api/v2/freight/requests/:requestId/routes; POST /api/v2/freight/requests/:requestId/plans; POST /api/v2/freight/requests/:requestId/opportunities; POST /api/v2/freight/requests/:requestId/ranking; POST /api/v2/freight/requests/:requestId/decisions; POST /api/v2/freight/requests/:requestId/decisions/:id/revocations,GET /api/v2/freight/requests; GET /api/v2/freight/requests/:id/serviceability; GET /api/v2/freight/requests/:id; GET /api/v2/freight/requests/:requestId/routes; GET /api/v2/freight/requests/:requestId/routes/:id; GET /api/v2/freight/requests/:requestId/plans; GET /api/v2/freight/requests/:requestId/plans/:id; GET /api/v2/freight/requests/:requestId/opportunities; GET /api/v2/freight/requests/:requestId/opportunities/:id; GET /api/v2/freight/requests/:requestId/offers; GET /api/v2/freight/requests/:requestId/offers/:id; GET /api/v2/freight/requests/:requestId/ranking; GET /api/v2/freight/requests/:requestId/ranking/:id; GET /api/v2/freight/requests/:requestId/decisions; GET /api/v2/freight/requests/:requestId/decisions/:id,logs/class-matrix.json: CargoUnit (catalog grants/policies/table ACL); logs/independent-rls-result.json; logs/auth-controls.json
43,CargoUnit,weightPerUnitKg,number,False,COMPLETO,freight_requests.v2_snapshot.cargoSpecification.units[].weightPerUnitKg,69,freight_requests.v2_snapshot.cargoSpecification.units[].weightPerUnitKg,freight_requests.v2_snapshot.cargoSpecification.units[].weightPerUnitKg,jsonb,YES,None,"freight_requests_budget_positive: CHECK (((budget_max IS NULL) OR (budget_max > (0)::numeric))); freight_requests_cargo_category_id_fkey: FOREIGN KEY (cargo_category_id) REFERENCES cargo_categories(id); freight_requests_cargo_entry_method_check: CHECK ((cargo_entry_method = ANY (ARRAY['TOTAL_WEIGHT'::text, 'UNITS'::text, 'PACKAGES'::text, 'PALLETS'::text, 'LOTS'::text, 'SACKS'::text]))); freight_requests_cargo_specifications_object: CHECK ((jsonb_typeof(cargo_specifications) = 'object'::text)); freight_requests_code_key: UNIQUE (code); freight_requests_confirmed_by_member_id_fkey: FOREIGN KEY (confirmed_by_member_id) REFERENCES organization_members(id); freight_requests_creation_receipt_check: CHECK ((((creation_idempotency_key IS NULL) AND (creation_payload_hash IS NULL)) OR ((creation_idempotency_key IS NOT NULL) AND (creation_payload_hash IS NOT NULL) AND (requested_by_member_id IS NOT NULL) AND (creation_payload_hash ~ '^[0-9a-f]{64}$'::text)))); freight_requests_destination_facility_same_org: FOREIGN KEY (destination_facility_id, organization_id) REFERENCES facilities(id, organization_id); freight_requests_destination_region_not_blank: CHECK (((destination_region IS NULL) OR (length(btrim(destination_region)) > 0))); freight_requests_draft_version_positive: CHECK ((draft_version >= 1)); freight_requests_entry_dimensions_positive: CHECK ((((entry_length_cm IS NULL) OR (entry_length_cm > (0)::numeric)) AND ((entry_width_cm IS NULL) OR (entry_width_cm > (0)::numeric)) AND ((entry_height_cm IS NULL) OR (entry_height_cm > (0)::numeric)))); freight_requests_entry_quantity_positive: CHECK (((entry_quantity IS NULL) OR (entry_quantity > (0)::numeric))); freight_requests_entry_unit_weight_positive: CHECK (((entry_unit_weight_kg IS NULL) OR (entry_unit_weight_kg > (0)::numeric))); freight_requests_organization_cargo_profile_fkey: FOREIGN KEY (organization_id, cargo_profile_id) REFERENCES organization_cargo_profiles(organization_id, id); freight_requests_organization_id_fkey: FOREIGN KEY (organization_id) REFERENCES organizations(id) ON DELETE CASCADE; freight_requests_origin_facility_same_org: FOREIGN KEY (origin_facility_id, organization_id) REFERENCES facilities(id, organization_id); freight_requests_origin_region_not_blank: CHECK (((origin_region IS NULL) OR (length(btrim(origin_region)) > 0))); freight_requests_pickup_mode_check: CHECK ((pickup_mode = ANY (ARRAY['ASAP'::text, 'SCHEDULED'::text]))); freight_requests_pickup_window_check: CHECK (((pickup_window_end IS NULL) OR (pickup_window_start IS NULL) OR (pickup_window_end > pickup_window_start))); freight_requests_pkey: PRIMARY KEY (id); freight_requests_requested_by_member_id_fkey: FOREIGN KEY (requested_by_member_id) REFERENCES organization_members(id); freight_requests_selection_objective_check: CHECK ((selection_objective = ANY (ARRAY['LOWEST_COST'::text, 'FASTEST'::text, 'WEIGHTED'::text]))); freight_requests_status_check: CHECK ((status = ANY (ARRAY['DRAFT'::text, 'PENDING'::text, 'ORCHESTRATING'::text, 'AWAITING_SELECTION'::text, 'BOOKING'::text, 'BOOKED'::text, 'FAILED'::text, 'CANCELLED'::text]))); freight_requests_unitized_intake_complete: CHECK (((status = 'DRAFT'::text) OR (cargo_entry_method = 'TOTAL_WEIGHT'::text) OR ((entry_quantity IS NOT NULL) AND (entry_unit_weight_kg IS NOT NULL) AND (units_per_entry IS NOT NULL)))); freight_requests_unitized_volume_matches_total: CHECK (((cargo_volume_m3 IS NULL) OR (entry_quantity IS NULL) OR (units_per_entry IS NULL) OR (entry_length_cm IS NULL) OR (entry_width_cm IS NULL) OR (entry_height_cm IS NULL) OR (abs((cargo_volume_m3 - (((((entry_quantity * (units_per_entry)::numeric) * entry_length_cm) * entry_width_cm) * entry_height_cm) / (1000000)::numeric))) <= 0.01))); freight_requests_unitized_weight_matches_total: CHECK (((cargo_entry_method = 'TOTAL_WEIGHT'::text) OR (entry_quantity IS NULL) OR (entry_unit_weight_kg IS NULL) OR (units_per_entry IS NULL) OR (abs((cargo_weight_kg - ((entry_quantity * entry_unit_weight_kg) * (units_per_entry)::numeric))) <= 0.01))); freight_requests_units_per_entry_positive: CHECK (((units_per_entry IS NULL) OR (units_per_entry > 0))); freight_requests_v2_budget_currency: CHECK (((budget_currency IS NULL) OR (budget_currency = 'USD'::text))); freight_requests_v2_delivery_window: CHECK (((delivery_window_start IS NULL) OR ((delivery_window_end IS NOT NULL) AND (delivery_window_end > delivery_window_start)))); freight_requests_v2_snapshot_shape: CHECK (((v2_snapshot IS NULL) OR ((jsonb_typeof(v2_snapshot) = 'object'::text) AND (jsonb_typeof(v2_creation_payload) = 'object'::text) AND (v2_contract_version = '2.0'::text) AND ((v2_snapshot ->> 'schemaVersion'::text) = '2.0'::text) AND (v2_snapshot ? 'cargoSpecification'::text) AND (v2_snapshot ? 'contacts'::text) AND (budget_currency IS DISTINCT FROM 'PEN'::text)))); freight_requests_weight_positive: CHECK ((cargo_weight_kg > (0)::numeric))","CREATE INDEX freight_requests_cargo_category_idx ON public.freight_requests USING btree (cargo_category_id); CREATE INDEX freight_requests_cargo_profile_idx ON public.freight_requests USING btree (cargo_profile_id) WHERE (cargo_profile_id IS NOT NULL); CREATE UNIQUE INDEX freight_requests_code_key ON public.freight_requests USING btree (code); CREATE INDEX freight_requests_confirmed_by_idx ON public.freight_requests USING btree (confirmed_by_member_id) WHERE (confirmed_by_member_id IS NOT NULL); CREATE UNIQUE INDEX freight_requests_creation_idempotency_idx ON public.freight_requests USING btree (organization_id, requested_by_member_id, creation_idempotency_key) WHERE (creation_idempotency_key IS NOT NULL); CREATE INDEX freight_requests_destination_facility_idx ON public.freight_requests USING btree (destination_facility_id) WHERE (destination_facility_id IS NOT NULL); CREATE INDEX freight_requests_org_cargo_profile_idx ON public.freight_requests USING btree (organization_id, cargo_profile_id) WHERE (cargo_profile_id IS NOT NULL); CREATE INDEX freight_requests_org_draft_version_idx ON public.freight_requests USING btree (organization_id, draft_version); CREATE INDEX freight_requests_org_status_created_idx ON public.freight_requests USING btree (organization_id, status, created_at DESC); CREATE INDEX freight_requests_origin_facility_idx ON public.freight_requests USING btree (origin_facility_id) WHERE (origin_facility_id IS NOT NULL); CREATE UNIQUE INDEX freight_requests_pkey ON public.freight_requests USING btree (id); CREATE INDEX freight_requests_requester_idx ON public.freight_requests USING btree (requested_by_member_id) WHERE (requested_by_member_id IS NOT NULL); CREATE INDEX freight_requests_v2_org_created_idx ON public.freight_requests USING btree (organization_id, created_at DESC) WHERE (v2_contract_version = '2.0'::text)",cargomesh/src/shared/schemas/v2/freight-request.ts:126; schema freight-request.ts:CreateFreightRequestV2InputSchema; field cargoSpecification.units[].weightPerUnitKg,cargoSpecification.units[].weightPerUnitKg,ZodNumber,False,False,"{""type"":""ZodNumber"",""optional"":false,""nullable"":false,""checks"":[{""kind"":""min"",""value"":0,""inclusive"":false}]}",cargomesh/src/shared/schemas/v2/freight-request.ts:148; schema freight-request.ts:FreightRequestV2ResponseSchema; field cargoSpecification.units[].weightPerUnitKg,cargoSpecification.units[].weightPerUnitKg,ZodNumber,False,False,supabase-v2/supabase/migrations/20260927064713_hac12_road_vertical.sql:4,request,"[{""file"":""roundtrips.json"",""row"":21,""id"":""a8085b64-73e5-4704-b81a-f4262131f95c"",""state"":""VALUE"",""inputState"":""VALUE"",""inputEqualsRead"":true,""value"":600},{""file"":""extended-roundtrips.json"",""row"":5,""id"":""82f5d33a-d482-46b8-b2c3-53fcc4e8a88d"",""state"":""VALUE"",""inputState"":""VALUE"",""inputEqualsRead"":true,""value"":1000}]",COMPLETO,Resolved storage and current typed output agree with a concrete POST/GET or measured read projection,HAC-40 / Cristhian,29c385fe0ee501eb4b8b989b0a247c8fdeda62ad,POST /api/v2/freight/requests/:id/revisions; POST /api/v2/freight/requests/:id/submissions; POST /api/v2/freight/requests; POST /api/v2/freight/requests/:requestId/route-alternatives; POST /api/v2/freight/requests/:requestId/routes; POST /api/v2/freight/requests/:requestId/plans; POST /api/v2/freight/requests/:requestId/opportunities; POST /api/v2/freight/requests/:requestId/ranking; POST /api/v2/freight/requests/:requestId/decisions; POST /api/v2/freight/requests/:requestId/decisions/:id/revocations,GET /api/v2/freight/requests; GET /api/v2/freight/requests/:id/serviceability; GET /api/v2/freight/requests/:id; GET /api/v2/freight/requests/:requestId/routes; GET /api/v2/freight/requests/:requestId/routes/:id; GET /api/v2/freight/requests/:requestId/plans; GET /api/v2/freight/requests/:requestId/plans/:id; GET /api/v2/freight/requests/:requestId/opportunities; GET /api/v2/freight/requests/:requestId/opportunities/:id; GET /api/v2/freight/requests/:requestId/offers; GET /api/v2/freight/requests/:requestId/offers/:id; GET /api/v2/freight/requests/:requestId/ranking; GET /api/v2/freight/requests/:requestId/ranking/:id; GET /api/v2/freight/requests/:requestId/decisions; GET /api/v2/freight/requests/:requestId/decisions/:id,logs/class-matrix.json: CargoUnit (catalog grants/policies/table ACL); logs/independent-rls-result.json; logs/auth-controls.json
44,CargoUnit,volumePerUnitM3,number,True,COMPLETO,freight_requests.v2_snapshot.cargoSpecification.units[].volumePerUnitM3,70,freight_requests.v2_snapshot.cargoSpecification.units[].volumePerUnitM3,freight_requests.v2_snapshot.cargoSpecification.units[].volumePerUnitM3,jsonb,YES,None,"freight_requests_budget_positive: CHECK (((budget_max IS NULL) OR (budget_max > (0)::numeric))); freight_requests_cargo_category_id_fkey: FOREIGN KEY (cargo_category_id) REFERENCES cargo_categories(id); freight_requests_cargo_entry_method_check: CHECK ((cargo_entry_method = ANY (ARRAY['TOTAL_WEIGHT'::text, 'UNITS'::text, 'PACKAGES'::text, 'PALLETS'::text, 'LOTS'::text, 'SACKS'::text]))); freight_requests_cargo_specifications_object: CHECK ((jsonb_typeof(cargo_specifications) = 'object'::text)); freight_requests_code_key: UNIQUE (code); freight_requests_confirmed_by_member_id_fkey: FOREIGN KEY (confirmed_by_member_id) REFERENCES organization_members(id); freight_requests_creation_receipt_check: CHECK ((((creation_idempotency_key IS NULL) AND (creation_payload_hash IS NULL)) OR ((creation_idempotency_key IS NOT NULL) AND (creation_payload_hash IS NOT NULL) AND (requested_by_member_id IS NOT NULL) AND (creation_payload_hash ~ '^[0-9a-f]{64}$'::text)))); freight_requests_destination_facility_same_org: FOREIGN KEY (destination_facility_id, organization_id) REFERENCES facilities(id, organization_id); freight_requests_destination_region_not_blank: CHECK (((destination_region IS NULL) OR (length(btrim(destination_region)) > 0))); freight_requests_draft_version_positive: CHECK ((draft_version >= 1)); freight_requests_entry_dimensions_positive: CHECK ((((entry_length_cm IS NULL) OR (entry_length_cm > (0)::numeric)) AND ((entry_width_cm IS NULL) OR (entry_width_cm > (0)::numeric)) AND ((entry_height_cm IS NULL) OR (entry_height_cm > (0)::numeric)))); freight_requests_entry_quantity_positive: CHECK (((entry_quantity IS NULL) OR (entry_quantity > (0)::numeric))); freight_requests_entry_unit_weight_positive: CHECK (((entry_unit_weight_kg IS NULL) OR (entry_unit_weight_kg > (0)::numeric))); freight_requests_organization_cargo_profile_fkey: FOREIGN KEY (organization_id, cargo_profile_id) REFERENCES organization_cargo_profiles(organization_id, id); freight_requests_organization_id_fkey: FOREIGN KEY (organization_id) REFERENCES organizations(id) ON DELETE CASCADE; freight_requests_origin_facility_same_org: FOREIGN KEY (origin_facility_id, organization_id) REFERENCES facilities(id, organization_id); freight_requests_origin_region_not_blank: CHECK (((origin_region IS NULL) OR (length(btrim(origin_region)) > 0))); freight_requests_pickup_mode_check: CHECK ((pickup_mode = ANY (ARRAY['ASAP'::text, 'SCHEDULED'::text]))); freight_requests_pickup_window_check: CHECK (((pickup_window_end IS NULL) OR (pickup_window_start IS NULL) OR (pickup_window_end > pickup_window_start))); freight_requests_pkey: PRIMARY KEY (id); freight_requests_requested_by_member_id_fkey: FOREIGN KEY (requested_by_member_id) REFERENCES organization_members(id); freight_requests_selection_objective_check: CHECK ((selection_objective = ANY (ARRAY['LOWEST_COST'::text, 'FASTEST'::text, 'WEIGHTED'::text]))); freight_requests_status_check: CHECK ((status = ANY (ARRAY['DRAFT'::text, 'PENDING'::text, 'ORCHESTRATING'::text, 'AWAITING_SELECTION'::text, 'BOOKING'::text, 'BOOKED'::text, 'FAILED'::text, 'CANCELLED'::text]))); freight_requests_unitized_intake_complete: CHECK (((status = 'DRAFT'::text) OR (cargo_entry_method = 'TOTAL_WEIGHT'::text) OR ((entry_quantity IS NOT NULL) AND (entry_unit_weight_kg IS NOT NULL) AND (units_per_entry IS NOT NULL)))); freight_requests_unitized_volume_matches_total: CHECK (((cargo_volume_m3 IS NULL) OR (entry_quantity IS NULL) OR (units_per_entry IS NULL) OR (entry_length_cm IS NULL) OR (entry_width_cm IS NULL) OR (entry_height_cm IS NULL) OR (abs((cargo_volume_m3 - (((((entry_quantity * (units_per_entry)::numeric) * entry_length_cm) * entry_width_cm) * entry_height_cm) / (1000000)::numeric))) <= 0.01))); freight_requests_unitized_weight_matches_total: CHECK (((cargo_entry_method = 'TOTAL_WEIGHT'::text) OR (entry_quantity IS NULL) OR (entry_unit_weight_kg IS NULL) OR (units_per_entry IS NULL) OR (abs((cargo_weight_kg - ((entry_quantity * entry_unit_weight_kg) * (units_per_entry)::numeric))) <= 0.01))); freight_requests_units_per_entry_positive: CHECK (((units_per_entry IS NULL) OR (units_per_entry > 0))); freight_requests_v2_budget_currency: CHECK (((budget_currency IS NULL) OR (budget_currency = 'USD'::text))); freight_requests_v2_delivery_window: CHECK (((delivery_window_start IS NULL) OR ((delivery_window_end IS NOT NULL) AND (delivery_window_end > delivery_window_start)))); freight_requests_v2_snapshot_shape: CHECK (((v2_snapshot IS NULL) OR ((jsonb_typeof(v2_snapshot) = 'object'::text) AND (jsonb_typeof(v2_creation_payload) = 'object'::text) AND (v2_contract_version = '2.0'::text) AND ((v2_snapshot ->> 'schemaVersion'::text) = '2.0'::text) AND (v2_snapshot ? 'cargoSpecification'::text) AND (v2_snapshot ? 'contacts'::text) AND (budget_currency IS DISTINCT FROM 'PEN'::text)))); freight_requests_weight_positive: CHECK ((cargo_weight_kg > (0)::numeric))","CREATE INDEX freight_requests_cargo_category_idx ON public.freight_requests USING btree (cargo_category_id); CREATE INDEX freight_requests_cargo_profile_idx ON public.freight_requests USING btree (cargo_profile_id) WHERE (cargo_profile_id IS NOT NULL); CREATE UNIQUE INDEX freight_requests_code_key ON public.freight_requests USING btree (code); CREATE INDEX freight_requests_confirmed_by_idx ON public.freight_requests USING btree (confirmed_by_member_id) WHERE (confirmed_by_member_id IS NOT NULL); CREATE UNIQUE INDEX freight_requests_creation_idempotency_idx ON public.freight_requests USING btree (organization_id, requested_by_member_id, creation_idempotency_key) WHERE (creation_idempotency_key IS NOT NULL); CREATE INDEX freight_requests_destination_facility_idx ON public.freight_requests USING btree (destination_facility_id) WHERE (destination_facility_id IS NOT NULL); CREATE INDEX freight_requests_org_cargo_profile_idx ON public.freight_requests USING btree (organization_id, cargo_profile_id) WHERE (cargo_profile_id IS NOT NULL); CREATE INDEX freight_requests_org_draft_version_idx ON public.freight_requests USING btree (organization_id, draft_version); CREATE INDEX freight_requests_org_status_created_idx ON public.freight_requests USING btree (organization_id, status, created_at DESC); CREATE INDEX freight_requests_origin_facility_idx ON public.freight_requests USING btree (origin_facility_id) WHERE (origin_facility_id IS NOT NULL); CREATE UNIQUE INDEX freight_requests_pkey ON public.freight_requests USING btree (id); CREATE INDEX freight_requests_requester_idx ON public.freight_requests USING btree (requested_by_member_id) WHERE (requested_by_member_id IS NOT NULL); CREATE INDEX freight_requests_v2_org_created_idx ON public.freight_requests USING btree (organization_id, created_at DESC) WHERE (v2_contract_version = '2.0'::text)",cargomesh/src/shared/schemas/v2/freight-request.ts:126; schema freight-request.ts:CreateFreightRequestV2InputSchema; field cargoSpecification.units[].volumePerUnitM3,cargoSpecification.units[].volumePerUnitM3,ZodNumber,False,False,"{""type"":""ZodNumber"",""optional"":false,""nullable"":false,""checks"":[{""kind"":""min"",""value"":0,""inclusive"":false}]}",cargomesh/src/shared/schemas/v2/freight-request.ts:148; schema freight-request.ts:FreightRequestV2ResponseSchema; field cargoSpecification.units[].volumePerUnitM3,cargoSpecification.units[].volumePerUnitM3,ZodNumber,False,False,supabase-v2/supabase/migrations/20260927064713_hac12_road_vertical.sql:4,request,"[{""file"":""roundtrips.json"",""row"":21,""id"":""a8085b64-73e5-4704-b81a-f4262131f95c"",""state"":""VALUE"",""inputState"":""VALUE"",""inputEqualsRead"":true,""value"":2.4},{""file"":""extended-roundtrips.json"",""row"":5,""id"":""82f5d33a-d482-46b8-b2c3-53fcc4e8a88d"",""state"":""VALUE"",""inputState"":""VALUE"",""inputEqualsRead"":true,""value"":2}]",COMPLETO,Resolved storage and current typed output agree with a concrete POST/GET or measured read projection,HAC-40 / Cristhian,29c385fe0ee501eb4b8b989b0a247c8fdeda62ad,POST /api/v2/freight/requests/:id/revisions; POST /api/v2/freight/requests/:id/submissions; POST /api/v2/freight/requests; POST /api/v2/freight/requests/:requestId/route-alternatives; POST /api/v2/freight/requests/:requestId/routes; POST /api/v2/freight/requests/:requestId/plans; POST /api/v2/freight/requests/:requestId/opportunities; POST /api/v2/freight/requests/:requestId/ranking; POST /api/v2/freight/requests/:requestId/decisions; POST /api/v2/freight/requests/:requestId/decisions/:id/revocations,GET /api/v2/freight/requests; GET /api/v2/freight/requests/:id/serviceability; GET /api/v2/freight/requests/:id; GET /api/v2/freight/requests/:requestId/routes; GET /api/v2/freight/requests/:requestId/routes/:id; GET /api/v2/freight/requests/:requestId/plans; GET /api/v2/freight/requests/:requestId/plans/:id; GET /api/v2/freight/requests/:requestId/opportunities; GET /api/v2/freight/requests/:requestId/opportunities/:id; GET /api/v2/freight/requests/:requestId/offers; GET /api/v2/freight/requests/:requestId/offers/:id; GET /api/v2/freight/requests/:requestId/ranking; GET /api/v2/freight/requests/:requestId/ranking/:id; GET /api/v2/freight/requests/:requestId/decisions; GET /api/v2/freight/requests/:requestId/decisions/:id,logs/class-matrix.json: CargoUnit (catalog grants/policies/table ACL); logs/independent-rls-result.json; logs/auth-controls.json
45,CargoUnit,dimensions,Dimensions,False,COMPLETO,freight_requests.v2_snapshot.cargoSpecification.units[].dimensionsCm,71,freight_requests.v2_snapshot.cargoSpecification.units[].dimensionsCm,freight_requests.v2_snapshot.cargoSpecification.units[].dimensionsCm,jsonb,YES,None,"freight_requests_budget_positive: CHECK (((budget_max IS NULL) OR (budget_max > (0)::numeric))); freight_requests_cargo_category_id_fkey: FOREIGN KEY (cargo_category_id) REFERENCES cargo_categories(id); freight_requests_cargo_entry_method_check: CHECK ((cargo_entry_method = ANY (ARRAY['TOTAL_WEIGHT'::text, 'UNITS'::text, 'PACKAGES'::text, 'PALLETS'::text, 'LOTS'::text, 'SACKS'::text]))); freight_requests_cargo_specifications_object: CHECK ((jsonb_typeof(cargo_specifications) = 'object'::text)); freight_requests_code_key: UNIQUE (code); freight_requests_confirmed_by_member_id_fkey: FOREIGN KEY (confirmed_by_member_id) REFERENCES organization_members(id); freight_requests_creation_receipt_check: CHECK ((((creation_idempotency_key IS NULL) AND (creation_payload_hash IS NULL)) OR ((creation_idempotency_key IS NOT NULL) AND (creation_payload_hash IS NOT NULL) AND (requested_by_member_id IS NOT NULL) AND (creation_payload_hash ~ '^[0-9a-f]{64}$'::text)))); freight_requests_destination_facility_same_org: FOREIGN KEY (destination_facility_id, organization_id) REFERENCES facilities(id, organization_id); freight_requests_destination_region_not_blank: CHECK (((destination_region IS NULL) OR (length(btrim(destination_region)) > 0))); freight_requests_draft_version_positive: CHECK ((draft_version >= 1)); freight_requests_entry_dimensions_positive: CHECK ((((entry_length_cm IS NULL) OR (entry_length_cm > (0)::numeric)) AND ((entry_width_cm IS NULL) OR (entry_width_cm > (0)::numeric)) AND ((entry_height_cm IS NULL) OR (entry_height_cm > (0)::numeric)))); freight_requests_entry_quantity_positive: CHECK (((entry_quantity IS NULL) OR (entry_quantity > (0)::numeric))); freight_requests_entry_unit_weight_positive: CHECK (((entry_unit_weight_kg IS NULL) OR (entry_unit_weight_kg > (0)::numeric))); freight_requests_organization_cargo_profile_fkey: FOREIGN KEY (organization_id, cargo_profile_id) REFERENCES organization_cargo_profiles(organization_id, id); freight_requests_organization_id_fkey: FOREIGN KEY (organization_id) REFERENCES organizations(id) ON DELETE CASCADE; freight_requests_origin_facility_same_org: FOREIGN KEY (origin_facility_id, organization_id) REFERENCES facilities(id, organization_id); freight_requests_origin_region_not_blank: CHECK (((origin_region IS NULL) OR (length(btrim(origin_region)) > 0))); freight_requests_pickup_mode_check: CHECK ((pickup_mode = ANY (ARRAY['ASAP'::text, 'SCHEDULED'::text]))); freight_requests_pickup_window_check: CHECK (((pickup_window_end IS NULL) OR (pickup_window_start IS NULL) OR (pickup_window_end > pickup_window_start))); freight_requests_pkey: PRIMARY KEY (id); freight_requests_requested_by_member_id_fkey: FOREIGN KEY (requested_by_member_id) REFERENCES organization_members(id); freight_requests_selection_objective_check: CHECK ((selection_objective = ANY (ARRAY['LOWEST_COST'::text, 'FASTEST'::text, 'WEIGHTED'::text]))); freight_requests_status_check: CHECK ((status = ANY (ARRAY['DRAFT'::text, 'PENDING'::text, 'ORCHESTRATING'::text, 'AWAITING_SELECTION'::text, 'BOOKING'::text, 'BOOKED'::text, 'FAILED'::text, 'CANCELLED'::text]))); freight_requests_unitized_intake_complete: CHECK (((status = 'DRAFT'::text) OR (cargo_entry_method = 'TOTAL_WEIGHT'::text) OR ((entry_quantity IS NOT NULL) AND (entry_unit_weight_kg IS NOT NULL) AND (units_per_entry IS NOT NULL)))); freight_requests_unitized_volume_matches_total: CHECK (((cargo_volume_m3 IS NULL) OR (entry_quantity IS NULL) OR (units_per_entry IS NULL) OR (entry_length_cm IS NULL) OR (entry_width_cm IS NULL) OR (entry_height_cm IS NULL) OR (abs((cargo_volume_m3 - (((((entry_quantity * (units_per_entry)::numeric) * entry_length_cm) * entry_width_cm) * entry_height_cm) / (1000000)::numeric))) <= 0.01))); freight_requests_unitized_weight_matches_total: CHECK (((cargo_entry_method = 'TOTAL_WEIGHT'::text) OR (entry_quantity IS NULL) OR (entry_unit_weight_kg IS NULL) OR (units_per_entry IS NULL) OR (abs((cargo_weight_kg - ((entry_quantity * entry_unit_weight_kg) * (units_per_entry)::numeric))) <= 0.01))); freight_requests_units_per_entry_positive: CHECK (((units_per_entry IS NULL) OR (units_per_entry > 0))); freight_requests_v2_budget_currency: CHECK (((budget_currency IS NULL) OR (budget_currency = 'USD'::text))); freight_requests_v2_delivery_window: CHECK (((delivery_window_start IS NULL) OR ((delivery_window_end IS NOT NULL) AND (delivery_window_end > delivery_window_start)))); freight_requests_v2_snapshot_shape: CHECK (((v2_snapshot IS NULL) OR ((jsonb_typeof(v2_snapshot) = 'object'::text) AND (jsonb_typeof(v2_creation_payload) = 'object'::text) AND (v2_contract_version = '2.0'::text) AND ((v2_snapshot ->> 'schemaVersion'::text) = '2.0'::text) AND (v2_snapshot ? 'cargoSpecification'::text) AND (v2_snapshot ? 'contacts'::text) AND (budget_currency IS DISTINCT FROM 'PEN'::text)))); freight_requests_weight_positive: CHECK ((cargo_weight_kg > (0)::numeric))","CREATE INDEX freight_requests_cargo_category_idx ON public.freight_requests USING btree (cargo_category_id); CREATE INDEX freight_requests_cargo_profile_idx ON public.freight_requests USING btree (cargo_profile_id) WHERE (cargo_profile_id IS NOT NULL); CREATE UNIQUE INDEX freight_requests_code_key ON public.freight_requests USING btree (code); CREATE INDEX freight_requests_confirmed_by_idx ON public.freight_requests USING btree (confirmed_by_member_id) WHERE (confirmed_by_member_id IS NOT NULL); CREATE UNIQUE INDEX freight_requests_creation_idempotency_idx ON public.freight_requests USING btree (organization_id, requested_by_member_id, creation_idempotency_key) WHERE (creation_idempotency_key IS NOT NULL); CREATE INDEX freight_requests_destination_facility_idx ON public.freight_requests USING btree (destination_facility_id) WHERE (destination_facility_id IS NOT NULL); CREATE INDEX freight_requests_org_cargo_profile_idx ON public.freight_requests USING btree (organization_id, cargo_profile_id) WHERE (cargo_profile_id IS NOT NULL); CREATE INDEX freight_requests_org_draft_version_idx ON public.freight_requests USING btree (organization_id, draft_version); CREATE INDEX freight_requests_org_status_created_idx ON public.freight_requests USING btree (organization_id, status, created_at DESC); CREATE INDEX freight_requests_origin_facility_idx ON public.freight_requests USING btree (origin_facility_id) WHERE (origin_facility_id IS NOT NULL); CREATE UNIQUE INDEX freight_requests_pkey ON public.freight_requests USING btree (id); CREATE INDEX freight_requests_requester_idx ON public.freight_requests USING btree (requested_by_member_id) WHERE (requested_by_member_id IS NOT NULL); CREATE INDEX freight_requests_v2_org_created_idx ON public.freight_requests USING btree (organization_id, created_at DESC) WHERE (v2_contract_version = '2.0'::text)",cargomesh/src/shared/schemas/v2/freight-request.ts:126; schema freight-request.ts:CreateFreightRequestV2InputSchema; field cargoSpecification.units[].dimensionsCm,cargoSpecification.units[].dimensionsCm,ZodObject,False,False,"{""type"":""ZodObject"",""optional"":false,""nullable"":false,""fields"":{""length"":{""type"":""ZodNumber"",""optional"":false,""nullable"":false,""checks"":[{""kind"":""min"",""value"":0,""inclusive"":false}]},""width"":{""type"":""ZodNumber"",""optional"":false,""nullable"":false,""checks"":[{""kind"":""min"",""value"":0,""inclusive"":false}]},""height"":{""type"":""ZodNumber"",""optional"":false,""nullable"":false,""checks"":[{""kind"":""min"",""value"":0,""inclusive"":false}]}},""unknownKeys"":""strict""}",cargomesh/src/shared/schemas/v2/freight-request.ts:148; schema freight-request.ts:FreightRequestV2ResponseSchema; field cargoSpecification.units[].dimensionsCm,cargoSpecification.units[].dimensionsCm,ZodObject,False,False,supabase-v2/supabase/migrations/20260927064713_hac12_road_vertical.sql:4,request,"[{""file"":""roundtrips.json"",""row"":21,""id"":""a8085b64-73e5-4704-b81a-f4262131f95c"",""state"":""VALUE"",""inputState"":""VALUE"",""inputEqualsRead"":true,""value"":{""length"":120,""width"":100,""height"":200}},{""file"":""extended-roundtrips.json"",""row"":5,""id"":""82f5d33a-d482-46b8-b2c3-53fcc4e8a88d"",""state"":""VALUE"",""inputState"":""VALUE"",""inputEqualsRead"":true,""value"":{""length"":100,""width"":100,""height"":200}}]",COMPLETO,Resolved storage and current typed output agree with a concrete POST/GET or measured read projection,HAC-40 / Cristhian,29c385fe0ee501eb4b8b989b0a247c8fdeda62ad,POST /api/v2/freight/requests/:id/revisions; POST /api/v2/freight/requests/:id/submissions; POST /api/v2/freight/requests; POST /api/v2/freight/requests/:requestId/route-alternatives; POST /api/v2/freight/requests/:requestId/routes; POST /api/v2/freight/requests/:requestId/plans; POST /api/v2/freight/requests/:requestId/opportunities; POST /api/v2/freight/requests/:requestId/ranking; POST /api/v2/freight/requests/:requestId/decisions; POST /api/v2/freight/requests/:requestId/decisions/:id/revocations,GET /api/v2/freight/requests; GET /api/v2/freight/requests/:id/serviceability; GET /api/v2/freight/requests/:id; GET /api/v2/freight/requests/:requestId/routes; GET /api/v2/freight/requests/:requestId/routes/:id; GET /api/v2/freight/requests/:requestId/plans; GET /api/v2/freight/requests/:requestId/plans/:id; GET /api/v2/freight/requests/:requestId/opportunities; GET /api/v2/freight/requests/:requestId/opportunities/:id; GET /api/v2/freight/requests/:requestId/offers; GET /api/v2/freight/requests/:requestId/offers/:id; GET /api/v2/freight/requests/:requestId/ranking; GET /api/v2/freight/requests/:requestId/ranking/:id; GET /api/v2/freight/requests/:requestId/decisions; GET /api/v2/freight/requests/:requestId/decisions/:id,logs/class-matrix.json: CargoUnit (catalog grants/policies/table ACL); logs/independent-rls-result.json; logs/auth-controls.json
46,CargoUnit,indivisible,boolean,False,COMPLETO,freight_requests.v2_snapshot.cargoSpecification.units[].indivisible,72,freight_requests.v2_snapshot.cargoSpecification.units[].indivisible,freight_requests.v2_snapshot.cargoSpecification.units[].indivisible,jsonb,YES,None,"freight_requests_budget_positive: CHECK (((budget_max IS NULL) OR (budget_max > (0)::numeric))); freight_requests_cargo_category_id_fkey: FOREIGN KEY (cargo_category_id) REFERENCES cargo_categories(id); freight_requests_cargo_entry_method_check: CHECK ((cargo_entry_method = ANY (ARRAY['TOTAL_WEIGHT'::text, 'UNITS'::text, 'PACKAGES'::text, 'PALLETS'::text, 'LOTS'::text, 'SACKS'::text]))); freight_requests_cargo_specifications_object: CHECK ((jsonb_typeof(cargo_specifications) = 'object'::text)); freight_requests_code_key: UNIQUE (code); freight_requests_confirmed_by_member_id_fkey: FOREIGN KEY (confirmed_by_member_id) REFERENCES organization_members(id); freight_requests_creation_receipt_check: CHECK ((((creation_idempotency_key IS NULL) AND (creation_payload_hash IS NULL)) OR ((creation_idempotency_key IS NOT NULL) AND (creation_payload_hash IS NOT NULL) AND (requested_by_member_id IS NOT NULL) AND (creation_payload_hash ~ '^[0-9a-f]{64}$'::text)))); freight_requests_destination_facility_same_org: FOREIGN KEY (destination_facility_id, organization_id) REFERENCES facilities(id, organization_id); freight_requests_destination_region_not_blank: CHECK (((destination_region IS NULL) OR (length(btrim(destination_region)) > 0))); freight_requests_draft_version_positive: CHECK ((draft_version >= 1)); freight_requests_entry_dimensions_positive: CHECK ((((entry_length_cm IS NULL) OR (entry_length_cm > (0)::numeric)) AND ((entry_width_cm IS NULL) OR (entry_width_cm > (0)::numeric)) AND ((entry_height_cm IS NULL) OR (entry_height_cm > (0)::numeric)))); freight_requests_entry_quantity_positive: CHECK (((entry_quantity IS NULL) OR (entry_quantity > (0)::numeric))); freight_requests_entry_unit_weight_positive: CHECK (((entry_unit_weight_kg IS NULL) OR (entry_unit_weight_kg > (0)::numeric))); freight_requests_organization_cargo_profile_fkey: FOREIGN KEY (organization_id, cargo_profile_id) REFERENCES organization_cargo_profiles(organization_id, id); freight_requests_organization_id_fkey: FOREIGN KEY (organization_id) REFERENCES organizations(id) ON DELETE CASCADE; freight_requests_origin_facility_same_org: FOREIGN KEY (origin_facility_id, organization_id) REFERENCES facilities(id, organization_id); freight_requests_origin_region_not_blank: CHECK (((origin_region IS NULL) OR (length(btrim(origin_region)) > 0))); freight_requests_pickup_mode_check: CHECK ((pickup_mode = ANY (ARRAY['ASAP'::text, 'SCHEDULED'::text]))); freight_requests_pickup_window_check: CHECK (((pickup_window_end IS NULL) OR (pickup_window_start IS NULL) OR (pickup_window_end > pickup_window_start))); freight_requests_pkey: PRIMARY KEY (id); freight_requests_requested_by_member_id_fkey: FOREIGN KEY (requested_by_member_id) REFERENCES organization_members(id); freight_requests_selection_objective_check: CHECK ((selection_objective = ANY (ARRAY['LOWEST_COST'::text, 'FASTEST'::text, 'WEIGHTED'::text]))); freight_requests_status_check: CHECK ((status = ANY (ARRAY['DRAFT'::text, 'PENDING'::text, 'ORCHESTRATING'::text, 'AWAITING_SELECTION'::text, 'BOOKING'::text, 'BOOKED'::text, 'FAILED'::text, 'CANCELLED'::text]))); freight_requests_unitized_intake_complete: CHECK (((status = 'DRAFT'::text) OR (cargo_entry_method = 'TOTAL_WEIGHT'::text) OR ((entry_quantity IS NOT NULL) AND (entry_unit_weight_kg IS NOT NULL) AND (units_per_entry IS NOT NULL)))); freight_requests_unitized_volume_matches_total: CHECK (((cargo_volume_m3 IS NULL) OR (entry_quantity IS NULL) OR (units_per_entry IS NULL) OR (entry_length_cm IS NULL) OR (entry_width_cm IS NULL) OR (entry_height_cm IS NULL) OR (abs((cargo_volume_m3 - (((((entry_quantity * (units_per_entry)::numeric) * entry_length_cm) * entry_width_cm) * entry_height_cm) / (1000000)::numeric))) <= 0.01))); freight_requests_unitized_weight_matches_total: CHECK (((cargo_entry_method = 'TOTAL_WEIGHT'::text) OR (entry_quantity IS NULL) OR (entry_unit_weight_kg IS NULL) OR (units_per_entry IS NULL) OR (abs((cargo_weight_kg - ((entry_quantity * entry_unit_weight_kg) * (units_per_entry)::numeric))) <= 0.01))); freight_requests_units_per_entry_positive: CHECK (((units_per_entry IS NULL) OR (units_per_entry > 0))); freight_requests_v2_budget_currency: CHECK (((budget_currency IS NULL) OR (budget_currency = 'USD'::text))); freight_requests_v2_delivery_window: CHECK (((delivery_window_start IS NULL) OR ((delivery_window_end IS NOT NULL) AND (delivery_window_end > delivery_window_start)))); freight_requests_v2_snapshot_shape: CHECK (((v2_snapshot IS NULL) OR ((jsonb_typeof(v2_snapshot) = 'object'::text) AND (jsonb_typeof(v2_creation_payload) = 'object'::text) AND (v2_contract_version = '2.0'::text) AND ((v2_snapshot ->> 'schemaVersion'::text) = '2.0'::text) AND (v2_snapshot ? 'cargoSpecification'::text) AND (v2_snapshot ? 'contacts'::text) AND (budget_currency IS DISTINCT FROM 'PEN'::text)))); freight_requests_weight_positive: CHECK ((cargo_weight_kg > (0)::numeric))","CREATE INDEX freight_requests_cargo_category_idx ON public.freight_requests USING btree (cargo_category_id); CREATE INDEX freight_requests_cargo_profile_idx ON public.freight_requests USING btree (cargo_profile_id) WHERE (cargo_profile_id IS NOT NULL); CREATE UNIQUE INDEX freight_requests_code_key ON public.freight_requests USING btree (code); CREATE INDEX freight_requests_confirmed_by_idx ON public.freight_requests USING btree (confirmed_by_member_id) WHERE (confirmed_by_member_id IS NOT NULL); CREATE UNIQUE INDEX freight_requests_creation_idempotency_idx ON public.freight_requests USING btree (organization_id, requested_by_member_id, creation_idempotency_key) WHERE (creation_idempotency_key IS NOT NULL); CREATE INDEX freight_requests_destination_facility_idx ON public.freight_requests USING btree (destination_facility_id) WHERE (destination_facility_id IS NOT NULL); CREATE INDEX freight_requests_org_cargo_profile_idx ON public.freight_requests USING btree (organization_id, cargo_profile_id) WHERE (cargo_profile_id IS NOT NULL); CREATE INDEX freight_requests_org_draft_version_idx ON public.freight_requests USING btree (organization_id, draft_version); CREATE INDEX freight_requests_org_status_created_idx ON public.freight_requests USING btree (organization_id, status, created_at DESC); CREATE INDEX freight_requests_origin_facility_idx ON public.freight_requests USING btree (origin_facility_id) WHERE (origin_facility_id IS NOT NULL); CREATE UNIQUE INDEX freight_requests_pkey ON public.freight_requests USING btree (id); CREATE INDEX freight_requests_requester_idx ON public.freight_requests USING btree (requested_by_member_id) WHERE (requested_by_member_id IS NOT NULL); CREATE INDEX freight_requests_v2_org_created_idx ON public.freight_requests USING btree (organization_id, created_at DESC) WHERE (v2_contract_version = '2.0'::text)",cargomesh/src/shared/schemas/v2/freight-request.ts:126; schema freight-request.ts:CreateFreightRequestV2InputSchema; field cargoSpecification.units[].indivisible,cargoSpecification.units[].indivisible,ZodBoolean,False,False,"{""type"":""ZodBoolean"",""optional"":false,""nullable"":false}",cargomesh/src/shared/schemas/v2/freight-request.ts:148; schema freight-request.ts:FreightRequestV2ResponseSchema; field cargoSpecification.units[].indivisible,cargoSpecification.units[].indivisible,ZodBoolean,False,False,supabase-v2/supabase/migrations/20260927064713_hac12_road_vertical.sql:4,request,"[{""file"":""roundtrips.json"",""row"":21,""id"":""a8085b64-73e5-4704-b81a-f4262131f95c"",""state"":""VALUE"",""inputState"":""VALUE"",""inputEqualsRead"":true,""value"":true},{""file"":""extended-roundtrips.json"",""row"":5,""id"":""82f5d33a-d482-46b8-b2c3-53fcc4e8a88d"",""state"":""VALUE"",""inputState"":""VALUE"",""inputEqualsRead"":true,""value"":false}]",COMPLETO,Resolved storage and current typed output agree with a concrete POST/GET or measured read projection,HAC-40 / Cristhian,29c385fe0ee501eb4b8b989b0a247c8fdeda62ad,POST /api/v2/freight/requests/:id/revisions; POST /api/v2/freight/requests/:id/submissions; POST /api/v2/freight/requests; POST /api/v2/freight/requests/:requestId/route-alternatives; POST /api/v2/freight/requests/:requestId/routes; POST /api/v2/freight/requests/:requestId/plans; POST /api/v2/freight/requests/:requestId/opportunities; POST /api/v2/freight/requests/:requestId/ranking; POST /api/v2/freight/requests/:requestId/decisions; POST /api/v2/freight/requests/:requestId/decisions/:id/revocations,GET /api/v2/freight/requests; GET /api/v2/freight/requests/:id/serviceability; GET /api/v2/freight/requests/:id; GET /api/v2/freight/requests/:requestId/routes; GET /api/v2/freight/requests/:requestId/routes/:id; GET /api/v2/freight/requests/:requestId/plans; GET /api/v2/freight/requests/:requestId/plans/:id; GET /api/v2/freight/requests/:requestId/opportunities; GET /api/v2/freight/requests/:requestId/opportunities/:id; GET /api/v2/freight/requests/:requestId/offers; GET /api/v2/freight/requests/:requestId/offers/:id; GET /api/v2/freight/requests/:requestId/ranking; GET /api/v2/freight/requests/:requestId/ranking/:id; GET /api/v2/freight/requests/:requestId/decisions; GET /api/v2/freight/requests/:requestId/decisions/:id,logs/class-matrix.json: CargoUnit (catalog grants/policies/table ACL); logs/independent-rls-result.json; logs/auth-controls.json
47,CargoUnit,stackable,boolean,True,COMPLETO,freight_requests.v2_snapshot.cargoSpecification.units[].stackable,73,freight_requests.v2_snapshot.cargoSpecification.units[].stackable,freight_requests.v2_snapshot.cargoSpecification.units[].stackable,jsonb,YES,None,"freight_requests_budget_positive: CHECK (((budget_max IS NULL) OR (budget_max > (0)::numeric))); freight_requests_cargo_category_id_fkey: FOREIGN KEY (cargo_category_id) REFERENCES cargo_categories(id); freight_requests_cargo_entry_method_check: CHECK ((cargo_entry_method = ANY (ARRAY['TOTAL_WEIGHT'::text, 'UNITS'::text, 'PACKAGES'::text, 'PALLETS'::text, 'LOTS'::text, 'SACKS'::text]))); freight_requests_cargo_specifications_object: CHECK ((jsonb_typeof(cargo_specifications) = 'object'::text)); freight_requests_code_key: UNIQUE (code); freight_requests_confirmed_by_member_id_fkey: FOREIGN KEY (confirmed_by_member_id) REFERENCES organization_members(id); freight_requests_creation_receipt_check: CHECK ((((creation_idempotency_key IS NULL) AND (creation_payload_hash IS NULL)) OR ((creation_idempotency_key IS NOT NULL) AND (creation_payload_hash IS NOT NULL) AND (requested_by_member_id IS NOT NULL) AND (creation_payload_hash ~ '^[0-9a-f]{64}$'::text)))); freight_requests_destination_facility_same_org: FOREIGN KEY (destination_facility_id, organization_id) REFERENCES facilities(id, organization_id); freight_requests_destination_region_not_blank: CHECK (((destination_region IS NULL) OR (length(btrim(destination_region)) > 0))); freight_requests_draft_version_positive: CHECK ((draft_version >= 1)); freight_requests_entry_dimensions_positive: CHECK ((((entry_length_cm IS NULL) OR (entry_length_cm > (0)::numeric)) AND ((entry_width_cm IS NULL) OR (entry_width_cm > (0)::numeric)) AND ((entry_height_cm IS NULL) OR (entry_height_cm > (0)::numeric)))); freight_requests_entry_quantity_positive: CHECK (((entry_quantity IS NULL) OR (entry_quantity > (0)::numeric))); freight_requests_entry_unit_weight_positive: CHECK (((entry_unit_weight_kg IS NULL) OR (entry_unit_weight_kg > (0)::numeric))); freight_requests_organization_cargo_profile_fkey: FOREIGN KEY (organization_id, cargo_profile_id) REFERENCES organization_cargo_profiles(organization_id, id); freight_requests_organization_id_fkey: FOREIGN KEY (organization_id) REFERENCES organizations(id) ON DELETE CASCADE; freight_requests_origin_facility_same_org: FOREIGN KEY (origin_facility_id, organization_id) REFERENCES facilities(id, organization_id); freight_requests_origin_region_not_blank: CHECK (((origin_region IS NULL) OR (length(btrim(origin_region)) > 0))); freight_requests_pickup_mode_check: CHECK ((pickup_mode = ANY (ARRAY['ASAP'::text, 'SCHEDULED'::text]))); freight_requests_pickup_window_check: CHECK (((pickup_window_end IS NULL) OR (pickup_window_start IS NULL) OR (pickup_window_end > pickup_window_start))); freight_requests_pkey: PRIMARY KEY (id); freight_requests_requested_by_member_id_fkey: FOREIGN KEY (requested_by_member_id) REFERENCES organization_members(id); freight_requests_selection_objective_check: CHECK ((selection_objective = ANY (ARRAY['LOWEST_COST'::text, 'FASTEST'::text, 'WEIGHTED'::text]))); freight_requests_status_check: CHECK ((status = ANY (ARRAY['DRAFT'::text, 'PENDING'::text, 'ORCHESTRATING'::text, 'AWAITING_SELECTION'::text, 'BOOKING'::text, 'BOOKED'::text, 'FAILED'::text, 'CANCELLED'::text]))); freight_requests_unitized_intake_complete: CHECK (((status = 'DRAFT'::text) OR (cargo_entry_method = 'TOTAL_WEIGHT'::text) OR ((entry_quantity IS NOT NULL) AND (entry_unit_weight_kg IS NOT NULL) AND (units_per_entry IS NOT NULL)))); freight_requests_unitized_volume_matches_total: CHECK (((cargo_volume_m3 IS NULL) OR (entry_quantity IS NULL) OR (units_per_entry IS NULL) OR (entry_length_cm IS NULL) OR (entry_width_cm IS NULL) OR (entry_height_cm IS NULL) OR (abs((cargo_volume_m3 - (((((entry_quantity * (units_per_entry)::numeric) * entry_length_cm) * entry_width_cm) * entry_height_cm) / (1000000)::numeric))) <= 0.01))); freight_requests_unitized_weight_matches_total: CHECK (((cargo_entry_method = 'TOTAL_WEIGHT'::text) OR (entry_quantity IS NULL) OR (entry_unit_weight_kg IS NULL) OR (units_per_entry IS NULL) OR (abs((cargo_weight_kg - ((entry_quantity * entry_unit_weight_kg) * (units_per_entry)::numeric))) <= 0.01))); freight_requests_units_per_entry_positive: CHECK (((units_per_entry IS NULL) OR (units_per_entry > 0))); freight_requests_v2_budget_currency: CHECK (((budget_currency IS NULL) OR (budget_currency = 'USD'::text))); freight_requests_v2_delivery_window: CHECK (((delivery_window_start IS NULL) OR ((delivery_window_end IS NOT NULL) AND (delivery_window_end > delivery_window_start)))); freight_requests_v2_snapshot_shape: CHECK (((v2_snapshot IS NULL) OR ((jsonb_typeof(v2_snapshot) = 'object'::text) AND (jsonb_typeof(v2_creation_payload) = 'object'::text) AND (v2_contract_version = '2.0'::text) AND ((v2_snapshot ->> 'schemaVersion'::text) = '2.0'::text) AND (v2_snapshot ? 'cargoSpecification'::text) AND (v2_snapshot ? 'contacts'::text) AND (budget_currency IS DISTINCT FROM 'PEN'::text)))); freight_requests_weight_positive: CHECK ((cargo_weight_kg > (0)::numeric))","CREATE INDEX freight_requests_cargo_category_idx ON public.freight_requests USING btree (cargo_category_id); CREATE INDEX freight_requests_cargo_profile_idx ON public.freight_requests USING btree (cargo_profile_id) WHERE (cargo_profile_id IS NOT NULL); CREATE UNIQUE INDEX freight_requests_code_key ON public.freight_requests USING btree (code); CREATE INDEX freight_requests_confirmed_by_idx ON public.freight_requests USING btree (confirmed_by_member_id) WHERE (confirmed_by_member_id IS NOT NULL); CREATE UNIQUE INDEX freight_requests_creation_idempotency_idx ON public.freight_requests USING btree (organization_id, requested_by_member_id, creation_idempotency_key) WHERE (creation_idempotency_key IS NOT NULL); CREATE INDEX freight_requests_destination_facility_idx ON public.freight_requests USING btree (destination_facility_id) WHERE (destination_facility_id IS NOT NULL); CREATE INDEX freight_requests_org_cargo_profile_idx ON public.freight_requests USING btree (organization_id, cargo_profile_id) WHERE (cargo_profile_id IS NOT NULL); CREATE INDEX freight_requests_org_draft_version_idx ON public.freight_requests USING btree (organization_id, draft_version); CREATE INDEX freight_requests_org_status_created_idx ON public.freight_requests USING btree (organization_id, status, created_at DESC); CREATE INDEX freight_requests_origin_facility_idx ON public.freight_requests USING btree (origin_facility_id) WHERE (origin_facility_id IS NOT NULL); CREATE UNIQUE INDEX freight_requests_pkey ON public.freight_requests USING btree (id); CREATE INDEX freight_requests_requester_idx ON public.freight_requests USING btree (requested_by_member_id) WHERE (requested_by_member_id IS NOT NULL); CREATE INDEX freight_requests_v2_org_created_idx ON public.freight_requests USING btree (organization_id, created_at DESC) WHERE (v2_contract_version = '2.0'::text)",cargomesh/src/shared/schemas/v2/freight-request.ts:126; schema freight-request.ts:CreateFreightRequestV2InputSchema; field cargoSpecification.units[].stackable,cargoSpecification.units[].stackable,ZodBoolean,False,False,"{""type"":""ZodBoolean"",""optional"":false,""nullable"":false}",cargomesh/src/shared/schemas/v2/freight-request.ts:148; schema freight-request.ts:FreightRequestV2ResponseSchema; field cargoSpecification.units[].stackable,cargoSpecification.units[].stackable,ZodBoolean,False,False,supabase-v2/supabase/migrations/20260927064713_hac12_road_vertical.sql:4,request,"[{""file"":""roundtrips.json"",""row"":21,""id"":""a8085b64-73e5-4704-b81a-f4262131f95c"",""state"":""VALUE"",""inputState"":""VALUE"",""inputEqualsRead"":true,""value"":false},{""file"":""extended-roundtrips.json"",""row"":5,""id"":""82f5d33a-d482-46b8-b2c3-53fcc4e8a88d"",""state"":""VALUE"",""inputState"":""VALUE"",""inputEqualsRead"":true,""value"":true}]",COMPLETO,Resolved storage and current typed output agree with a concrete POST/GET or measured read projection,HAC-40 / Cristhian,29c385fe0ee501eb4b8b989b0a247c8fdeda62ad,POST /api/v2/freight/requests/:id/revisions; POST /api/v2/freight/requests/:id/submissions; POST /api/v2/freight/requests; POST /api/v2/freight/requests/:requestId/route-alternatives; POST /api/v2/freight/requests/:requestId/routes; POST /api/v2/freight/requests/:requestId/plans; POST /api/v2/freight/requests/:requestId/opportunities; POST /api/v2/freight/requests/:requestId/ranking; POST /api/v2/freight/requests/:requestId/decisions; POST /api/v2/freight/requests/:requestId/decisions/:id/revocations,GET /api/v2/freight/requests; GET /api/v2/freight/requests/:id/serviceability; GET /api/v2/freight/requests/:id; GET /api/v2/freight/requests/:requestId/routes; GET /api/v2/freight/requests/:requestId/routes/:id; GET /api/v2/freight/requests/:requestId/plans; GET /api/v2/freight/requests/:requestId/plans/:id; GET /api/v2/freight/requests/:requestId/opportunities; GET /api/v2/freight/requests/:requestId/opportunities/:id; GET /api/v2/freight/requests/:requestId/offers; GET /api/v2/freight/requests/:requestId/offers/:id; GET /api/v2/freight/requests/:requestId/ranking; GET /api/v2/freight/requests/:requestId/ranking/:id; GET /api/v2/freight/requests/:requestId/decisions; GET /api/v2/freight/requests/:requestId/decisions/:id,logs/class-matrix.json: CargoUnit (catalog grants/policies/table ACL); logs/independent-rls-result.json; logs/auth-controls.json
48,CargoUnit,unitsPerPackage,number,True,PARCIAL,freight_requests.v2_snapshot.cargoSpecification.units[].unitsPerPackage,74,freight_requests.v2_snapshot.cargoSpecification.units[].unitsPerPackage,freight_requests.v2_snapshot.cargoSpecification.units[].unitsPerPackage,jsonb,YES,None,"freight_requests_budget_positive: CHECK (((budget_max IS NULL) OR (budget_max > (0)::numeric))); freight_requests_cargo_category_id_fkey: FOREIGN KEY (cargo_category_id) REFERENCES cargo_categories(id); freight_requests_cargo_entry_method_check: CHECK ((cargo_entry_method = ANY (ARRAY['TOTAL_WEIGHT'::text, 'UNITS'::text, 'PACKAGES'::text, 'PALLETS'::text, 'LOTS'::text, 'SACKS'::text]))); freight_requests_cargo_specifications_object: CHECK ((jsonb_typeof(cargo_specifications) = 'object'::text)); freight_requests_code_key: UNIQUE (code); freight_requests_confirmed_by_member_id_fkey: FOREIGN KEY (confirmed_by_member_id) REFERENCES organization_members(id); freight_requests_creation_receipt_check: CHECK ((((creation_idempotency_key IS NULL) AND (creation_payload_hash IS NULL)) OR ((creation_idempotency_key IS NOT NULL) AND (creation_payload_hash IS NOT NULL) AND (requested_by_member_id IS NOT NULL) AND (creation_payload_hash ~ '^[0-9a-f]{64}$'::text)))); freight_requests_destination_facility_same_org: FOREIGN KEY (destination_facility_id, organization_id) REFERENCES facilities(id, organization_id); freight_requests_destination_region_not_blank: CHECK (((destination_region IS NULL) OR (length(btrim(destination_region)) > 0))); freight_requests_draft_version_positive: CHECK ((draft_version >= 1)); freight_requests_entry_dimensions_positive: CHECK ((((entry_length_cm IS NULL) OR (entry_length_cm > (0)::numeric)) AND ((entry_width_cm IS NULL) OR (entry_width_cm > (0)::numeric)) AND ((entry_height_cm IS NULL) OR (entry_height_cm > (0)::numeric)))); freight_requests_entry_quantity_positive: CHECK (((entry_quantity IS NULL) OR (entry_quantity > (0)::numeric))); freight_requests_entry_unit_weight_positive: CHECK (((entry_unit_weight_kg IS NULL) OR (entry_unit_weight_kg > (0)::numeric))); freight_requests_organization_cargo_profile_fkey: FOREIGN KEY (organization_id, cargo_profile_id) REFERENCES organization_cargo_profiles(organization_id, id); freight_requests_organization_id_fkey: FOREIGN KEY (organization_id) REFERENCES organizations(id) ON DELETE CASCADE; freight_requests_origin_facility_same_org: FOREIGN KEY (origin_facility_id, organization_id) REFERENCES facilities(id, organization_id); freight_requests_origin_region_not_blank: CHECK (((origin_region IS NULL) OR (length(btrim(origin_region)) > 0))); freight_requests_pickup_mode_check: CHECK ((pickup_mode = ANY (ARRAY['ASAP'::text, 'SCHEDULED'::text]))); freight_requests_pickup_window_check: CHECK (((pickup_window_end IS NULL) OR (pickup_window_start IS NULL) OR (pickup_window_end > pickup_window_start))); freight_requests_pkey: PRIMARY KEY (id); freight_requests_requested_by_member_id_fkey: FOREIGN KEY (requested_by_member_id) REFERENCES organization_members(id); freight_requests_selection_objective_check: CHECK ((selection_objective = ANY (ARRAY['LOWEST_COST'::text, 'FASTEST'::text, 'WEIGHTED'::text]))); freight_requests_status_check: CHECK ((status = ANY (ARRAY['DRAFT'::text, 'PENDING'::text, 'ORCHESTRATING'::text, 'AWAITING_SELECTION'::text, 'BOOKING'::text, 'BOOKED'::text, 'FAILED'::text, 'CANCELLED'::text]))); freight_requests_unitized_intake_complete: CHECK (((status = 'DRAFT'::text) OR (cargo_entry_method = 'TOTAL_WEIGHT'::text) OR ((entry_quantity IS NOT NULL) AND (entry_unit_weight_kg IS NOT NULL) AND (units_per_entry IS NOT NULL)))); freight_requests_unitized_volume_matches_total: CHECK (((cargo_volume_m3 IS NULL) OR (entry_quantity IS NULL) OR (units_per_entry IS NULL) OR (entry_length_cm IS NULL) OR (entry_width_cm IS NULL) OR (entry_height_cm IS NULL) OR (abs((cargo_volume_m3 - (((((entry_quantity * (units_per_entry)::numeric) * entry_length_cm) * entry_width_cm) * entry_height_cm) / (1000000)::numeric))) <= 0.01))); freight_requests_unitized_weight_matches_total: CHECK (((cargo_entry_method = 'TOTAL_WEIGHT'::text) OR (entry_quantity IS NULL) OR (entry_unit_weight_kg IS NULL) OR (units_per_entry IS NULL) OR (abs((cargo_weight_kg - ((entry_quantity * entry_unit_weight_kg) * (units_per_entry)::numeric))) <= 0.01))); freight_requests_units_per_entry_positive: CHECK (((units_per_entry IS NULL) OR (units_per_entry > 0))); freight_requests_v2_budget_currency: CHECK (((budget_currency IS NULL) OR (budget_currency = 'USD'::text))); freight_requests_v2_delivery_window: CHECK (((delivery_window_start IS NULL) OR ((delivery_window_end IS NOT NULL) AND (delivery_window_end > delivery_window_start)))); freight_requests_v2_snapshot_shape: CHECK (((v2_snapshot IS NULL) OR ((jsonb_typeof(v2_snapshot) = 'object'::text) AND (jsonb_typeof(v2_creation_payload) = 'object'::text) AND (v2_contract_version = '2.0'::text) AND ((v2_snapshot ->> 'schemaVersion'::text) = '2.0'::text) AND (v2_snapshot ? 'cargoSpecification'::text) AND (v2_snapshot ? 'contacts'::text) AND (budget_currency IS DISTINCT FROM 'PEN'::text)))); freight_requests_weight_positive: CHECK ((cargo_weight_kg > (0)::numeric))","CREATE INDEX freight_requests_cargo_category_idx ON public.freight_requests USING btree (cargo_category_id); CREATE INDEX freight_requests_cargo_profile_idx ON public.freight_requests USING btree (cargo_profile_id) WHERE (cargo_profile_id IS NOT NULL); CREATE UNIQUE INDEX freight_requests_code_key ON public.freight_requests USING btree (code); CREATE INDEX freight_requests_confirmed_by_idx ON public.freight_requests USING btree (confirmed_by_member_id) WHERE (confirmed_by_member_id IS NOT NULL); CREATE UNIQUE INDEX freight_requests_creation_idempotency_idx ON public.freight_requests USING btree (organization_id, requested_by_member_id, creation_idempotency_key) WHERE (creation_idempotency_key IS NOT NULL); CREATE INDEX freight_requests_destination_facility_idx ON public.freight_requests USING btree (destination_facility_id) WHERE (destination_facility_id IS NOT NULL); CREATE INDEX freight_requests_org_cargo_profile_idx ON public.freight_requests USING btree (organization_id, cargo_profile_id) WHERE (cargo_profile_id IS NOT NULL); CREATE INDEX freight_requests_org_draft_version_idx ON public.freight_requests USING btree (organization_id, draft_version); CREATE INDEX freight_requests_org_status_created_idx ON public.freight_requests USING btree (organization_id, status, created_at DESC); CREATE INDEX freight_requests_origin_facility_idx ON public.freight_requests USING btree (origin_facility_id) WHERE (origin_facility_id IS NOT NULL); CREATE UNIQUE INDEX freight_requests_pkey ON public.freight_requests USING btree (id); CREATE INDEX freight_requests_requester_idx ON public.freight_requests USING btree (requested_by_member_id) WHERE (requested_by_member_id IS NOT NULL); CREATE INDEX freight_requests_v2_org_created_idx ON public.freight_requests USING btree (organization_id, created_at DESC) WHERE (v2_contract_version = '2.0'::text)",cargomesh/src/shared/schemas/v2/freight-request.ts:126; schema freight-request.ts:CreateFreightRequestV2InputSchema; field cargoSpecification.units[].unitsPerPackage,cargoSpecification.units[].unitsPerPackage,ZodNumber,True,False,"{""type"":""ZodNumber"",""optional"":true,""nullable"":false,""checks"":[{""kind"":""int""},{""kind"":""min"",""value"":0,""inclusive"":false},{""kind"":""max"",""value"":1000000,""inclusive"":true}]}",cargomesh/src/shared/schemas/v2/freight-request.ts:148; schema freight-request.ts:FreightRequestV2ResponseSchema; field cargoSpecification.units[].unitsPerPackage,cargoSpecification.units[].unitsPerPackage,ZodNumber,True,False,supabase-v2/supabase/migrations/20260927064713_hac12_road_vertical.sql:4,request,[],PARCIAL,No concrete non-null field value or measured read projection in this cut,HAC-40 / Cristhian,29c385fe0ee501eb4b8b989b0a247c8fdeda62ad,POST /api/v2/freight/requests/:id/revisions; POST /api/v2/freight/requests/:id/submissions; POST /api/v2/freight/requests; POST /api/v2/freight/requests/:requestId/route-alternatives; POST /api/v2/freight/requests/:requestId/routes; POST /api/v2/freight/requests/:requestId/plans; POST /api/v2/freight/requests/:requestId/opportunities; POST /api/v2/freight/requests/:requestId/ranking; POST /api/v2/freight/requests/:requestId/decisions; POST /api/v2/freight/requests/:requestId/decisions/:id/revocations,GET /api/v2/freight/requests; GET /api/v2/freight/requests/:id/serviceability; GET /api/v2/freight/requests/:id; GET /api/v2/freight/requests/:requestId/routes; GET /api/v2/freight/requests/:requestId/routes/:id; GET /api/v2/freight/requests/:requestId/plans; GET /api/v2/freight/requests/:requestId/plans/:id; GET /api/v2/freight/requests/:requestId/opportunities; GET /api/v2/freight/requests/:requestId/opportunities/:id; GET /api/v2/freight/requests/:requestId/offers; GET /api/v2/freight/requests/:requestId/offers/:id; GET /api/v2/freight/requests/:requestId/ranking; GET /api/v2/freight/requests/:requestId/ranking/:id; GET /api/v2/freight/requests/:requestId/decisions; GET /api/v2/freight/requests/:requestId/decisions/:id,logs/class-matrix.json: CargoUnit (catalog grants/policies/table ACL); logs/independent-rls-result.json; logs/auth-controls.json
49,Carrier,id,UUID,False,COMPLETO,carriers.id,75,carriers.id,carriers.id,uuid,NO,gen_random_uuid(),carriers_pkey: PRIMARY KEY (id),CREATE UNIQUE INDEX carriers_pkey ON public.carriers USING btree (id); CREATE UNIQUE INDEX carriers_provider_url_unique ON public.carriers USING btree (provider_url) WHERE (provider_url IS NOT NULL),NO_WRITABLE_DTO,—,—,—,—,—,cargomesh/src/shared/schemas/v2/catalog.ts:104; schema catalog.ts:CatalogRecordV2Schema; field id,id,ZodString,False,False,supabase-v2/supabase/migrations/20260927042808_v2_schema_baseline.sql:50,carriers,"[{""file"":""roundtrips.json"",""row"":4,""id"":""e3a975c1-b144-462a-bbe1-cb5b055f25a2"",""state"":""VALUE"",""inputState"":""MISSING"",""inputEqualsRead"":null,""value"":""e3a975c1-b144-462a-bbe1-cb5b055f25a2""}]",COMPLETO,Resolved storage and current typed output agree with a concrete POST/GET or measured read projection,HAC-40 / Cristhian,29c385fe0ee501eb4b8b989b0a247c8fdeda62ad,POST /api/v2/carriers/:carrierId/integrations; POST /api/v2/carriers/:carrierId/operators/invitations; POST /api/v2/carriers/:carrierId/operators/:id/revisions; POST /api/v2/carriers/:carrierId/operators/:id/acceptance; POST /api/v2/carriers/:carrierId/executions/:parentId/incidents; POST /api/v2/carriers/:carrierId/consolidations; POST /api/v2/carriers/:carrierId/route-limits; POST /api/v2/carriers/:carrierId/route-limits/:id/revisions; POST /api/v2/carriers/:carrierId/metrics; POST /api/v2/carriers/:carrierId/metrics/:id/revisions; POST /api/v2/carriers/:carrierId/assets/:parentId/events; POST /api/v2/carriers/:carrierId/opportunities/:id/responses; POST /api/v2/carriers/:carrierId/opportunities/:parentId/offers; POST /api/v2/carriers/:carrierId/offers/:id/withdrawals; POST /api/v2/carriers/:carrierId/bookings/:id/confirmations; POST /api/v2/carriers/:carrierId/bookings/:id/cancellations; POST /api/v2/carriers/:carrierId/capacity/holds/:id/confirmations; POST /api/v2/carriers/:carrierId/capacity/holds/:id/releases; POST /api/v2/carriers/:carrierId/incidents/:id/updates; POST /api/v2/carriers/:carrierId/incidents/:id/conditions; POST /api/v2/carriers/:carrierId/executions/:id/starts; POST /api/v2/carriers/:carrierId/executions/:id/completions; POST /api/v2/carriers/:carrierId/executions/:id/cancellations; POST /api/v2/carriers/:carrierId/executions/:id/positions; POST /api/v2/carriers/:carrierId/consolidations/:id/closures; POST /api/v2/carriers/:carrierId/consolidations/:id/starts; POST /api/v2/carriers/:carrierId/consolidations/:id/completions; POST /api/v2/carriers/:carrierId/consolidations/:id/cancellations; POST /api/v2/carriers/:carrierId/consolidations/:id/positions; POST /api/v2/carriers; POST /api/v2/carriers/:id/revisions; POST /api/v2/carriers/:carrierId/depots; POST /api/v2/carriers/:carrierId/depots/:id/revisions; POST /api/v2/carriers/:carrierId/services; POST /api/v2/carriers/:carrierId/services/:id/revisions; POST /api/v2/carriers/:carrierId/partners; POST /api/v2/carriers/:carrierId/partners/:id/revisions; POST /api/v2/carriers/:carrierId/drivers; POST /api/v2/carriers/:carrierId/drivers/:id/revisions; POST /api/v2/carriers/:carrierId/vehicle-combinations; POST /api/v2/carriers/:carrierId/vehicle-combinations/:id/revisions; POST /api/v2/carriers/:carrierId/driver-assignments; POST /api/v2/carriers/:carrierId/driver-assignments/:id/revisions; POST /api/v2/carriers/:carrierId/vehicle-assignments; POST /api/v2/carriers/:carrierId/vehicle-assignments/:id/revisions; POST /api/v2/carriers/:carrierId/assets; POST /api/v2/carriers/:carrierId/assets/:id/revisions; POST /api/v2/carriers/:carrierId/capacity-pools; POST /api/v2/carriers/:carrierId/capacity-pools/:id/revisions; POST /api/v2/carriers/:carrierId/calendars; POST /api/v2/carriers/:carrierId/calendars/:id/revisions; POST /api/v2/carriers/:carrierId/maintenances; POST /api/v2/carriers/:carrierId/maintenances/:id/revisions; POST /api/v2/carriers/:carrierId/repositioning-blocks; POST /api/v2/carriers/:carrierId/repositioning-blocks/:id/revisions; POST /api/v2/carriers/:carrierId/asset-capabilities; POST /api/v2/carriers/:carrierId/asset-capabilities/:id/revisions; POST /api/v2/carriers/:carrierId/capability-definitions; POST /api/v2/carriers/:carrierId/capability-definitions/:id/revisions; POST /api/v2/carriers/:carrierId/services/:serviceId/areas; POST /api/v2/carriers/:carrierId/services/:serviceId/areas/:id/revisions; POST /api/v2/carriers/:carrierId/services/:serviceId/lanes; POST /api/v2/carriers/:carrierId/services/:serviceId/lanes/:id/revisions,GET /api/v2/carriers/:carrierId/operators; GET /api/v2/carriers/:carrierId/integrations; GET /api/v2/carriers/:carrierId/integrations/:id/diagnostics; GET /api/v2/carriers/:carrierId/opportunities; GET /api/v2/carriers/:carrierId/opportunities/:id; GET /api/v2/carriers/:carrierId/offers; GET /api/v2/carriers/:carrierId/offers/:id; GET /api/v2/carriers/:carrierId/bookings; GET /api/v2/carriers/:carrierId/bookings/:id; GET /api/v2/carriers/:carrierId/executions; GET /api/v2/carriers/:carrierId/executions/:id; GET /api/v2/carriers/:carrierId/executions/:parentId/incidents; GET /api/v2/carriers/:carrierId/executions/:parentId/incidents/:id; GET /api/v2/carriers/:carrierId/incidents/:parentId/updates; GET /api/v2/carriers/:carrierId/incidents/:parentId/updates/:id; GET /api/v2/carriers/:carrierId/executions/:parentId/events; GET /api/v2/carriers/:carrierId/executions/:parentId/events/:id; GET /api/v2/carriers/:carrierId/capacity/holds; GET /api/v2/carriers/:carrierId/capacity/holds/:id; GET /api/v2/carriers/:carrierId/consolidations; GET /api/v2/carriers/:carrierId/consolidations/:id; GET /api/v2/carriers/:carrierId/route-limits; GET /api/v2/carriers/:carrierId/route-limits/:id; GET /api/v2/carriers/:carrierId/metrics; GET /api/v2/carriers/:carrierId/metrics/:id; GET /api/v2/carriers/:carrierId/assets/:parentId/events; GET /api/v2/carriers/:carrierId/assets/:parentId/events/:id; GET /api/v2/carriers; GET /api/v2/carriers/:id; GET /api/v2/carriers/:carrierId/depots; GET /api/v2/carriers/:carrierId/depots/:id; GET /api/v2/carriers/:carrierId/services; GET /api/v2/carriers/:carrierId/services/:id; GET /api/v2/carriers/:carrierId/partners; GET /api/v2/carriers/:carrierId/partners/:id; GET /api/v2/carriers/:carrierId/drivers; GET /api/v2/carriers/:carrierId/drivers/:id; GET /api/v2/carriers/:carrierId/vehicle-combinations; GET /api/v2/carriers/:carrierId/vehicle-combinations/:id; GET /api/v2/carriers/:carrierId/driver-assignments; GET /api/v2/carriers/:carrierId/driver-assignments/:id; GET /api/v2/carriers/:carrierId/vehicle-assignments; GET /api/v2/carriers/:carrierId/vehicle-assignments/:id; GET /api/v2/carriers/:carrierId/assets; GET /api/v2/carriers/:carrierId/assets/:id; GET /api/v2/carriers/:carrierId/capacity-pools; GET /api/v2/carriers/:carrierId/capacity-pools/:id; GET /api/v2/carriers/:carrierId/calendars; GET /api/v2/carriers/:carrierId/calendars/:id; GET /api/v2/carriers/:carrierId/maintenances; GET /api/v2/carriers/:carrierId/maintenances/:id; GET /api/v2/carriers/:carrierId/repositioning-blocks; GET /api/v2/carriers/:carrierId/repositioning-blocks/:id; GET /api/v2/carriers/:carrierId/asset-capabilities; GET /api/v2/carriers/:carrierId/asset-capabilities/:id; GET /api/v2/carriers/:carrierId/capability-definitions; GET /api/v2/carriers/:carrierId/capability-definitions/:id; GET /api/v2/carriers/:carrierId/services/:serviceId/areas; GET /api/v2/carriers/:carrierId/services/:serviceId/areas/:id; GET /api/v2/carriers/:carrierId/services/:serviceId/lanes; GET /api/v2/carriers/:carrierId/services/:serviceId/lanes/:id,logs/class-matrix.json: Carrier (catalog grants/policies/table ACL); logs/independent-rls-result.json; logs/auth-controls.json
50,Carrier,code,string,False,COMPLETO,carriers.code,76,carriers.code,carriers.code,text,NO,None,carriers_code_key: UNIQUE (code),CREATE UNIQUE INDEX carriers_code_key ON public.carriers USING btree (code),cargomesh/src/shared/schemas/v2/catalog.ts:53; schema catalog.ts:CatalogInputsV2:carriers; field code,code,ZodString,False,False,"{""type"":""ZodString"",""optional"":false,""nullable"":false,""checks"":[{""kind"":""regex"",""regex"":{""source"":""^[A-Z][A-Z0-9_]{0,99}$"",""flags"":""""}}]}",cargomesh/src/shared/schemas/v2/catalog.ts:53; schema catalog.ts:CatalogInputsV2:carriers; field value.code,value.code,ZodString,False,False,supabase-v2/supabase/migrations/20260927042808_v2_schema_baseline.sql:52,carriers,"[{""file"":""roundtrips.json"",""row"":4,""id"":""e3a975c1-b144-462a-bbe1-cb5b055f25a2"",""state"":""VALUE"",""inputState"":""VALUE"",""inputEqualsRead"":true,""value"":""HAC44_API2_CARRIERS""}]",COMPLETO,Resolved storage and current typed output agree with a concrete POST/GET or measured read projection,HAC-40 / Cristhian,29c385fe0ee501eb4b8b989b0a247c8fdeda62ad,POST /api/v2/carriers/:carrierId/integrations; POST /api/v2/carriers/:carrierId/operators/invitations; POST /api/v2/carriers/:carrierId/operators/:id/revisions; POST /api/v2/carriers/:carrierId/operators/:id/acceptance; POST /api/v2/carriers/:carrierId/executions/:parentId/incidents; POST /api/v2/carriers/:carrierId/consolidations; POST /api/v2/carriers/:carrierId/route-limits; POST /api/v2/carriers/:carrierId/route-limits/:id/revisions; POST /api/v2/carriers/:carrierId/metrics; POST /api/v2/carriers/:carrierId/metrics/:id/revisions; POST /api/v2/carriers/:carrierId/assets/:parentId/events; POST /api/v2/carriers/:carrierId/opportunities/:id/responses; POST /api/v2/carriers/:carrierId/opportunities/:parentId/offers; POST /api/v2/carriers/:carrierId/offers/:id/withdrawals; POST /api/v2/carriers/:carrierId/bookings/:id/confirmations; POST /api/v2/carriers/:carrierId/bookings/:id/cancellations; POST /api/v2/carriers/:carrierId/capacity/holds/:id/confirmations; POST /api/v2/carriers/:carrierId/capacity/holds/:id/releases; POST /api/v2/carriers/:carrierId/incidents/:id/updates; POST /api/v2/carriers/:carrierId/incidents/:id/conditions; POST /api/v2/carriers/:carrierId/executions/:id/starts; POST /api/v2/carriers/:carrierId/executions/:id/completions; POST /api/v2/carriers/:carrierId/executions/:id/cancellations; POST /api/v2/carriers/:carrierId/executions/:id/positions; POST /api/v2/carriers/:carrierId/consolidations/:id/closures; POST /api/v2/carriers/:carrierId/consolidations/:id/starts; POST /api/v2/carriers/:carrierId/consolidations/:id/completions; POST /api/v2/carriers/:carrierId/consolidations/:id/cancellations; POST /api/v2/carriers/:carrierId/consolidations/:id/positions; POST /api/v2/carriers; POST /api/v2/carriers/:id/revisions; POST /api/v2/carriers/:carrierId/depots; POST /api/v2/carriers/:carrierId/depots/:id/revisions; POST /api/v2/carriers/:carrierId/services; POST /api/v2/carriers/:carrierId/services/:id/revisions; POST /api/v2/carriers/:carrierId/partners; POST /api/v2/carriers/:carrierId/partners/:id/revisions; POST /api/v2/carriers/:carrierId/drivers; POST /api/v2/carriers/:carrierId/drivers/:id/revisions; POST /api/v2/carriers/:carrierId/vehicle-combinations; POST /api/v2/carriers/:carrierId/vehicle-combinations/:id/revisions; POST /api/v2/carriers/:carrierId/driver-assignments; POST /api/v2/carriers/:carrierId/driver-assignments/:id/revisions; POST /api/v2/carriers/:carrierId/vehicle-assignments; POST /api/v2/carriers/:carrierId/vehicle-assignments/:id/revisions; POST /api/v2/carriers/:carrierId/assets; POST /api/v2/carriers/:carrierId/assets/:id/revisions; POST /api/v2/carriers/:carrierId/capacity-pools; POST /api/v2/carriers/:carrierId/capacity-pools/:id/revisions; POST /api/v2/carriers/:carrierId/calendars; POST /api/v2/carriers/:carrierId/calendars/:id/revisions; POST /api/v2/carriers/:carrierId/maintenances; POST /api/v2/carriers/:carrierId/maintenances/:id/revisions; POST /api/v2/carriers/:carrierId/repositioning-blocks; POST /api/v2/carriers/:carrierId/repositioning-blocks/:id/revisions; POST /api/v2/carriers/:carrierId/asset-capabilities; POST /api/v2/carriers/:carrierId/asset-capabilities/:id/revisions; POST /api/v2/carriers/:carrierId/capability-definitions; POST /api/v2/carriers/:carrierId/capability-definitions/:id/revisions; POST /api/v2/carriers/:carrierId/services/:serviceId/areas; POST /api/v2/carriers/:carrierId/services/:serviceId/areas/:id/revisions; POST /api/v2/carriers/:carrierId/services/:serviceId/lanes; POST /api/v2/carriers/:carrierId/services/:serviceId/lanes/:id/revisions,GET /api/v2/carriers/:carrierId/operators; GET /api/v2/carriers/:carrierId/integrations; GET /api/v2/carriers/:carrierId/integrations/:id/diagnostics; GET /api/v2/carriers/:carrierId/opportunities; GET /api/v2/carriers/:carrierId/opportunities/:id; GET /api/v2/carriers/:carrierId/offers; GET /api/v2/carriers/:carrierId/offers/:id; GET /api/v2/carriers/:carrierId/bookings; GET /api/v2/carriers/:carrierId/bookings/:id; GET /api/v2/carriers/:carrierId/executions; GET /api/v2/carriers/:carrierId/executions/:id; GET /api/v2/carriers/:carrierId/executions/:parentId/incidents; GET /api/v2/carriers/:carrierId/executions/:parentId/incidents/:id; GET /api/v2/carriers/:carrierId/incidents/:parentId/updates; GET /api/v2/carriers/:carrierId/incidents/:parentId/updates/:id; GET /api/v2/carriers/:carrierId/executions/:parentId/events; GET /api/v2/carriers/:carrierId/executions/:parentId/events/:id; GET /api/v2/carriers/:carrierId/capacity/holds; GET /api/v2/carriers/:carrierId/capacity/holds/:id; GET /api/v2/carriers/:carrierId/consolidations; GET /api/v2/carriers/:carrierId/consolidations/:id; GET /api/v2/carriers/:carrierId/route-limits; GET /api/v2/carriers/:carrierId/route-limits/:id; GET /api/v2/carriers/:carrierId/metrics; GET /api/v2/carriers/:carrierId/metrics/:id; GET /api/v2/carriers/:carrierId/assets/:parentId/events; GET /api/v2/carriers/:carrierId/assets/:parentId/events/:id; GET /api/v2/carriers; GET /api/v2/carriers/:id; GET /api/v2/carriers/:carrierId/depots; GET /api/v2/carriers/:carrierId/depots/:id; GET /api/v2/carriers/:carrierId/services; GET /api/v2/carriers/:carrierId/services/:id; GET /api/v2/carriers/:carrierId/partners; GET /api/v2/carriers/:carrierId/partners/:id; GET /api/v2/carriers/:carrierId/drivers; GET /api/v2/carriers/:carrierId/drivers/:id; GET /api/v2/carriers/:carrierId/vehicle-combinations; GET /api/v2/carriers/:carrierId/vehicle-combinations/:id; GET /api/v2/carriers/:carrierId/driver-assignments; GET /api/v2/carriers/:carrierId/driver-assignments/:id; GET /api/v2/carriers/:carrierId/vehicle-assignments; GET /api/v2/carriers/:carrierId/vehicle-assignments/:id; GET /api/v2/carriers/:carrierId/assets; GET /api/v2/carriers/:carrierId/assets/:id; GET /api/v2/carriers/:carrierId/capacity-pools; GET /api/v2/carriers/:carrierId/capacity-pools/:id; GET /api/v2/carriers/:carrierId/calendars; GET /api/v2/carriers/:carrierId/calendars/:id; GET /api/v2/carriers/:carrierId/maintenances; GET /api/v2/carriers/:carrierId/maintenances/:id; GET /api/v2/carriers/:carrierId/repositioning-blocks; GET /api/v2/carriers/:carrierId/repositioning-blocks/:id; GET /api/v2/carriers/:carrierId/asset-capabilities; GET /api/v2/carriers/:carrierId/asset-capabilities/:id; GET /api/v2/carriers/:carrierId/capability-definitions; GET /api/v2/carriers/:carrierId/capability-definitions/:id; GET /api/v2/carriers/:carrierId/services/:serviceId/areas; GET /api/v2/carriers/:carrierId/services/:serviceId/areas/:id; GET /api/v2/carriers/:carrierId/services/:serviceId/lanes; GET /api/v2/carriers/:carrierId/services/:serviceId/lanes/:id,logs/class-matrix.json: Carrier (catalog grants/policies/table ACL); logs/independent-rls-result.json; logs/auth-controls.json
51,Carrier,commercialName,string,False,COMPLETO,carriers.name,77,carriers.name,carriers.name,text,NO,None,,,cargomesh/src/shared/schemas/v2/catalog.ts:53; schema catalog.ts:CatalogInputsV2:carriers; field commercialName,commercialName,ZodString,False,False,"{""type"":""ZodString"",""optional"":false,""nullable"":false,""checks"":[{""kind"":""trim""},{""kind"":""min"",""value"":1},{""kind"":""max"",""value"":200}]}",cargomesh/src/shared/schemas/v2/catalog.ts:53; schema catalog.ts:CatalogInputsV2:carriers; field value.commercialName,value.commercialName,ZodString,False,False,supabase-v2/supabase/migrations/20260927042808_v2_schema_baseline.sql:51,carriers,"[{""file"":""roundtrips.json"",""row"":4,""id"":""e3a975c1-b144-462a-bbe1-cb5b055f25a2"",""state"":""VALUE"",""inputState"":""VALUE"",""inputEqualsRead"":true,""value"":""Catalog carrier""}]",COMPLETO,Resolved storage and current typed output agree with a concrete POST/GET or measured read projection,HAC-40 / Cristhian,29c385fe0ee501eb4b8b989b0a247c8fdeda62ad,POST /api/v2/carriers/:carrierId/integrations; POST /api/v2/carriers/:carrierId/operators/invitations; POST /api/v2/carriers/:carrierId/operators/:id/revisions; POST /api/v2/carriers/:carrierId/operators/:id/acceptance; POST /api/v2/carriers/:carrierId/executions/:parentId/incidents; POST /api/v2/carriers/:carrierId/consolidations; POST /api/v2/carriers/:carrierId/route-limits; POST /api/v2/carriers/:carrierId/route-limits/:id/revisions; POST /api/v2/carriers/:carrierId/metrics; POST /api/v2/carriers/:carrierId/metrics/:id/revisions; POST /api/v2/carriers/:carrierId/assets/:parentId/events; POST /api/v2/carriers/:carrierId/opportunities/:id/responses; POST /api/v2/carriers/:carrierId/opportunities/:parentId/offers; POST /api/v2/carriers/:carrierId/offers/:id/withdrawals; POST /api/v2/carriers/:carrierId/bookings/:id/confirmations; POST /api/v2/carriers/:carrierId/bookings/:id/cancellations; POST /api/v2/carriers/:carrierId/capacity/holds/:id/confirmations; POST /api/v2/carriers/:carrierId/capacity/holds/:id/releases; POST /api/v2/carriers/:carrierId/incidents/:id/updates; POST /api/v2/carriers/:carrierId/incidents/:id/conditions; POST /api/v2/carriers/:carrierId/executions/:id/starts; POST /api/v2/carriers/:carrierId/executions/:id/completions; POST /api/v2/carriers/:carrierId/executions/:id/cancellations; POST /api/v2/carriers/:carrierId/executions/:id/positions; POST /api/v2/carriers/:carrierId/consolidations/:id/closures; POST /api/v2/carriers/:carrierId/consolidations/:id/starts; POST /api/v2/carriers/:carrierId/consolidations/:id/completions; POST /api/v2/carriers/:carrierId/consolidations/:id/cancellations; POST /api/v2/carriers/:carrierId/consolidations/:id/positions; POST /api/v2/carriers; POST /api/v2/carriers/:id/revisions; POST /api/v2/carriers/:carrierId/depots; POST /api/v2/carriers/:carrierId/depots/:id/revisions; POST /api/v2/carriers/:carrierId/services; POST /api/v2/carriers/:carrierId/services/:id/revisions; POST /api/v2/carriers/:carrierId/partners; POST /api/v2/carriers/:carrierId/partners/:id/revisions; POST /api/v2/carriers/:carrierId/drivers; POST /api/v2/carriers/:carrierId/drivers/:id/revisions; POST /api/v2/carriers/:carrierId/vehicle-combinations; POST /api/v2/carriers/:carrierId/vehicle-combinations/:id/revisions; POST /api/v2/carriers/:carrierId/driver-assignments; POST /api/v2/carriers/:carrierId/driver-assignments/:id/revisions; POST /api/v2/carriers/:carrierId/vehicle-assignments; POST /api/v2/carriers/:carrierId/vehicle-assignments/:id/revisions; POST /api/v2/carriers/:carrierId/assets; POST /api/v2/carriers/:carrierId/assets/:id/revisions; POST /api/v2/carriers/:carrierId/capacity-pools; POST /api/v2/carriers/:carrierId/capacity-pools/:id/revisions; POST /api/v2/carriers/:carrierId/calendars; POST /api/v2/carriers/:carrierId/calendars/:id/revisions; POST /api/v2/carriers/:carrierId/maintenances; POST /api/v2/carriers/:carrierId/maintenances/:id/revisions; POST /api/v2/carriers/:carrierId/repositioning-blocks; POST /api/v2/carriers/:carrierId/repositioning-blocks/:id/revisions; POST /api/v2/carriers/:carrierId/asset-capabilities; POST /api/v2/carriers/:carrierId/asset-capabilities/:id/revisions; POST /api/v2/carriers/:carrierId/capability-definitions; POST /api/v2/carriers/:carrierId/capability-definitions/:id/revisions; POST /api/v2/carriers/:carrierId/services/:serviceId/areas; POST /api/v2/carriers/:carrierId/services/:serviceId/areas/:id/revisions; POST /api/v2/carriers/:carrierId/services/:serviceId/lanes; POST /api/v2/carriers/:carrierId/services/:serviceId/lanes/:id/revisions,GET /api/v2/carriers/:carrierId/operators; GET /api/v2/carriers/:carrierId/integrations; GET /api/v2/carriers/:carrierId/integrations/:id/diagnostics; GET /api/v2/carriers/:carrierId/opportunities; GET /api/v2/carriers/:carrierId/opportunities/:id; GET /api/v2/carriers/:carrierId/offers; GET /api/v2/carriers/:carrierId/offers/:id; GET /api/v2/carriers/:carrierId/bookings; GET /api/v2/carriers/:carrierId/bookings/:id; GET /api/v2/carriers/:carrierId/executions; GET /api/v2/carriers/:carrierId/executions/:id; GET /api/v2/carriers/:carrierId/executions/:parentId/incidents; GET /api/v2/carriers/:carrierId/executions/:parentId/incidents/:id; GET /api/v2/carriers/:carrierId/incidents/:parentId/updates; GET /api/v2/carriers/:carrierId/incidents/:parentId/updates/:id; GET /api/v2/carriers/:carrierId/executions/:parentId/events; GET /api/v2/carriers/:carrierId/executions/:parentId/events/:id; GET /api/v2/carriers/:carrierId/capacity/holds; GET /api/v2/carriers/:carrierId/capacity/holds/:id; GET /api/v2/carriers/:carrierId/consolidations; GET /api/v2/carriers/:carrierId/consolidations/:id; GET /api/v2/carriers/:carrierId/route-limits; GET /api/v2/carriers/:carrierId/route-limits/:id; GET /api/v2/carriers/:carrierId/metrics; GET /api/v2/carriers/:carrierId/metrics/:id; GET /api/v2/carriers/:carrierId/assets/:parentId/events; GET /api/v2/carriers/:carrierId/assets/:parentId/events/:id; GET /api/v2/carriers; GET /api/v2/carriers/:id; GET /api/v2/carriers/:carrierId/depots; GET /api/v2/carriers/:carrierId/depots/:id; GET /api/v2/carriers/:carrierId/services; GET /api/v2/carriers/:carrierId/services/:id; GET /api/v2/carriers/:carrierId/partners; GET /api/v2/carriers/:carrierId/partners/:id; GET /api/v2/carriers/:carrierId/drivers; GET /api/v2/carriers/:carrierId/drivers/:id; GET /api/v2/carriers/:carrierId/vehicle-combinations; GET /api/v2/carriers/:carrierId/vehicle-combinations/:id; GET /api/v2/carriers/:carrierId/driver-assignments; GET /api/v2/carriers/:carrierId/driver-assignments/:id; GET /api/v2/carriers/:carrierId/vehicle-assignments; GET /api/v2/carriers/:carrierId/vehicle-assignments/:id; GET /api/v2/carriers/:carrierId/assets; GET /api/v2/carriers/:carrierId/assets/:id; GET /api/v2/carriers/:carrierId/capacity-pools; GET /api/v2/carriers/:carrierId/capacity-pools/:id; GET /api/v2/carriers/:carrierId/calendars; GET /api/v2/carriers/:carrierId/calendars/:id; GET /api/v2/carriers/:carrierId/maintenances; GET /api/v2/carriers/:carrierId/maintenances/:id; GET /api/v2/carriers/:carrierId/repositioning-blocks; GET /api/v2/carriers/:carrierId/repositioning-blocks/:id; GET /api/v2/carriers/:carrierId/asset-capabilities; GET /api/v2/carriers/:carrierId/asset-capabilities/:id; GET /api/v2/carriers/:carrierId/capability-definitions; GET /api/v2/carriers/:carrierId/capability-definitions/:id; GET /api/v2/carriers/:carrierId/services/:serviceId/areas; GET /api/v2/carriers/:carrierId/services/:serviceId/areas/:id; GET /api/v2/carriers/:carrierId/services/:serviceId/lanes; GET /api/v2/carriers/:carrierId/services/:serviceId/lanes/:id,logs/class-matrix.json: Carrier (catalog grants/policies/table ACL); logs/independent-rls-result.json; logs/auth-controls.json
52,Carrier,legalName,string,True,COMPLETO,carriers.legal_name,78,carriers.legal_name,carriers.legal_name,text,YES,None,,,cargomesh/src/shared/schemas/v2/catalog.ts:53; schema catalog.ts:CatalogInputsV2:carriers; field legalName,legalName,ZodString,False,True,"{""type"":""ZodString"",""optional"":false,""nullable"":true,""checks"":[{""kind"":""trim""},{""kind"":""min"",""value"":1},{""kind"":""max"",""value"":200}]}",cargomesh/src/shared/schemas/v2/catalog.ts:53; schema catalog.ts:CatalogInputsV2:carriers; field value.legalName,value.legalName,ZodString,False,True,supabase-v2/supabase/migrations/20261004032151_hac40_catalog.sql:31,carriers,"[{""file"":""roundtrips.json"",""row"":4,""id"":""e3a975c1-b144-462a-bbe1-cb5b055f25a2"",""state"":""VALUE"",""inputState"":""VALUE"",""inputEqualsRead"":true,""value"":""Carrier SRL""}]",COMPLETO,Resolved storage and current typed output agree with a concrete POST/GET or measured read projection,HAC-40 / Cristhian,29c385fe0ee501eb4b8b989b0a247c8fdeda62ad,POST /api/v2/carriers/:carrierId/integrations; POST /api/v2/carriers/:carrierId/operators/invitations; POST /api/v2/carriers/:carrierId/operators/:id/revisions; POST /api/v2/carriers/:carrierId/operators/:id/acceptance; POST /api/v2/carriers/:carrierId/executions/:parentId/incidents; POST /api/v2/carriers/:carrierId/consolidations; POST /api/v2/carriers/:carrierId/route-limits; POST /api/v2/carriers/:carrierId/route-limits/:id/revisions; POST /api/v2/carriers/:carrierId/metrics; POST /api/v2/carriers/:carrierId/metrics/:id/revisions; POST /api/v2/carriers/:carrierId/assets/:parentId/events; POST /api/v2/carriers/:carrierId/opportunities/:id/responses; POST /api/v2/carriers/:carrierId/opportunities/:parentId/offers; POST /api/v2/carriers/:carrierId/offers/:id/withdrawals; POST /api/v2/carriers/:carrierId/bookings/:id/confirmations; POST /api/v2/carriers/:carrierId/bookings/:id/cancellations; POST /api/v2/carriers/:carrierId/capacity/holds/:id/confirmations; POST /api/v2/carriers/:carrierId/capacity/holds/:id/releases; POST /api/v2/carriers/:carrierId/incidents/:id/updates; POST /api/v2/carriers/:carrierId/incidents/:id/conditions; POST /api/v2/carriers/:carrierId/executions/:id/starts; POST /api/v2/carriers/:carrierId/executions/:id/completions; POST /api/v2/carriers/:carrierId/executions/:id/cancellations; POST /api/v2/carriers/:carrierId/executions/:id/positions; POST /api/v2/carriers/:carrierId/consolidations/:id/closures; POST /api/v2/carriers/:carrierId/consolidations/:id/starts; POST /api/v2/carriers/:carrierId/consolidations/:id/completions; POST /api/v2/carriers/:carrierId/consolidations/:id/cancellations; POST /api/v2/carriers/:carrierId/consolidations/:id/positions; POST /api/v2/carriers; POST /api/v2/carriers/:id/revisions; POST /api/v2/carriers/:carrierId/depots; POST /api/v2/carriers/:carrierId/depots/:id/revisions; POST /api/v2/carriers/:carrierId/services; POST /api/v2/carriers/:carrierId/services/:id/revisions; POST /api/v2/carriers/:carrierId/partners; POST /api/v2/carriers/:carrierId/partners/:id/revisions; POST /api/v2/carriers/:carrierId/drivers; POST /api/v2/carriers/:carrierId/drivers/:id/revisions; POST /api/v2/carriers/:carrierId/vehicle-combinations; POST /api/v2/carriers/:carrierId/vehicle-combinations/:id/revisions; POST /api/v2/carriers/:carrierId/driver-assignments; POST /api/v2/carriers/:carrierId/driver-assignments/:id/revisions; POST /api/v2/carriers/:carrierId/vehicle-assignments; POST /api/v2/carriers/:carrierId/vehicle-assignments/:id/revisions; POST /api/v2/carriers/:carrierId/assets; POST /api/v2/carriers/:carrierId/assets/:id/revisions; POST /api/v2/carriers/:carrierId/capacity-pools; POST /api/v2/carriers/:carrierId/capacity-pools/:id/revisions; POST /api/v2/carriers/:carrierId/calendars; POST /api/v2/carriers/:carrierId/calendars/:id/revisions; POST /api/v2/carriers/:carrierId/maintenances; POST /api/v2/carriers/:carrierId/maintenances/:id/revisions; POST /api/v2/carriers/:carrierId/repositioning-blocks; POST /api/v2/carriers/:carrierId/repositioning-blocks/:id/revisions; POST /api/v2/carriers/:carrierId/asset-capabilities; POST /api/v2/carriers/:carrierId/asset-capabilities/:id/revisions; POST /api/v2/carriers/:carrierId/capability-definitions; POST /api/v2/carriers/:carrierId/capability-definitions/:id/revisions; POST /api/v2/carriers/:carrierId/services/:serviceId/areas; POST /api/v2/carriers/:carrierId/services/:serviceId/areas/:id/revisions; POST /api/v2/carriers/:carrierId/services/:serviceId/lanes; POST /api/v2/carriers/:carrierId/services/:serviceId/lanes/:id/revisions,GET /api/v2/carriers/:carrierId/operators; GET /api/v2/carriers/:carrierId/integrations; GET /api/v2/carriers/:carrierId/integrations/:id/diagnostics; GET /api/v2/carriers/:carrierId/opportunities; GET /api/v2/carriers/:carrierId/opportunities/:id; GET /api/v2/carriers/:carrierId/offers; GET /api/v2/carriers/:carrierId/offers/:id; GET /api/v2/carriers/:carrierId/bookings; GET /api/v2/carriers/:carrierId/bookings/:id; GET /api/v2/carriers/:carrierId/executions; GET /api/v2/carriers/:carrierId/executions/:id; GET /api/v2/carriers/:carrierId/executions/:parentId/incidents; GET /api/v2/carriers/:carrierId/executions/:parentId/incidents/:id; GET /api/v2/carriers/:carrierId/incidents/:parentId/updates; GET /api/v2/carriers/:carrierId/incidents/:parentId/updates/:id; GET /api/v2/carriers/:carrierId/executions/:parentId/events; GET /api/v2/carriers/:carrierId/executions/:parentId/events/:id; GET /api/v2/carriers/:carrierId/capacity/holds; GET /api/v2/carriers/:carrierId/capacity/holds/:id; GET /api/v2/carriers/:carrierId/consolidations; GET /api/v2/carriers/:carrierId/consolidations/:id; GET /api/v2/carriers/:carrierId/route-limits; GET /api/v2/carriers/:carrierId/route-limits/:id; GET /api/v2/carriers/:carrierId/metrics; GET /api/v2/carriers/:carrierId/metrics/:id; GET /api/v2/carriers/:carrierId/assets/:parentId/events; GET /api/v2/carriers/:carrierId/assets/:parentId/events/:id; GET /api/v2/carriers; GET /api/v2/carriers/:id; GET /api/v2/carriers/:carrierId/depots; GET /api/v2/carriers/:carrierId/depots/:id; GET /api/v2/carriers/:carrierId/services; GET /api/v2/carriers/:carrierId/services/:id; GET /api/v2/carriers/:carrierId/partners; GET /api/v2/carriers/:carrierId/partners/:id; GET /api/v2/carriers/:carrierId/drivers; GET /api/v2/carriers/:carrierId/drivers/:id; GET /api/v2/carriers/:carrierId/vehicle-combinations; GET /api/v2/carriers/:carrierId/vehicle-combinations/:id; GET /api/v2/carriers/:carrierId/driver-assignments; GET /api/v2/carriers/:carrierId/driver-assignments/:id; GET /api/v2/carriers/:carrierId/vehicle-assignments; GET /api/v2/carriers/:carrierId/vehicle-assignments/:id; GET /api/v2/carriers/:carrierId/assets; GET /api/v2/carriers/:carrierId/assets/:id; GET /api/v2/carriers/:carrierId/capacity-pools; GET /api/v2/carriers/:carrierId/capacity-pools/:id; GET /api/v2/carriers/:carrierId/calendars; GET /api/v2/carriers/:carrierId/calendars/:id; GET /api/v2/carriers/:carrierId/maintenances; GET /api/v2/carriers/:carrierId/maintenances/:id; GET /api/v2/carriers/:carrierId/repositioning-blocks; GET /api/v2/carriers/:carrierId/repositioning-blocks/:id; GET /api/v2/carriers/:carrierId/asset-capabilities; GET /api/v2/carriers/:carrierId/asset-capabilities/:id; GET /api/v2/carriers/:carrierId/capability-definitions; GET /api/v2/carriers/:carrierId/capability-definitions/:id; GET /api/v2/carriers/:carrierId/services/:serviceId/areas; GET /api/v2/carriers/:carrierId/services/:serviceId/areas/:id; GET /api/v2/carriers/:carrierId/services/:serviceId/lanes; GET /api/v2/carriers/:carrierId/services/:serviceId/lanes/:id,logs/class-matrix.json: Carrier (catalog grants/policies/table ACL); logs/independent-rls-result.json; logs/auth-controls.json
53,Carrier,businessIdType,string,True,COMPLETO,carriers.business_identifier_type,79,carriers.business_identifier_type,carriers.business_identifier_type,text,YES,None,carrier_business_id_pair: CHECK (((business_identifier_type IS NULL) = (business_identifier_value IS NULL))),,cargomesh/src/shared/schemas/v2/catalog.ts:53; schema catalog.ts:CatalogInputsV2:carriers; field businessIdType,businessIdType,ZodString,False,True,"{""type"":""ZodString"",""optional"":false,""nullable"":true,""checks"":[{""kind"":""trim""},{""kind"":""min"",""value"":1},{""kind"":""max"",""value"":500}]}",cargomesh/src/shared/schemas/v2/catalog.ts:53; schema catalog.ts:CatalogInputsV2:carriers; field value.businessIdType,value.businessIdType,ZodString,False,True,supabase-v2/supabase/migrations/20261004032151_hac40_catalog.sql:31,carriers,"[{""file"":""roundtrips.json"",""row"":4,""id"":""e3a975c1-b144-462a-bbe1-cb5b055f25a2"",""state"":""VALUE"",""inputState"":""VALUE"",""inputEqualsRead"":true,""value"":""RUC""}]",COMPLETO,Resolved storage and current typed output agree with a concrete POST/GET or measured read projection,HAC-40 / Cristhian,29c385fe0ee501eb4b8b989b0a247c8fdeda62ad,POST /api/v2/carriers/:carrierId/integrations; POST /api/v2/carriers/:carrierId/operators/invitations; POST /api/v2/carriers/:carrierId/operators/:id/revisions; POST /api/v2/carriers/:carrierId/operators/:id/acceptance; POST /api/v2/carriers/:carrierId/executions/:parentId/incidents; POST /api/v2/carriers/:carrierId/consolidations; POST /api/v2/carriers/:carrierId/route-limits; POST /api/v2/carriers/:carrierId/route-limits/:id/revisions; POST /api/v2/carriers/:carrierId/metrics; POST /api/v2/carriers/:carrierId/metrics/:id/revisions; POST /api/v2/carriers/:carrierId/assets/:parentId/events; POST /api/v2/carriers/:carrierId/opportunities/:id/responses; POST /api/v2/carriers/:carrierId/opportunities/:parentId/offers; POST /api/v2/carriers/:carrierId/offers/:id/withdrawals; POST /api/v2/carriers/:carrierId/bookings/:id/confirmations; POST /api/v2/carriers/:carrierId/bookings/:id/cancellations; POST /api/v2/carriers/:carrierId/capacity/holds/:id/confirmations; POST /api/v2/carriers/:carrierId/capacity/holds/:id/releases; POST /api/v2/carriers/:carrierId/incidents/:id/updates; POST /api/v2/carriers/:carrierId/incidents/:id/conditions; POST /api/v2/carriers/:carrierId/executions/:id/starts; POST /api/v2/carriers/:carrierId/executions/:id/completions; POST /api/v2/carriers/:carrierId/executions/:id/cancellations; POST /api/v2/carriers/:carrierId/executions/:id/positions; POST /api/v2/carriers/:carrierId/consolidations/:id/closures; POST /api/v2/carriers/:carrierId/consolidations/:id/starts; POST /api/v2/carriers/:carrierId/consolidations/:id/completions; POST /api/v2/carriers/:carrierId/consolidations/:id/cancellations; POST /api/v2/carriers/:carrierId/consolidations/:id/positions; POST /api/v2/carriers; POST /api/v2/carriers/:id/revisions; POST /api/v2/carriers/:carrierId/depots; POST /api/v2/carriers/:carrierId/depots/:id/revisions; POST /api/v2/carriers/:carrierId/services; POST /api/v2/carriers/:carrierId/services/:id/revisions; POST /api/v2/carriers/:carrierId/partners; POST /api/v2/carriers/:carrierId/partners/:id/revisions; POST /api/v2/carriers/:carrierId/drivers; POST /api/v2/carriers/:carrierId/drivers/:id/revisions; POST /api/v2/carriers/:carrierId/vehicle-combinations; POST /api/v2/carriers/:carrierId/vehicle-combinations/:id/revisions; POST /api/v2/carriers/:carrierId/driver-assignments; POST /api/v2/carriers/:carrierId/driver-assignments/:id/revisions; POST /api/v2/carriers/:carrierId/vehicle-assignments; POST /api/v2/carriers/:carrierId/vehicle-assignments/:id/revisions; POST /api/v2/carriers/:carrierId/assets; POST /api/v2/carriers/:carrierId/assets/:id/revisions; POST /api/v2/carriers/:carrierId/capacity-pools; POST /api/v2/carriers/:carrierId/capacity-pools/:id/revisions; POST /api/v2/carriers/:carrierId/calendars; POST /api/v2/carriers/:carrierId/calendars/:id/revisions; POST /api/v2/carriers/:carrierId/maintenances; POST /api/v2/carriers/:carrierId/maintenances/:id/revisions; POST /api/v2/carriers/:carrierId/repositioning-blocks; POST /api/v2/carriers/:carrierId/repositioning-blocks/:id/revisions; POST /api/v2/carriers/:carrierId/asset-capabilities; POST /api/v2/carriers/:carrierId/asset-capabilities/:id/revisions; POST /api/v2/carriers/:carrierId/capability-definitions; POST /api/v2/carriers/:carrierId/capability-definitions/:id/revisions; POST /api/v2/carriers/:carrierId/services/:serviceId/areas; POST /api/v2/carriers/:carrierId/services/:serviceId/areas/:id/revisions; POST /api/v2/carriers/:carrierId/services/:serviceId/lanes; POST /api/v2/carriers/:carrierId/services/:serviceId/lanes/:id/revisions,GET /api/v2/carriers/:carrierId/operators; GET /api/v2/carriers/:carrierId/integrations; GET /api/v2/carriers/:carrierId/integrations/:id/diagnostics; GET /api/v2/carriers/:carrierId/opportunities; GET /api/v2/carriers/:carrierId/opportunities/:id; GET /api/v2/carriers/:carrierId/offers; GET /api/v2/carriers/:carrierId/offers/:id; GET /api/v2/carriers/:carrierId/bookings; GET /api/v2/carriers/:carrierId/bookings/:id; GET /api/v2/carriers/:carrierId/executions; GET /api/v2/carriers/:carrierId/executions/:id; GET /api/v2/carriers/:carrierId/executions/:parentId/incidents; GET /api/v2/carriers/:carrierId/executions/:parentId/incidents/:id; GET /api/v2/carriers/:carrierId/incidents/:parentId/updates; GET /api/v2/carriers/:carrierId/incidents/:parentId/updates/:id; GET /api/v2/carriers/:carrierId/executions/:parentId/events; GET /api/v2/carriers/:carrierId/executions/:parentId/events/:id; GET /api/v2/carriers/:carrierId/capacity/holds; GET /api/v2/carriers/:carrierId/capacity/holds/:id; GET /api/v2/carriers/:carrierId/consolidations; GET /api/v2/carriers/:carrierId/consolidations/:id; GET /api/v2/carriers/:carrierId/route-limits; GET /api/v2/carriers/:carrierId/route-limits/:id; GET /api/v2/carriers/:carrierId/metrics; GET /api/v2/carriers/:carrierId/metrics/:id; GET /api/v2/carriers/:carrierId/assets/:parentId/events; GET /api/v2/carriers/:carrierId/assets/:parentId/events/:id; GET /api/v2/carriers; GET /api/v2/carriers/:id; GET /api/v2/carriers/:carrierId/depots; GET /api/v2/carriers/:carrierId/depots/:id; GET /api/v2/carriers/:carrierId/services; GET /api/v2/carriers/:carrierId/services/:id; GET /api/v2/carriers/:carrierId/partners; GET /api/v2/carriers/:carrierId/partners/:id; GET /api/v2/carriers/:carrierId/drivers; GET /api/v2/carriers/:carrierId/drivers/:id; GET /api/v2/carriers/:carrierId/vehicle-combinations; GET /api/v2/carriers/:carrierId/vehicle-combinations/:id; GET /api/v2/carriers/:carrierId/driver-assignments; GET /api/v2/carriers/:carrierId/driver-assignments/:id; GET /api/v2/carriers/:carrierId/vehicle-assignments; GET /api/v2/carriers/:carrierId/vehicle-assignments/:id; GET /api/v2/carriers/:carrierId/assets; GET /api/v2/carriers/:carrierId/assets/:id; GET /api/v2/carriers/:carrierId/capacity-pools; GET /api/v2/carriers/:carrierId/capacity-pools/:id; GET /api/v2/carriers/:carrierId/calendars; GET /api/v2/carriers/:carrierId/calendars/:id; GET /api/v2/carriers/:carrierId/maintenances; GET /api/v2/carriers/:carrierId/maintenances/:id; GET /api/v2/carriers/:carrierId/repositioning-blocks; GET /api/v2/carriers/:carrierId/repositioning-blocks/:id; GET /api/v2/carriers/:carrierId/asset-capabilities; GET /api/v2/carriers/:carrierId/asset-capabilities/:id; GET /api/v2/carriers/:carrierId/capability-definitions; GET /api/v2/carriers/:carrierId/capability-definitions/:id; GET /api/v2/carriers/:carrierId/services/:serviceId/areas; GET /api/v2/carriers/:carrierId/services/:serviceId/areas/:id; GET /api/v2/carriers/:carrierId/services/:serviceId/lanes; GET /api/v2/carriers/:carrierId/services/:serviceId/lanes/:id,logs/class-matrix.json: Carrier (catalog grants/policies/table ACL); logs/independent-rls-result.json; logs/auth-controls.json
54,Carrier,businessIdValue,string,True,COMPLETO,carriers.business_identifier_value,80,carriers.business_identifier_value,carriers.business_identifier_value,text,YES,None,carrier_business_id_pair: CHECK (((business_identifier_type IS NULL) = (business_identifier_value IS NULL))),,cargomesh/src/shared/schemas/v2/catalog.ts:53; schema catalog.ts:CatalogInputsV2:carriers; field businessIdValue,businessIdValue,ZodString,False,True,"{""type"":""ZodString"",""optional"":false,""nullable"":true,""checks"":[{""kind"":""trim""},{""kind"":""min"",""value"":1},{""kind"":""max"",""value"":500}]}",cargomesh/src/shared/schemas/v2/catalog.ts:53; schema catalog.ts:CatalogInputsV2:carriers; field value.businessIdValue,value.businessIdValue,ZodString,False,True,supabase-v2/supabase/migrations/20261004032151_hac40_catalog.sql:31,carriers,"[{""file"":""roundtrips.json"",""row"":4,""id"":""e3a975c1-b144-462a-bbe1-cb5b055f25a2"",""state"":""VALUE"",""inputState"":""VALUE"",""inputEqualsRead"":true,""value"":""12345678901""}]",COMPLETO,Resolved storage and current typed output agree with a concrete POST/GET or measured read projection,HAC-40 / Cristhian,29c385fe0ee501eb4b8b989b0a247c8fdeda62ad,POST /api/v2/carriers/:carrierId/integrations; POST /api/v2/carriers/:carrierId/operators/invitations; POST /api/v2/carriers/:carrierId/operators/:id/revisions; POST /api/v2/carriers/:carrierId/operators/:id/acceptance; POST /api/v2/carriers/:carrierId/executions/:parentId/incidents; POST /api/v2/carriers/:carrierId/consolidations; POST /api/v2/carriers/:carrierId/route-limits; POST /api/v2/carriers/:carrierId/route-limits/:id/revisions; POST /api/v2/carriers/:carrierId/metrics; POST /api/v2/carriers/:carrierId/metrics/:id/revisions; POST /api/v2/carriers/:carrierId/assets/:parentId/events; POST /api/v2/carriers/:carrierId/opportunities/:id/responses; POST /api/v2/carriers/:carrierId/opportunities/:parentId/offers; POST /api/v2/carriers/:carrierId/offers/:id/withdrawals; POST /api/v2/carriers/:carrierId/bookings/:id/confirmations; POST /api/v2/carriers/:carrierId/bookings/:id/cancellations; POST /api/v2/carriers/:carrierId/capacity/holds/:id/confirmations; POST /api/v2/carriers/:carrierId/capacity/holds/:id/releases; POST /api/v2/carriers/:carrierId/incidents/:id/updates; POST /api/v2/carriers/:carrierId/incidents/:id/conditions; POST /api/v2/carriers/:carrierId/executions/:id/starts; POST /api/v2/carriers/:carrierId/executions/:id/completions; POST /api/v2/carriers/:carrierId/executions/:id/cancellations; POST /api/v2/carriers/:carrierId/executions/:id/positions; POST /api/v2/carriers/:carrierId/consolidations/:id/closures; POST /api/v2/carriers/:carrierId/consolidations/:id/starts; POST /api/v2/carriers/:carrierId/consolidations/:id/completions; POST /api/v2/carriers/:carrierId/consolidations/:id/cancellations; POST /api/v2/carriers/:carrierId/consolidations/:id/positions; POST /api/v2/carriers; POST /api/v2/carriers/:id/revisions; POST /api/v2/carriers/:carrierId/depots; POST /api/v2/carriers/:carrierId/depots/:id/revisions; POST /api/v2/carriers/:carrierId/services; POST /api/v2/carriers/:carrierId/services/:id/revisions; POST /api/v2/carriers/:carrierId/partners; POST /api/v2/carriers/:carrierId/partners/:id/revisions; POST /api/v2/carriers/:carrierId/drivers; POST /api/v2/carriers/:carrierId/drivers/:id/revisions; POST /api/v2/carriers/:carrierId/vehicle-combinations; POST /api/v2/carriers/:carrierId/vehicle-combinations/:id/revisions; POST /api/v2/carriers/:carrierId/driver-assignments; POST /api/v2/carriers/:carrierId/driver-assignments/:id/revisions; POST /api/v2/carriers/:carrierId/vehicle-assignments; POST /api/v2/carriers/:carrierId/vehicle-assignments/:id/revisions; POST /api/v2/carriers/:carrierId/assets; POST /api/v2/carriers/:carrierId/assets/:id/revisions; POST /api/v2/carriers/:carrierId/capacity-pools; POST /api/v2/carriers/:carrierId/capacity-pools/:id/revisions; POST /api/v2/carriers/:carrierId/calendars; POST /api/v2/carriers/:carrierId/calendars/:id/revisions; POST /api/v2/carriers/:carrierId/maintenances; POST /api/v2/carriers/:carrierId/maintenances/:id/revisions; POST /api/v2/carriers/:carrierId/repositioning-blocks; POST /api/v2/carriers/:carrierId/repositioning-blocks/:id/revisions; POST /api/v2/carriers/:carrierId/asset-capabilities; POST /api/v2/carriers/:carrierId/asset-capabilities/:id/revisions; POST /api/v2/carriers/:carrierId/capability-definitions; POST /api/v2/carriers/:carrierId/capability-definitions/:id/revisions; POST /api/v2/carriers/:carrierId/services/:serviceId/areas; POST /api/v2/carriers/:carrierId/services/:serviceId/areas/:id/revisions; POST /api/v2/carriers/:carrierId/services/:serviceId/lanes; POST /api/v2/carriers/:carrierId/services/:serviceId/lanes/:id/revisions,GET /api/v2/carriers/:carrierId/operators; GET /api/v2/carriers/:carrierId/integrations; GET /api/v2/carriers/:carrierId/integrations/:id/diagnostics; GET /api/v2/carriers/:carrierId/opportunities; GET /api/v2/carriers/:carrierId/opportunities/:id; GET /api/v2/carriers/:carrierId/offers; GET /api/v2/carriers/:carrierId/offers/:id; GET /api/v2/carriers/:carrierId/bookings; GET /api/v2/carriers/:carrierId/bookings/:id; GET /api/v2/carriers/:carrierId/executions; GET /api/v2/carriers/:carrierId/executions/:id; GET /api/v2/carriers/:carrierId/executions/:parentId/incidents; GET /api/v2/carriers/:carrierId/executions/:parentId/incidents/:id; GET /api/v2/carriers/:carrierId/incidents/:parentId/updates; GET /api/v2/carriers/:carrierId/incidents/:parentId/updates/:id; GET /api/v2/carriers/:carrierId/executions/:parentId/events; GET /api/v2/carriers/:carrierId/executions/:parentId/events/:id; GET /api/v2/carriers/:carrierId/capacity/holds; GET /api/v2/carriers/:carrierId/capacity/holds/:id; GET /api/v2/carriers/:carrierId/consolidations; GET /api/v2/carriers/:carrierId/consolidations/:id; GET /api/v2/carriers/:carrierId/route-limits; GET /api/v2/carriers/:carrierId/route-limits/:id; GET /api/v2/carriers/:carrierId/metrics; GET /api/v2/carriers/:carrierId/metrics/:id; GET /api/v2/carriers/:carrierId/assets/:parentId/events; GET /api/v2/carriers/:carrierId/assets/:parentId/events/:id; GET /api/v2/carriers; GET /api/v2/carriers/:id; GET /api/v2/carriers/:carrierId/depots; GET /api/v2/carriers/:carrierId/depots/:id; GET /api/v2/carriers/:carrierId/services; GET /api/v2/carriers/:carrierId/services/:id; GET /api/v2/carriers/:carrierId/partners; GET /api/v2/carriers/:carrierId/partners/:id; GET /api/v2/carriers/:carrierId/drivers; GET /api/v2/carriers/:carrierId/drivers/:id; GET /api/v2/carriers/:carrierId/vehicle-combinations; GET /api/v2/carriers/:carrierId/vehicle-combinations/:id; GET /api/v2/carriers/:carrierId/driver-assignments; GET /api/v2/carriers/:carrierId/driver-assignments/:id; GET /api/v2/carriers/:carrierId/vehicle-assignments; GET /api/v2/carriers/:carrierId/vehicle-assignments/:id; GET /api/v2/carriers/:carrierId/assets; GET /api/v2/carriers/:carrierId/assets/:id; GET /api/v2/carriers/:carrierId/capacity-pools; GET /api/v2/carriers/:carrierId/capacity-pools/:id; GET /api/v2/carriers/:carrierId/calendars; GET /api/v2/carriers/:carrierId/calendars/:id; GET /api/v2/carriers/:carrierId/maintenances; GET /api/v2/carriers/:carrierId/maintenances/:id; GET /api/v2/carriers/:carrierId/repositioning-blocks; GET /api/v2/carriers/:carrierId/repositioning-blocks/:id; GET /api/v2/carriers/:carrierId/asset-capabilities; GET /api/v2/carriers/:carrierId/asset-capabilities/:id; GET /api/v2/carriers/:carrierId/capability-definitions; GET /api/v2/carriers/:carrierId/capability-definitions/:id; GET /api/v2/carriers/:carrierId/services/:serviceId/areas; GET /api/v2/carriers/:carrierId/services/:serviceId/areas/:id; GET /api/v2/carriers/:carrierId/services/:serviceId/lanes; GET /api/v2/carriers/:carrierId/services/:serviceId/lanes/:id,logs/class-matrix.json: Carrier (catalog grants/policies/table ACL); logs/independent-rls-result.json; logs/auth-controls.json
55,Carrier,registeredCountry,string,True,COMPLETO,carriers.registered_country,81,carriers.registered_country,carriers.registered_country,text,YES,None,carriers_registered_country_check: CHECK ((registered_country ~ '^[A-Z]{2}$'::text)),,cargomesh/src/shared/schemas/v2/catalog.ts:53; schema catalog.ts:CatalogInputsV2:carriers; field registeredCountry,registeredCountry,ZodString,False,True,"{""type"":""ZodString"",""optional"":false,""nullable"":true,""checks"":[{""kind"":""regex"",""regex"":{""source"":""^[A-Z]{2}$"",""flags"":""""}}]}",cargomesh/src/shared/schemas/v2/catalog.ts:53; schema catalog.ts:CatalogInputsV2:carriers; field value.registeredCountry,value.registeredCountry,ZodString,False,True,supabase-v2/supabase/migrations/20261004032151_hac40_catalog.sql:31,carriers,"[{""file"":""roundtrips.json"",""row"":4,""id"":""e3a975c1-b144-462a-bbe1-cb5b055f25a2"",""state"":""VALUE"",""inputState"":""VALUE"",""inputEqualsRead"":true,""value"":""PE""}]",COMPLETO,Resolved storage and current typed output agree with a concrete POST/GET or measured read projection,HAC-40 / Cristhian,29c385fe0ee501eb4b8b989b0a247c8fdeda62ad,POST /api/v2/carriers/:carrierId/integrations; POST /api/v2/carriers/:carrierId/operators/invitations; POST /api/v2/carriers/:carrierId/operators/:id/revisions; POST /api/v2/carriers/:carrierId/operators/:id/acceptance; POST /api/v2/carriers/:carrierId/executions/:parentId/incidents; POST /api/v2/carriers/:carrierId/consolidations; POST /api/v2/carriers/:carrierId/route-limits; POST /api/v2/carriers/:carrierId/route-limits/:id/revisions; POST /api/v2/carriers/:carrierId/metrics; POST /api/v2/carriers/:carrierId/metrics/:id/revisions; POST /api/v2/carriers/:carrierId/assets/:parentId/events; POST /api/v2/carriers/:carrierId/opportunities/:id/responses; POST /api/v2/carriers/:carrierId/opportunities/:parentId/offers; POST /api/v2/carriers/:carrierId/offers/:id/withdrawals; POST /api/v2/carriers/:carrierId/bookings/:id/confirmations; POST /api/v2/carriers/:carrierId/bookings/:id/cancellations; POST /api/v2/carriers/:carrierId/capacity/holds/:id/confirmations; POST /api/v2/carriers/:carrierId/capacity/holds/:id/releases; POST /api/v2/carriers/:carrierId/incidents/:id/updates; POST /api/v2/carriers/:carrierId/incidents/:id/conditions; POST /api/v2/carriers/:carrierId/executions/:id/starts; POST /api/v2/carriers/:carrierId/executions/:id/completions; POST /api/v2/carriers/:carrierId/executions/:id/cancellations; POST /api/v2/carriers/:carrierId/executions/:id/positions; POST /api/v2/carriers/:carrierId/consolidations/:id/closures; POST /api/v2/carriers/:carrierId/consolidations/:id/starts; POST /api/v2/carriers/:carrierId/consolidations/:id/completions; POST /api/v2/carriers/:carrierId/consolidations/:id/cancellations; POST /api/v2/carriers/:carrierId/consolidations/:id/positions; POST /api/v2/carriers; POST /api/v2/carriers/:id/revisions; POST /api/v2/carriers/:carrierId/depots; POST /api/v2/carriers/:carrierId/depots/:id/revisions; POST /api/v2/carriers/:carrierId/services; POST /api/v2/carriers/:carrierId/services/:id/revisions; POST /api/v2/carriers/:carrierId/partners; POST /api/v2/carriers/:carrierId/partners/:id/revisions; POST /api/v2/carriers/:carrierId/drivers; POST /api/v2/carriers/:carrierId/drivers/:id/revisions; POST /api/v2/carriers/:carrierId/vehicle-combinations; POST /api/v2/carriers/:carrierId/vehicle-combinations/:id/revisions; POST /api/v2/carriers/:carrierId/driver-assignments; POST /api/v2/carriers/:carrierId/driver-assignments/:id/revisions; POST /api/v2/carriers/:carrierId/vehicle-assignments; POST /api/v2/carriers/:carrierId/vehicle-assignments/:id/revisions; POST /api/v2/carriers/:carrierId/assets; POST /api/v2/carriers/:carrierId/assets/:id/revisions; POST /api/v2/carriers/:carrierId/capacity-pools; POST /api/v2/carriers/:carrierId/capacity-pools/:id/revisions; POST /api/v2/carriers/:carrierId/calendars; POST /api/v2/carriers/:carrierId/calendars/:id/revisions; POST /api/v2/carriers/:carrierId/maintenances; POST /api/v2/carriers/:carrierId/maintenances/:id/revisions; POST /api/v2/carriers/:carrierId/repositioning-blocks; POST /api/v2/carriers/:carrierId/repositioning-blocks/:id/revisions; POST /api/v2/carriers/:carrierId/asset-capabilities; POST /api/v2/carriers/:carrierId/asset-capabilities/:id/revisions; POST /api/v2/carriers/:carrierId/capability-definitions; POST /api/v2/carriers/:carrierId/capability-definitions/:id/revisions; POST /api/v2/carriers/:carrierId/services/:serviceId/areas; POST /api/v2/carriers/:carrierId/services/:serviceId/areas/:id/revisions; POST /api/v2/carriers/:carrierId/services/:serviceId/lanes; POST /api/v2/carriers/:carrierId/services/:serviceId/lanes/:id/revisions,GET /api/v2/carriers/:carrierId/operators; GET /api/v2/carriers/:carrierId/integrations; GET /api/v2/carriers/:carrierId/integrations/:id/diagnostics; GET /api/v2/carriers/:carrierId/opportunities; GET /api/v2/carriers/:carrierId/opportunities/:id; GET /api/v2/carriers/:carrierId/offers; GET /api/v2/carriers/:carrierId/offers/:id; GET /api/v2/carriers/:carrierId/bookings; GET /api/v2/carriers/:carrierId/bookings/:id; GET /api/v2/carriers/:carrierId/executions; GET /api/v2/carriers/:carrierId/executions/:id; GET /api/v2/carriers/:carrierId/executions/:parentId/incidents; GET /api/v2/carriers/:carrierId/executions/:parentId/incidents/:id; GET /api/v2/carriers/:carrierId/incidents/:parentId/updates; GET /api/v2/carriers/:carrierId/incidents/:parentId/updates/:id; GET /api/v2/carriers/:carrierId/executions/:parentId/events; GET /api/v2/carriers/:carrierId/executions/:parentId/events/:id; GET /api/v2/carriers/:carrierId/capacity/holds; GET /api/v2/carriers/:carrierId/capacity/holds/:id; GET /api/v2/carriers/:carrierId/consolidations; GET /api/v2/carriers/:carrierId/consolidations/:id; GET /api/v2/carriers/:carrierId/route-limits; GET /api/v2/carriers/:carrierId/route-limits/:id; GET /api/v2/carriers/:carrierId/metrics; GET /api/v2/carriers/:carrierId/metrics/:id; GET /api/v2/carriers/:carrierId/assets/:parentId/events; GET /api/v2/carriers/:carrierId/assets/:parentId/events/:id; GET /api/v2/carriers; GET /api/v2/carriers/:id; GET /api/v2/carriers/:carrierId/depots; GET /api/v2/carriers/:carrierId/depots/:id; GET /api/v2/carriers/:carrierId/services; GET /api/v2/carriers/:carrierId/services/:id; GET /api/v2/carriers/:carrierId/partners; GET /api/v2/carriers/:carrierId/partners/:id; GET /api/v2/carriers/:carrierId/drivers; GET /api/v2/carriers/:carrierId/drivers/:id; GET /api/v2/carriers/:carrierId/vehicle-combinations; GET /api/v2/carriers/:carrierId/vehicle-combinations/:id; GET /api/v2/carriers/:carrierId/driver-assignments; GET /api/v2/carriers/:carrierId/driver-assignments/:id; GET /api/v2/carriers/:carrierId/vehicle-assignments; GET /api/v2/carriers/:carrierId/vehicle-assignments/:id; GET /api/v2/carriers/:carrierId/assets; GET /api/v2/carriers/:carrierId/assets/:id; GET /api/v2/carriers/:carrierId/capacity-pools; GET /api/v2/carriers/:carrierId/capacity-pools/:id; GET /api/v2/carriers/:carrierId/calendars; GET /api/v2/carriers/:carrierId/calendars/:id; GET /api/v2/carriers/:carrierId/maintenances; GET /api/v2/carriers/:carrierId/maintenances/:id; GET /api/v2/carriers/:carrierId/repositioning-blocks; GET /api/v2/carriers/:carrierId/repositioning-blocks/:id; GET /api/v2/carriers/:carrierId/asset-capabilities; GET /api/v2/carriers/:carrierId/asset-capabilities/:id; GET /api/v2/carriers/:carrierId/capability-definitions; GET /api/v2/carriers/:carrierId/capability-definitions/:id; GET /api/v2/carriers/:carrierId/services/:serviceId/areas; GET /api/v2/carriers/:carrierId/services/:serviceId/areas/:id; GET /api/v2/carriers/:carrierId/services/:serviceId/lanes; GET /api/v2/carriers/:carrierId/services/:serviceId/lanes/:id,logs/class-matrix.json: Carrier (catalog grants/policies/table ACL); logs/independent-rls-result.json; logs/auth-controls.json
56,Carrier,verifiedContact,Contact,True,PARCIAL,carriers.verified_contact,82,carriers.verified_contact,carriers.verified_contact,jsonb,YES,None,,,NO_WRITABLE_DTO,—,—,—,—,—,cargomesh/src/shared/schemas/v2/catalog.ts:104; schema catalog.ts:CatalogRecordV2Schema; field verifiedContact,verifiedContact,ZodObject,True,True,supabase-v2/supabase/migrations/20261004032151_hac40_catalog.sql:31,carriers,"[{""file"":""roundtrips.json"",""row"":4,""id"":""e3a975c1-b144-462a-bbe1-cb5b055f25a2"",""state"":""NULL"",""inputState"":""MISSING"",""inputEqualsRead"":null,""value"":null}]",PARCIAL,No concrete non-null field value or measured read projection in this cut,HAC-40 / Cristhian,29c385fe0ee501eb4b8b989b0a247c8fdeda62ad,POST /api/v2/carriers/:carrierId/integrations; POST /api/v2/carriers/:carrierId/operators/invitations; POST /api/v2/carriers/:carrierId/operators/:id/revisions; POST /api/v2/carriers/:carrierId/operators/:id/acceptance; POST /api/v2/carriers/:carrierId/executions/:parentId/incidents; POST /api/v2/carriers/:carrierId/consolidations; POST /api/v2/carriers/:carrierId/route-limits; POST /api/v2/carriers/:carrierId/route-limits/:id/revisions; POST /api/v2/carriers/:carrierId/metrics; POST /api/v2/carriers/:carrierId/metrics/:id/revisions; POST /api/v2/carriers/:carrierId/assets/:parentId/events; POST /api/v2/carriers/:carrierId/opportunities/:id/responses; POST /api/v2/carriers/:carrierId/opportunities/:parentId/offers; POST /api/v2/carriers/:carrierId/offers/:id/withdrawals; POST /api/v2/carriers/:carrierId/bookings/:id/confirmations; POST /api/v2/carriers/:carrierId/bookings/:id/cancellations; POST /api/v2/carriers/:carrierId/capacity/holds/:id/confirmations; POST /api/v2/carriers/:carrierId/capacity/holds/:id/releases; POST /api/v2/carriers/:carrierId/incidents/:id/updates; POST /api/v2/carriers/:carrierId/incidents/:id/conditions; POST /api/v2/carriers/:carrierId/executions/:id/starts; POST /api/v2/carriers/:carrierId/executions/:id/completions; POST /api/v2/carriers/:carrierId/executions/:id/cancellations; POST /api/v2/carriers/:carrierId/executions/:id/positions; POST /api/v2/carriers/:carrierId/consolidations/:id/closures; POST /api/v2/carriers/:carrierId/consolidations/:id/starts; POST /api/v2/carriers/:carrierId/consolidations/:id/completions; POST /api/v2/carriers/:carrierId/consolidations/:id/cancellations; POST /api/v2/carriers/:carrierId/consolidations/:id/positions; POST /api/v2/carriers; POST /api/v2/carriers/:id/revisions; POST /api/v2/carriers/:carrierId/depots; POST /api/v2/carriers/:carrierId/depots/:id/revisions; POST /api/v2/carriers/:carrierId/services; POST /api/v2/carriers/:carrierId/services/:id/revisions; POST /api/v2/carriers/:carrierId/partners; POST /api/v2/carriers/:carrierId/partners/:id/revisions; POST /api/v2/carriers/:carrierId/drivers; POST /api/v2/carriers/:carrierId/drivers/:id/revisions; POST /api/v2/carriers/:carrierId/vehicle-combinations; POST /api/v2/carriers/:carrierId/vehicle-combinations/:id/revisions; POST /api/v2/carriers/:carrierId/driver-assignments; POST /api/v2/carriers/:carrierId/driver-assignments/:id/revisions; POST /api/v2/carriers/:carrierId/vehicle-assignments; POST /api/v2/carriers/:carrierId/vehicle-assignments/:id/revisions; POST /api/v2/carriers/:carrierId/assets; POST /api/v2/carriers/:carrierId/assets/:id/revisions; POST /api/v2/carriers/:carrierId/capacity-pools; POST /api/v2/carriers/:carrierId/capacity-pools/:id/revisions; POST /api/v2/carriers/:carrierId/calendars; POST /api/v2/carriers/:carrierId/calendars/:id/revisions; POST /api/v2/carriers/:carrierId/maintenances; POST /api/v2/carriers/:carrierId/maintenances/:id/revisions; POST /api/v2/carriers/:carrierId/repositioning-blocks; POST /api/v2/carriers/:carrierId/repositioning-blocks/:id/revisions; POST /api/v2/carriers/:carrierId/asset-capabilities; POST /api/v2/carriers/:carrierId/asset-capabilities/:id/revisions; POST /api/v2/carriers/:carrierId/capability-definitions; POST /api/v2/carriers/:carrierId/capability-definitions/:id/revisions; POST /api/v2/carriers/:carrierId/services/:serviceId/areas; POST /api/v2/carriers/:carrierId/services/:serviceId/areas/:id/revisions; POST /api/v2/carriers/:carrierId/services/:serviceId/lanes; POST /api/v2/carriers/:carrierId/services/:serviceId/lanes/:id/revisions,GET /api/v2/carriers/:carrierId/operators; GET /api/v2/carriers/:carrierId/integrations; GET /api/v2/carriers/:carrierId/integrations/:id/diagnostics; GET /api/v2/carriers/:carrierId/opportunities; GET /api/v2/carriers/:carrierId/opportunities/:id; GET /api/v2/carriers/:carrierId/offers; GET /api/v2/carriers/:carrierId/offers/:id; GET /api/v2/carriers/:carrierId/bookings; GET /api/v2/carriers/:carrierId/bookings/:id; GET /api/v2/carriers/:carrierId/executions; GET /api/v2/carriers/:carrierId/executions/:id; GET /api/v2/carriers/:carrierId/executions/:parentId/incidents; GET /api/v2/carriers/:carrierId/executions/:parentId/incidents/:id; GET /api/v2/carriers/:carrierId/incidents/:parentId/updates; GET /api/v2/carriers/:carrierId/incidents/:parentId/updates/:id; GET /api/v2/carriers/:carrierId/executions/:parentId/events; GET /api/v2/carriers/:carrierId/executions/:parentId/events/:id; GET /api/v2/carriers/:carrierId/capacity/holds; GET /api/v2/carriers/:carrierId/capacity/holds/:id; GET /api/v2/carriers/:carrierId/consolidations; GET /api/v2/carriers/:carrierId/consolidations/:id; GET /api/v2/carriers/:carrierId/route-limits; GET /api/v2/carriers/:carrierId/route-limits/:id; GET /api/v2/carriers/:carrierId/metrics; GET /api/v2/carriers/:carrierId/metrics/:id; GET /api/v2/carriers/:carrierId/assets/:parentId/events; GET /api/v2/carriers/:carrierId/assets/:parentId/events/:id; GET /api/v2/carriers; GET /api/v2/carriers/:id; GET /api/v2/carriers/:carrierId/depots; GET /api/v2/carriers/:carrierId/depots/:id; GET /api/v2/carriers/:carrierId/services; GET /api/v2/carriers/:carrierId/services/:id; GET /api/v2/carriers/:carrierId/partners; GET /api/v2/carriers/:carrierId/partners/:id; GET /api/v2/carriers/:carrierId/drivers; GET /api/v2/carriers/:carrierId/drivers/:id; GET /api/v2/carriers/:carrierId/vehicle-combinations; GET /api/v2/carriers/:carrierId/vehicle-combinations/:id; GET /api/v2/carriers/:carrierId/driver-assignments; GET /api/v2/carriers/:carrierId/driver-assignments/:id; GET /api/v2/carriers/:carrierId/vehicle-assignments; GET /api/v2/carriers/:carrierId/vehicle-assignments/:id; GET /api/v2/carriers/:carrierId/assets; GET /api/v2/carriers/:carrierId/assets/:id; GET /api/v2/carriers/:carrierId/capacity-pools; GET /api/v2/carriers/:carrierId/capacity-pools/:id; GET /api/v2/carriers/:carrierId/calendars; GET /api/v2/carriers/:carrierId/calendars/:id; GET /api/v2/carriers/:carrierId/maintenances; GET /api/v2/carriers/:carrierId/maintenances/:id; GET /api/v2/carriers/:carrierId/repositioning-blocks; GET /api/v2/carriers/:carrierId/repositioning-blocks/:id; GET /api/v2/carriers/:carrierId/asset-capabilities; GET /api/v2/carriers/:carrierId/asset-capabilities/:id; GET /api/v2/carriers/:carrierId/capability-definitions; GET /api/v2/carriers/:carrierId/capability-definitions/:id; GET /api/v2/carriers/:carrierId/services/:serviceId/areas; GET /api/v2/carriers/:carrierId/services/:serviceId/areas/:id; GET /api/v2/carriers/:carrierId/services/:serviceId/lanes; GET /api/v2/carriers/:carrierId/services/:serviceId/lanes/:id,logs/class-matrix.json: Carrier (catalog grants/policies/table ACL); logs/independent-rls-result.json; logs/auth-controls.json
57,Carrier,providerType,ProviderType,False,COMPLETO,carriers.provider_type,83,carriers.provider_type,carriers.provider_type,text,NO,'CARRIER'::text,"carriers_provider_type_check: CHECK ((provider_type = ANY (ARRAY['OWNER_OPERATOR'::text, 'SMALL_FLEET'::text, 'CARRIER'::text, 'ENTERPRISE_CARRIER'::text])))",,cargomesh/src/shared/schemas/v2/catalog.ts:53; schema catalog.ts:CatalogInputsV2:carriers; field providerType,providerType,ZodEnum,False,False,"{""type"":""ZodEnum"",""optional"":false,""nullable"":false,""values"":[""OWNER_OPERATOR"",""SMALL_FLEET"",""CARRIER"",""ENTERPRISE_CARRIER""]}",cargomesh/src/shared/schemas/v2/catalog.ts:53; schema catalog.ts:CatalogInputsV2:carriers; field value.providerType,value.providerType,ZodEnum,False,False,supabase-v2/supabase/migrations/20260927042808_v2_schema_baseline.sql:53,carriers,"[{""file"":""roundtrips.json"",""row"":4,""id"":""e3a975c1-b144-462a-bbe1-cb5b055f25a2"",""state"":""VALUE"",""inputState"":""VALUE"",""inputEqualsRead"":true,""value"":""CARRIER""}]",COMPLETO,Resolved storage and current typed output agree with a concrete POST/GET or measured read projection,HAC-40 / Cristhian,29c385fe0ee501eb4b8b989b0a247c8fdeda62ad,POST /api/v2/carriers/:carrierId/integrations; POST /api/v2/carriers/:carrierId/operators/invitations; POST /api/v2/carriers/:carrierId/operators/:id/revisions; POST /api/v2/carriers/:carrierId/operators/:id/acceptance; POST /api/v2/carriers/:carrierId/executions/:parentId/incidents; POST /api/v2/carriers/:carrierId/consolidations; POST /api/v2/carriers/:carrierId/route-limits; POST /api/v2/carriers/:carrierId/route-limits/:id/revisions; POST /api/v2/carriers/:carrierId/metrics; POST /api/v2/carriers/:carrierId/metrics/:id/revisions; POST /api/v2/carriers/:carrierId/assets/:parentId/events; POST /api/v2/carriers/:carrierId/opportunities/:id/responses; POST /api/v2/carriers/:carrierId/opportunities/:parentId/offers; POST /api/v2/carriers/:carrierId/offers/:id/withdrawals; POST /api/v2/carriers/:carrierId/bookings/:id/confirmations; POST /api/v2/carriers/:carrierId/bookings/:id/cancellations; POST /api/v2/carriers/:carrierId/capacity/holds/:id/confirmations; POST /api/v2/carriers/:carrierId/capacity/holds/:id/releases; POST /api/v2/carriers/:carrierId/incidents/:id/updates; POST /api/v2/carriers/:carrierId/incidents/:id/conditions; POST /api/v2/carriers/:carrierId/executions/:id/starts; POST /api/v2/carriers/:carrierId/executions/:id/completions; POST /api/v2/carriers/:carrierId/executions/:id/cancellations; POST /api/v2/carriers/:carrierId/executions/:id/positions; POST /api/v2/carriers/:carrierId/consolidations/:id/closures; POST /api/v2/carriers/:carrierId/consolidations/:id/starts; POST /api/v2/carriers/:carrierId/consolidations/:id/completions; POST /api/v2/carriers/:carrierId/consolidations/:id/cancellations; POST /api/v2/carriers/:carrierId/consolidations/:id/positions; POST /api/v2/carriers; POST /api/v2/carriers/:id/revisions; POST /api/v2/carriers/:carrierId/depots; POST /api/v2/carriers/:carrierId/depots/:id/revisions; POST /api/v2/carriers/:carrierId/services; POST /api/v2/carriers/:carrierId/services/:id/revisions; POST /api/v2/carriers/:carrierId/partners; POST /api/v2/carriers/:carrierId/partners/:id/revisions; POST /api/v2/carriers/:carrierId/drivers; POST /api/v2/carriers/:carrierId/drivers/:id/revisions; POST /api/v2/carriers/:carrierId/vehicle-combinations; POST /api/v2/carriers/:carrierId/vehicle-combinations/:id/revisions; POST /api/v2/carriers/:carrierId/driver-assignments; POST /api/v2/carriers/:carrierId/driver-assignments/:id/revisions; POST /api/v2/carriers/:carrierId/vehicle-assignments; POST /api/v2/carriers/:carrierId/vehicle-assignments/:id/revisions; POST /api/v2/carriers/:carrierId/assets; POST /api/v2/carriers/:carrierId/assets/:id/revisions; POST /api/v2/carriers/:carrierId/capacity-pools; POST /api/v2/carriers/:carrierId/capacity-pools/:id/revisions; POST /api/v2/carriers/:carrierId/calendars; POST /api/v2/carriers/:carrierId/calendars/:id/revisions; POST /api/v2/carriers/:carrierId/maintenances; POST /api/v2/carriers/:carrierId/maintenances/:id/revisions; POST /api/v2/carriers/:carrierId/repositioning-blocks; POST /api/v2/carriers/:carrierId/repositioning-blocks/:id/revisions; POST /api/v2/carriers/:carrierId/asset-capabilities; POST /api/v2/carriers/:carrierId/asset-capabilities/:id/revisions; POST /api/v2/carriers/:carrierId/capability-definitions; POST /api/v2/carriers/:carrierId/capability-definitions/:id/revisions; POST /api/v2/carriers/:carrierId/services/:serviceId/areas; POST /api/v2/carriers/:carrierId/services/:serviceId/areas/:id/revisions; POST /api/v2/carriers/:carrierId/services/:serviceId/lanes; POST /api/v2/carriers/:carrierId/services/:serviceId/lanes/:id/revisions,GET /api/v2/carriers/:carrierId/operators; GET /api/v2/carriers/:carrierId/integrations; GET /api/v2/carriers/:carrierId/integrations/:id/diagnostics; GET /api/v2/carriers/:carrierId/opportunities; GET /api/v2/carriers/:carrierId/opportunities/:id; GET /api/v2/carriers/:carrierId/offers; GET /api/v2/carriers/:carrierId/offers/:id; GET /api/v2/carriers/:carrierId/bookings; GET /api/v2/carriers/:carrierId/bookings/:id; GET /api/v2/carriers/:carrierId/executions; GET /api/v2/carriers/:carrierId/executions/:id; GET /api/v2/carriers/:carrierId/executions/:parentId/incidents; GET /api/v2/carriers/:carrierId/executions/:parentId/incidents/:id; GET /api/v2/carriers/:carrierId/incidents/:parentId/updates; GET /api/v2/carriers/:carrierId/incidents/:parentId/updates/:id; GET /api/v2/carriers/:carrierId/executions/:parentId/events; GET /api/v2/carriers/:carrierId/executions/:parentId/events/:id; GET /api/v2/carriers/:carrierId/capacity/holds; GET /api/v2/carriers/:carrierId/capacity/holds/:id; GET /api/v2/carriers/:carrierId/consolidations; GET /api/v2/carriers/:carrierId/consolidations/:id; GET /api/v2/carriers/:carrierId/route-limits; GET /api/v2/carriers/:carrierId/route-limits/:id; GET /api/v2/carriers/:carrierId/metrics; GET /api/v2/carriers/:carrierId/metrics/:id; GET /api/v2/carriers/:carrierId/assets/:parentId/events; GET /api/v2/carriers/:carrierId/assets/:parentId/events/:id; GET /api/v2/carriers; GET /api/v2/carriers/:id; GET /api/v2/carriers/:carrierId/depots; GET /api/v2/carriers/:carrierId/depots/:id; GET /api/v2/carriers/:carrierId/services; GET /api/v2/carriers/:carrierId/services/:id; GET /api/v2/carriers/:carrierId/partners; GET /api/v2/carriers/:carrierId/partners/:id; GET /api/v2/carriers/:carrierId/drivers; GET /api/v2/carriers/:carrierId/drivers/:id; GET /api/v2/carriers/:carrierId/vehicle-combinations; GET /api/v2/carriers/:carrierId/vehicle-combinations/:id; GET /api/v2/carriers/:carrierId/driver-assignments; GET /api/v2/carriers/:carrierId/driver-assignments/:id; GET /api/v2/carriers/:carrierId/vehicle-assignments; GET /api/v2/carriers/:carrierId/vehicle-assignments/:id; GET /api/v2/carriers/:carrierId/assets; GET /api/v2/carriers/:carrierId/assets/:id; GET /api/v2/carriers/:carrierId/capacity-pools; GET /api/v2/carriers/:carrierId/capacity-pools/:id; GET /api/v2/carriers/:carrierId/calendars; GET /api/v2/carriers/:carrierId/calendars/:id; GET /api/v2/carriers/:carrierId/maintenances; GET /api/v2/carriers/:carrierId/maintenances/:id; GET /api/v2/carriers/:carrierId/repositioning-blocks; GET /api/v2/carriers/:carrierId/repositioning-blocks/:id; GET /api/v2/carriers/:carrierId/asset-capabilities; GET /api/v2/carriers/:carrierId/asset-capabilities/:id; GET /api/v2/carriers/:carrierId/capability-definitions; GET /api/v2/carriers/:carrierId/capability-definitions/:id; GET /api/v2/carriers/:carrierId/services/:serviceId/areas; GET /api/v2/carriers/:carrierId/services/:serviceId/areas/:id; GET /api/v2/carriers/:carrierId/services/:serviceId/lanes; GET /api/v2/carriers/:carrierId/services/:serviceId/lanes/:id,logs/class-matrix.json: Carrier (catalog grants/policies/table ACL); logs/independent-rls-result.json; logs/auth-controls.json
58,Carrier,status,CarrierStatus,False,COMPLETO,carriers.status,84,carriers.status,carriers.status,text,NO,'ACTIVE'::text,"carriers_status_check: CHECK ((status = ANY (ARRAY['ACTIVE'::text, 'INACTIVE'::text])))",,cargomesh/src/shared/schemas/v2/catalog.ts:53; schema catalog.ts:CatalogInputsV2:carriers; field status,status,ZodEnum,False,False,"{""type"":""ZodEnum"",""optional"":false,""nullable"":false,""values"":[""ACTIVE"",""INACTIVE""]}",cargomesh/src/shared/schemas/v2/catalog.ts:53; schema catalog.ts:CatalogInputsV2:carriers; field value.status,value.status,ZodEnum,False,False,supabase-v2/supabase/migrations/20260927042808_v2_schema_baseline.sql:54,carriers,"[{""file"":""roundtrips.json"",""row"":4,""id"":""e3a975c1-b144-462a-bbe1-cb5b055f25a2"",""state"":""VALUE"",""inputState"":""VALUE"",""inputEqualsRead"":true,""value"":""ACTIVE""}]",COMPLETO,Resolved storage and current typed output agree with a concrete POST/GET or measured read projection,HAC-40 / Cristhian,29c385fe0ee501eb4b8b989b0a247c8fdeda62ad,POST /api/v2/carriers/:carrierId/integrations; POST /api/v2/carriers/:carrierId/operators/invitations; POST /api/v2/carriers/:carrierId/operators/:id/revisions; POST /api/v2/carriers/:carrierId/operators/:id/acceptance; POST /api/v2/carriers/:carrierId/executions/:parentId/incidents; POST /api/v2/carriers/:carrierId/consolidations; POST /api/v2/carriers/:carrierId/route-limits; POST /api/v2/carriers/:carrierId/route-limits/:id/revisions; POST /api/v2/carriers/:carrierId/metrics; POST /api/v2/carriers/:carrierId/metrics/:id/revisions; POST /api/v2/carriers/:carrierId/assets/:parentId/events; POST /api/v2/carriers/:carrierId/opportunities/:id/responses; POST /api/v2/carriers/:carrierId/opportunities/:parentId/offers; POST /api/v2/carriers/:carrierId/offers/:id/withdrawals; POST /api/v2/carriers/:carrierId/bookings/:id/confirmations; POST /api/v2/carriers/:carrierId/bookings/:id/cancellations; POST /api/v2/carriers/:carrierId/capacity/holds/:id/confirmations; POST /api/v2/carriers/:carrierId/capacity/holds/:id/releases; POST /api/v2/carriers/:carrierId/incidents/:id/updates; POST /api/v2/carriers/:carrierId/incidents/:id/conditions; POST /api/v2/carriers/:carrierId/executions/:id/starts; POST /api/v2/carriers/:carrierId/executions/:id/completions; POST /api/v2/carriers/:carrierId/executions/:id/cancellations; POST /api/v2/carriers/:carrierId/executions/:id/positions; POST /api/v2/carriers/:carrierId/consolidations/:id/closures; POST /api/v2/carriers/:carrierId/consolidations/:id/starts; POST /api/v2/carriers/:carrierId/consolidations/:id/completions; POST /api/v2/carriers/:carrierId/consolidations/:id/cancellations; POST /api/v2/carriers/:carrierId/consolidations/:id/positions; POST /api/v2/carriers; POST /api/v2/carriers/:id/revisions; POST /api/v2/carriers/:carrierId/depots; POST /api/v2/carriers/:carrierId/depots/:id/revisions; POST /api/v2/carriers/:carrierId/services; POST /api/v2/carriers/:carrierId/services/:id/revisions; POST /api/v2/carriers/:carrierId/partners; POST /api/v2/carriers/:carrierId/partners/:id/revisions; POST /api/v2/carriers/:carrierId/drivers; POST /api/v2/carriers/:carrierId/drivers/:id/revisions; POST /api/v2/carriers/:carrierId/vehicle-combinations; POST /api/v2/carriers/:carrierId/vehicle-combinations/:id/revisions; POST /api/v2/carriers/:carrierId/driver-assignments; POST /api/v2/carriers/:carrierId/driver-assignments/:id/revisions; POST /api/v2/carriers/:carrierId/vehicle-assignments; POST /api/v2/carriers/:carrierId/vehicle-assignments/:id/revisions; POST /api/v2/carriers/:carrierId/assets; POST /api/v2/carriers/:carrierId/assets/:id/revisions; POST /api/v2/carriers/:carrierId/capacity-pools; POST /api/v2/carriers/:carrierId/capacity-pools/:id/revisions; POST /api/v2/carriers/:carrierId/calendars; POST /api/v2/carriers/:carrierId/calendars/:id/revisions; POST /api/v2/carriers/:carrierId/maintenances; POST /api/v2/carriers/:carrierId/maintenances/:id/revisions; POST /api/v2/carriers/:carrierId/repositioning-blocks; POST /api/v2/carriers/:carrierId/repositioning-blocks/:id/revisions; POST /api/v2/carriers/:carrierId/asset-capabilities; POST /api/v2/carriers/:carrierId/asset-capabilities/:id/revisions; POST /api/v2/carriers/:carrierId/capability-definitions; POST /api/v2/carriers/:carrierId/capability-definitions/:id/revisions; POST /api/v2/carriers/:carrierId/services/:serviceId/areas; POST /api/v2/carriers/:carrierId/services/:serviceId/areas/:id/revisions; POST /api/v2/carriers/:carrierId/services/:serviceId/lanes; POST /api/v2/carriers/:carrierId/services/:serviceId/lanes/:id/revisions,GET /api/v2/carriers/:carrierId/operators; GET /api/v2/carriers/:carrierId/integrations; GET /api/v2/carriers/:carrierId/integrations/:id/diagnostics; GET /api/v2/carriers/:carrierId/opportunities; GET /api/v2/carriers/:carrierId/opportunities/:id; GET /api/v2/carriers/:carrierId/offers; GET /api/v2/carriers/:carrierId/offers/:id; GET /api/v2/carriers/:carrierId/bookings; GET /api/v2/carriers/:carrierId/bookings/:id; GET /api/v2/carriers/:carrierId/executions; GET /api/v2/carriers/:carrierId/executions/:id; GET /api/v2/carriers/:carrierId/executions/:parentId/incidents; GET /api/v2/carriers/:carrierId/executions/:parentId/incidents/:id; GET /api/v2/carriers/:carrierId/incidents/:parentId/updates; GET /api/v2/carriers/:carrierId/incidents/:parentId/updates/:id; GET /api/v2/carriers/:carrierId/executions/:parentId/events; GET /api/v2/carriers/:carrierId/executions/:parentId/events/:id; GET /api/v2/carriers/:carrierId/capacity/holds; GET /api/v2/carriers/:carrierId/capacity/holds/:id; GET /api/v2/carriers/:carrierId/consolidations; GET /api/v2/carriers/:carrierId/consolidations/:id; GET /api/v2/carriers/:carrierId/route-limits; GET /api/v2/carriers/:carrierId/route-limits/:id; GET /api/v2/carriers/:carrierId/metrics; GET /api/v2/carriers/:carrierId/metrics/:id; GET /api/v2/carriers/:carrierId/assets/:parentId/events; GET /api/v2/carriers/:carrierId/assets/:parentId/events/:id; GET /api/v2/carriers; GET /api/v2/carriers/:id; GET /api/v2/carriers/:carrierId/depots; GET /api/v2/carriers/:carrierId/depots/:id; GET /api/v2/carriers/:carrierId/services; GET /api/v2/carriers/:carrierId/services/:id; GET /api/v2/carriers/:carrierId/partners; GET /api/v2/carriers/:carrierId/partners/:id; GET /api/v2/carriers/:carrierId/drivers; GET /api/v2/carriers/:carrierId/drivers/:id; GET /api/v2/carriers/:carrierId/vehicle-combinations; GET /api/v2/carriers/:carrierId/vehicle-combinations/:id; GET /api/v2/carriers/:carrierId/driver-assignments; GET /api/v2/carriers/:carrierId/driver-assignments/:id; GET /api/v2/carriers/:carrierId/vehicle-assignments; GET /api/v2/carriers/:carrierId/vehicle-assignments/:id; GET /api/v2/carriers/:carrierId/assets; GET /api/v2/carriers/:carrierId/assets/:id; GET /api/v2/carriers/:carrierId/capacity-pools; GET /api/v2/carriers/:carrierId/capacity-pools/:id; GET /api/v2/carriers/:carrierId/calendars; GET /api/v2/carriers/:carrierId/calendars/:id; GET /api/v2/carriers/:carrierId/maintenances; GET /api/v2/carriers/:carrierId/maintenances/:id; GET /api/v2/carriers/:carrierId/repositioning-blocks; GET /api/v2/carriers/:carrierId/repositioning-blocks/:id; GET /api/v2/carriers/:carrierId/asset-capabilities; GET /api/v2/carriers/:carrierId/asset-capabilities/:id; GET /api/v2/carriers/:carrierId/capability-definitions; GET /api/v2/carriers/:carrierId/capability-definitions/:id; GET /api/v2/carriers/:carrierId/services/:serviceId/areas; GET /api/v2/carriers/:carrierId/services/:serviceId/areas/:id; GET /api/v2/carriers/:carrierId/services/:serviceId/lanes; GET /api/v2/carriers/:carrierId/services/:serviceId/lanes/:id,logs/class-matrix.json: Carrier (catalog grants/policies/table ACL); logs/independent-rls-result.json; logs/auth-controls.json
59,Carrier,operationalPhone,E164Phone,True,COMPLETO,carriers.operational_phone,85,carriers.operational_phone,carriers.operational_phone,text,YES,None,"carriers_operational_phone_check: CHECK ((operational_phone ~ '^\+[1-9][0-9]{6,14}$'::text))",,cargomesh/src/shared/schemas/v2/catalog.ts:53; schema catalog.ts:CatalogInputsV2:carriers; field operationalPhone,operationalPhone,ZodString,False,True,"{""type"":""ZodString"",""optional"":false,""nullable"":true,""checks"":[{""kind"":""regex"",""regex"":{""source"":""^\\+[1-9]\\d{6,14}$"",""flags"":""""}}]}",cargomesh/src/shared/schemas/v2/catalog.ts:53; schema catalog.ts:CatalogInputsV2:carriers; field value.operationalPhone,value.operationalPhone,ZodString,False,True,supabase-v2/supabase/migrations/20261004032151_hac40_catalog.sql:31,carriers,"[{""file"":""roundtrips.json"",""row"":4,""id"":""e3a975c1-b144-462a-bbe1-cb5b055f25a2"",""state"":""VALUE"",""inputState"":""VALUE"",""inputEqualsRead"":true,""value"":""+51999000111""}]",COMPLETO,Resolved storage and current typed output agree with a concrete POST/GET or measured read projection,HAC-40 / Cristhian,29c385fe0ee501eb4b8b989b0a247c8fdeda62ad,POST /api/v2/carriers/:carrierId/integrations; POST /api/v2/carriers/:carrierId/operators/invitations; POST /api/v2/carriers/:carrierId/operators/:id/revisions; POST /api/v2/carriers/:carrierId/operators/:id/acceptance; POST /api/v2/carriers/:carrierId/executions/:parentId/incidents; POST /api/v2/carriers/:carrierId/consolidations; POST /api/v2/carriers/:carrierId/route-limits; POST /api/v2/carriers/:carrierId/route-limits/:id/revisions; POST /api/v2/carriers/:carrierId/metrics; POST /api/v2/carriers/:carrierId/metrics/:id/revisions; POST /api/v2/carriers/:carrierId/assets/:parentId/events; POST /api/v2/carriers/:carrierId/opportunities/:id/responses; POST /api/v2/carriers/:carrierId/opportunities/:parentId/offers; POST /api/v2/carriers/:carrierId/offers/:id/withdrawals; POST /api/v2/carriers/:carrierId/bookings/:id/confirmations; POST /api/v2/carriers/:carrierId/bookings/:id/cancellations; POST /api/v2/carriers/:carrierId/capacity/holds/:id/confirmations; POST /api/v2/carriers/:carrierId/capacity/holds/:id/releases; POST /api/v2/carriers/:carrierId/incidents/:id/updates; POST /api/v2/carriers/:carrierId/incidents/:id/conditions; POST /api/v2/carriers/:carrierId/executions/:id/starts; POST /api/v2/carriers/:carrierId/executions/:id/completions; POST /api/v2/carriers/:carrierId/executions/:id/cancellations; POST /api/v2/carriers/:carrierId/executions/:id/positions; POST /api/v2/carriers/:carrierId/consolidations/:id/closures; POST /api/v2/carriers/:carrierId/consolidations/:id/starts; POST /api/v2/carriers/:carrierId/consolidations/:id/completions; POST /api/v2/carriers/:carrierId/consolidations/:id/cancellations; POST /api/v2/carriers/:carrierId/consolidations/:id/positions; POST /api/v2/carriers; POST /api/v2/carriers/:id/revisions; POST /api/v2/carriers/:carrierId/depots; POST /api/v2/carriers/:carrierId/depots/:id/revisions; POST /api/v2/carriers/:carrierId/services; POST /api/v2/carriers/:carrierId/services/:id/revisions; POST /api/v2/carriers/:carrierId/partners; POST /api/v2/carriers/:carrierId/partners/:id/revisions; POST /api/v2/carriers/:carrierId/drivers; POST /api/v2/carriers/:carrierId/drivers/:id/revisions; POST /api/v2/carriers/:carrierId/vehicle-combinations; POST /api/v2/carriers/:carrierId/vehicle-combinations/:id/revisions; POST /api/v2/carriers/:carrierId/driver-assignments; POST /api/v2/carriers/:carrierId/driver-assignments/:id/revisions; POST /api/v2/carriers/:carrierId/vehicle-assignments; POST /api/v2/carriers/:carrierId/vehicle-assignments/:id/revisions; POST /api/v2/carriers/:carrierId/assets; POST /api/v2/carriers/:carrierId/assets/:id/revisions; POST /api/v2/carriers/:carrierId/capacity-pools; POST /api/v2/carriers/:carrierId/capacity-pools/:id/revisions; POST /api/v2/carriers/:carrierId/calendars; POST /api/v2/carriers/:carrierId/calendars/:id/revisions; POST /api/v2/carriers/:carrierId/maintenances; POST /api/v2/carriers/:carrierId/maintenances/:id/revisions; POST /api/v2/carriers/:carrierId/repositioning-blocks; POST /api/v2/carriers/:carrierId/repositioning-blocks/:id/revisions; POST /api/v2/carriers/:carrierId/asset-capabilities; POST /api/v2/carriers/:carrierId/asset-capabilities/:id/revisions; POST /api/v2/carriers/:carrierId/capability-definitions; POST /api/v2/carriers/:carrierId/capability-definitions/:id/revisions; POST /api/v2/carriers/:carrierId/services/:serviceId/areas; POST /api/v2/carriers/:carrierId/services/:serviceId/areas/:id/revisions; POST /api/v2/carriers/:carrierId/services/:serviceId/lanes; POST /api/v2/carriers/:carrierId/services/:serviceId/lanes/:id/revisions,GET /api/v2/carriers/:carrierId/operators; GET /api/v2/carriers/:carrierId/integrations; GET /api/v2/carriers/:carrierId/integrations/:id/diagnostics; GET /api/v2/carriers/:carrierId/opportunities; GET /api/v2/carriers/:carrierId/opportunities/:id; GET /api/v2/carriers/:carrierId/offers; GET /api/v2/carriers/:carrierId/offers/:id; GET /api/v2/carriers/:carrierId/bookings; GET /api/v2/carriers/:carrierId/bookings/:id; GET /api/v2/carriers/:carrierId/executions; GET /api/v2/carriers/:carrierId/executions/:id; GET /api/v2/carriers/:carrierId/executions/:parentId/incidents; GET /api/v2/carriers/:carrierId/executions/:parentId/incidents/:id; GET /api/v2/carriers/:carrierId/incidents/:parentId/updates; GET /api/v2/carriers/:carrierId/incidents/:parentId/updates/:id; GET /api/v2/carriers/:carrierId/executions/:parentId/events; GET /api/v2/carriers/:carrierId/executions/:parentId/events/:id; GET /api/v2/carriers/:carrierId/capacity/holds; GET /api/v2/carriers/:carrierId/capacity/holds/:id; GET /api/v2/carriers/:carrierId/consolidations; GET /api/v2/carriers/:carrierId/consolidations/:id; GET /api/v2/carriers/:carrierId/route-limits; GET /api/v2/carriers/:carrierId/route-limits/:id; GET /api/v2/carriers/:carrierId/metrics; GET /api/v2/carriers/:carrierId/metrics/:id; GET /api/v2/carriers/:carrierId/assets/:parentId/events; GET /api/v2/carriers/:carrierId/assets/:parentId/events/:id; GET /api/v2/carriers; GET /api/v2/carriers/:id; GET /api/v2/carriers/:carrierId/depots; GET /api/v2/carriers/:carrierId/depots/:id; GET /api/v2/carriers/:carrierId/services; GET /api/v2/carriers/:carrierId/services/:id; GET /api/v2/carriers/:carrierId/partners; GET /api/v2/carriers/:carrierId/partners/:id; GET /api/v2/carriers/:carrierId/drivers; GET /api/v2/carriers/:carrierId/drivers/:id; GET /api/v2/carriers/:carrierId/vehicle-combinations; GET /api/v2/carriers/:carrierId/vehicle-combinations/:id; GET /api/v2/carriers/:carrierId/driver-assignments; GET /api/v2/carriers/:carrierId/driver-assignments/:id; GET /api/v2/carriers/:carrierId/vehicle-assignments; GET /api/v2/carriers/:carrierId/vehicle-assignments/:id; GET /api/v2/carriers/:carrierId/assets; GET /api/v2/carriers/:carrierId/assets/:id; GET /api/v2/carriers/:carrierId/capacity-pools; GET /api/v2/carriers/:carrierId/capacity-pools/:id; GET /api/v2/carriers/:carrierId/calendars; GET /api/v2/carriers/:carrierId/calendars/:id; GET /api/v2/carriers/:carrierId/maintenances; GET /api/v2/carriers/:carrierId/maintenances/:id; GET /api/v2/carriers/:carrierId/repositioning-blocks; GET /api/v2/carriers/:carrierId/repositioning-blocks/:id; GET /api/v2/carriers/:carrierId/asset-capabilities; GET /api/v2/carriers/:carrierId/asset-capabilities/:id; GET /api/v2/carriers/:carrierId/capability-definitions; GET /api/v2/carriers/:carrierId/capability-definitions/:id; GET /api/v2/carriers/:carrierId/services/:serviceId/areas; GET /api/v2/carriers/:carrierId/services/:serviceId/areas/:id; GET /api/v2/carriers/:carrierId/services/:serviceId/lanes; GET /api/v2/carriers/:carrierId/services/:serviceId/lanes/:id,logs/class-matrix.json: Carrier (catalog grants/policies/table ACL); logs/independent-rls-result.json; logs/auth-controls.json
60,CarrierDepot,id,UUID,False,COMPLETO,carrier_depots.id,86,carrier_depots.id,carrier_depots.id,uuid,NO,gen_random_uuid(),"carrier_depots_carrier_id_fkey: FOREIGN KEY (carrier_id) REFERENCES carriers(id) ON DELETE CASCADE; carrier_depots_pkey: PRIMARY KEY (id); fleet_depot_carrier_unique: UNIQUE (id, carrier_id)","CREATE INDEX carrier_depots_carrier_active_idx ON public.carrier_depots USING btree (carrier_id, active); CREATE UNIQUE INDEX carrier_depots_carrier_code_unique ON public.carrier_depots USING btree (carrier_id, code); CREATE UNIQUE INDEX carrier_depots_pkey ON public.carrier_depots USING btree (id); CREATE UNIQUE INDEX fleet_depot_carrier_unique ON public.carrier_depots USING btree (id, carrier_id)",NO_WRITABLE_DTO,—,—,—,—,—,cargomesh/src/shared/schemas/v2/catalog.ts:104; schema catalog.ts:CatalogRecordV2Schema; field id,id,ZodString,False,False,supabase-v2/supabase/migrations/20260927042808_v2_schema_baseline.sql:3263,depots,"[{""file"":""roundtrips.json"",""row"":5,""id"":""9c8acb17-f751-4e82-99c3-0ddd2495c29a"",""state"":""VALUE"",""inputState"":""MISSING"",""inputEqualsRead"":null,""value"":""9c8acb17-f751-4e82-99c3-0ddd2495c29a""},{""file"":""contract-roundtrips.json"",""row"":1,""id"":""569a103d-efd9-4119-a7b3-821089818d97"",""state"":""VALUE"",""inputState"":""MISSING"",""inputEqualsRead"":null,""value"":""569a103d-efd9-4119-a7b3-821089818d97""}]",COMPLETO,Resolved storage and current typed output agree with a concrete POST/GET or measured read projection,HAC-40 / Cristhian,29c385fe0ee501eb4b8b989b0a247c8fdeda62ad,POST /api/v2/carriers/:carrierId/depots; POST /api/v2/carriers/:carrierId/depots/:id/revisions,GET /api/v2/carriers/:carrierId/depots; GET /api/v2/carriers/:carrierId/depots/:id,logs/class-matrix.json: CarrierDepot (catalog grants/policies/table ACL); logs/independent-rls-result.json; logs/auth-controls.json
61,CarrierDepot,code,string,False,COMPLETO,carrier_depots.code,87,carrier_depots.code,carrier_depots.code,text,NO,None,"carrier_depots_carrier_code_unique: UNIQUE (carrier_id, code); carrier_depots_code_nonblank: CHECK ((length(btrim(code)) > 0))","CREATE UNIQUE INDEX carrier_depots_carrier_code_unique ON public.carrier_depots USING btree (carrier_id, code)",cargomesh/src/shared/schemas/v2/catalog.ts:59; schema catalog.ts:CatalogInputsV2:depots; field code,code,ZodString,False,False,"{""type"":""ZodString"",""optional"":false,""nullable"":false,""checks"":[{""kind"":""regex"",""regex"":{""source"":""^[A-Z][A-Z0-9_]{0,99}$"",""flags"":""""}}]}",cargomesh/src/shared/schemas/v2/catalog.ts:59; schema catalog.ts:CatalogInputsV2:depots; field value.code,value.code,ZodString,False,False,supabase-v2/supabase/migrations/20260927042808_v2_schema_baseline.sql:3265,depots,"[{""file"":""roundtrips.json"",""row"":5,""id"":""9c8acb17-f751-4e82-99c3-0ddd2495c29a"",""state"":""VALUE"",""inputState"":""VALUE"",""inputEqualsRead"":true,""value"":""HAC44_API2_DEPOTS""},{""file"":""contract-roundtrips.json"",""row"":1,""id"":""569a103d-efd9-4119-a7b3-821089818d97"",""state"":""VALUE"",""inputState"":""VALUE"",""inputEqualsRead"":true,""value"":""HAC44_B_CARRIER_DEPOT_1791568400704""}]",COMPLETO,Resolved storage and current typed output agree with a concrete POST/GET or measured read projection,HAC-40 / Cristhian,29c385fe0ee501eb4b8b989b0a247c8fdeda62ad,POST /api/v2/carriers/:carrierId/depots; POST /api/v2/carriers/:carrierId/depots/:id/revisions,GET /api/v2/carriers/:carrierId/depots; GET /api/v2/carriers/:carrierId/depots/:id,logs/class-matrix.json: CarrierDepot (catalog grants/policies/table ACL); logs/independent-rls-result.json; logs/auth-controls.json
62,CarrierDepot,location,GeoLocation,False,COMPLETO,carrier_depots.address_line; carrier_depots.country_code; carrier_depots.region_code; carrier_depots.city; carrier_depots.latitude; carrier_depots.longitude,88,carrier_depots.address_line; carrier_depots.country_code; carrier_depots.region_code; carrier_depots.city; carrier_depots.latitude; carrier_depots.longitude,carrier_depots.address_line; carrier_depots.country_code; carrier_depots.region_code; carrier_depots.city; carrier_depots.latitude; carrier_depots.longitude,text; text; text; text; numeric; numeric,YES; NO; YES; NO; YES; YES,None; None; None; None; None; None,carrier_depots_coordinates_pair: CHECK (((latitude IS NULL) = (longitude IS NULL))); carrier_depots_country_code_check: CHECK ((country_code ~ '^[A-Z]{2}$'::text)); carrier_depots_latitude_range: CHECK (((latitude >= ('-90'::integer)::numeric) AND (latitude <= (90)::numeric))); carrier_depots_longitude_range: CHECK (((longitude >= ('-180'::integer)::numeric) AND (longitude <= (180)::numeric))),,cargomesh/src/shared/schemas/v2/catalog.ts:59; schema catalog.ts:CatalogInputsV2:depots; field location,location,ZodObject,False,False,"{""type"":""ZodObject"",""optional"":false,""nullable"":false,""fields"":{""label"":{""type"":""ZodString"",""optional"":false,""nullable"":false,""checks"":[{""kind"":""min"",""value"":1}]},""countryCode"":{""type"":""ZodString"",""optional"":false,""nullable"":false,""checks"":[{""kind"":""regex"",""regex"":{""source"":""^[A-Z]{2}$"",""flags"":""""}}]},""region"":{""type"":""ZodString"",""optional"":false,""nullable"":true,""checks"":[]},""city"":{""type"":""ZodString"",""optional"":false,""nullable"":false,""checks"":[{""kind"":""min"",""value"":1}]},""lat"":{""type"":""ZodNumber"",""optional"":false,""nullable"":true,""checks"":[{""kind"":""min"",""value"":-90,""inclusive"":true},{""kind"":""max"",""value"":90,""inclusive"":true}]},""lng"":{""type"":""ZodNumber"",""optional"":false,""nullable"":true,""checks"":[{""kind"":""min"",""value"":-180,""inclusive"":true},{""kind"":""max"",""value"":180,""inclusive"":true}]}},""unknownKeys"":""strict""}",cargomesh/src/shared/schemas/v2/catalog.ts:59; schema catalog.ts:CatalogInputsV2:depots; field value.location,value.location,ZodObject,False,False,supabase-v2/supabase/migrations/20260927042808_v2_schema_baseline.sql:3271; supabase-v2/supabase/migrations/20260927042808_v2_schema_baseline.sql:3267; supabase-v2/supabase/migrations/20260927042808_v2_schema_baseline.sql:3268; supabase-v2/supabase/migrations/20260927042808_v2_schema_baseline.sql:3269; supabase-v2/supabase/migrations/20260927042808_v2_schema_baseline.sql:3272; supabase-v2/supabase/migrations/20260927042808_v2_schema_baseline.sql:3273,depots,"[{""file"":""roundtrips.json"",""row"":5,""id"":""9c8acb17-f751-4e82-99c3-0ddd2495c29a"",""state"":""VALUE"",""inputState"":""VALUE"",""inputEqualsRead"":true,""value"":{""label"":""Dock"",""countryCode"":""PE"",""region"":""CAL"",""city"":""Callao"",""lat"":-12,""lng"":-77}},{""file"":""contract-roundtrips.json"",""row"":1,""id"":""569a103d-efd9-4119-a7b3-821089818d97"",""state"":""VALUE"",""inputState"":""VALUE"",""inputEqualsRead"":true,""value"":{""label"":""Dock"",""countryCode"":""PE"",""region"":""CAL"",""city"":""Callao"",""lat"":-12,""lng"":-77}}]",COMPLETO,Resolved storage and current typed output agree with a concrete POST/GET or measured read projection,HAC-40 / Cristhian,29c385fe0ee501eb4b8b989b0a247c8fdeda62ad,POST /api/v2/carriers/:carrierId/depots; POST /api/v2/carriers/:carrierId/depots/:id/revisions,GET /api/v2/carriers/:carrierId/depots; GET /api/v2/carriers/:carrierId/depots/:id,logs/class-matrix.json: CarrierDepot (catalog grants/policies/table ACL); logs/independent-rls-result.json; logs/auth-controls.json
63,CarrierDepot,active,boolean,False,COMPLETO,carrier_depots.active,89,carrier_depots.active,carrier_depots.active,boolean,NO,true,,"CREATE INDEX carrier_depots_carrier_active_idx ON public.carrier_depots USING btree (carrier_id, active)",cargomesh/src/shared/schemas/v2/catalog.ts:59; schema catalog.ts:CatalogInputsV2:depots; field active,active,ZodBoolean,False,False,"{""type"":""ZodBoolean"",""optional"":false,""nullable"":false}",cargomesh/src/shared/schemas/v2/catalog.ts:59; schema catalog.ts:CatalogInputsV2:depots; field value.active,value.active,ZodBoolean,False,False,supabase-v2/supabase/migrations/20260927042808_v2_schema_baseline.sql:3274,depots,"[{""file"":""roundtrips.json"",""row"":5,""id"":""9c8acb17-f751-4e82-99c3-0ddd2495c29a"",""state"":""VALUE"",""inputState"":""VALUE"",""inputEqualsRead"":true,""value"":true},{""file"":""contract-roundtrips.json"",""row"":1,""id"":""569a103d-efd9-4119-a7b3-821089818d97"",""state"":""VALUE"",""inputState"":""VALUE"",""inputEqualsRead"":true,""value"":true}]",COMPLETO,Resolved storage and current typed output agree with a concrete POST/GET or measured read projection,HAC-40 / Cristhian,29c385fe0ee501eb4b8b989b0a247c8fdeda62ad,POST /api/v2/carriers/:carrierId/depots; POST /api/v2/carriers/:carrierId/depots/:id/revisions,GET /api/v2/carriers/:carrierId/depots; GET /api/v2/carriers/:carrierId/depots/:id,logs/class-matrix.json: CarrierDepot (catalog grants/policies/table ACL); logs/independent-rls-result.json; logs/auth-controls.json
64,CarrierDepot,handling,HandlingCapability[],True,COMPLETO,carrier_depots.handling,90,carrier_depots.handling,carrier_depots.handling,jsonb,NO,'[]'::jsonb,carrier_depots_handling_check: CHECK ((jsonb_typeof(handling) = 'array'::text)),,cargomesh/src/shared/schemas/v2/catalog.ts:59; schema catalog.ts:CatalogInputsV2:depots; field handling,handling,ZodArray,False,False,"{""type"":""ZodArray"",""optional"":false,""nullable"":false,""element"":{""type"":""ZodString"",""optional"":false,""nullable"":false,""checks"":[{""kind"":""trim""},{""kind"":""min"",""value"":1},{""kind"":""max"",""value"":500}]},""maxLength"":{""value"":100}}",cargomesh/src/shared/schemas/v2/catalog.ts:59; schema catalog.ts:CatalogInputsV2:depots; field value.handling,value.handling,ZodArray,False,False,supabase-v2/supabase/migrations/20261004032151_hac40_catalog.sql:37,depots,"[{""file"":""roundtrips.json"",""row"":5,""id"":""9c8acb17-f751-4e82-99c3-0ddd2495c29a"",""state"":""VALUE"",""inputState"":""VALUE"",""inputEqualsRead"":true,""value"":[""BOX_TRUCK""]},{""file"":""contract-roundtrips.json"",""row"":1,""id"":""569a103d-efd9-4119-a7b3-821089818d97"",""state"":""VALUE"",""inputState"":""VALUE"",""inputEqualsRead"":true,""value"":[""BOX_TRUCK""]}]",COMPLETO,Resolved storage and current typed output agree with a concrete POST/GET or measured read projection,HAC-40 / Cristhian,29c385fe0ee501eb4b8b989b0a247c8fdeda62ad,POST /api/v2/carriers/:carrierId/depots; POST /api/v2/carriers/:carrierId/depots/:id/revisions,GET /api/v2/carriers/:carrierId/depots; GET /api/v2/carriers/:carrierId/depots/:id,logs/class-matrix.json: CarrierDepot (catalog grants/policies/table ACL); logs/independent-rls-result.json; logs/auth-controls.json
65,CarrierService,id,UUID,False,COMPLETO,carrier_services.id,91,carrier_services.id,carrier_services.id,uuid,NO,gen_random_uuid(),"carrier_services_carrier_id_fkey: FOREIGN KEY (carrier_id) REFERENCES carriers(id) ON DELETE CASCADE; carrier_services_id_carrier_unique: UNIQUE (id, carrier_id); carrier_services_pkey: PRIMARY KEY (id)","CREATE INDEX carrier_services_carrier_idx ON public.carrier_services USING btree (carrier_id); CREATE UNIQUE INDEX carrier_services_id_carrier_unique ON public.carrier_services USING btree (id, carrier_id); CREATE UNIQUE INDEX carrier_services_pkey ON public.carrier_services USING btree (id)",NO_WRITABLE_DTO,—,—,—,—,—,cargomesh/src/shared/schemas/v2/catalog.ts:104; schema catalog.ts:CatalogRecordV2Schema; field id,id,ZodString,False,False,supabase-v2/supabase/migrations/20260927042808_v2_schema_baseline.sql:74,services,"[{""file"":""roundtrips.json"",""row"":6,""id"":""3b55cfca-b15d-4f2d-9d96-34a69ad3a1ea"",""state"":""VALUE"",""inputState"":""MISSING"",""inputEqualsRead"":null,""value"":""3b55cfca-b15d-4f2d-9d96-34a69ad3a1ea""}]",COMPLETO,Resolved storage and current typed output agree with a concrete POST/GET or measured read projection,HAC-40 / Cristhian,29c385fe0ee501eb4b8b989b0a247c8fdeda62ad,POST /api/v2/carriers/:carrierId/services; POST /api/v2/carriers/:carrierId/services/:id/revisions; POST /api/v2/carriers/:carrierId/services/:serviceId/areas; POST /api/v2/carriers/:carrierId/services/:serviceId/areas/:id/revisions; POST /api/v2/carriers/:carrierId/services/:serviceId/lanes; POST /api/v2/carriers/:carrierId/services/:serviceId/lanes/:id/revisions,GET /api/v2/carriers/:carrierId/services; GET /api/v2/carriers/:carrierId/services/:id; GET /api/v2/carriers/:carrierId/services/:serviceId/areas; GET /api/v2/carriers/:carrierId/services/:serviceId/areas/:id; GET /api/v2/carriers/:carrierId/services/:serviceId/lanes; GET /api/v2/carriers/:carrierId/services/:serviceId/lanes/:id,logs/class-matrix.json: CarrierService (catalog grants/policies/table ACL); logs/independent-rls-result.json; logs/auth-controls.json
66,CarrierService,mode,TransportMode,False,COMPLETO,carrier_services.transport_mode,92,carrier_services.transport_mode,carrier_services.transport_mode,text,NO,'ROAD'::text,,,cargomesh/src/shared/schemas/v2/catalog.ts:63; schema catalog.ts:CatalogInputsV2:services; field mode,mode,ZodEnum,False,False,"{""type"":""ZodEnum"",""optional"":false,""nullable"":false,""values"":[""ROAD"",""RAIL"",""SEA"",""AIR""]}",cargomesh/src/shared/schemas/v2/catalog.ts:63; schema catalog.ts:CatalogInputsV2:services; field value.mode,value.mode,ZodEnum,False,False,supabase-v2/supabase/migrations/20260927042808_v2_schema_baseline.sql:76,services,"[{""file"":""roundtrips.json"",""row"":6,""id"":""3b55cfca-b15d-4f2d-9d96-34a69ad3a1ea"",""state"":""VALUE"",""inputState"":""VALUE"",""inputEqualsRead"":true,""value"":""ROAD""}]",COMPLETO,Resolved storage and current typed output agree with a concrete POST/GET or measured read projection,HAC-40 / Cristhian,29c385fe0ee501eb4b8b989b0a247c8fdeda62ad,POST /api/v2/carriers/:carrierId/services; POST /api/v2/carriers/:carrierId/services/:id/revisions; POST /api/v2/carriers/:carrierId/services/:serviceId/areas; POST /api/v2/carriers/:carrierId/services/:serviceId/areas/:id/revisions; POST /api/v2/carriers/:carrierId/services/:serviceId/lanes; POST /api/v2/carriers/:carrierId/services/:serviceId/lanes/:id/revisions,GET /api/v2/carriers/:carrierId/services; GET /api/v2/carriers/:carrierId/services/:id; GET /api/v2/carriers/:carrierId/services/:serviceId/areas; GET /api/v2/carriers/:carrierId/services/:serviceId/areas/:id; GET /api/v2/carriers/:carrierId/services/:serviceId/lanes; GET /api/v2/carriers/:carrierId/services/:serviceId/lanes/:id,logs/class-matrix.json: CarrierService (catalog grants/policies/table ACL); logs/independent-rls-result.json; logs/auth-controls.json
67,CarrierService,serviceClass,ServiceClass,False,COMPLETO,carrier_services.service_type,93,carrier_services.service_type,carrier_services.service_type,text,NO,'FTL'::text,,,cargomesh/src/shared/schemas/v2/catalog.ts:63; schema catalog.ts:CatalogInputsV2:services; field serviceClass,serviceClass,ZodEnum,False,False,"{""type"":""ZodEnum"",""optional"":false,""nullable"":false,""values"":[""FTL"",""LTL""]}",cargomesh/src/shared/schemas/v2/catalog.ts:63; schema catalog.ts:CatalogInputsV2:services; field value.serviceClass,value.serviceClass,ZodEnum,False,False,supabase-v2/supabase/migrations/20260927042808_v2_schema_baseline.sql:77,services,"[{""file"":""roundtrips.json"",""row"":6,""id"":""3b55cfca-b15d-4f2d-9d96-34a69ad3a1ea"",""state"":""VALUE"",""inputState"":""VALUE"",""inputEqualsRead"":true,""value"":""FTL""}]",COMPLETO,Resolved storage and current typed output agree with a concrete POST/GET or measured read projection,HAC-40 / Cristhian,29c385fe0ee501eb4b8b989b0a247c8fdeda62ad,POST /api/v2/carriers/:carrierId/services; POST /api/v2/carriers/:carrierId/services/:id/revisions; POST /api/v2/carriers/:carrierId/services/:serviceId/areas; POST /api/v2/carriers/:carrierId/services/:serviceId/areas/:id/revisions; POST /api/v2/carriers/:carrierId/services/:serviceId/lanes; POST /api/v2/carriers/:carrierId/services/:serviceId/lanes/:id/revisions,GET /api/v2/carriers/:carrierId/services; GET /api/v2/carriers/:carrierId/services/:id; GET /api/v2/carriers/:carrierId/services/:serviceId/areas; GET /api/v2/carriers/:carrierId/services/:serviceId/areas/:id; GET /api/v2/carriers/:carrierId/services/:serviceId/lanes; GET /api/v2/carriers/:carrierId/services/:serviceId/lanes/:id,logs/class-matrix.json: CarrierService (catalog grants/policies/table ACL); logs/independent-rls-result.json; logs/auth-controls.json
68,CarrierService,maxWeightKg,number,True,COMPLETO,carrier_services.max_capacity_kg,94,carrier_services.max_capacity_kg,carrier_services.max_capacity_kg,numeric,YES,None,,,cargomesh/src/shared/schemas/v2/catalog.ts:63; schema catalog.ts:CatalogInputsV2:services; field maxWeightKg,maxWeightKg,ZodNumber,False,True,"{""type"":""ZodNumber"",""optional"":false,""nullable"":true,""checks"":[{""kind"":""min"",""value"":0,""inclusive"":false}]}",cargomesh/src/shared/schemas/v2/catalog.ts:63; schema catalog.ts:CatalogInputsV2:services; field value.maxWeightKg,value.maxWeightKg,ZodNumber,False,True,supabase-v2/supabase/migrations/20260927042808_v2_schema_baseline.sql:82,services,"[{""file"":""roundtrips.json"",""row"":6,""id"":""3b55cfca-b15d-4f2d-9d96-34a69ad3a1ea"",""state"":""VALUE"",""inputState"":""VALUE"",""inputEqualsRead"":true,""value"":10000}]",COMPLETO,Resolved storage and current typed output agree with a concrete POST/GET or measured read projection,HAC-40 / Cristhian,29c385fe0ee501eb4b8b989b0a247c8fdeda62ad,POST /api/v2/carriers/:carrierId/services; POST /api/v2/carriers/:carrierId/services/:id/revisions; POST /api/v2/carriers/:carrierId/services/:serviceId/areas; POST /api/v2/carriers/:carrierId/services/:serviceId/areas/:id/revisions; POST /api/v2/carriers/:carrierId/services/:serviceId/lanes; POST /api/v2/carriers/:carrierId/services/:serviceId/lanes/:id/revisions,GET /api/v2/carriers/:carrierId/services; GET /api/v2/carriers/:carrierId/services/:id; GET /api/v2/carriers/:carrierId/services/:serviceId/areas; GET /api/v2/carriers/:carrierId/services/:serviceId/areas/:id; GET /api/v2/carriers/:carrierId/services/:serviceId/lanes; GET /api/v2/carriers/:carrierId/services/:serviceId/lanes/:id,logs/class-matrix.json: CarrierService (catalog grants/policies/table ACL); logs/independent-rls-result.json; logs/auth-controls.json
69,CarrierService,maxVolumeM3,number,True,COMPLETO,carrier_services.max_volume_m3,95,carrier_services.max_volume_m3,carrier_services.max_volume_m3,numeric,YES,None,,,cargomesh/src/shared/schemas/v2/catalog.ts:63; schema catalog.ts:CatalogInputsV2:services; field maxVolumeM3,maxVolumeM3,ZodNumber,False,True,"{""type"":""ZodNumber"",""optional"":false,""nullable"":true,""checks"":[{""kind"":""min"",""value"":0,""inclusive"":false}]}",cargomesh/src/shared/schemas/v2/catalog.ts:63; schema catalog.ts:CatalogInputsV2:services; field value.maxVolumeM3,value.maxVolumeM3,ZodNumber,False,True,supabase-v2/supabase/migrations/20260927042808_v2_schema_baseline.sql:83,services,"[{""file"":""roundtrips.json"",""row"":6,""id"":""3b55cfca-b15d-4f2d-9d96-34a69ad3a1ea"",""state"":""VALUE"",""inputState"":""VALUE"",""inputEqualsRead"":true,""value"":40}]",COMPLETO,Resolved storage and current typed output agree with a concrete POST/GET or measured read projection,HAC-40 / Cristhian,29c385fe0ee501eb4b8b989b0a247c8fdeda62ad,POST /api/v2/carriers/:carrierId/services; POST /api/v2/carriers/:carrierId/services/:id/revisions; POST /api/v2/carriers/:carrierId/services/:serviceId/areas; POST /api/v2/carriers/:carrierId/services/:serviceId/areas/:id/revisions; POST /api/v2/carriers/:carrierId/services/:serviceId/lanes; POST /api/v2/carriers/:carrierId/services/:serviceId/lanes/:id/revisions,GET /api/v2/carriers/:carrierId/services; GET /api/v2/carriers/:carrierId/services/:id; GET /api/v2/carriers/:carrierId/services/:serviceId/areas; GET /api/v2/carriers/:carrierId/services/:serviceId/areas/:id; GET /api/v2/carriers/:carrierId/services/:serviceId/lanes; GET /api/v2/carriers/:carrierId/services/:serviceId/lanes/:id,logs/class-matrix.json: CarrierService (catalog grants/policies/table ACL); logs/independent-rls-result.json; logs/auth-controls.json
70,CarrierService,responseChannels,ResponseChannel[],False,COMPLETO,carrier_services.response_channels,96,carrier_services.response_channels,carrier_services.response_channels,jsonb,NO,"'[""MANUAL""]'::jsonb",carrier_services_response_channels_check: CHECK ((jsonb_typeof(response_channels) = 'array'::text)),,cargomesh/src/shared/schemas/v2/catalog.ts:63; schema catalog.ts:CatalogInputsV2:services; field responseChannels,responseChannels,ZodArray,False,False,"{""type"":""ZodArray"",""optional"":false,""nullable"":false,""element"":{""type"":""ZodEnum"",""optional"":false,""nullable"":false,""values"":[""MANUAL"",""API"",""MCP""]},""minLength"":{""value"":1},""maxLength"":{""value"":3}}",cargomesh/src/shared/schemas/v2/catalog.ts:63; schema catalog.ts:CatalogInputsV2:services; field value.responseChannels,value.responseChannels,ZodArray,False,False,supabase-v2/supabase/migrations/20261004032151_hac40_catalog.sql:38,services,"[{""file"":""roundtrips.json"",""row"":6,""id"":""3b55cfca-b15d-4f2d-9d96-34a69ad3a1ea"",""state"":""VALUE"",""inputState"":""VALUE"",""inputEqualsRead"":true,""value"":[""MANUAL""]}]",COMPLETO,Resolved storage and current typed output agree with a concrete POST/GET or measured read projection,HAC-40 / Cristhian,29c385fe0ee501eb4b8b989b0a247c8fdeda62ad,POST /api/v2/carriers/:carrierId/services; POST /api/v2/carriers/:carrierId/services/:id/revisions; POST /api/v2/carriers/:carrierId/services/:serviceId/areas; POST /api/v2/carriers/:carrierId/services/:serviceId/areas/:id/revisions; POST /api/v2/carriers/:carrierId/services/:serviceId/lanes; POST /api/v2/carriers/:carrierId/services/:serviceId/lanes/:id/revisions,GET /api/v2/carriers/:carrierId/services; GET /api/v2/carriers/:carrierId/services/:id; GET /api/v2/carriers/:carrierId/services/:serviceId/areas; GET /api/v2/carriers/:carrierId/services/:serviceId/areas/:id; GET /api/v2/carriers/:carrierId/services/:serviceId/lanes; GET /api/v2/carriers/:carrierId/services/:serviceId/lanes/:id,logs/class-matrix.json: CarrierService (catalog grants/policies/table ACL); logs/independent-rls-result.json; logs/auth-controls.json
71,CarrierService,status,ServiceStatus,False,COMPLETO,carrier_services.active,97,carrier_services.active,carrier_services.active,boolean,NO,true,,,cargomesh/src/shared/schemas/v2/catalog.ts:63; schema catalog.ts:CatalogInputsV2:services; field status,status,ZodEnum,False,False,"{""type"":""ZodEnum"",""optional"":false,""nullable"":false,""values"":[""ACTIVE"",""INACTIVE""]}",cargomesh/src/shared/schemas/v2/catalog.ts:63; schema catalog.ts:CatalogInputsV2:services; field value.status,value.status,ZodEnum,False,False,supabase-v2/supabase/migrations/20260927042808_v2_schema_baseline.sql:90,services,"[{""file"":""roundtrips.json"",""row"":6,""id"":""3b55cfca-b15d-4f2d-9d96-34a69ad3a1ea"",""state"":""VALUE"",""inputState"":""VALUE"",""inputEqualsRead"":true,""value"":""ACTIVE""}]",COMPLETO,Resolved storage and current typed output agree with a concrete POST/GET or measured read projection,HAC-40 / Cristhian,29c385fe0ee501eb4b8b989b0a247c8fdeda62ad,POST /api/v2/carriers/:carrierId/services; POST /api/v2/carriers/:carrierId/services/:id/revisions; POST /api/v2/carriers/:carrierId/services/:serviceId/areas; POST /api/v2/carriers/:carrierId/services/:serviceId/areas/:id/revisions; POST /api/v2/carriers/:carrierId/services/:serviceId/lanes; POST /api/v2/carriers/:carrierId/services/:serviceId/lanes/:id/revisions,GET /api/v2/carriers/:carrierId/services; GET /api/v2/carriers/:carrierId/services/:id; GET /api/v2/carriers/:carrierId/services/:serviceId/areas; GET /api/v2/carriers/:carrierId/services/:serviceId/areas/:id; GET /api/v2/carriers/:carrierId/services/:serviceId/lanes; GET /api/v2/carriers/:carrierId/services/:serviceId/lanes/:id,logs/class-matrix.json: CarrierService (catalog grants/policies/table ACL); logs/independent-rls-result.json; logs/auth-controls.json
72,CarrierService,admittedCargoTypes,CargoCategory[],False,COMPLETO,carrier_service_cargo_categories.cargo_category_id,98,carrier_service_cargo_categories.cargo_category_id,carrier_service_cargo_categories.cargo_category_id,uuid,NO,None,"carrier_service_cargo_categories_cargo_category_id_fkey: FOREIGN KEY (cargo_category_id) REFERENCES cargo_categories(id) ON DELETE CASCADE; carrier_service_cargo_categories_pkey: PRIMARY KEY (carrier_service_id, cargo_category_id)","CREATE UNIQUE INDEX carrier_service_cargo_categories_pkey ON public.carrier_service_cargo_categories USING btree (carrier_service_id, cargo_category_id); CREATE INDEX carrier_service_categories_category_idx ON public.carrier_service_cargo_categories USING btree (cargo_category_id)",cargomesh/src/shared/schemas/v2/catalog.ts:63; schema catalog.ts:CatalogInputsV2:services; field admittedCargoTypes,admittedCargoTypes,ZodArray,False,False,"{""type"":""ZodArray"",""optional"":false,""nullable"":false,""element"":{""type"":""ZodString"",""optional"":false,""nullable"":false,""checks"":[{""kind"":""uuid""}]},""maxLength"":{""value"":100}}",cargomesh/src/shared/schemas/v2/catalog.ts:63; schema catalog.ts:CatalogInputsV2:services; field value.admittedCargoTypes,value.admittedCargoTypes,ZodArray,False,False,supabase-v2/supabase/migrations/20260927042808_v2_schema_baseline.sql:96,services,"[{""file"":""roundtrips.json"",""row"":6,""id"":""3b55cfca-b15d-4f2d-9d96-34a69ad3a1ea"",""state"":""VALUE"",""inputState"":""VALUE"",""inputEqualsRead"":true,""value"":[""91541f38-6d39-40b4-b1b4-86f22d1802db""]}]",COMPLETO,Resolved storage and current typed output agree with a concrete POST/GET or measured read projection,HAC-40 / Cristhian,29c385fe0ee501eb4b8b989b0a247c8fdeda62ad,POST /api/v2/carriers/:carrierId/services; POST /api/v2/carriers/:carrierId/services/:id/revisions; POST /api/v2/carriers/:carrierId/services/:serviceId/areas; POST /api/v2/carriers/:carrierId/services/:serviceId/areas/:id/revisions; POST /api/v2/carriers/:carrierId/services/:serviceId/lanes; POST /api/v2/carriers/:carrierId/services/:serviceId/lanes/:id/revisions,GET /api/v2/carriers/:carrierId/services; GET /api/v2/carriers/:carrierId/services/:id; GET /api/v2/carriers/:carrierId/services/:serviceId/areas; GET /api/v2/carriers/:carrierId/services/:serviceId/areas/:id; GET /api/v2/carriers/:carrierId/services/:serviceId/lanes; GET /api/v2/carriers/:carrierId/services/:serviceId/lanes/:id,logs/class-matrix.json: CarrierService (catalog grants/policies/table ACL); logs/independent-rls-result.json; logs/auth-controls.json
73,CarrierService,temperatureRange,TemperatureRange,True,PARCIAL,carrier_services.temperature_min_c; carrier_services.temperature_max_c,99,carrier_services.temperature_min_c; carrier_services.temperature_max_c,carrier_services.temperature_min_c; carrier_services.temperature_max_c,numeric; numeric,YES; YES,None; None,,,cargomesh/src/shared/schemas/v2/catalog.ts:63; schema catalog.ts:CatalogInputsV2:services; field temperatureRange,temperatureRange,ZodObject,False,True,"{""type"":""ZodObject"",""optional"":false,""nullable"":true,""fields"":{""minCelsius"":{""type"":""ZodNumber"",""optional"":false,""nullable"":false,""checks"":[]},""maxCelsius"":{""type"":""ZodNumber"",""optional"":false,""nullable"":false,""checks"":[]}},""unknownKeys"":""strict""}",cargomesh/src/shared/schemas/v2/catalog.ts:63; schema catalog.ts:CatalogInputsV2:services; field value.temperatureRange,value.temperatureRange,ZodObject,False,True,supabase-v2/supabase/migrations/20260927042808_v2_schema_baseline.sql:85; supabase-v2/supabase/migrations/20260927042808_v2_schema_baseline.sql:86,services,"[{""file"":""roundtrips.json"",""row"":6,""id"":""3b55cfca-b15d-4f2d-9d96-34a69ad3a1ea"",""state"":""NULL"",""inputState"":""NULL"",""inputEqualsRead"":true,""value"":null}]",PARCIAL,No concrete non-null field value or measured read projection in this cut,HAC-40 / Cristhian,29c385fe0ee501eb4b8b989b0a247c8fdeda62ad,POST /api/v2/carriers/:carrierId/services; POST /api/v2/carriers/:carrierId/services/:id/revisions; POST /api/v2/carriers/:carrierId/services/:serviceId/areas; POST /api/v2/carriers/:carrierId/services/:serviceId/areas/:id/revisions; POST /api/v2/carriers/:carrierId/services/:serviceId/lanes; POST /api/v2/carriers/:carrierId/services/:serviceId/lanes/:id/revisions,GET /api/v2/carriers/:carrierId/services; GET /api/v2/carriers/:carrierId/services/:id; GET /api/v2/carriers/:carrierId/services/:serviceId/areas; GET /api/v2/carriers/:carrierId/services/:serviceId/areas/:id; GET /api/v2/carriers/:carrierId/services/:serviceId/lanes; GET /api/v2/carriers/:carrierId/services/:serviceId/lanes/:id,logs/class-matrix.json: CarrierService (catalog grants/policies/table ACL); logs/independent-rls-result.json; logs/auth-controls.json
74,CarrierService,requiredCertifications,Certification[],False,COMPLETO,carrier_services.required_certifications,100,carrier_services.required_certifications,carrier_services.required_certifications,jsonb,NO,'[]'::jsonb,carrier_services_required_certifications_check: CHECK ((jsonb_typeof(required_certifications) = 'array'::text)),,cargomesh/src/shared/schemas/v2/catalog.ts:63; schema catalog.ts:CatalogInputsV2:services; field requiredCertifications,requiredCertifications,ZodArray,False,False,"{""type"":""ZodArray"",""optional"":false,""nullable"":false,""element"":{""type"":""ZodString"",""optional"":false,""nullable"":false,""checks"":[{""kind"":""trim""},{""kind"":""min"",""value"":1},{""kind"":""max"",""value"":500}]},""maxLength"":{""value"":100}}",cargomesh/src/shared/schemas/v2/catalog.ts:63; schema catalog.ts:CatalogInputsV2:services; field value.requiredCertifications,value.requiredCertifications,ZodArray,False,False,supabase-v2/supabase/migrations/20261004032151_hac40_catalog.sql:38,services,"[{""file"":""roundtrips.json"",""row"":6,""id"":""3b55cfca-b15d-4f2d-9d96-34a69ad3a1ea"",""state"":""VALUE"",""inputState"":""VALUE"",""inputEqualsRead"":true,""value"":[""SANITARY""]}]",COMPLETO,Resolved storage and current typed output agree with a concrete POST/GET or measured read projection,HAC-40 / Cristhian,29c385fe0ee501eb4b8b989b0a247c8fdeda62ad,POST /api/v2/carriers/:carrierId/services; POST /api/v2/carriers/:carrierId/services/:id/revisions; POST /api/v2/carriers/:carrierId/services/:serviceId/areas; POST /api/v2/carriers/:carrierId/services/:serviceId/areas/:id/revisions; POST /api/v2/carriers/:carrierId/services/:serviceId/lanes; POST /api/v2/carriers/:carrierId/services/:serviceId/lanes/:id/revisions,GET /api/v2/carriers/:carrierId/services; GET /api/v2/carriers/:carrierId/services/:id; GET /api/v2/carriers/:carrierId/services/:serviceId/areas; GET /api/v2/carriers/:carrierId/services/:serviceId/areas/:id; GET /api/v2/carriers/:carrierId/services/:serviceId/lanes; GET /api/v2/carriers/:carrierId/services/:serviceId/lanes/:id,logs/class-matrix.json: CarrierService (catalog grants/policies/table ACL); logs/independent-rls-result.json; logs/auth-controls.json
75,ServiceLane,kind,DIRECT | WITHIN_AREA,False,COMPLETO,service_lanes.lane_kind,101,service_lanes.lane_kind,service_lanes.lane_kind,text,NO,'DIRECT'::text,"service_lanes_lane_kind_check: CHECK ((lane_kind = ANY (ARRAY['DIRECT'::text, 'WITHIN_AREA'::text])))",,cargomesh/src/shared/schemas/v2/catalog.ts:84; schema catalog.ts:CatalogInputsV2:lanes; field kind,kind,ZodEnum,False,False,"{""type"":""ZodEnum"",""optional"":false,""nullable"":false,""values"":[""DIRECT"",""WITHIN_AREA""]}",cargomesh/src/shared/schemas/v2/catalog.ts:84; schema catalog.ts:CatalogInputsV2:lanes; field value.kind,value.kind,ZodEnum,False,False,supabase-v2/supabase/migrations/20260927042808_v2_schema_baseline.sql:3335,lanes,"[{""file"":""roundtrips.json"",""row"":9,""id"":""e26ad942-1720-46c3-a335-2f48d90f5bdf"",""state"":""VALUE"",""inputState"":""VALUE"",""inputEqualsRead"":true,""value"":""DIRECT""}]",COMPLETO,Resolved storage and current typed output agree with a concrete POST/GET or measured read projection,HAC-40 / Cristhian,29c385fe0ee501eb4b8b989b0a247c8fdeda62ad,POST /api/v2/carriers/:carrierId/services/:serviceId/lanes; POST /api/v2/carriers/:carrierId/services/:serviceId/lanes/:id/revisions,GET /api/v2/carriers/:carrierId/services/:serviceId/lanes; GET /api/v2/carriers/:carrierId/services/:serviceId/lanes/:id,logs/class-matrix.json: ServiceLane (catalog grants/policies/table ACL); logs/independent-rls-result.json; logs/auth-controls.json
76,ServiceLane,mode,TransportMode,False,COMPLETO,service_lanes.transport_mode,102,service_lanes.transport_mode,service_lanes.transport_mode,text,NO,'ROAD'::text,"service_lanes_transport_mode_check: CHECK ((transport_mode = ANY (ARRAY['ROAD'::text, 'RAIL'::text, 'SEA'::text, 'AIR'::text])))",,cargomesh/src/shared/schemas/v2/catalog.ts:84; schema catalog.ts:CatalogInputsV2:lanes; field mode,mode,ZodEnum,False,False,"{""type"":""ZodEnum"",""optional"":false,""nullable"":false,""values"":[""ROAD"",""RAIL"",""SEA"",""AIR""]}",cargomesh/src/shared/schemas/v2/catalog.ts:84; schema catalog.ts:CatalogInputsV2:lanes; field value.mode,value.mode,ZodEnum,False,False,supabase-v2/supabase/migrations/20260927042808_v2_schema_baseline.sql:3336,lanes,"[{""file"":""roundtrips.json"",""row"":9,""id"":""e26ad942-1720-46c3-a335-2f48d90f5bdf"",""state"":""VALUE"",""inputState"":""VALUE"",""inputEqualsRead"":true,""value"":""ROAD""}]",COMPLETO,Resolved storage and current typed output agree with a concrete POST/GET or measured read projection,HAC-40 / Cristhian,29c385fe0ee501eb4b8b989b0a247c8fdeda62ad,POST /api/v2/carriers/:carrierId/services/:serviceId/lanes; POST /api/v2/carriers/:carrierId/services/:serviceId/lanes/:id/revisions,GET /api/v2/carriers/:carrierId/services/:serviceId/lanes; GET /api/v2/carriers/:carrierId/services/:serviceId/lanes/:id,logs/class-matrix.json: ServiceLane (catalog grants/policies/table ACL); logs/independent-rls-result.json; logs/auth-controls.json
77,ServiceLane,borderReviewRequired,boolean,False,COMPLETO,service_lanes.cross_border_review_required,103,service_lanes.cross_border_review_required,service_lanes.cross_border_review_required,boolean,NO,false,,,cargomesh/src/shared/schemas/v2/catalog.ts:84; schema catalog.ts:CatalogInputsV2:lanes; field borderReviewRequired,borderReviewRequired,ZodBoolean,False,False,"{""type"":""ZodBoolean"",""optional"":false,""nullable"":false}",cargomesh/src/shared/schemas/v2/catalog.ts:84; schema catalog.ts:CatalogInputsV2:lanes; field value.borderReviewRequired,value.borderReviewRequired,ZodBoolean,False,False,supabase-v2/supabase/migrations/20260927042808_v2_schema_baseline.sql:3341,lanes,"[{""file"":""roundtrips.json"",""row"":9,""id"":""e26ad942-1720-46c3-a335-2f48d90f5bdf"",""state"":""VALUE"",""inputState"":""VALUE"",""inputEqualsRead"":true,""value"":false}]",COMPLETO,Resolved storage and current typed output agree with a concrete POST/GET or measured read projection,HAC-40 / Cristhian,29c385fe0ee501eb4b8b989b0a247c8fdeda62ad,POST /api/v2/carriers/:carrierId/services/:serviceId/lanes; POST /api/v2/carriers/:carrierId/services/:serviceId/lanes/:id/revisions,GET /api/v2/carriers/:carrierId/services/:serviceId/lanes; GET /api/v2/carriers/:carrierId/services/:serviceId/lanes/:id,logs/class-matrix.json: ServiceLane (catalog grants/policies/table ACL); logs/independent-rls-result.json; logs/auth-controls.json
78,ServiceLane,evidence,EvidenceRef,True,COMPLETO,service_lanes.evidence_reference,104,service_lanes.evidence_reference,service_lanes.evidence_reference,text,YES,None,service_lanes_evidence_reference_check: CHECK ((length(btrim(evidence_reference)) > 0)),,cargomesh/src/shared/schemas/v2/catalog.ts:84; schema catalog.ts:CatalogInputsV2:lanes; field evidence,evidence,ZodString,False,True,"{""type"":""ZodString"",""optional"":false,""nullable"":true,""checks"":[{""kind"":""trim""},{""kind"":""min"",""value"":1},{""kind"":""max"",""value"":500}]}",cargomesh/src/shared/schemas/v2/catalog.ts:84; schema catalog.ts:CatalogInputsV2:lanes; field value.evidence,value.evidence,ZodString,False,True,supabase-v2/supabase/migrations/20260927042808_v2_schema_baseline.sql:3337,lanes,"[{""file"":""roundtrips.json"",""row"":9,""id"":""e26ad942-1720-46c3-a335-2f48d90f5bdf"",""state"":""VALUE"",""inputState"":""VALUE"",""inputEqualsRead"":true,""value"":""lane:qa""}]",COMPLETO,Resolved storage and current typed output agree with a concrete POST/GET or measured read projection,HAC-40 / Cristhian,29c385fe0ee501eb4b8b989b0a247c8fdeda62ad,POST /api/v2/carriers/:carrierId/services/:serviceId/lanes; POST /api/v2/carriers/:carrierId/services/:serviceId/lanes/:id/revisions,GET /api/v2/carriers/:carrierId/services/:serviceId/lanes; GET /api/v2/carriers/:carrierId/services/:serviceId/lanes/:id,logs/class-matrix.json: ServiceLane (catalog grants/policies/table ACL); logs/independent-rls-result.json; logs/auth-controls.json
79,ServiceLane,validUntil,Instant,True,COMPLETO,service_lanes.valid_until,105,service_lanes.valid_until,service_lanes.valid_until,timestamp with time zone,YES,None,service_lanes_valid_window: CHECK (((valid_until IS NULL) OR (valid_until > valid_from))),,cargomesh/src/shared/schemas/v2/catalog.ts:84; schema catalog.ts:CatalogInputsV2:lanes; field validUntil,validUntil,ZodString,False,True,"{""type"":""ZodString"",""optional"":false,""nullable"":true,""checks"":[{""kind"":""datetime"",""precision"":null,""offset"":true,""local"":false}]}",cargomesh/src/shared/schemas/v2/catalog.ts:84; schema catalog.ts:CatalogInputsV2:lanes; field value.validUntil,value.validUntil,ZodString,False,True,supabase-v2/supabase/migrations/20260927042808_v2_schema_baseline.sql:3340,lanes,"[{""file"":""roundtrips.json"",""row"":9,""id"":""e26ad942-1720-46c3-a335-2f48d90f5bdf"",""state"":""VALUE"",""inputState"":""VALUE"",""inputEqualsRead"":false,""value"":""2027-01-01T00:00:00+00:00""}]",COMPLETO,Resolved storage and current typed output agree with a concrete POST/GET or measured read projection,HAC-40 / Cristhian,29c385fe0ee501eb4b8b989b0a247c8fdeda62ad,POST /api/v2/carriers/:carrierId/services/:serviceId/lanes; POST /api/v2/carriers/:carrierId/services/:serviceId/lanes/:id/revisions,GET /api/v2/carriers/:carrierId/services/:serviceId/lanes; GET /api/v2/carriers/:carrierId/services/:serviceId/lanes/:id,logs/class-matrix.json: ServiceLane (catalog grants/policies/table ACL); logs/independent-rls-result.json; logs/auth-controls.json
80,ResponseIntegration,channel,MANUAL | API | MCP,False,FALTANTE,response_integrations.channel,106,response_integrations.channel,response_integrations.channel,text,NO,None,"response_integrations_carrier_service_id_channel_key: UNIQUE (carrier_service_id, channel); response_integrations_channel_check: CHECK ((channel = ANY (ARRAY['MANUAL'::text, 'API'::text, 'MCP'::text]))); response_integrations_check: CHECK ((((channel = 'MANUAL'::text) AND (endpoint_ref IS NULL)) OR ((channel <> 'MANUAL'::text) AND (endpoint_ref IS NOT NULL))))","CREATE UNIQUE INDEX response_integrations_carrier_service_id_channel_key ON public.response_integrations USING btree (carrier_service_id, channel)",cargomesh/src/shared/schemas/v2/identity.ts:38; schema identity.ts:IntegrationConfigurationV2Schema; field channel,channel,ZodEnum,False,False,"{""type"":""ZodEnum"",""optional"":false,""nullable"":false,""values"":[""MANUAL"",""API"",""MCP""]}",cargomesh/src/shared/schemas/v2/identity.ts:18; schema identity.ts:ResponseIntegrationV2Schema; field channel,channel,ZodEnum,False,False,supabase-v2/supabase/migrations/20261008235124_hac41_identity_integrations.sql:22,integrations,"[{""file"":""identity-roundtrips.json"",""row"":7,""id"":""30be5b0a-cd6a-43fa-a5c0-59bc1ba5dc40"",""state"":""VALUE"",""inputState"":""VALUE"",""inputEqualsRead"":true,""value"":""API""}]",COMPLETO,Resolved storage and current typed output agree with a concrete POST/GET or measured read projection,HAC-41 / Axel,29c385fe0ee501eb4b8b989b0a247c8fdeda62ad,POST /api/v2/carriers/:carrierId/integrations,GET /api/v2/carriers/:carrierId/integrations; GET /api/v2/carriers/:carrierId/integrations/:id/diagnostics,logs/class-matrix.json: ResponseIntegration (catalog grants/policies/table ACL); logs/independent-rls-result.json; logs/auth-controls.json
81,ResponseIntegration,endpointRef,SecretRef,True,FALTANTE,response_integrations.endpoint_ref,107,response_integrations.endpoint_ref,response_integrations.endpoint_ref,text,YES,None,"response_integrations_check: CHECK ((((channel = 'MANUAL'::text) AND (endpoint_ref IS NULL)) OR ((channel <> 'MANUAL'::text) AND (endpoint_ref IS NOT NULL)))); response_integrations_endpoint_ref_check: CHECK ((endpoint_ref ~ '^(vault://[0-9a-f-]{36}|env://[A-Z][A-Z0-9_]{0,100})$'::text))",,cargomesh/src/shared/schemas/v2/identity.ts:38; schema identity.ts:IntegrationConfigurationV2Schema; field endpointRef,endpointRef,ZodString,False,True,"{""type"":""ZodString"",""optional"":false,""nullable"":true,""checks"":[{""kind"":""regex"",""regex"":{""source"":""^(vault:\\/\\/[0-9a-f-]{36}|env:\\/\\/[A-Z][A-Z0-9_]{0,100})$"",""flags"":""""}}]}",cargomesh/src/shared/schemas/v2/identity.ts:18; schema identity.ts:ResponseIntegrationV2Schema; field endpointRef,endpointRef,ZodString,False,True,supabase-v2/supabase/migrations/20261008235124_hac41_identity_integrations.sql:23,integrations,"[{""file"":""identity-roundtrips.json"",""row"":7,""id"":""30be5b0a-cd6a-43fa-a5c0-59bc1ba5dc40"",""state"":""VALUE"",""inputState"":""VALUE"",""inputEqualsRead"":true,""value"":""env://HAC44_RESPONSE_URL""}]",COMPLETO,Resolved storage and current typed output agree with a concrete POST/GET or measured read projection,HAC-41 / Axel,29c385fe0ee501eb4b8b989b0a247c8fdeda62ad,POST /api/v2/carriers/:carrierId/integrations,GET /api/v2/carriers/:carrierId/integrations; GET /api/v2/carriers/:carrierId/integrations/:id/diagnostics,logs/class-matrix.json: ResponseIntegration (catalog grants/policies/table ACL); logs/independent-rls-result.json; logs/auth-controls.json
82,ResponseIntegration,verifiedAt,Instant,True,FALTANTE,response_integrations.verified_at,108,response_integrations.verified_at,response_integrations.verified_at,timestamp with time zone,YES,None,response_integrations_check1: CHECK (((status <> 'ACTIVE'::text) OR (verified_at IS NOT NULL))),,NO_WRITABLE_DTO,—,—,—,—,—,cargomesh/src/shared/schemas/v2/identity.ts:18; schema identity.ts:ResponseIntegrationV2Schema; field verifiedAt,verifiedAt,ZodString,False,True,supabase-v2/supabase/migrations/20261008235124_hac41_identity_integrations.sql:24,integrations,"[{""file"":""identity-roundtrips.json"",""row"":7,""id"":""30be5b0a-cd6a-43fa-a5c0-59bc1ba5dc40"",""state"":""NULL"",""inputState"":""MISSING"",""inputEqualsRead"":null,""value"":null}]",PARCIAL,No concrete non-null field value or measured read projection in this cut,HAC-41 / Axel,29c385fe0ee501eb4b8b989b0a247c8fdeda62ad,POST /api/v2/carriers/:carrierId/integrations,GET /api/v2/carriers/:carrierId/integrations; GET /api/v2/carriers/:carrierId/integrations/:id/diagnostics,logs/class-matrix.json: ResponseIntegration (catalog grants/policies/table ACL); logs/independent-rls-result.json; logs/auth-controls.json
83,ResponseIntegration,status,IntegrationStatus,False,FALTANTE,response_integrations.status,109,response_integrations.status,response_integrations.status,text,NO,None,"response_integrations_check1: CHECK (((status <> 'ACTIVE'::text) OR (verified_at IS NOT NULL))); response_integrations_status_check: CHECK ((status = ANY (ARRAY['PENDING'::text, 'ACTIVE'::text, 'DISABLED'::text, 'ERROR'::text])))","CREATE INDEX response_integrations_carrier_idx ON public.response_integrations USING btree (carrier_id, status)",NO_WRITABLE_DTO,—,—,—,—,—,cargomesh/src/shared/schemas/v2/identity.ts:18; schema identity.ts:ResponseIntegrationV2Schema; field status,status,ZodEnum,False,False,supabase-v2/supabase/migrations/20261008235124_hac41_identity_integrations.sql:24,integrations,"[{""file"":""identity-roundtrips.json"",""row"":7,""id"":""30be5b0a-cd6a-43fa-a5c0-59bc1ba5dc40"",""state"":""VALUE"",""inputState"":""MISSING"",""inputEqualsRead"":null,""value"":""PENDING""}]",COMPLETO,Resolved storage and current typed output agree with a concrete POST/GET or measured read projection,HAC-41 / Axel,29c385fe0ee501eb4b8b989b0a247c8fdeda62ad,POST /api/v2/carriers/:carrierId/integrations,GET /api/v2/carriers/:carrierId/integrations; GET /api/v2/carriers/:carrierId/integrations/:id/diagnostics,logs/class-matrix.json: ResponseIntegration (catalog grants/policies/table ACL); logs/independent-rls-result.json; logs/auth-controls.json
84,ResponseIntegration,evidence,EvidenceRef,True,FALTANTE,response_integrations.evidence,110,response_integrations.evidence,response_integrations.evidence,text,YES,None,response_integrations_evidence_check: CHECK ((length(evidence) <= 500)),,NO_WRITABLE_DTO,—,—,—,—,—,cargomesh/src/shared/schemas/v2/identity.ts:18; schema identity.ts:ResponseIntegrationV2Schema; field evidence,evidence,ZodString,False,True,supabase-v2/supabase/migrations/20261008235124_hac41_identity_integrations.sql:25,integrations,"[{""file"":""identity-roundtrips.json"",""row"":7,""id"":""30be5b0a-cd6a-43fa-a5c0-59bc1ba5dc40"",""state"":""NULL"",""inputState"":""MISSING"",""inputEqualsRead"":null,""value"":null}]",PARCIAL,No concrete non-null field value or measured read projection in this cut,HAC-41 / Axel,29c385fe0ee501eb4b8b989b0a247c8fdeda62ad,POST /api/v2/carriers/:carrierId/integrations,GET /api/v2/carriers/:carrierId/integrations; GET /api/v2/carriers/:carrierId/integrations/:id/diagnostics,logs/class-matrix.json: ResponseIntegration (catalog grants/policies/table ACL); logs/independent-rls-result.json; logs/auth-controls.json
85,CapacitySource,sourceId,UUID,False,PARCIAL,/capacity_source_projection.sourceId,111,|capacity_source_projection.sourceId,|capacity_source_projection.sourceId,NO_COLUMN,N/A,N/A,,,NO_WRITABLE_DTO,—,—,—,—,—,NO_TYPED_OUTPUT,—,—,—,—,NO_DEFINITION,CapacitySource,[],PARCIAL,Derived/scenario/container representation; exact field semantics not certified,HAC-40 / Cristhian,29c385fe0ee501eb4b8b989b0a247c8fdeda62ad,NO_HONO_OPERATION; see service/port/identity evidence,NO_HONO_OPERATION; see service/port/identity evidence,logs/class-matrix.json: CapacitySource (catalog grants/policies/table ACL); logs/independent-rls-result.json; logs/auth-controls.json
86,CapacitySource,provenance,FulfilmentSource,False,PARCIAL,/capacity_source_projection.provenance,112,|capacity_source_projection.provenance,|capacity_source_projection.provenance,NO_COLUMN,N/A,N/A,,,NO_WRITABLE_DTO,—,—,—,—,—,NO_TYPED_OUTPUT,—,—,—,—,NO_DEFINITION,CapacitySource,[],PARCIAL,Derived/scenario/container representation; exact field semantics not certified,HAC-40 / Cristhian,29c385fe0ee501eb4b8b989b0a247c8fdeda62ad,NO_HONO_OPERATION; see service/port/identity evidence,NO_HONO_OPERATION; see service/port/identity evidence,logs/class-matrix.json: CapacitySource (catalog grants/policies/table ACL); logs/independent-rls-result.json; logs/auth-controls.json
87,TransportAsset,id,UUID,False,COMPLETO,transport_assets.id,113,transport_assets.id,transport_assets.id,uuid,NO,gen_random_uuid(),"fleet_asset_scope: UNIQUE (id, carrier_id, carrier_service_id); fleet_home_depot: FOREIGN KEY (home_depot_id, carrier_id) REFERENCES carrier_depots(id, carrier_id); transport_assets_carrier_id_fkey: FOREIGN KEY (carrier_id) REFERENCES carriers(id); transport_assets_carrier_service_id_carrier_id_fkey: FOREIGN KEY (carrier_service_id, carrier_id) REFERENCES carrier_services(id, carrier_id); transport_assets_fleet_service: FOREIGN KEY (carrier_service_id, carrier_id) REFERENCES carrier_services(id, carrier_id); transport_assets_fulfilment_partner_id_fkey: FOREIGN KEY (fulfilment_partner_id) REFERENCES fulfilment_partners(id); transport_assets_id_carrier_service_id_key: UNIQUE (id, carrier_service_id); transport_assets_pkey: PRIMARY KEY (id)","CREATE INDEX fleet_asset_home_depot_idx ON public.transport_assets USING btree (home_depot_id); CREATE INDEX fleet_asset_partner_idx ON public.transport_assets USING btree (fulfilment_partner_id); CREATE UNIQUE INDEX fleet_asset_plate_unique ON public.transport_assets USING btree (carrier_id, plate) WHERE ((plate IS NOT NULL) AND (mode = 'ROAD'::text)); CREATE UNIQUE INDEX fleet_asset_scope ON public.transport_assets USING btree (id, carrier_id, carrier_service_id); CREATE UNIQUE INDEX transport_assets_carrier_id_code_key ON public.transport_assets USING btree (carrier_id, code); CREATE INDEX transport_assets_fleet_carrier_idx ON public.transport_assets USING btree (carrier_id, created_at, id); CREATE UNIQUE INDEX transport_assets_id_carrier_service_id_key ON public.transport_assets USING btree (id, carrier_service_id); CREATE UNIQUE INDEX transport_assets_pkey ON public.transport_assets USING btree (id); CREATE INDEX transport_assets_service_active_idx ON public.transport_assets USING btree (carrier_service_id, active)",NO_WRITABLE_DTO,—,—,—,—,—,cargomesh/src/shared/schemas/v2/catalog.ts:104; schema catalog.ts:CatalogRecordV2Schema; field id,id,ZodString,False,False,supabase-v2/supabase/migrations/20260927064713_hac12_road_vertical.sql:41,assets,"[{""file"":""roundtrips.json"",""row"":10,""id"":""782d33c0-34aa-4197-a4d1-52918d071b56"",""state"":""VALUE"",""inputState"":""MISSING"",""inputEqualsRead"":null,""value"":""782d33c0-34aa-4197-a4d1-52918d071b56""},{""file"":""extended-roundtrips.json"",""row"":1,""id"":""80c7f819-2496-4ade-8f99-0ca43ed43a05"",""state"":""VALUE"",""inputState"":""MISSING"",""inputEqualsRead"":null,""value"":""80c7f819-2496-4ade-8f99-0ca43ed43a05""}]",COMPLETO,Resolved storage and current typed output agree with a concrete POST/GET or measured read projection,HAC-40 / Cristhian,29c385fe0ee501eb4b8b989b0a247c8fdeda62ad,POST /api/v2/carriers/:carrierId/assets/:parentId/events; POST /api/v2/carriers/:carrierId/assets; POST /api/v2/carriers/:carrierId/assets/:id/revisions,GET /api/v2/carriers/:carrierId/assets/:parentId/events; GET /api/v2/carriers/:carrierId/assets/:parentId/events/:id; GET /api/v2/carriers/:carrierId/assets; GET /api/v2/carriers/:carrierId/assets/:id,logs/class-matrix.json: TransportAsset (catalog grants/policies/table ACL); logs/independent-rls-result.json; logs/auth-controls.json
88,TransportAsset,code,string,False,COMPLETO,transport_assets.code,114,transport_assets.code,transport_assets.code,text,NO,None,"transport_assets_carrier_id_code_key: UNIQUE (carrier_id, code)","CREATE UNIQUE INDEX transport_assets_carrier_id_code_key ON public.transport_assets USING btree (carrier_id, code)",cargomesh/src/shared/schemas/v2/catalog.ts:1; schema catalog.ts:CatalogInputsV2:assets; field code,code,ZodString,False,False,"{""type"":""ZodString"",""optional"":false,""nullable"":false,""checks"":[{""kind"":""regex"",""regex"":{""source"":""^[A-Z][A-Z0-9_]{0,99}$"",""flags"":""""}}]}",cargomesh/src/shared/schemas/v2/fleet.ts:31; schema fleet.ts:FleetOutputsV2:assets; field value.code,value.code,ZodString,False,False,supabase-v2/supabase/migrations/20260927064713_hac12_road_vertical.sql:44,assets,"[{""file"":""roundtrips.json"",""row"":10,""id"":""782d33c0-34aa-4197-a4d1-52918d071b56"",""state"":""VALUE"",""inputState"":""VALUE"",""inputEqualsRead"":true,""value"":""HAC44_API2_ASSETS""},{""file"":""extended-roundtrips.json"",""row"":1,""id"":""80c7f819-2496-4ade-8f99-0ca43ed43a05"",""state"":""VALUE"",""inputState"":""VALUE"",""inputEqualsRead"":true,""value"":""HAC44_HTTP_1791568319755""}]",COMPLETO,Resolved storage and current typed output agree with a concrete POST/GET or measured read projection,HAC-40 / Cristhian,29c385fe0ee501eb4b8b989b0a247c8fdeda62ad,POST /api/v2/carriers/:carrierId/assets/:parentId/events; POST /api/v2/carriers/:carrierId/assets; POST /api/v2/carriers/:carrierId/assets/:id/revisions,GET /api/v2/carriers/:carrierId/assets/:parentId/events; GET /api/v2/carriers/:carrierId/assets/:parentId/events/:id; GET /api/v2/carriers/:carrierId/assets; GET /api/v2/carriers/:carrierId/assets/:id,logs/class-matrix.json: TransportAsset (catalog grants/policies/table ACL); logs/independent-rls-result.json; logs/auth-controls.json
89,TransportAsset,equipmentType,EquipmentType,False,COMPLETO,transport_assets.equipment_code,115,transport_assets.equipment_code,transport_assets.equipment_code,text,NO,None,,,cargomesh/src/shared/schemas/v2/catalog.ts:1; schema catalog.ts:CatalogInputsV2:assets; field equipmentType,equipmentType,ZodEnum,False,False,"{""type"":""ZodEnum"",""optional"":false,""nullable"":false,""values"":[""BOX_TRUCK"",""REEFER_TRUCK"",""FLATBED"",""TANKER_TRUCK"",""TRACTOR_TRAILER"",""ISO_CONTAINER"",""RAIL_WAGON"",""AIR_ULD""]}",cargomesh/src/shared/schemas/v2/fleet.ts:31; schema fleet.ts:FleetOutputsV2:assets; field value.equipmentType,value.equipmentType,ZodEnum,False,False,supabase-v2/supabase/migrations/20260927064713_hac12_road_vertical.sql:46,assets,"[{""file"":""roundtrips.json"",""row"":10,""id"":""782d33c0-34aa-4197-a4d1-52918d071b56"",""state"":""VALUE"",""inputState"":""VALUE"",""inputEqualsRead"":true,""value"":""BOX_TRUCK""},{""file"":""extended-roundtrips.json"",""row"":1,""id"":""80c7f819-2496-4ade-8f99-0ca43ed43a05"",""state"":""VALUE"",""inputState"":""VALUE"",""inputEqualsRead"":true,""value"":""BOX_TRUCK""}]",COMPLETO,Resolved storage and current typed output agree with a concrete POST/GET or measured read projection,HAC-40 / Cristhian,29c385fe0ee501eb4b8b989b0a247c8fdeda62ad,POST /api/v2/carriers/:carrierId/assets/:parentId/events; POST /api/v2/carriers/:carrierId/assets; POST /api/v2/carriers/:carrierId/assets/:id/revisions,GET /api/v2/carriers/:carrierId/assets/:parentId/events; GET /api/v2/carriers/:carrierId/assets/:parentId/events/:id; GET /api/v2/carriers/:carrierId/assets; GET /api/v2/carriers/:carrierId/assets/:id,logs/class-matrix.json: TransportAsset (catalog grants/policies/table ACL); logs/independent-rls-result.json; logs/auth-controls.json
90,TransportAsset,usefulCapacityKg,number,False,DIVERGENTE,transport_assets.max_weight_kg,116,transport_assets.max_weight_kg,transport_assets.max_weight_kg,numeric,YES,None,fleet_useful_gross: CHECK (((max_weight_kg IS NULL) OR (gross_weight_limit_kg IS NULL) OR (max_weight_kg <= gross_weight_limit_kg))); transport_assets_max_weight_kg_check: CHECK ((max_weight_kg > (0)::numeric)),,cargomesh/src/shared/schemas/v2/catalog.ts:1; schema catalog.ts:CatalogInputsV2:assets; field usefulCapacityKg,usefulCapacityKg,ZodNumber,False,False,"{""type"":""ZodNumber"",""optional"":false,""nullable"":false,""checks"":[{""kind"":""min"",""value"":0,""inclusive"":true}]}",cargomesh/src/shared/schemas/v2/fleet.ts:31; schema fleet.ts:FleetOutputsV2:assets; field value.usefulCapacityKg,value.usefulCapacityKg,ZodNumber,False,False,supabase-v2/supabase/migrations/20260927064713_hac12_road_vertical.sql:50,assets,"[{""file"":""roundtrips.json"",""row"":10,""id"":""782d33c0-34aa-4197-a4d1-52918d071b56"",""state"":""VALUE"",""inputState"":""VALUE"",""inputEqualsRead"":true,""value"":10000},{""file"":""extended-roundtrips.json"",""row"":1,""id"":""80c7f819-2496-4ade-8f99-0ca43ed43a05"",""state"":""VALUE"",""inputState"":""VALUE"",""inputEqualsRead"":true,""value"":10000}]",PARCIAL,Nullable physical column requires field-specific command proof,HAC-40 / Cristhian,29c385fe0ee501eb4b8b989b0a247c8fdeda62ad,POST /api/v2/carriers/:carrierId/assets/:parentId/events; POST /api/v2/carriers/:carrierId/assets; POST /api/v2/carriers/:carrierId/assets/:id/revisions,GET /api/v2/carriers/:carrierId/assets/:parentId/events; GET /api/v2/carriers/:carrierId/assets/:parentId/events/:id; GET /api/v2/carriers/:carrierId/assets; GET /api/v2/carriers/:carrierId/assets/:id,logs/class-matrix.json: TransportAsset (catalog grants/policies/table ACL); logs/independent-rls-result.json; logs/auth-controls.json
91,TransportAsset,usableVolumeM3,number,True,COMPLETO,transport_assets.max_volume_m3,117,transport_assets.max_volume_m3,transport_assets.max_volume_m3,numeric,YES,None,transport_assets_max_volume_m3_check: CHECK ((max_volume_m3 > (0)::numeric)),,cargomesh/src/shared/schemas/v2/catalog.ts:1; schema catalog.ts:CatalogInputsV2:assets; field usableVolumeM3,usableVolumeM3,ZodNumber,False,True,"{""type"":""ZodNumber"",""optional"":false,""nullable"":true,""checks"":[{""kind"":""min"",""value"":0,""inclusive"":false}]}",cargomesh/src/shared/schemas/v2/fleet.ts:31; schema fleet.ts:FleetOutputsV2:assets; field value.usableVolumeM3,value.usableVolumeM3,ZodNumber,False,True,supabase-v2/supabase/migrations/20260927064713_hac12_road_vertical.sql:51,assets,"[{""file"":""roundtrips.json"",""row"":10,""id"":""782d33c0-34aa-4197-a4d1-52918d071b56"",""state"":""VALUE"",""inputState"":""VALUE"",""inputEqualsRead"":true,""value"":40},{""file"":""extended-roundtrips.json"",""row"":1,""id"":""80c7f819-2496-4ade-8f99-0ca43ed43a05"",""state"":""VALUE"",""inputState"":""VALUE"",""inputEqualsRead"":true,""value"":40}]",COMPLETO,Resolved storage and current typed output agree with a concrete POST/GET or measured read projection,HAC-40 / Cristhian,29c385fe0ee501eb4b8b989b0a247c8fdeda62ad,POST /api/v2/carriers/:carrierId/assets/:parentId/events; POST /api/v2/carriers/:carrierId/assets; POST /api/v2/carriers/:carrierId/assets/:id/revisions,GET /api/v2/carriers/:carrierId/assets/:parentId/events; GET /api/v2/carriers/:carrierId/assets/:parentId/events/:id; GET /api/v2/carriers/:carrierId/assets; GET /api/v2/carriers/:carrierId/assets/:id,logs/class-matrix.json: TransportAsset (catalog grants/policies/table ACL); logs/independent-rls-result.json; logs/auth-controls.json
92,TransportAsset,operatingStatus,AssetStatus,False,COMPLETO,transport_assets.operating_status,118,transport_assets.operating_status,transport_assets.operating_status,text,NO,'AVAILABLE'::text,"transport_assets_operating_status_check: CHECK ((operating_status = ANY (ARRAY['AVAILABLE'::text, 'IN_SERVICE'::text, 'MAINTENANCE'::text, 'OUT_OF_SERVICE'::text])))",,cargomesh/src/shared/schemas/v2/catalog.ts:1; schema catalog.ts:CatalogInputsV2:assets; field operatingStatus,operatingStatus,ZodEnum,False,False,"{""type"":""ZodEnum"",""optional"":false,""nullable"":false,""values"":[""AVAILABLE"",""IN_SERVICE"",""MAINTENANCE"",""OUT_OF_SERVICE""]}",cargomesh/src/shared/schemas/v2/fleet.ts:31; schema fleet.ts:FleetOutputsV2:assets; field value.operatingStatus,value.operatingStatus,ZodEnum,False,False,supabase-v2/supabase/migrations/20261004042259_hac40_fleet.sql:17,assets,"[{""file"":""roundtrips.json"",""row"":10,""id"":""782d33c0-34aa-4197-a4d1-52918d071b56"",""state"":""VALUE"",""inputState"":""VALUE"",""inputEqualsRead"":true,""value"":""AVAILABLE""},{""file"":""extended-roundtrips.json"",""row"":1,""id"":""80c7f819-2496-4ade-8f99-0ca43ed43a05"",""state"":""VALUE"",""inputState"":""VALUE"",""inputEqualsRead"":true,""value"":""AVAILABLE""}]",COMPLETO,Resolved storage and current typed output agree with a concrete POST/GET or measured read projection,HAC-40 / Cristhian,29c385fe0ee501eb4b8b989b0a247c8fdeda62ad,POST /api/v2/carriers/:carrierId/assets/:parentId/events; POST /api/v2/carriers/:carrierId/assets; POST /api/v2/carriers/:carrierId/assets/:id/revisions,GET /api/v2/carriers/:carrierId/assets/:parentId/events; GET /api/v2/carriers/:carrierId/assets/:parentId/events/:id; GET /api/v2/carriers/:carrierId/assets; GET /api/v2/carriers/:carrierId/assets/:id,logs/class-matrix.json: TransportAsset (catalog grants/policies/table ACL); logs/independent-rls-result.json; logs/auth-controls.json
93,TransportAsset,homeDepot,CarrierDepot,True,COMPLETO,transport_assets.home_depot_id,119,transport_assets.home_depot_id,transport_assets.home_depot_id,uuid,YES,None,"fleet_home_depot: FOREIGN KEY (home_depot_id, carrier_id) REFERENCES carrier_depots(id, carrier_id)",CREATE INDEX fleet_asset_home_depot_idx ON public.transport_assets USING btree (home_depot_id),cargomesh/src/shared/schemas/v2/catalog.ts:1; schema catalog.ts:CatalogInputsV2:assets; field homeDepotId,homeDepotId,ZodString,False,True,"{""type"":""ZodString"",""optional"":false,""nullable"":true,""checks"":[{""kind"":""uuid""}]}",cargomesh/src/shared/schemas/v2/fleet.ts:31; schema fleet.ts:FleetOutputsV2:assets; field value.homeDepotId,value.homeDepotId,ZodString,False,True,supabase-v2/supabase/migrations/20261004042259_hac40_fleet.sql:17,assets,"[{""file"":""roundtrips.json"",""row"":10,""id"":""782d33c0-34aa-4197-a4d1-52918d071b56"",""state"":""VALUE"",""inputState"":""VALUE"",""inputEqualsRead"":true,""value"":""d4450000-0000-4000-8000-000000000001""},{""file"":""extended-roundtrips.json"",""row"":1,""id"":""80c7f819-2496-4ade-8f99-0ca43ed43a05"",""state"":""VALUE"",""inputState"":""VALUE"",""inputEqualsRead"":true,""value"":""d4450000-0000-4000-8000-000000000001""}]",COMPLETO,Resolved storage and current typed output agree with a concrete POST/GET or measured read projection,HAC-40 / Cristhian,29c385fe0ee501eb4b8b989b0a247c8fdeda62ad,POST /api/v2/carriers/:carrierId/assets/:parentId/events; POST /api/v2/carriers/:carrierId/assets; POST /api/v2/carriers/:carrierId/assets/:id/revisions,GET /api/v2/carriers/:carrierId/assets/:parentId/events; GET /api/v2/carriers/:carrierId/assets/:parentId/events/:id; GET /api/v2/carriers/:carrierId/assets; GET /api/v2/carriers/:carrierId/assets/:id,logs/class-matrix.json: TransportAsset (catalog grants/policies/table ACL); logs/independent-rls-result.json; logs/auth-controls.json
94,RoadVehicle,plate,string,False,DIVERGENTE,transport_assets.plate,120,transport_assets.plate,transport_assets.plate,text,YES,None,,"CREATE UNIQUE INDEX fleet_asset_plate_unique ON public.transport_assets USING btree (carrier_id, plate) WHERE ((plate IS NOT NULL) AND (mode = 'ROAD'::text))",cargomesh/src/shared/schemas/v2/catalog.ts:1; schema catalog.ts:CatalogInputsV2:assets; field roadVehicle.plate,roadVehicle.plate,ZodString,False,False,"{""type"":""ZodString"",""optional"":false,""nullable"":false,""checks"":[{""kind"":""trim""},{""kind"":""min"",""value"":1},{""kind"":""max"",""value"":500}]}",cargomesh/src/shared/schemas/v2/fleet.ts:31; schema fleet.ts:FleetOutputsV2:assets; field value.roadVehicle.plate,value.roadVehicle.plate,ZodString,False,False,supabase-v2/supabase/migrations/20260927064713_hac12_road_vertical.sql:48,assets,"[{""file"":""roundtrips.json"",""row"":10,""id"":""782d33c0-34aa-4197-a4d1-52918d071b56"",""state"":""VALUE"",""inputState"":""VALUE"",""inputEqualsRead"":true,""value"":""HAC44-API2""},{""file"":""extended-roundtrips.json"",""row"":1,""id"":""80c7f819-2496-4ade-8f99-0ca43ed43a05"",""state"":""VALUE"",""inputState"":""VALUE"",""inputEqualsRead"":true,""value"":""HAC44-1791568319755""}]",PARCIAL,Nullable physical column requires field-specific command proof,HAC-40 / Cristhian,29c385fe0ee501eb4b8b989b0a247c8fdeda62ad,POST /api/v2/carriers/:carrierId/assets/:parentId/events; POST /api/v2/carriers/:carrierId/assets; POST /api/v2/carriers/:carrierId/assets/:id/revisions,GET /api/v2/carriers/:carrierId/assets/:parentId/events; GET /api/v2/carriers/:carrierId/assets/:parentId/events/:id; GET /api/v2/carriers/:carrierId/assets; GET /api/v2/carriers/:carrierId/assets/:id,logs/class-matrix.json: RoadVehicle (catalog grants/policies/table ACL); logs/independent-rls-result.json; logs/auth-controls.json
95,RoadVehicle,registrationCode,string,True,COMPLETO,transport_assets.registration_code,121,transport_assets.registration_code,transport_assets.registration_code,text,YES,None,,,cargomesh/src/shared/schemas/v2/catalog.ts:1; schema catalog.ts:CatalogInputsV2:assets; field roadVehicle.registrationCode,roadVehicle.registrationCode,ZodString,False,True,"{""type"":""ZodString"",""optional"":false,""nullable"":true,""checks"":[{""kind"":""trim""},{""kind"":""min"",""value"":1},{""kind"":""max"",""value"":500}]}",cargomesh/src/shared/schemas/v2/fleet.ts:31; schema fleet.ts:FleetOutputsV2:assets; field value.roadVehicle.registrationCode,value.roadVehicle.registrationCode,ZodString,False,True,supabase-v2/supabase/migrations/20261004042259_hac40_fleet.sql:17,assets,"[{""file"":""roundtrips.json"",""row"":10,""id"":""782d33c0-34aa-4197-a4d1-52918d071b56"",""state"":""VALUE"",""inputState"":""VALUE"",""inputEqualsRead"":true,""value"":""QA-REG""},{""file"":""extended-roundtrips.json"",""row"":1,""id"":""80c7f819-2496-4ade-8f99-0ca43ed43a05"",""state"":""VALUE"",""inputState"":""VALUE"",""inputEqualsRead"":true,""value"":""QA-REG""}]",COMPLETO,Resolved storage and current typed output agree with a concrete POST/GET or measured read projection,HAC-40 / Cristhian,29c385fe0ee501eb4b8b989b0a247c8fdeda62ad,POST /api/v2/carriers/:carrierId/assets/:parentId/events; POST /api/v2/carriers/:carrierId/assets; POST /api/v2/carriers/:carrierId/assets/:id/revisions,GET /api/v2/carriers/:carrierId/assets/:parentId/events; GET /api/v2/carriers/:carrierId/assets/:parentId/events/:id; GET /api/v2/carriers/:carrierId/assets; GET /api/v2/carriers/:carrierId/assets/:id,logs/class-matrix.json: RoadVehicle (catalog grants/policies/table ACL); logs/independent-rls-result.json; logs/auth-controls.json
96,RoadVehicle,registeredAt,LocalDate,True,COMPLETO,transport_assets.registered_at,122,transport_assets.registered_at,transport_assets.registered_at,date,YES,None,,,cargomesh/src/shared/schemas/v2/catalog.ts:1; schema catalog.ts:CatalogInputsV2:assets; field roadVehicle.registeredAt,roadVehicle.registeredAt,ZodString,False,True,"{""type"":""ZodString"",""optional"":false,""nullable"":true,""checks"":[{""kind"":""regex"",""regex"":{""source"":""^\\d{4}-\\d{2}-\\d{2}$"",""flags"":""""}}]}",cargomesh/src/shared/schemas/v2/fleet.ts:31; schema fleet.ts:FleetOutputsV2:assets; field value.roadVehicle.registeredAt,value.roadVehicle.registeredAt,ZodString,False,True,supabase-v2/supabase/migrations/20261004042259_hac40_fleet.sql:17,assets,"[{""file"":""roundtrips.json"",""row"":10,""id"":""782d33c0-34aa-4197-a4d1-52918d071b56"",""state"":""VALUE"",""inputState"":""VALUE"",""inputEqualsRead"":true,""value"":""2026-01-01""},{""file"":""extended-roundtrips.json"",""row"":1,""id"":""80c7f819-2496-4ade-8f99-0ca43ed43a05"",""state"":""VALUE"",""inputState"":""VALUE"",""inputEqualsRead"":true,""value"":""2026-01-01""}]",COMPLETO,Resolved storage and current typed output agree with a concrete POST/GET or measured read projection,HAC-40 / Cristhian,29c385fe0ee501eb4b8b989b0a247c8fdeda62ad,POST /api/v2/carriers/:carrierId/assets/:parentId/events; POST /api/v2/carriers/:carrierId/assets; POST /api/v2/carriers/:carrierId/assets/:id/revisions,GET /api/v2/carriers/:carrierId/assets/:parentId/events; GET /api/v2/carriers/:carrierId/assets/:parentId/events/:id; GET /api/v2/carriers/:carrierId/assets; GET /api/v2/carriers/:carrierId/assets/:id,logs/class-matrix.json: RoadVehicle (catalog grants/policies/table ACL); logs/independent-rls-result.json; logs/auth-controls.json
97,RoadVehicle,brand,string,True,COMPLETO,transport_assets.brand,123,transport_assets.brand,transport_assets.brand,text,YES,None,,,cargomesh/src/shared/schemas/v2/catalog.ts:1; schema catalog.ts:CatalogInputsV2:assets; field roadVehicle.brand,roadVehicle.brand,ZodString,False,True,"{""type"":""ZodString"",""optional"":false,""nullable"":true,""checks"":[{""kind"":""trim""},{""kind"":""min"",""value"":1},{""kind"":""max"",""value"":500}]}",cargomesh/src/shared/schemas/v2/fleet.ts:31; schema fleet.ts:FleetOutputsV2:assets; field value.roadVehicle.brand,value.roadVehicle.brand,ZodString,False,True,supabase-v2/supabase/migrations/20261004042259_hac40_fleet.sql:17,assets,"[{""file"":""roundtrips.json"",""row"":10,""id"":""782d33c0-34aa-4197-a4d1-52918d071b56"",""state"":""VALUE"",""inputState"":""VALUE"",""inputEqualsRead"":true,""value"":""Synthetic""},{""file"":""extended-roundtrips.json"",""row"":1,""id"":""80c7f819-2496-4ade-8f99-0ca43ed43a05"",""state"":""VALUE"",""inputState"":""VALUE"",""inputEqualsRead"":true,""value"":""Synthetic""}]",COMPLETO,Resolved storage and current typed output agree with a concrete POST/GET or measured read projection,HAC-40 / Cristhian,29c385fe0ee501eb4b8b989b0a247c8fdeda62ad,POST /api/v2/carriers/:carrierId/assets/:parentId/events; POST /api/v2/carriers/:carrierId/assets; POST /api/v2/carriers/:carrierId/assets/:id/revisions,GET /api/v2/carriers/:carrierId/assets/:parentId/events; GET /api/v2/carriers/:carrierId/assets/:parentId/events/:id; GET /api/v2/carriers/:carrierId/assets; GET /api/v2/carriers/:carrierId/assets/:id,logs/class-matrix.json: RoadVehicle (catalog grants/policies/table ACL); logs/independent-rls-result.json; logs/auth-controls.json
98,RoadVehicle,model,string,True,COMPLETO,transport_assets.model,124,transport_assets.model,transport_assets.model,text,YES,None,,,cargomesh/src/shared/schemas/v2/catalog.ts:1; schema catalog.ts:CatalogInputsV2:assets; field roadVehicle.model,roadVehicle.model,ZodString,False,True,"{""type"":""ZodString"",""optional"":false,""nullable"":true,""checks"":[{""kind"":""trim""},{""kind"":""min"",""value"":1},{""kind"":""max"",""value"":500}]}",cargomesh/src/shared/schemas/v2/fleet.ts:31; schema fleet.ts:FleetOutputsV2:assets; field value.roadVehicle.model,value.roadVehicle.model,ZodString,False,True,supabase-v2/supabase/migrations/20261004042259_hac40_fleet.sql:17,assets,"[{""file"":""roundtrips.json"",""row"":10,""id"":""782d33c0-34aa-4197-a4d1-52918d071b56"",""state"":""VALUE"",""inputState"":""VALUE"",""inputEqualsRead"":true,""value"":""Test""},{""file"":""extended-roundtrips.json"",""row"":1,""id"":""80c7f819-2496-4ade-8f99-0ca43ed43a05"",""state"":""VALUE"",""inputState"":""VALUE"",""inputEqualsRead"":true,""value"":""Test""}]",COMPLETO,Resolved storage and current typed output agree with a concrete POST/GET or measured read projection,HAC-40 / Cristhian,29c385fe0ee501eb4b8b989b0a247c8fdeda62ad,POST /api/v2/carriers/:carrierId/assets/:parentId/events; POST /api/v2/carriers/:carrierId/assets; POST /api/v2/carriers/:carrierId/assets/:id/revisions,GET /api/v2/carriers/:carrierId/assets/:parentId/events; GET /api/v2/carriers/:carrierId/assets/:parentId/events/:id; GET /api/v2/carriers/:carrierId/assets; GET /api/v2/carriers/:carrierId/assets/:id,logs/class-matrix.json: RoadVehicle (catalog grants/policies/table ACL); logs/independent-rls-result.json; logs/auth-controls.json
99,RoadVehicle,variant,string,True,PARCIAL,transport_assets.variant,125,transport_assets.variant,transport_assets.variant,text,YES,None,,,cargomesh/src/shared/schemas/v2/catalog.ts:1; schema catalog.ts:CatalogInputsV2:assets; field roadVehicle.variant,roadVehicle.variant,ZodString,False,True,"{""type"":""ZodString"",""optional"":false,""nullable"":true,""checks"":[{""kind"":""trim""},{""kind"":""min"",""value"":1},{""kind"":""max"",""value"":500}]}",cargomesh/src/shared/schemas/v2/fleet.ts:31; schema fleet.ts:FleetOutputsV2:assets; field value.roadVehicle.variant,value.roadVehicle.variant,ZodString,False,True,supabase-v2/supabase/migrations/20261004042259_hac40_fleet.sql:17,assets,"[{""file"":""roundtrips.json"",""row"":10,""id"":""782d33c0-34aa-4197-a4d1-52918d071b56"",""state"":""NULL"",""inputState"":""NULL"",""inputEqualsRead"":true,""value"":null},{""file"":""extended-roundtrips.json"",""row"":1,""id"":""80c7f819-2496-4ade-8f99-0ca43ed43a05"",""state"":""NULL"",""inputState"":""NULL"",""inputEqualsRead"":true,""value"":null}]",PARCIAL,No concrete non-null field value or measured read projection in this cut,HAC-40 / Cristhian,29c385fe0ee501eb4b8b989b0a247c8fdeda62ad,POST /api/v2/carriers/:carrierId/assets/:parentId/events; POST /api/v2/carriers/:carrierId/assets; POST /api/v2/carriers/:carrierId/assets/:id/revisions,GET /api/v2/carriers/:carrierId/assets/:parentId/events; GET /api/v2/carriers/:carrierId/assets/:parentId/events/:id; GET /api/v2/carriers/:carrierId/assets; GET /api/v2/carriers/:carrierId/assets/:id,logs/class-matrix.json: RoadVehicle (catalog grants/policies/table ACL); logs/independent-rls-result.json; logs/auth-controls.json
100,RoadVehicle,bodyType,VehicleBodyType,False,DIVERGENTE,transport_assets.body_type,126,transport_assets.body_type,transport_assets.body_type,text,YES,None,,,cargomesh/src/shared/schemas/v2/catalog.ts:1; schema catalog.ts:CatalogInputsV2:assets; field roadVehicle.bodyType,roadVehicle.bodyType,ZodString,False,False,"{""type"":""ZodString"",""optional"":false,""nullable"":false,""checks"":[{""kind"":""trim""},{""kind"":""min"",""value"":1},{""kind"":""max"",""value"":500}]}",cargomesh/src/shared/schemas/v2/fleet.ts:31; schema fleet.ts:FleetOutputsV2:assets; field value.roadVehicle.bodyType,value.roadVehicle.bodyType,ZodString,False,False,supabase-v2/supabase/migrations/20261004042259_hac40_fleet.sql:17,assets,"[{""file"":""roundtrips.json"",""row"":10,""id"":""782d33c0-34aa-4197-a4d1-52918d071b56"",""state"":""VALUE"",""inputState"":""VALUE"",""inputEqualsRead"":true,""value"":""BOX""},{""file"":""extended-roundtrips.json"",""row"":1,""id"":""80c7f819-2496-4ade-8f99-0ca43ed43a05"",""state"":""VALUE"",""inputState"":""VALUE"",""inputEqualsRead"":true,""value"":""BOX""}]",PARCIAL,Nullable physical column requires field-specific command proof,HAC-40 / Cristhian,29c385fe0ee501eb4b8b989b0a247c8fdeda62ad,POST /api/v2/carriers/:carrierId/assets/:parentId/events; POST /api/v2/carriers/:carrierId/assets; POST /api/v2/carriers/:carrierId/assets/:id/revisions,GET /api/v2/carriers/:carrierId/assets/:parentId/events; GET /api/v2/carriers/:carrierId/assets/:parentId/events/:id; GET /api/v2/carriers/:carrierId/assets; GET /api/v2/carriers/:carrierId/assets/:id,logs/class-matrix.json: RoadVehicle (catalog grants/policies/table ACL); logs/independent-rls-result.json; logs/auth-controls.json
101,RoadVehicle,usableDimensions,Dimensions,True,COMPLETO,transport_assets.usable_dimensions,127,transport_assets.usable_dimensions,transport_assets.usable_dimensions,jsonb,YES,None,,,cargomesh/src/shared/schemas/v2/catalog.ts:1; schema catalog.ts:CatalogInputsV2:assets; field roadVehicle.usableDimensions,roadVehicle.usableDimensions,ZodObject,False,True,"{""type"":""ZodObject"",""optional"":false,""nullable"":true,""fields"":{""length"":{""type"":""ZodNumber"",""optional"":false,""nullable"":false,""checks"":[{""kind"":""min"",""value"":0,""inclusive"":false}]},""width"":{""type"":""ZodNumber"",""optional"":false,""nullable"":false,""checks"":[{""kind"":""min"",""value"":0,""inclusive"":false}]},""height"":{""type"":""ZodNumber"",""optional"":false,""nullable"":false,""checks"":[{""kind"":""min"",""value"":0,""inclusive"":false}]}},""unknownKeys"":""strict""}",cargomesh/src/shared/schemas/v2/fleet.ts:31; schema fleet.ts:FleetOutputsV2:assets; field value.roadVehicle.usableDimensions,value.roadVehicle.usableDimensions,ZodObject,False,True,supabase-v2/supabase/migrations/20261004042259_hac40_fleet.sql:17,assets,"[{""file"":""roundtrips.json"",""row"":10,""id"":""782d33c0-34aa-4197-a4d1-52918d071b56"",""state"":""VALUE"",""inputState"":""VALUE"",""inputEqualsRead"":true,""value"":{""length"":500,""width"":240,""height"":250}},{""file"":""extended-roundtrips.json"",""row"":1,""id"":""80c7f819-2496-4ade-8f99-0ca43ed43a05"",""state"":""VALUE"",""inputState"":""VALUE"",""inputEqualsRead"":true,""value"":{""length"":500,""width"":240,""height"":250}}]",COMPLETO,Resolved storage and current typed output agree with a concrete POST/GET or measured read projection,HAC-40 / Cristhian,29c385fe0ee501eb4b8b989b0a247c8fdeda62ad,POST /api/v2/carriers/:carrierId/assets/:parentId/events; POST /api/v2/carriers/:carrierId/assets; POST /api/v2/carriers/:carrierId/assets/:id/revisions,GET /api/v2/carriers/:carrierId/assets/:parentId/events; GET /api/v2/carriers/:carrierId/assets/:parentId/events/:id; GET /api/v2/carriers/:carrierId/assets; GET /api/v2/carriers/:carrierId/assets/:id,logs/class-matrix.json: RoadVehicle (catalog grants/policies/table ACL); logs/independent-rls-result.json; logs/auth-controls.json
102,RoadVehicle,grossWeightLimitKg,number,True,COMPLETO,transport_assets.gross_weight_limit_kg,128,transport_assets.gross_weight_limit_kg,transport_assets.gross_weight_limit_kg,numeric,YES,None,fleet_useful_gross: CHECK (((max_weight_kg IS NULL) OR (gross_weight_limit_kg IS NULL) OR (max_weight_kg <= gross_weight_limit_kg))); transport_assets_gross_weight_limit_kg_check: CHECK ((gross_weight_limit_kg > (0)::numeric)),,cargomesh/src/shared/schemas/v2/catalog.ts:1; schema catalog.ts:CatalogInputsV2:assets; field roadVehicle.grossWeightLimitKg,roadVehicle.grossWeightLimitKg,ZodNumber,False,True,"{""type"":""ZodNumber"",""optional"":false,""nullable"":true,""checks"":[{""kind"":""min"",""value"":0,""inclusive"":false}]}",cargomesh/src/shared/schemas/v2/fleet.ts:31; schema fleet.ts:FleetOutputsV2:assets; field value.roadVehicle.grossWeightLimitKg,value.roadVehicle.grossWeightLimitKg,ZodNumber,False,True,supabase-v2/supabase/migrations/20261004042259_hac40_fleet.sql:17,assets,"[{""file"":""roundtrips.json"",""row"":10,""id"":""782d33c0-34aa-4197-a4d1-52918d071b56"",""state"":""VALUE"",""inputState"":""VALUE"",""inputEqualsRead"":true,""value"":15000},{""file"":""extended-roundtrips.json"",""row"":1,""id"":""80c7f819-2496-4ade-8f99-0ca43ed43a05"",""state"":""VALUE"",""inputState"":""VALUE"",""inputEqualsRead"":true,""value"":15000}]",COMPLETO,Resolved storage and current typed output agree with a concrete POST/GET or measured read projection,HAC-40 / Cristhian,29c385fe0ee501eb4b8b989b0a247c8fdeda62ad,POST /api/v2/carriers/:carrierId/assets/:parentId/events; POST /api/v2/carriers/:carrierId/assets; POST /api/v2/carriers/:carrierId/assets/:id/revisions,GET /api/v2/carriers/:carrierId/assets/:parentId/events; GET /api/v2/carriers/:carrierId/assets/:parentId/events/:id; GET /api/v2/carriers/:carrierId/assets; GET /api/v2/carriers/:carrierId/assets/:id,logs/class-matrix.json: RoadVehicle (catalog grants/policies/table ACL); logs/independent-rls-result.json; logs/auth-controls.json
103,RoadVehicle,odometerKm,number,True,COMPLETO,transport_assets.odometer_km,129,transport_assets.odometer_km,transport_assets.odometer_km,numeric,YES,None,transport_assets_odometer_km_check: CHECK ((odometer_km >= (0)::numeric)),,cargomesh/src/shared/schemas/v2/catalog.ts:1; schema catalog.ts:CatalogInputsV2:assets; field roadVehicle.odometerKm,roadVehicle.odometerKm,ZodNumber,False,True,"{""type"":""ZodNumber"",""optional"":false,""nullable"":true,""checks"":[{""kind"":""min"",""value"":0,""inclusive"":true}]}",cargomesh/src/shared/schemas/v2/fleet.ts:31; schema fleet.ts:FleetOutputsV2:assets; field value.roadVehicle.odometerKm,value.roadVehicle.odometerKm,ZodNumber,False,True,supabase-v2/supabase/migrations/20261004042259_hac40_fleet.sql:17,assets,"[{""file"":""roundtrips.json"",""row"":10,""id"":""782d33c0-34aa-4197-a4d1-52918d071b56"",""state"":""VALUE"",""inputState"":""VALUE"",""inputEqualsRead"":true,""value"":5000},{""file"":""extended-roundtrips.json"",""row"":1,""id"":""80c7f819-2496-4ade-8f99-0ca43ed43a05"",""state"":""VALUE"",""inputState"":""VALUE"",""inputEqualsRead"":true,""value"":5000}]",COMPLETO,Resolved storage and current typed output agree with a concrete POST/GET or measured read projection,HAC-40 / Cristhian,29c385fe0ee501eb4b8b989b0a247c8fdeda62ad,POST /api/v2/carriers/:carrierId/assets/:parentId/events; POST /api/v2/carriers/:carrierId/assets; POST /api/v2/carriers/:carrierId/assets/:id/revisions,GET /api/v2/carriers/:carrierId/assets/:parentId/events; GET /api/v2/carriers/:carrierId/assets/:parentId/events/:id; GET /api/v2/carriers/:carrierId/assets; GET /api/v2/carriers/:carrierId/assets/:id,logs/class-matrix.json: RoadVehicle (catalog grants/policies/table ACL); logs/independent-rls-result.json; logs/auth-controls.json
104,RoadVehicle,conditionReason,AssetConditionReason,True,PARCIAL,transport_assets.condition_reason,130,transport_assets.condition_reason,transport_assets.condition_reason,text,YES,None,,,cargomesh/src/shared/schemas/v2/catalog.ts:1; schema catalog.ts:CatalogInputsV2:assets; field roadVehicle.conditionReason,roadVehicle.conditionReason,ZodString,False,True,"{""type"":""ZodString"",""optional"":false,""nullable"":true,""checks"":[{""kind"":""trim""},{""kind"":""min"",""value"":1},{""kind"":""max"",""value"":500}]}",cargomesh/src/shared/schemas/v2/fleet.ts:31; schema fleet.ts:FleetOutputsV2:assets; field value.roadVehicle.conditionReason,value.roadVehicle.conditionReason,ZodString,False,True,supabase-v2/supabase/migrations/20261004042259_hac40_fleet.sql:17,assets,"[{""file"":""roundtrips.json"",""row"":10,""id"":""782d33c0-34aa-4197-a4d1-52918d071b56"",""state"":""NULL"",""inputState"":""NULL"",""inputEqualsRead"":true,""value"":null},{""file"":""extended-roundtrips.json"",""row"":1,""id"":""80c7f819-2496-4ade-8f99-0ca43ed43a05"",""state"":""NULL"",""inputState"":""NULL"",""inputEqualsRead"":true,""value"":null}]",PARCIAL,No concrete non-null field value or measured read projection in this cut,HAC-40 / Cristhian,29c385fe0ee501eb4b8b989b0a247c8fdeda62ad,POST /api/v2/carriers/:carrierId/assets/:parentId/events; POST /api/v2/carriers/:carrierId/assets; POST /api/v2/carriers/:carrierId/assets/:id/revisions,GET /api/v2/carriers/:carrierId/assets/:parentId/events; GET /api/v2/carriers/:carrierId/assets/:parentId/events/:id; GET /api/v2/carriers/:carrierId/assets; GET /api/v2/carriers/:carrierId/assets/:id,logs/class-matrix.json: RoadVehicle (catalog grants/policies/table ACL); logs/independent-rls-result.json; logs/auth-controls.json
105,CapacityPool,id,UUID,False,COMPLETO,capacity_pools.id,131,capacity_pools.id,capacity_pools.id,uuid,NO,gen_random_uuid(),"capacity_pools_carrier_id_fkey: FOREIGN KEY (carrier_id) REFERENCES carriers(id); capacity_pools_carrier_service_id_carrier_id_fkey: FOREIGN KEY (carrier_service_id, carrier_id) REFERENCES carrier_services(id, carrier_id); capacity_pools_fleet_service: FOREIGN KEY (carrier_service_id, carrier_id) REFERENCES carrier_services(id, carrier_id); capacity_pools_fulfilment_partner_id_fkey: FOREIGN KEY (fulfilment_partner_id) REFERENCES fulfilment_partners(id); capacity_pools_id_carrier_service_id_key: UNIQUE (id, carrier_service_id); capacity_pools_pkey: PRIMARY KEY (id)","CREATE UNIQUE INDEX capacity_pools_carrier_id_code_key ON public.capacity_pools USING btree (carrier_id, code); CREATE INDEX capacity_pools_fleet_carrier_idx ON public.capacity_pools USING btree (carrier_id, created_at, id); CREATE UNIQUE INDEX capacity_pools_id_carrier_service_id_key ON public.capacity_pools USING btree (id, carrier_service_id); CREATE UNIQUE INDEX capacity_pools_pkey ON public.capacity_pools USING btree (id); CREATE INDEX capacity_pools_service_active_idx ON public.capacity_pools USING btree (carrier_service_id, active); CREATE INDEX fleet_pool_partner_idx ON public.capacity_pools USING btree (fulfilment_partner_id)",NO_WRITABLE_DTO,—,—,—,—,—,cargomesh/src/shared/schemas/v2/catalog.ts:104; schema catalog.ts:CatalogRecordV2Schema; field id,id,ZodString,False,False,supabase-v2/supabase/migrations/20260927064713_hac12_road_vertical.sql:79,capacity-pools,"[{""file"":""roundtrips.json"",""row"":11,""id"":""9eb87b80-03c4-4ccb-a15c-23fb03d15a96"",""state"":""VALUE"",""inputState"":""MISSING"",""inputEqualsRead"":null,""value"":""9eb87b80-03c4-4ccb-a15c-23fb03d15a96""}]",COMPLETO,Resolved storage and current typed output agree with a concrete POST/GET or measured read projection,HAC-40 / Cristhian,29c385fe0ee501eb4b8b989b0a247c8fdeda62ad,POST /api/v2/carriers/:carrierId/capacity-pools; POST /api/v2/carriers/:carrierId/capacity-pools/:id/revisions,GET /api/v2/carriers/:carrierId/capacity-pools; GET /api/v2/carriers/:carrierId/capacity-pools/:id,logs/class-matrix.json: CapacityPool (catalog grants/policies/table ACL); logs/independent-rls-result.json; logs/auth-controls.json
106,CapacityPool,mode,TransportMode,False,DIVERGENTE,capacity_pools.mode,132,capacity_pools.mode,capacity_pools.mode,text,YES,None,"capacity_pools_mode_check: CHECK ((mode = ANY (ARRAY['ROAD'::text, 'RAIL'::text, 'SEA'::text, 'AIR'::text])))",,cargomesh/src/shared/schemas/v2/catalog.ts:1; schema catalog.ts:CatalogInputsV2:capacity-pools; field mode,mode,ZodEnum,False,False,"{""type"":""ZodEnum"",""optional"":false,""nullable"":false,""values"":[""ROAD"",""RAIL"",""SEA"",""AIR""]}",cargomesh/src/shared/schemas/v2/fleet.ts:42; schema fleet.ts:FleetOutputsV2:capacity-pools; field value.mode,value.mode,ZodEnum,False,False,supabase-v2/supabase/migrations/20261004042259_hac40_fleet.sql:29,capacity-pools,"[{""file"":""roundtrips.json"",""row"":11,""id"":""9eb87b80-03c4-4ccb-a15c-23fb03d15a96"",""state"":""VALUE"",""inputState"":""VALUE"",""inputEqualsRead"":true,""value"":""ROAD""}]",PARCIAL,Nullable physical column requires field-specific command proof,HAC-40 / Cristhian,29c385fe0ee501eb4b8b989b0a247c8fdeda62ad,POST /api/v2/carriers/:carrierId/capacity-pools; POST /api/v2/carriers/:carrierId/capacity-pools/:id/revisions,GET /api/v2/carriers/:carrierId/capacity-pools; GET /api/v2/carriers/:carrierId/capacity-pools/:id,logs/class-matrix.json: CapacityPool (catalog grants/policies/table ACL); logs/independent-rls-result.json; logs/auth-controls.json
107,CapacityPool,serviceWindow,TimeWindow,False,DIVERGENTE,capacity_pools.starts_at; capacity_pools.ends_at,133,capacity_pools.starts_at; capacity_pools.ends_at,capacity_pools.starts_at; capacity_pools.ends_at,timestamp with time zone; timestamp with time zone,YES; YES,None; None,fleet_pool_window: CHECK ((((starts_at IS NULL) AND (ends_at IS NULL)) OR (ends_at > starts_at))),,cargomesh/src/shared/schemas/v2/catalog.ts:1; schema catalog.ts:CatalogInputsV2:capacity-pools; field serviceWindow,serviceWindow,ZodObject,False,False,"{""type"":""ZodObject"",""optional"":false,""nullable"":false,""fields"":{""startsAt"":{""type"":""ZodString"",""optional"":false,""nullable"":false,""checks"":[{""kind"":""datetime"",""precision"":null,""offset"":true,""local"":false}]},""endsAt"":{""type"":""ZodString"",""optional"":false,""nullable"":false,""checks"":[{""kind"":""datetime"",""precision"":null,""offset"":true,""local"":false}]}},""unknownKeys"":""strict""}",cargomesh/src/shared/schemas/v2/fleet.ts:42; schema fleet.ts:FleetOutputsV2:capacity-pools; field value.serviceWindow,value.serviceWindow,ZodObject,False,False,supabase-v2/supabase/migrations/20261004042259_hac40_fleet.sql:29; supabase-v2/supabase/migrations/20261004042259_hac40_fleet.sql:29,capacity-pools,"[{""file"":""roundtrips.json"",""row"":11,""id"":""9eb87b80-03c4-4ccb-a15c-23fb03d15a96"",""state"":""VALUE"",""inputState"":""VALUE"",""inputEqualsRead"":false,""value"":{""startsAt"":""2027-01-01T00:00:00+00:00"",""endsAt"":""2027-02-01T00:00:00+00:00""}}]",COMPLETO,Resolved storage and current typed output agree with a concrete POST/GET or measured read projection,HAC-40 / Cristhian,29c385fe0ee501eb4b8b989b0a247c8fdeda62ad,POST /api/v2/carriers/:carrierId/capacity-pools; POST /api/v2/carriers/:carrierId/capacity-pools/:id/revisions,GET /api/v2/carriers/:carrierId/capacity-pools; GET /api/v2/carriers/:carrierId/capacity-pools/:id,logs/class-matrix.json: CapacityPool (catalog grants/policies/table ACL); logs/independent-rls-result.json; logs/auth-controls.json
108,CapacityPool,declaredCapacity,Capacity,False,COMPLETO,capacity_pools.max_weight_kg; capacity_pools.max_volume_m3,134,capacity_pools.max_weight_kg; capacity_pools.max_volume_m3,capacity_pools.max_weight_kg; capacity_pools.max_volume_m3,numeric; numeric,YES; YES,None; None,capacity_pools_max_volume_m3_check: CHECK ((max_volume_m3 > (0)::numeric)); capacity_pools_max_weight_kg_check: CHECK ((max_weight_kg > (0)::numeric)),,cargomesh/src/shared/schemas/v2/catalog.ts:1; schema catalog.ts:CatalogInputsV2:capacity-pools; field declaredCapacity,declaredCapacity,ZodObject,False,False,"{""type"":""ZodObject"",""optional"":false,""nullable"":false,""fields"":{""weightKg"":{""type"":""ZodNumber"",""optional"":false,""nullable"":true,""checks"":[{""kind"":""min"",""value"":0,""inclusive"":false}]},""volumeM3"":{""type"":""ZodNumber"",""optional"":false,""nullable"":true,""checks"":[{""kind"":""min"",""value"":0,""inclusive"":false}]}},""unknownKeys"":""strict""}",cargomesh/src/shared/schemas/v2/fleet.ts:42; schema fleet.ts:FleetOutputsV2:capacity-pools; field value.declaredCapacity,value.declaredCapacity,ZodObject,False,False,supabase-v2/supabase/migrations/20260927064713_hac12_road_vertical.sql:84; supabase-v2/supabase/migrations/20260927064713_hac12_road_vertical.sql:85,capacity-pools,"[{""file"":""roundtrips.json"",""row"":11,""id"":""9eb87b80-03c4-4ccb-a15c-23fb03d15a96"",""state"":""VALUE"",""inputState"":""VALUE"",""inputEqualsRead"":true,""value"":{""weightKg"":10000,""volumeM3"":40}}]",COMPLETO,Resolved storage and current typed output agree with a concrete POST/GET or measured read projection,HAC-40 / Cristhian,29c385fe0ee501eb4b8b989b0a247c8fdeda62ad,POST /api/v2/carriers/:carrierId/capacity-pools; POST /api/v2/carriers/:carrierId/capacity-pools/:id/revisions,GET /api/v2/carriers/:carrierId/capacity-pools; GET /api/v2/carriers/:carrierId/capacity-pools/:id,logs/class-matrix.json: CapacityPool (catalog grants/policies/table ACL); logs/independent-rls-result.json; logs/auth-controls.json
109,CapacityPool,partner,FulfilmentSource,False,DIVERGENTE,capacity_pools.fulfilment_source,135,capacity_pools.fulfilment_source,capacity_pools.fulfilment_source,text,YES,None,"capacity_pools_fulfilment_source_check: CHECK ((fulfilment_source = ANY (ARRAY['OWN'::text, 'CONTRACTED'::text, 'PARTNER'::text])))",,cargomesh/src/shared/schemas/v2/catalog.ts:1; schema catalog.ts:CatalogInputsV2:capacity-pools; field provenance,provenance,ZodEnum,False,False,"{""type"":""ZodEnum"",""optional"":false,""nullable"":false,""values"":[""OWN"",""CONTRACTED"",""PARTNER""]}",cargomesh/src/shared/schemas/v2/fleet.ts:42; schema fleet.ts:FleetOutputsV2:capacity-pools; field value.provenance,value.provenance,ZodEnum,False,False,supabase-v2/supabase/migrations/20261004042259_hac40_fleet.sql:29,capacity-pools,"[{""file"":""roundtrips.json"",""row"":11,""id"":""9eb87b80-03c4-4ccb-a15c-23fb03d15a96"",""state"":""VALUE"",""inputState"":""VALUE"",""inputEqualsRead"":true,""value"":""CONTRACTED""}]",PARCIAL,Nullable physical column requires field-specific command proof,HAC-40 / Cristhian,29c385fe0ee501eb4b8b989b0a247c8fdeda62ad,POST /api/v2/carriers/:carrierId/capacity-pools; POST /api/v2/carriers/:carrierId/capacity-pools/:id/revisions,GET /api/v2/carriers/:carrierId/capacity-pools; GET /api/v2/carriers/:carrierId/capacity-pools/:id,logs/class-matrix.json: CapacityPool (catalog grants/policies/table ACL); logs/independent-rls-result.json; logs/auth-controls.json
110,CapacityPool,evidence,EvidenceRef,False,DIVERGENTE,capacity_pools.evidence,136,capacity_pools.evidence,capacity_pools.evidence,text,YES,None,,,cargomesh/src/shared/schemas/v2/catalog.ts:1; schema catalog.ts:CatalogInputsV2:capacity-pools; field evidence,evidence,ZodString,False,False,"{""type"":""ZodString"",""optional"":false,""nullable"":false,""checks"":[{""kind"":""trim""},{""kind"":""min"",""value"":1},{""kind"":""max"",""value"":500}]}",cargomesh/src/shared/schemas/v2/fleet.ts:42; schema fleet.ts:FleetOutputsV2:capacity-pools; field value.evidence,value.evidence,ZodString,False,False,supabase-v2/supabase/migrations/20261004042259_hac40_fleet.sql:29,capacity-pools,"[{""file"":""roundtrips.json"",""row"":11,""id"":""9eb87b80-03c4-4ccb-a15c-23fb03d15a96"",""state"":""VALUE"",""inputState"":""VALUE"",""inputEqualsRead"":true,""value"":""fixture:agreement""}]",PARCIAL,Nullable physical column requires field-specific command proof,HAC-40 / Cristhian,29c385fe0ee501eb4b8b989b0a247c8fdeda62ad,POST /api/v2/carriers/:carrierId/capacity-pools; POST /api/v2/carriers/:carrierId/capacity-pools/:id/revisions,GET /api/v2/carriers/:carrierId/capacity-pools; GET /api/v2/carriers/:carrierId/capacity-pools/:id,logs/class-matrix.json: CapacityPool (catalog grants/policies/table ACL); logs/independent-rls-result.json; logs/auth-controls.json
111,CapacityCalendar,timezone,TimeZone,False,DIVERGENTE,capacity_calendars.timezone,137,capacity_calendars.timezone,capacity_calendars.timezone,text,YES,None,,,cargomesh/src/shared/schemas/v2/catalog.ts:1; schema catalog.ts:CatalogInputsV2:calendars; field timezone,timezone,ZodString,False,False,"{""type"":""ZodString"",""optional"":false,""nullable"":false,""checks"":[{""kind"":""trim""},{""kind"":""min"",""value"":1},{""kind"":""max"",""value"":500}]}",cargomesh/src/shared/schemas/v2/fleet.ts:48; schema fleet.ts:FleetOutputsV2:calendars; field value.timezone,value.timezone,ZodString,False,False,supabase-v2/supabase/migrations/20261004042259_hac40_fleet.sql:35,calendars,"[{""file"":""roundtrips.json"",""row"":14,""id"":""cbb46faf-e594-4faa-8758-30dcdfec24b5"",""state"":""VALUE"",""inputState"":""VALUE"",""inputEqualsRead"":true,""value"":""America/Lima""},{""file"":""extended-roundtrips.json"",""row"":3,""id"":""8887ff40-5237-4a5d-befc-2c5f8995407d"",""state"":""VALUE"",""inputState"":""VALUE"",""inputEqualsRead"":true,""value"":""America/Lima""}]",PARCIAL,Nullable physical column requires field-specific command proof,HAC-40 / Cristhian,29c385fe0ee501eb4b8b989b0a247c8fdeda62ad,POST /api/v2/carriers/:carrierId/calendars; POST /api/v2/carriers/:carrierId/calendars/:id/revisions,GET /api/v2/carriers/:carrierId/calendars; GET /api/v2/carriers/:carrierId/calendars/:id,logs/class-matrix.json: CapacityCalendar (catalog grants/policies/table ACL); logs/independent-rls-result.json; logs/auth-controls.json
112,CapacityCalendar,horizon,TimeWindow,False,DIVERGENTE,capacity_calendars.horizon_starts_at; capacity_calendars.horizon_ends_at,138,capacity_calendars.horizon_starts_at; capacity_calendars.horizon_ends_at,capacity_calendars.horizon_starts_at; capacity_calendars.horizon_ends_at,timestamp with time zone; timestamp with time zone,YES; YES,None; None,fleet_calendar_horizon: CHECK ((((horizon_starts_at IS NULL) AND (horizon_ends_at IS NULL)) OR (horizon_ends_at > horizon_starts_at))),,cargomesh/src/shared/schemas/v2/catalog.ts:1; schema catalog.ts:CatalogInputsV2:calendars; field horizon,horizon,ZodObject,False,False,"{""type"":""ZodObject"",""optional"":false,""nullable"":false,""fields"":{""startsAt"":{""type"":""ZodString"",""optional"":false,""nullable"":false,""checks"":[{""kind"":""datetime"",""precision"":null,""offset"":true,""local"":false}]},""endsAt"":{""type"":""ZodString"",""optional"":false,""nullable"":false,""checks"":[{""kind"":""datetime"",""precision"":null,""offset"":true,""local"":false}]}},""unknownKeys"":""strict""}",cargomesh/src/shared/schemas/v2/fleet.ts:48; schema fleet.ts:FleetOutputsV2:calendars; field value.horizon,value.horizon,ZodObject,False,False,supabase-v2/supabase/migrations/20261004042259_hac40_fleet.sql:35; supabase-v2/supabase/migrations/20261004042259_hac40_fleet.sql:35,calendars,"[{""file"":""roundtrips.json"",""row"":14,""id"":""cbb46faf-e594-4faa-8758-30dcdfec24b5"",""state"":""VALUE"",""inputState"":""VALUE"",""inputEqualsRead"":false,""value"":{""startsAt"":""2027-01-01T00:00:00+00:00"",""endsAt"":""2027-02-01T00:00:00+00:00""}},{""file"":""extended-roundtrips.json"",""row"":3,""id"":""8887ff40-5237-4a5d-befc-2c5f8995407d"",""state"":""VALUE"",""inputState"":""VALUE"",""inputEqualsRead"":true,""value"":{""startsAt"":""2026-10-09T15:51:05.286166+00:00"",""endsAt"":""2026-10-10T17:51:05.286166+00:00""}}]",COMPLETO,Resolved storage and current typed output agree with a concrete POST/GET or measured read projection,HAC-40 / Cristhian,29c385fe0ee501eb4b8b989b0a247c8fdeda62ad,POST /api/v2/carriers/:carrierId/calendars; POST /api/v2/carriers/:carrierId/calendars/:id/revisions,GET /api/v2/carriers/:carrierId/calendars; GET /api/v2/carriers/:carrierId/calendars/:id,logs/class-matrix.json: CapacityCalendar (catalog grants/policies/table ACL); logs/independent-rls-result.json; logs/auth-controls.json
113,CapacityCalendar,source,DataSource,False,DIVERGENTE,capacity_calendars.source,139,capacity_calendars.source,capacity_calendars.source,text,YES,None,,,cargomesh/src/shared/schemas/v2/catalog.ts:1; schema catalog.ts:CatalogInputsV2:calendars; field source,source,ZodString,False,False,"{""type"":""ZodString"",""optional"":false,""nullable"":false,""checks"":[{""kind"":""trim""},{""kind"":""min"",""value"":1},{""kind"":""max"",""value"":500}]}",cargomesh/src/shared/schemas/v2/fleet.ts:48; schema fleet.ts:FleetOutputsV2:calendars; field value.source,value.source,ZodString,False,False,supabase-v2/supabase/migrations/20261004042259_hac40_fleet.sql:35,calendars,"[{""file"":""roundtrips.json"",""row"":14,""id"":""cbb46faf-e594-4faa-8758-30dcdfec24b5"",""state"":""VALUE"",""inputState"":""VALUE"",""inputEqualsRead"":true,""value"":""fixture:calendar""},{""file"":""extended-roundtrips.json"",""row"":3,""id"":""8887ff40-5237-4a5d-befc-2c5f8995407d"",""state"":""VALUE"",""inputState"":""VALUE"",""inputEqualsRead"":true,""value"":""fixture:calendar""}]",PARCIAL,Nullable physical column requires field-specific command proof,HAC-40 / Cristhian,29c385fe0ee501eb4b8b989b0a247c8fdeda62ad,POST /api/v2/carriers/:carrierId/calendars; POST /api/v2/carriers/:carrierId/calendars/:id/revisions,GET /api/v2/carriers/:carrierId/calendars; GET /api/v2/carriers/:carrierId/calendars/:id,logs/class-matrix.json: CapacityCalendar (catalog grants/policies/table ACL); logs/independent-rls-result.json; logs/auth-controls.json
114,CapacityCalendar,lastVerifiedAt,Instant,True,COMPLETO,capacity_calendars.last_verified_at,140,capacity_calendars.last_verified_at,capacity_calendars.last_verified_at,timestamp with time zone,YES,None,,,cargomesh/src/shared/schemas/v2/catalog.ts:1; schema catalog.ts:CatalogInputsV2:calendars; field lastVerifiedAt,lastVerifiedAt,ZodString,False,True,"{""type"":""ZodString"",""optional"":false,""nullable"":true,""checks"":[{""kind"":""datetime"",""precision"":null,""offset"":true,""local"":false}]}",cargomesh/src/shared/schemas/v2/fleet.ts:48; schema fleet.ts:FleetOutputsV2:calendars; field value.lastVerifiedAt,value.lastVerifiedAt,ZodString,False,True,supabase-v2/supabase/migrations/20261004042259_hac40_fleet.sql:35,calendars,"[{""file"":""roundtrips.json"",""row"":14,""id"":""cbb46faf-e594-4faa-8758-30dcdfec24b5"",""state"":""VALUE"",""inputState"":""VALUE"",""inputEqualsRead"":false,""value"":""2026-01-01T00:00:00+00:00""},{""file"":""extended-roundtrips.json"",""row"":3,""id"":""8887ff40-5237-4a5d-befc-2c5f8995407d"",""state"":""VALUE"",""inputState"":""VALUE"",""inputEqualsRead"":true,""value"":""2026-01-01T00:00:00+00:00""}]",COMPLETO,Resolved storage and current typed output agree with a concrete POST/GET or measured read projection,HAC-40 / Cristhian,29c385fe0ee501eb4b8b989b0a247c8fdeda62ad,POST /api/v2/carriers/:carrierId/calendars; POST /api/v2/carriers/:carrierId/calendars/:id/revisions,GET /api/v2/carriers/:carrierId/calendars; GET /api/v2/carriers/:carrierId/calendars/:id,logs/class-matrix.json: CapacityCalendar (catalog grants/policies/table ACL); logs/independent-rls-result.json; logs/auth-controls.json
115,CapacityCalendar,freshness,EvidenceStatus,False,DIVERGENTE,capacity_calendars.freshness,141,capacity_calendars.freshness,capacity_calendars.freshness,text,YES,None,,,cargomesh/src/shared/schemas/v2/catalog.ts:1; schema catalog.ts:CatalogInputsV2:calendars; field freshness,freshness,ZodEnum,False,False,"{""type"":""ZodEnum"",""optional"":false,""nullable"":false,""values"":[""VERIFIED"",""ESTIMATED"",""SIMULATED"",""UNKNOWN""]}",cargomesh/src/shared/schemas/v2/fleet.ts:48; schema fleet.ts:FleetOutputsV2:calendars; field value.freshness,value.freshness,ZodEnum,False,False,supabase-v2/supabase/migrations/20261004042259_hac40_fleet.sql:35,calendars,"[{""file"":""roundtrips.json"",""row"":14,""id"":""cbb46faf-e594-4faa-8758-30dcdfec24b5"",""state"":""VALUE"",""inputState"":""VALUE"",""inputEqualsRead"":true,""value"":""SIMULATED""},{""file"":""extended-roundtrips.json"",""row"":3,""id"":""8887ff40-5237-4a5d-befc-2c5f8995407d"",""state"":""VALUE"",""inputState"":""VALUE"",""inputEqualsRead"":true,""value"":""SIMULATED""}]",PARCIAL,Nullable physical column requires field-specific command proof,HAC-40 / Cristhian,29c385fe0ee501eb4b8b989b0a247c8fdeda62ad,POST /api/v2/carriers/:carrierId/calendars; POST /api/v2/carriers/:carrierId/calendars/:id/revisions,GET /api/v2/carriers/:carrierId/calendars; GET /api/v2/carriers/:carrierId/calendars/:id,logs/class-matrix.json: CapacityCalendar (catalog grants/policies/table ACL); logs/independent-rls-result.json; logs/auth-controls.json
116,CapacityReservation,occupiedWindow,TimeWindow,False,COMPLETO,capacity_reservations.starts_at; capacity_reservations.ends_at,142,capacity_reservations.starts_at; capacity_reservations.ends_at,capacity_reservations.starts_at; capacity_reservations.ends_at,timestamp with time zone; timestamp with time zone,NO; NO,None; None,"capacity_reservations_check: CHECK ((ends_at > starts_at)); capacity_reservations_no_overlap: EXCLUDE USING gist (capacity_calendar_id WITH =, tstzrange(starts_at, ends_at, '[)'::text) WITH &&) WHERE (((status = ANY (ARRAY['HELD'::text, 'CONFIRMED'::text])) AND (consolidation_id IS NULL)))","CREATE INDEX capacity_reservations_calendar_window_idx ON public.capacity_reservations USING btree (capacity_calendar_id, starts_at, ends_at) WHERE (status = ANY (ARRAY['HELD'::text, 'CONFIRMED'::text])); CREATE INDEX capacity_reservations_no_overlap ON public.capacity_reservations USING gist (capacity_calendar_id, tstzrange(starts_at, ends_at, '[)'::text)) WHERE ((status = ANY (ARRAY['HELD'::text, 'CONFIRMED'::text])) AND (consolidation_id IS NULL))",GENERATED_BY_PARENT_COMMAND,—,—,—,—,—,cargomesh/src/shared/schemas/v2/workflow.ts:157; schema workflow.ts:WorkflowRecordV2Schema; field data.window,data.window,ZodObject,False,False,supabase-v2/supabase/migrations/20260927064713_hac12_road_vertical.sql:131; supabase-v2/supabase/migrations/20260927064713_hac12_road_vertical.sql:132,holds,"[{""file"":""extended-roundtrips.json"",""row"":20,""id"":""2be15893-067d-42cb-b5cb-dd6de6822bc6"",""state"":""VALUE"",""inputState"":""MISSING"",""inputEqualsRead"":null,""value"":{""startsAt"":""2026-10-09T16:51:05.286166+00:00"",""endsAt"":""2026-10-10T01:51:05.286166+00:00""}},{""file"":""ltl-roundtrips.json"",""row"":1,""id"":""608e1289-9182-4160-8600-941dbf736bf5"",""state"":""VALUE"",""inputState"":""MISSING"",""inputEqualsRead"":null,""value"":{""startsAt"":""2026-10-09T17:21:05.983111+00:00"",""endsAt"":""2026-10-09T20:51:05.983111+00:00""}}]",COMPLETO,Resolved storage and current typed output agree with a concrete POST/GET or measured read projection,HAC-40 / Cristhian,29c385fe0ee501eb4b8b989b0a247c8fdeda62ad,POST /api/v2/carriers/:carrierId/capacity/holds/:id/confirmations; POST /api/v2/carriers/:carrierId/capacity/holds/:id/releases; POST /api/v2/capacity/holds; POST /api/v2/capacity/holds/:id/releases,GET /api/v2/carriers/:carrierId/capacity/holds; GET /api/v2/carriers/:carrierId/capacity/holds/:id; GET /api/v2/capacity/holds; GET /api/v2/capacity/holds/:id; GET /api/v2/bookings/:parentId/reservations; GET /api/v2/bookings/:parentId/reservations/:id,logs/class-matrix.json: CapacityReservation (catalog grants/policies/table ACL); logs/independent-rls-result.json; logs/auth-controls.json
117,CapacityReservation,committedCapacity,Capacity,False,PARCIAL,capacity_reservations.committed_capacity,143,capacity_reservations.committed_capacity,capacity_reservations.committed_capacity,jsonb,YES,None,"crew_reservation_capacity: CHECK (((committed_capacity IS NULL) OR ((jsonb_typeof(committed_capacity) = 'object'::text) AND (committed_capacity ?& ARRAY['weightKg'::text, 'volumeM3'::text]) AND (jsonb_typeof((committed_capacity -> 'weightKg'::text)) = 'number'::text) AND (jsonb_typeof((committed_capacity -> 'volumeM3'::text)) = 'number'::text) AND (((committed_capacity ->> 'weightKg'::text))::numeric >= (0)::numeric) AND (((committed_capacity ->> 'volumeM3'::text))::numeric >= (0)::numeric))))",,GENERATED_BY_PARENT_COMMAND,—,—,—,—,—,cargomesh/src/shared/schemas/v2/workflow.ts:157; schema workflow.ts:WorkflowRecordV2Schema; field data.capacityCommitted,data.capacityCommitted,ZodObject,False,False,supabase-v2/supabase/migrations/20261004080506_hac40_crew_assignments.sql:75,holds,"[{""file"":""extended-roundtrips.json"",""row"":20,""id"":""2be15893-067d-42cb-b5cb-dd6de6822bc6"",""state"":""VALUE"",""inputState"":""MISSING"",""inputEqualsRead"":null,""value"":{""weightKg"":1000,""volumeM3"":2}},{""file"":""ltl-roundtrips.json"",""row"":1,""id"":""608e1289-9182-4160-8600-941dbf736bf5"",""state"":""VALUE"",""inputState"":""MISSING"",""inputEqualsRead"":null,""value"":{""weightKg"":1000,""volumeM3"":2}}]",PARCIAL,Nullable physical column requires field-specific command proof,HAC-40 / Cristhian,29c385fe0ee501eb4b8b989b0a247c8fdeda62ad,POST /api/v2/carriers/:carrierId/capacity/holds/:id/confirmations; POST /api/v2/carriers/:carrierId/capacity/holds/:id/releases; POST /api/v2/capacity/holds; POST /api/v2/capacity/holds/:id/releases,GET /api/v2/carriers/:carrierId/capacity/holds; GET /api/v2/carriers/:carrierId/capacity/holds/:id; GET /api/v2/capacity/holds; GET /api/v2/capacity/holds/:id; GET /api/v2/bookings/:parentId/reservations; GET /api/v2/bookings/:parentId/reservations/:id,logs/class-matrix.json: CapacityReservation (catalog grants/policies/table ACL); logs/independent-rls-result.json; logs/auth-controls.json
118,CapacityReservation,status,ReservationStatus,False,COMPLETO,capacity_reservations.status,144,capacity_reservations.status,capacity_reservations.status,text,NO,None,"capacity_reservations_no_overlap: EXCLUDE USING gist (capacity_calendar_id WITH =, tstzrange(starts_at, ends_at, '[)'::text) WITH &&) WHERE (((status = ANY (ARRAY['HELD'::text, 'CONFIRMED'::text])) AND (consolidation_id IS NULL))); capacity_reservations_status_check: CHECK ((status = ANY (ARRAY['HELD'::text, 'CONFIRMED'::text, 'RELEASED'::text])))","CREATE INDEX capacity_reservations_calendar_window_idx ON public.capacity_reservations USING btree (capacity_calendar_id, starts_at, ends_at) WHERE (status = ANY (ARRAY['HELD'::text, 'CONFIRMED'::text])); CREATE INDEX capacity_reservations_no_overlap ON public.capacity_reservations USING gist (capacity_calendar_id, tstzrange(starts_at, ends_at, '[)'::text)) WHERE ((status = ANY (ARRAY['HELD'::text, 'CONFIRMED'::text])) AND (consolidation_id IS NULL))",GENERATED_BY_PARENT_COMMAND,—,—,—,—,—,cargomesh/src/shared/schemas/v2/workflow.ts:157; schema workflow.ts:WorkflowRecordV2Schema; field status,status,ZodString,False,False,supabase-v2/supabase/migrations/20260927064713_hac12_road_vertical.sql:133,holds,"[{""file"":""extended-roundtrips.json"",""row"":20,""id"":""2be15893-067d-42cb-b5cb-dd6de6822bc6"",""state"":""VALUE"",""inputState"":""MISSING"",""inputEqualsRead"":null,""value"":""HELD""},{""file"":""ltl-roundtrips.json"",""row"":1,""id"":""608e1289-9182-4160-8600-941dbf736bf5"",""state"":""VALUE"",""inputState"":""MISSING"",""inputEqualsRead"":null,""value"":""HELD""}]",COMPLETO,Resolved storage and current typed output agree with a concrete POST/GET or measured read projection,HAC-40 / Cristhian,29c385fe0ee501eb4b8b989b0a247c8fdeda62ad,POST /api/v2/carriers/:carrierId/capacity/holds/:id/confirmations; POST /api/v2/carriers/:carrierId/capacity/holds/:id/releases; POST /api/v2/capacity/holds; POST /api/v2/capacity/holds/:id/releases,GET /api/v2/carriers/:carrierId/capacity/holds; GET /api/v2/carriers/:carrierId/capacity/holds/:id; GET /api/v2/capacity/holds; GET /api/v2/capacity/holds/:id; GET /api/v2/bookings/:parentId/reservations; GET /api/v2/bookings/:parentId/reservations/:id,logs/class-matrix.json: CapacityReservation (catalog grants/policies/table ACL); logs/independent-rls-result.json; logs/auth-controls.json
119,CapacityReservation,reference,string,False,PARCIAL,capacity_reservations.reference,145,capacity_reservations.reference,capacity_reservations.reference,text,YES,None,,,cargomesh/src/shared/schemas/v2/workflow.ts:90; schema workflow.ts:WorkflowInputsV2:holds.create; field evidence.reference,evidence.reference,ZodString,False,False,"{""type"":""ZodString"",""optional"":false,""nullable"":false,""checks"":[{""kind"":""trim""},{""kind"":""min"",""value"":1},{""kind"":""max"",""value"":500}]}",cargomesh/src/shared/schemas/v2/workflow.ts:157; schema workflow.ts:WorkflowRecordV2Schema; field data.evidence.reference,data.evidence.reference,ZodString,False,False,supabase-v2/supabase/migrations/20261004080506_hac40_crew_assignments.sql:75,holds,"[{""file"":""extended-roundtrips.json"",""row"":20,""id"":""2be15893-067d-42cb-b5cb-dd6de6822bc6"",""state"":""VALUE"",""inputState"":""VALUE"",""inputEqualsRead"":true,""value"":""fixture:workflow""},{""file"":""ltl-roundtrips.json"",""row"":1,""id"":""608e1289-9182-4160-8600-941dbf736bf5"",""state"":""VALUE"",""inputState"":""VALUE"",""inputEqualsRead"":true,""value"":""fixture:workflow""}]",PARCIAL,Nullable physical column requires field-specific command proof,HAC-40 / Cristhian,29c385fe0ee501eb4b8b989b0a247c8fdeda62ad,POST /api/v2/carriers/:carrierId/capacity/holds/:id/confirmations; POST /api/v2/carriers/:carrierId/capacity/holds/:id/releases; POST /api/v2/capacity/holds; POST /api/v2/capacity/holds/:id/releases,GET /api/v2/carriers/:carrierId/capacity/holds; GET /api/v2/carriers/:carrierId/capacity/holds/:id; GET /api/v2/capacity/holds; GET /api/v2/capacity/holds/:id; GET /api/v2/bookings/:parentId/reservations; GET /api/v2/bookings/:parentId/reservations/:id,logs/class-matrix.json: CapacityReservation (catalog grants/policies/table ACL); logs/independent-rls-result.json; logs/auth-controls.json
120,CapacityReservation,source,DataSource,False,PARCIAL,capacity_reservations.source,146,capacity_reservations.source,capacity_reservations.source,text,YES,None,,CREATE INDEX reservation_resource_idx ON public.capacity_reservations USING btree (plan_resource_id),cargomesh/src/shared/schemas/v2/workflow.ts:90; schema workflow.ts:WorkflowInputsV2:holds.create; field evidence,evidence,ZodObject,False,False,"{""type"":""ZodObject"",""optional"":false,""nullable"":false,""fields"":{""reference"":{""type"":""ZodString"",""optional"":false,""nullable"":false,""checks"":[{""kind"":""trim""},{""kind"":""min"",""value"":1},{""kind"":""max"",""value"":500}]},""provider"":{""type"":""ZodString"",""optional"":false,""nullable"":false,""checks"":[{""kind"":""trim""},{""kind"":""min"",""value"":1},{""kind"":""max"",""value"":150}]},""observedAt"":{""type"":""ZodString"",""optional"":false,""nullable"":false,""checks"":[{""kind"":""datetime"",""precision"":null,""offset"":true,""local"":false}]},""validUntil"":{""type"":""ZodString"",""optional"":false,""nullable"":true,""checks"":[{""kind"":""datetime"",""precision"":null,""offset"":true,""local"":false}]},""provenanceStatus"":{""type"":""ZodEnum"",""optional"":false,""nullable"":false,""values"":[""VERIFIED"",""ESTIMATED"",""SIMULATED"",""UNKNOWN""]}},""unknownKeys"":""strict""}",cargomesh/src/shared/schemas/v2/workflow.ts:157; schema workflow.ts:WorkflowRecordV2Schema; field data.evidence,data.evidence,ZodObject,False,False,supabase-v2/supabase/migrations/20261004080506_hac40_crew_assignments.sql:75,holds,"[{""file"":""extended-roundtrips.json"",""row"":20,""id"":""2be15893-067d-42cb-b5cb-dd6de6822bc6"",""state"":""VALUE"",""inputState"":""VALUE"",""inputEqualsRead"":false,""value"":{""reference"":""fixture:workflow"",""verifiedAt"":""2020-01-01T00:00:00Z"",""validUntil"":""2030-01-01T00:00:00Z"",""provenanceStatus"":""SIMULATED""}},{""file"":""ltl-roundtrips.json"",""row"":1,""id"":""608e1289-9182-4160-8600-941dbf736bf5"",""state"":""VALUE"",""inputState"":""VALUE"",""inputEqualsRead"":false,""value"":{""reference"":""fixture:workflow"",""verifiedAt"":""2020-01-01T00:00:00Z"",""validUntil"":""2030-01-01T00:00:00Z"",""provenanceStatus"":""SIMULATED""}}]",PARCIAL,Nullable physical column requires field-specific command proof,HAC-40 / Cristhian,29c385fe0ee501eb4b8b989b0a247c8fdeda62ad,POST /api/v2/carriers/:carrierId/capacity/holds/:id/confirmations; POST /api/v2/carriers/:carrierId/capacity/holds/:id/releases; POST /api/v2/capacity/holds; POST /api/v2/capacity/holds/:id/releases,GET /api/v2/carriers/:carrierId/capacity/holds; GET /api/v2/carriers/:carrierId/capacity/holds/:id; GET /api/v2/capacity/holds; GET /api/v2/capacity/holds/:id; GET /api/v2/bookings/:parentId/reservations; GET /api/v2/bookings/:parentId/reservations/:id,logs/class-matrix.json: CapacityReservation (catalog grants/policies/table ACL); logs/independent-rls-result.json; logs/auth-controls.json
121,CapacityReservation,id,UUID,False,COMPLETO,capacity_reservations.id,147,capacity_reservations.id,capacity_reservations.id,uuid,NO,gen_random_uuid(),capacity_reservations_booking_id_fkey: FOREIGN KEY (booking_id) REFERENCES v2_bookings(id); capacity_reservations_capacity_calendar_id_fkey: FOREIGN KEY (capacity_calendar_id) REFERENCES capacity_calendars(id) ON DELETE CASCADE; capacity_reservations_consolidation_id_fkey: FOREIGN KEY (consolidation_id) REFERENCES capacity_consolidations(id); capacity_reservations_execution_id_fkey: FOREIGN KEY (execution_id) REFERENCES transport_executions(id); capacity_reservations_freight_request_id_fkey: FOREIGN KEY (freight_request_id) REFERENCES freight_requests(id); capacity_reservations_parent_reservation_id_fkey: FOREIGN KEY (parent_reservation_id) REFERENCES capacity_reservations(id); capacity_reservations_pkey: PRIMARY KEY (id); capacity_reservations_plan_leg_assignment_id_fkey: FOREIGN KEY (plan_leg_assignment_id) REFERENCES plan_leg_assignments(id); capacity_reservations_plan_resource_id_fkey: FOREIGN KEY (plan_resource_id) REFERENCES plan_resources(id); reservation_parent_not_self: CHECK ((parent_reservation_id IS DISTINCT FROM id)); reservation_plan_assignment_fk: FOREIGN KEY (plan_assignment_id) REFERENCES plan_resource_bindings(id),"CREATE INDEX capacity_reservations_booking_idx ON public.capacity_reservations USING btree (booking_id); CREATE INDEX capacity_reservations_calendar_window_idx ON public.capacity_reservations USING btree (capacity_calendar_id, starts_at, ends_at) WHERE (status = ANY (ARRAY['HELD'::text, 'CONFIRMED'::text])); CREATE INDEX capacity_reservations_freight_request_id_fkey_fk_idx ON public.capacity_reservations USING btree (freight_request_id); CREATE INDEX capacity_reservations_no_overlap ON public.capacity_reservations USING gist (capacity_calendar_id, tstzrange(starts_at, ends_at, '[)'::text)) WHERE ((status = ANY (ARRAY['HELD'::text, 'CONFIRMED'::text])) AND (consolidation_id IS NULL)); CREATE INDEX capacity_reservations_parent_reservation_id_fke_fk_idx ON public.capacity_reservations USING btree (parent_reservation_id); CREATE UNIQUE INDEX capacity_reservations_pkey ON public.capacity_reservations USING btree (id); CREATE INDEX crew_reservation_execution_idx ON public.capacity_reservations USING btree (execution_id); CREATE INDEX reservation_leg_idx ON public.capacity_reservations USING btree (plan_leg_assignment_id); CREATE INDEX reservation_plan_assignment_fk_fk_idx ON public.capacity_reservations USING btree (plan_assignment_id); CREATE INDEX reservation_resource_idx ON public.capacity_reservations USING btree (plan_resource_id); CREATE INDEX reservations_consolidation_idx ON public.capacity_reservations USING btree (consolidation_id) WHERE (consolidation_id IS NOT NULL)",GENERATED_BY_PARENT_COMMAND,—,—,—,—,—,cargomesh/src/shared/schemas/v2/workflow.ts:157; schema workflow.ts:WorkflowRecordV2Schema; field id,id,ZodString,False,False,supabase-v2/supabase/migrations/20260927064713_hac12_road_vertical.sql:128,holds,"[{""file"":""extended-roundtrips.json"",""row"":20,""id"":""2be15893-067d-42cb-b5cb-dd6de6822bc6"",""state"":""VALUE"",""inputState"":""MISSING"",""inputEqualsRead"":null,""value"":""2be15893-067d-42cb-b5cb-dd6de6822bc6""},{""file"":""ltl-roundtrips.json"",""row"":1,""id"":""608e1289-9182-4160-8600-941dbf736bf5"",""state"":""VALUE"",""inputState"":""MISSING"",""inputEqualsRead"":null,""value"":""608e1289-9182-4160-8600-941dbf736bf5""}]",COMPLETO,Resolved storage and current typed output agree with a concrete POST/GET or measured read projection,HAC-40 / Cristhian,29c385fe0ee501eb4b8b989b0a247c8fdeda62ad,POST /api/v2/carriers/:carrierId/capacity/holds/:id/confirmations; POST /api/v2/carriers/:carrierId/capacity/holds/:id/releases; POST /api/v2/capacity/holds; POST /api/v2/capacity/holds/:id/releases,GET /api/v2/carriers/:carrierId/capacity/holds; GET /api/v2/carriers/:carrierId/capacity/holds/:id; GET /api/v2/capacity/holds; GET /api/v2/capacity/holds/:id; GET /api/v2/bookings/:parentId/reservations; GET /api/v2/bookings/:parentId/reservations/:id,logs/class-matrix.json: CapacityReservation (catalog grants/policies/table ACL); logs/independent-rls-result.json; logs/auth-controls.json
122,CapacityReservation,planResourceId,UUID,True,DIVERGENTE,capacity_reservations.plan_assignment_id,148,capacity_reservations.plan_assignment_id,capacity_reservations.plan_resource_id,uuid,YES,None,capacity_reservations_plan_resource_id_fkey: FOREIGN KEY (plan_resource_id) REFERENCES plan_resources(id),CREATE INDEX reservation_resource_idx ON public.capacity_reservations USING btree (plan_resource_id),cargomesh/src/shared/schemas/v2/workflow.ts:90; schema workflow.ts:WorkflowInputsV2:holds.create; field planResourceId,planResourceId,ZodString,True,False,"{""type"":""ZodString"",""optional"":true,""nullable"":false,""checks"":[{""kind"":""uuid""}]}",cargomesh/src/shared/schemas/v2/workflow.ts:157; schema workflow.ts:WorkflowRecordV2Schema; field data.planResourceId,data.planResourceId,ZodString,False,False,supabase-v2/supabase/migrations/20261005192012_hac40_uml_cardinalities.sql:82,holds,"[{""file"":""extended-roundtrips.json"",""row"":20,""id"":""2be15893-067d-42cb-b5cb-dd6de6822bc6"",""state"":""VALUE"",""inputState"":""MISSING"",""inputEqualsRead"":null,""value"":""47c60f77-3036-470d-8982-9c3b307c7897""},{""file"":""ltl-roundtrips.json"",""row"":1,""id"":""608e1289-9182-4160-8600-941dbf736bf5"",""state"":""VALUE"",""inputState"":""MISSING"",""inputEqualsRead"":null,""value"":""44d08c84-1ce7-4196-9998-bb09ef45d133""}]",COMPLETO,Resolved storage and current typed output agree with a concrete POST/GET or measured read projection,HAC-40 / Cristhian,29c385fe0ee501eb4b8b989b0a247c8fdeda62ad,POST /api/v2/carriers/:carrierId/capacity/holds/:id/confirmations; POST /api/v2/carriers/:carrierId/capacity/holds/:id/releases; POST /api/v2/capacity/holds; POST /api/v2/capacity/holds/:id/releases,GET /api/v2/carriers/:carrierId/capacity/holds; GET /api/v2/carriers/:carrierId/capacity/holds/:id; GET /api/v2/capacity/holds; GET /api/v2/capacity/holds/:id; GET /api/v2/bookings/:parentId/reservations; GET /api/v2/bookings/:parentId/reservations/:id,logs/class-matrix.json: CapacityReservation (catalog grants/policies/table ACL); logs/independent-rls-result.json; logs/auth-controls.json
123,ScheduledMaintenance,blockedWindow,TimeWindow,False,COMPLETO,scheduled_maintenances.starts_at; scheduled_maintenances.ends_at,149,scheduled_maintenances.starts_at; scheduled_maintenances.ends_at,scheduled_maintenances.starts_at; scheduled_maintenances.ends_at,timestamp with time zone; timestamp with time zone,NO; NO,None; None,scheduled_maintenances_check: CHECK ((ends_at > starts_at)),"CREATE INDEX scheduled_maintenances_asset_window_idx ON public.scheduled_maintenances USING btree (transport_asset_id, starts_at, ends_at)",cargomesh/src/shared/schemas/v2/catalog.ts:1; schema catalog.ts:CatalogInputsV2:maintenances; field blockedWindow,blockedWindow,ZodObject,False,False,"{""type"":""ZodObject"",""optional"":false,""nullable"":false,""fields"":{""startsAt"":{""type"":""ZodString"",""optional"":false,""nullable"":false,""checks"":[{""kind"":""datetime"",""precision"":null,""offset"":true,""local"":false}]},""endsAt"":{""type"":""ZodString"",""optional"":false,""nullable"":false,""checks"":[{""kind"":""datetime"",""precision"":null,""offset"":true,""local"":false}]}},""unknownKeys"":""strict""}",cargomesh/src/shared/schemas/v2/fleet.ts:60; schema fleet.ts:FleetOutputsV2:maintenances; field value.blockedWindow,value.blockedWindow,ZodObject,False,False,supabase-v2/supabase/migrations/20260927064713_hac12_road_vertical.sql:144; supabase-v2/supabase/migrations/20260927064713_hac12_road_vertical.sql:145,maintenances,"[{""file"":""roundtrips.json"",""row"":15,""id"":""2956ae79-f437-4a72-b9fe-cc4a63715e38"",""state"":""VALUE"",""inputState"":""VALUE"",""inputEqualsRead"":false,""value"":{""startsAt"":""2027-01-10T00:00:00+00:00"",""endsAt"":""2027-01-11T00:00:00+00:00""}}]",COMPLETO,Resolved storage and current typed output agree with a concrete POST/GET or measured read projection,HAC-40 / Cristhian,29c385fe0ee501eb4b8b989b0a247c8fdeda62ad,POST /api/v2/carriers/:carrierId/maintenances; POST /api/v2/carriers/:carrierId/maintenances/:id/revisions,GET /api/v2/carriers/:carrierId/maintenances; GET /api/v2/carriers/:carrierId/maintenances/:id,logs/class-matrix.json: ScheduledMaintenance (catalog grants/policies/table ACL); logs/independent-rls-result.json; logs/auth-controls.json
124,ScheduledMaintenance,kind,MaintenanceType,False,DIVERGENTE,scheduled_maintenances.kind,150,scheduled_maintenances.kind,scheduled_maintenances.kind,text,YES,None,,,cargomesh/src/shared/schemas/v2/catalog.ts:1; schema catalog.ts:CatalogInputsV2:maintenances; field kind,kind,ZodString,False,False,"{""type"":""ZodString"",""optional"":false,""nullable"":false,""checks"":[{""kind"":""trim""},{""kind"":""min"",""value"":1},{""kind"":""max"",""value"":500}]}",cargomesh/src/shared/schemas/v2/fleet.ts:60; schema fleet.ts:FleetOutputsV2:maintenances; field value.kind,value.kind,ZodString,False,False,supabase-v2/supabase/migrations/20261004042259_hac40_fleet.sql:40,maintenances,"[{""file"":""roundtrips.json"",""row"":15,""id"":""2956ae79-f437-4a72-b9fe-cc4a63715e38"",""state"":""VALUE"",""inputState"":""VALUE"",""inputEqualsRead"":true,""value"":""PREVENTIVE""}]",PARCIAL,Nullable physical column requires field-specific command proof,HAC-40 / Cristhian,29c385fe0ee501eb4b8b989b0a247c8fdeda62ad,POST /api/v2/carriers/:carrierId/maintenances; POST /api/v2/carriers/:carrierId/maintenances/:id/revisions,GET /api/v2/carriers/:carrierId/maintenances; GET /api/v2/carriers/:carrierId/maintenances/:id,logs/class-matrix.json: ScheduledMaintenance (catalog grants/policies/table ACL); logs/independent-rls-result.json; logs/auth-controls.json
125,ScheduledMaintenance,status,MaintenanceStatus,False,COMPLETO,scheduled_maintenances.status,151,scheduled_maintenances.status,scheduled_maintenances.status,text,NO,'SCHEDULED'::text,"scheduled_maintenances_status_check: CHECK ((status = ANY (ARRAY['SCHEDULED'::text, 'IN_PROGRESS'::text, 'COMPLETED'::text, 'CANCELLED'::text])))",,cargomesh/src/shared/schemas/v2/catalog.ts:1; schema catalog.ts:CatalogInputsV2:maintenances; field status,status,ZodEnum,False,False,"{""type"":""ZodEnum"",""optional"":false,""nullable"":false,""values"":[""SCHEDULED"",""IN_PROGRESS"",""COMPLETED"",""CANCELLED""]}",cargomesh/src/shared/schemas/v2/fleet.ts:60; schema fleet.ts:FleetOutputsV2:maintenances; field value.status,value.status,ZodEnum,False,False,supabase-v2/supabase/migrations/20261004042259_hac40_fleet.sql:40,maintenances,"[{""file"":""roundtrips.json"",""row"":15,""id"":""2956ae79-f437-4a72-b9fe-cc4a63715e38"",""state"":""VALUE"",""inputState"":""VALUE"",""inputEqualsRead"":true,""value"":""SCHEDULED""}]",COMPLETO,Resolved storage and current typed output agree with a concrete POST/GET or measured read projection,HAC-40 / Cristhian,29c385fe0ee501eb4b8b989b0a247c8fdeda62ad,POST /api/v2/carriers/:carrierId/maintenances; POST /api/v2/carriers/:carrierId/maintenances/:id/revisions,GET /api/v2/carriers/:carrierId/maintenances; GET /api/v2/carriers/:carrierId/maintenances/:id,logs/class-matrix.json: ScheduledMaintenance (catalog grants/policies/table ACL); logs/independent-rls-result.json; logs/auth-controls.json
126,ScheduledMaintenance,source,DataSource,False,DIVERGENTE,scheduled_maintenances.source,152,scheduled_maintenances.source,scheduled_maintenances.source,text,YES,None,,,cargomesh/src/shared/schemas/v2/catalog.ts:1; schema catalog.ts:CatalogInputsV2:maintenances; field source,source,ZodString,False,False,"{""type"":""ZodString"",""optional"":false,""nullable"":false,""checks"":[{""kind"":""trim""},{""kind"":""min"",""value"":1},{""kind"":""max"",""value"":500}]}",cargomesh/src/shared/schemas/v2/fleet.ts:60; schema fleet.ts:FleetOutputsV2:maintenances; field value.source,value.source,ZodString,False,False,supabase-v2/supabase/migrations/20261004042259_hac40_fleet.sql:40,maintenances,"[{""file"":""roundtrips.json"",""row"":15,""id"":""2956ae79-f437-4a72-b9fe-cc4a63715e38"",""state"":""VALUE"",""inputState"":""VALUE"",""inputEqualsRead"":true,""value"":""fixture:work-order""}]",PARCIAL,Nullable physical column requires field-specific command proof,HAC-40 / Cristhian,29c385fe0ee501eb4b8b989b0a247c8fdeda62ad,POST /api/v2/carriers/:carrierId/maintenances; POST /api/v2/carriers/:carrierId/maintenances/:id/revisions,GET /api/v2/carriers/:carrierId/maintenances; GET /api/v2/carriers/:carrierId/maintenances/:id,logs/class-matrix.json: ScheduledMaintenance (catalog grants/policies/table ACL); logs/independent-rls-result.json; logs/auth-controls.json
127,Driver,id,UUID,False,COMPLETO,drivers.id,153,drivers.id,drivers.id,uuid,NO,gen_random_uuid(),"drivers_carrier_id_fkey: FOREIGN KEY (carrier_id) REFERENCES carriers(id); drivers_carrier_operator_id_carrier_id_fkey: FOREIGN KEY (carrier_operator_id, carrier_id) REFERENCES carrier_operators(id, carrier_id); drivers_carrier_service_id_carrier_id_fkey: FOREIGN KEY (carrier_service_id, carrier_id) REFERENCES carrier_services(id, carrier_id); drivers_id_carrier_id_carrier_service_id_key: UNIQUE (id, carrier_id, carrier_service_id); drivers_pkey: PRIMARY KEY (id)","CREATE INDEX crew_driver_operator_idx ON public.drivers USING btree (carrier_operator_id); CREATE INDEX drivers_crew_scope_idx ON public.drivers USING btree (carrier_id, created_at, id); CREATE INDEX drivers_crew_service_idx ON public.drivers USING btree (carrier_service_id); CREATE UNIQUE INDEX drivers_id_carrier_id_carrier_service_id_key ON public.drivers USING btree (id, carrier_id, carrier_service_id); CREATE UNIQUE INDEX drivers_pkey ON public.drivers USING btree (id)",NO_WRITABLE_DTO,—,—,—,—,—,cargomesh/src/shared/schemas/v2/catalog.ts:104; schema catalog.ts:CatalogRecordV2Schema; field id,id,ZodString,False,False,supabase-v2/supabase/migrations/20261004080506_hac40_crew_assignments.sql:19,drivers,"[{""file"":""roundtrips.json"",""row"":17,""id"":""ae495bcd-9612-4b48-a42a-d97a1d803b0b"",""state"":""VALUE"",""inputState"":""MISSING"",""inputEqualsRead"":null,""value"":""ae495bcd-9612-4b48-a42a-d97a1d803b0b""},{""file"":""extended-roundtrips.json"",""row"":21,""id"":""d3cb63ee-b0be-414e-93ce-7f1859b77f02"",""state"":""VALUE"",""inputState"":""MISSING"",""inputEqualsRead"":null,""value"":""d3cb63ee-b0be-414e-93ce-7f1859b77f02""},{""file"":""ltl-roundtrips.json"",""row"":2,""id"":""31d99379-bac5-466a-aafa-986b8883f7b8"",""state"":""VALUE"",""inputState"":""MISSING"",""inputEqualsRead"":null,""value"":""31d99379-bac5-466a-aafa-986b8883f7b8""}]",COMPLETO,Resolved storage and current typed output agree with a concrete POST/GET or measured read projection,HAC-40 / Cristhian,29c385fe0ee501eb4b8b989b0a247c8fdeda62ad,POST /api/v2/carriers/:carrierId/drivers; POST /api/v2/carriers/:carrierId/drivers/:id/revisions,GET /api/v2/carriers/:carrierId/drivers; GET /api/v2/carriers/:carrierId/drivers/:id,logs/class-matrix.json: Driver (catalog grants/policies/table ACL); logs/independent-rls-result.json; logs/auth-controls.json
128,Driver,fullName,string,False,COMPLETO,drivers.full_name,154,drivers.full_name,drivers.full_name,text,NO,None,drivers_full_name_check: CHECK ((length(TRIM(BOTH FROM full_name)) > 0)),,cargomesh/src/shared/schemas/v2/catalog.ts:1; schema catalog.ts:CatalogInputsV2:drivers; field fullName,fullName,ZodString,False,False,"{""type"":""ZodString"",""optional"":false,""nullable"":false,""checks"":[{""kind"":""trim""},{""kind"":""min"",""value"":1},{""kind"":""max"",""value"":500}]}",cargomesh/src/shared/schemas/v2/catalog.ts:1; schema catalog.ts:CatalogInputsV2:drivers; field value.fullName,value.fullName,ZodString,False,False,supabase-v2/supabase/migrations/20261004080506_hac40_crew_assignments.sql:20,drivers,"[{""file"":""roundtrips.json"",""row"":17,""id"":""ae495bcd-9612-4b48-a42a-d97a1d803b0b"",""state"":""VALUE"",""inputState"":""VALUE"",""inputEqualsRead"":true,""value"":""[SYNTHETIC] Crew QA""},{""file"":""extended-roundtrips.json"",""row"":21,""id"":""d3cb63ee-b0be-414e-93ce-7f1859b77f02"",""state"":""VALUE"",""inputState"":""VALUE"",""inputEqualsRead"":true,""value"":""HAC44 HTTP driver""},{""file"":""ltl-roundtrips.json"",""row"":2,""id"":""31d99379-bac5-466a-aafa-986b8883f7b8"",""state"":""VALUE"",""inputState"":""VALUE"",""inputEqualsRead"":true,""value"":""HAC44 LTL driver""}]",COMPLETO,Resolved storage and current typed output agree with a concrete POST/GET or measured read projection,HAC-40 / Cristhian,29c385fe0ee501eb4b8b989b0a247c8fdeda62ad,POST /api/v2/carriers/:carrierId/drivers; POST /api/v2/carriers/:carrierId/drivers/:id/revisions,GET /api/v2/carriers/:carrierId/drivers; GET /api/v2/carriers/:carrierId/drivers/:id,logs/class-matrix.json: Driver (catalog grants/policies/table ACL); logs/independent-rls-result.json; logs/auth-controls.json
129,Driver,portalAccount,CarrierOperator,True,PARCIAL,drivers.carrier_operator_id,155,drivers.carrier_operator_id,drivers.carrier_operator_id,uuid,YES,None,"drivers_carrier_operator_id_carrier_id_fkey: FOREIGN KEY (carrier_operator_id, carrier_id) REFERENCES carrier_operators(id, carrier_id)",CREATE INDEX crew_driver_operator_idx ON public.drivers USING btree (carrier_operator_id),cargomesh/src/shared/schemas/v2/catalog.ts:1; schema catalog.ts:CatalogInputsV2:drivers; field portalAccountId,portalAccountId,ZodString,False,True,"{""type"":""ZodString"",""optional"":false,""nullable"":true,""checks"":[{""kind"":""uuid""}]}",cargomesh/src/shared/schemas/v2/catalog.ts:1; schema catalog.ts:CatalogInputsV2:drivers; field value.portalAccountId,value.portalAccountId,ZodString,False,True,supabase-v2/supabase/migrations/20261004080506_hac40_crew_assignments.sql:20,drivers,"[{""file"":""roundtrips.json"",""row"":17,""id"":""ae495bcd-9612-4b48-a42a-d97a1d803b0b"",""state"":""NULL"",""inputState"":""NULL"",""inputEqualsRead"":true,""value"":null},{""file"":""extended-roundtrips.json"",""row"":21,""id"":""d3cb63ee-b0be-414e-93ce-7f1859b77f02"",""state"":""NULL"",""inputState"":""NULL"",""inputEqualsRead"":true,""value"":null},{""file"":""ltl-roundtrips.json"",""row"":2,""id"":""31d99379-bac5-466a-aafa-986b8883f7b8"",""state"":""NULL"",""inputState"":""NULL"",""inputEqualsRead"":true,""value"":null}]",PARCIAL,No concrete non-null field value or measured read projection in this cut,HAC-40 / Cristhian,29c385fe0ee501eb4b8b989b0a247c8fdeda62ad,POST /api/v2/carriers/:carrierId/drivers; POST /api/v2/carriers/:carrierId/drivers/:id/revisions,GET /api/v2/carriers/:carrierId/drivers; GET /api/v2/carriers/:carrierId/drivers/:id,logs/class-matrix.json: Driver (catalog grants/policies/table ACL); logs/independent-rls-result.json; logs/auth-controls.json
130,Driver,licenseClass,LicenseClass,False,COMPLETO,drivers.license_class,156,drivers.license_class,drivers.license_class,text,NO,None,drivers_license_class_check: CHECK ((length(TRIM(BOTH FROM license_class)) > 0)),,cargomesh/src/shared/schemas/v2/catalog.ts:1; schema catalog.ts:CatalogInputsV2:drivers; field licenseClass,licenseClass,ZodString,False,False,"{""type"":""ZodString"",""optional"":false,""nullable"":false,""checks"":[{""kind"":""trim""},{""kind"":""min"",""value"":1},{""kind"":""max"",""value"":500}]}",cargomesh/src/shared/schemas/v2/catalog.ts:1; schema catalog.ts:CatalogInputsV2:drivers; field value.licenseClass,value.licenseClass,ZodString,False,False,supabase-v2/supabase/migrations/20261004080506_hac40_crew_assignments.sql:21,drivers,"[{""file"":""roundtrips.json"",""row"":17,""id"":""ae495bcd-9612-4b48-a42a-d97a1d803b0b"",""state"":""VALUE"",""inputState"":""VALUE"",""inputEqualsRead"":true,""value"":""QA_LICENSE""},{""file"":""extended-roundtrips.json"",""row"":21,""id"":""d3cb63ee-b0be-414e-93ce-7f1859b77f02"",""state"":""VALUE"",""inputState"":""VALUE"",""inputEqualsRead"":true,""value"":""QA_LICENSE""},{""file"":""ltl-roundtrips.json"",""row"":2,""id"":""31d99379-bac5-466a-aafa-986b8883f7b8"",""state"":""VALUE"",""inputState"":""VALUE"",""inputEqualsRead"":true,""value"":""QA_LICENSE""}]",COMPLETO,Resolved storage and current typed output agree with a concrete POST/GET or measured read projection,HAC-40 / Cristhian,29c385fe0ee501eb4b8b989b0a247c8fdeda62ad,POST /api/v2/carriers/:carrierId/drivers; POST /api/v2/carriers/:carrierId/drivers/:id/revisions,GET /api/v2/carriers/:carrierId/drivers; GET /api/v2/carriers/:carrierId/drivers/:id,logs/class-matrix.json: Driver (catalog grants/policies/table ACL); logs/independent-rls-result.json; logs/auth-controls.json
131,Driver,licenseValidUntil,LocalDate,False,COMPLETO,drivers.license_valid_until,157,drivers.license_valid_until,drivers.license_valid_until,date,NO,None,,,cargomesh/src/shared/schemas/v2/catalog.ts:1; schema catalog.ts:CatalogInputsV2:drivers; field licenseValidUntil,licenseValidUntil,ZodString,False,False,"{""type"":""ZodString"",""optional"":false,""nullable"":false,""checks"":[{""kind"":""regex"",""regex"":{""source"":""^\\d{4}-\\d{2}-\\d{2}$"",""flags"":""""}}]}",cargomesh/src/shared/schemas/v2/catalog.ts:1; schema catalog.ts:CatalogInputsV2:drivers; field value.licenseValidUntil,value.licenseValidUntil,ZodString,False,False,supabase-v2/supabase/migrations/20261004080506_hac40_crew_assignments.sql:21,drivers,"[{""file"":""roundtrips.json"",""row"":17,""id"":""ae495bcd-9612-4b48-a42a-d97a1d803b0b"",""state"":""VALUE"",""inputState"":""VALUE"",""inputEqualsRead"":true,""value"":""2027-01-31""},{""file"":""extended-roundtrips.json"",""row"":21,""id"":""d3cb63ee-b0be-414e-93ce-7f1859b77f02"",""state"":""VALUE"",""inputState"":""VALUE"",""inputEqualsRead"":true,""value"":""2027-01-31""},{""file"":""ltl-roundtrips.json"",""row"":2,""id"":""31d99379-bac5-466a-aafa-986b8883f7b8"",""state"":""VALUE"",""inputState"":""VALUE"",""inputEqualsRead"":true,""value"":""2027-01-31""}]",COMPLETO,Resolved storage and current typed output agree with a concrete POST/GET or measured read projection,HAC-40 / Cristhian,29c385fe0ee501eb4b8b989b0a247c8fdeda62ad,POST /api/v2/carriers/:carrierId/drivers; POST /api/v2/carriers/:carrierId/drivers/:id/revisions,GET /api/v2/carriers/:carrierId/drivers; GET /api/v2/carriers/:carrierId/drivers/:id,logs/class-matrix.json: Driver (catalog grants/policies/table ACL); logs/independent-rls-result.json; logs/auth-controls.json
132,Driver,qualifications,Qualification[],False,COMPLETO,drivers.qualifications,158,drivers.qualifications,drivers.qualifications,jsonb,NO,None,drivers_qualifications_check: CHECK ((jsonb_typeof(qualifications) = 'array'::text)),,cargomesh/src/shared/schemas/v2/catalog.ts:1; schema catalog.ts:CatalogInputsV2:drivers; field qualifications,qualifications,ZodArray,False,False,"{""type"":""ZodArray"",""optional"":false,""nullable"":false,""element"":{""type"":""ZodString"",""optional"":false,""nullable"":false,""checks"":[{""kind"":""trim""},{""kind"":""min"",""value"":1},{""kind"":""max"",""value"":500}]},""maxLength"":{""value"":100}}",cargomesh/src/shared/schemas/v2/catalog.ts:1; schema catalog.ts:CatalogInputsV2:drivers; field value.qualifications,value.qualifications,ZodArray,False,False,supabase-v2/supabase/migrations/20261004080506_hac40_crew_assignments.sql:22,drivers,"[{""file"":""roundtrips.json"",""row"":17,""id"":""ae495bcd-9612-4b48-a42a-d97a1d803b0b"",""state"":""VALUE"",""inputState"":""VALUE"",""inputEqualsRead"":true,""value"":[""QA_CERT""]},{""file"":""extended-roundtrips.json"",""row"":21,""id"":""d3cb63ee-b0be-414e-93ce-7f1859b77f02"",""state"":""VALUE"",""inputState"":""VALUE"",""inputEqualsRead"":true,""value"":[""QA_CERT""]},{""file"":""ltl-roundtrips.json"",""row"":2,""id"":""31d99379-bac5-466a-aafa-986b8883f7b8"",""state"":""VALUE"",""inputState"":""VALUE"",""inputEqualsRead"":true,""value"":[""QA_CERT""]}]",COMPLETO,Resolved storage and current typed output agree with a concrete POST/GET or measured read projection,HAC-40 / Cristhian,29c385fe0ee501eb4b8b989b0a247c8fdeda62ad,POST /api/v2/carriers/:carrierId/drivers; POST /api/v2/carriers/:carrierId/drivers/:id/revisions,GET /api/v2/carriers/:carrierId/drivers; GET /api/v2/carriers/:carrierId/drivers/:id,logs/class-matrix.json: Driver (catalog grants/policies/table ACL); logs/independent-rls-result.json; logs/auth-controls.json
133,Driver,experienceYears,number,True,COMPLETO,drivers.experience_years,159,drivers.experience_years,drivers.experience_years,numeric,YES,None,drivers_experience_years_check: CHECK ((experience_years >= (0)::numeric)),,cargomesh/src/shared/schemas/v2/catalog.ts:1; schema catalog.ts:CatalogInputsV2:drivers; field experienceYears,experienceYears,ZodNumber,False,True,"{""type"":""ZodNumber"",""optional"":false,""nullable"":true,""checks"":[{""kind"":""finite""},{""kind"":""min"",""value"":0,""inclusive"":true}]}",cargomesh/src/shared/schemas/v2/catalog.ts:1; schema catalog.ts:CatalogInputsV2:drivers; field value.experienceYears,value.experienceYears,ZodNumber,False,True,supabase-v2/supabase/migrations/20261004080506_hac40_crew_assignments.sql:22,drivers,"[{""file"":""roundtrips.json"",""row"":17,""id"":""ae495bcd-9612-4b48-a42a-d97a1d803b0b"",""state"":""VALUE"",""inputState"":""VALUE"",""inputEqualsRead"":true,""value"":2},{""file"":""extended-roundtrips.json"",""row"":21,""id"":""d3cb63ee-b0be-414e-93ce-7f1859b77f02"",""state"":""VALUE"",""inputState"":""VALUE"",""inputEqualsRead"":true,""value"":2},{""file"":""ltl-roundtrips.json"",""row"":2,""id"":""31d99379-bac5-466a-aafa-986b8883f7b8"",""state"":""VALUE"",""inputState"":""VALUE"",""inputEqualsRead"":true,""value"":2}]",COMPLETO,Resolved storage and current typed output agree with a concrete POST/GET or measured read projection,HAC-40 / Cristhian,29c385fe0ee501eb4b8b989b0a247c8fdeda62ad,POST /api/v2/carriers/:carrierId/drivers; POST /api/v2/carriers/:carrierId/drivers/:id/revisions,GET /api/v2/carriers/:carrierId/drivers; GET /api/v2/carriers/:carrierId/drivers/:id,logs/class-matrix.json: Driver (catalog grants/policies/table ACL); logs/independent-rls-result.json; logs/auth-controls.json
134,Driver,dutyStatus,DutyStatus,False,COMPLETO,drivers.duty_status,160,drivers.duty_status,drivers.duty_status,text,NO,None,"drivers_duty_status_check: CHECK ((duty_status = ANY (ARRAY['AVAILABLE'::text, 'ON_DUTY'::text, 'OFF_DUTY'::text, 'SUSPENDED'::text, 'UNKNOWN'::text])))",,cargomesh/src/shared/schemas/v2/catalog.ts:1; schema catalog.ts:CatalogInputsV2:drivers; field dutyStatus,dutyStatus,ZodEnum,False,False,"{""type"":""ZodEnum"",""optional"":false,""nullable"":false,""values"":[""AVAILABLE"",""ON_DUTY"",""OFF_DUTY"",""SUSPENDED"",""UNKNOWN""]}",cargomesh/src/shared/schemas/v2/catalog.ts:1; schema catalog.ts:CatalogInputsV2:drivers; field value.dutyStatus,value.dutyStatus,ZodEnum,False,False,supabase-v2/supabase/migrations/20261004080506_hac40_crew_assignments.sql:23,drivers,"[{""file"":""roundtrips.json"",""row"":17,""id"":""ae495bcd-9612-4b48-a42a-d97a1d803b0b"",""state"":""VALUE"",""inputState"":""VALUE"",""inputEqualsRead"":true,""value"":""AVAILABLE""},{""file"":""extended-roundtrips.json"",""row"":21,""id"":""d3cb63ee-b0be-414e-93ce-7f1859b77f02"",""state"":""VALUE"",""inputState"":""VALUE"",""inputEqualsRead"":true,""value"":""AVAILABLE""},{""file"":""ltl-roundtrips.json"",""row"":2,""id"":""31d99379-bac5-466a-aafa-986b8883f7b8"",""state"":""VALUE"",""inputState"":""VALUE"",""inputEqualsRead"":true,""value"":""AVAILABLE""}]",COMPLETO,Resolved storage and current typed output agree with a concrete POST/GET or measured read projection,HAC-40 / Cristhian,29c385fe0ee501eb4b8b989b0a247c8fdeda62ad,POST /api/v2/carriers/:carrierId/drivers; POST /api/v2/carriers/:carrierId/drivers/:id/revisions,GET /api/v2/carriers/:carrierId/drivers; GET /api/v2/carriers/:carrierId/drivers/:id,logs/class-matrix.json: Driver (catalog grants/policies/table ACL); logs/independent-rls-result.json; logs/auth-controls.json
135,DriverAssignment,window,TimeWindow,False,COMPLETO,driver_assignments.starts_at; driver_assignments.ends_at,161,driver_assignments.starts_at; driver_assignments.ends_at,driver_assignments.starts_at; driver_assignments.ends_at,timestamp with time zone; timestamp with time zone,NO; NO,None; None,"driver_assignments_check: CHECK ((ends_at > starts_at)); driver_physical_trip_exclusion: EXCLUDE USING gist (driver_id WITH =, occupancy_group_id WITH <>, tstzrange(starts_at, ends_at, '[)'::text) WITH &&) WHERE ((status = ANY (ARRAY['PROPOSED'::text, 'CONFIRMED'::text])))","CREATE INDEX driver_physical_trip_exclusion ON public.driver_assignments USING gist (driver_id, occupancy_group_id, tstzrange(starts_at, ends_at, '[)'::text)) WHERE (status = ANY (ARRAY['PROPOSED'::text, 'CONFIRMED'::text]))",cargomesh/src/shared/schemas/v2/catalog.ts:1; schema catalog.ts:CatalogInputsV2:driver-assignments; field window,window,ZodObject,False,False,"{""type"":""ZodObject"",""optional"":false,""nullable"":false,""fields"":{""startsAt"":{""type"":""ZodString"",""optional"":false,""nullable"":false,""checks"":[{""kind"":""datetime"",""precision"":null,""offset"":true,""local"":false}]},""endsAt"":{""type"":""ZodString"",""optional"":false,""nullable"":false,""checks"":[{""kind"":""datetime"",""precision"":null,""offset"":true,""local"":false}]}},""unknownKeys"":""strict""}",cargomesh/src/shared/schemas/v2/catalog.ts:1; schema catalog.ts:CatalogInputsV2:driver-assignments; field value.window,value.window,ZodObject,False,False,supabase-v2/supabase/migrations/20261004080506_hac40_crew_assignments.sql:51 (generic DDL/dispatch; see catalog); supabase-v2/supabase/migrations/20261004080506_hac40_crew_assignments.sql:51 (generic DDL/dispatch; see catalog),driver-assignments,"[{""file"":""roundtrips.json"",""row"":19,""id"":""c056dc47-78fa-44e9-8f3c-5ce6d34b9759"",""state"":""VALUE"",""inputState"":""VALUE"",""inputEqualsRead"":true,""value"":{""startsAt"":""2026-10-09T17:21:05.286166+00:00"",""endsAt"":""2026-10-09T20:51:05.286166+00:00""}},{""file"":""extended-roundtrips.json"",""row"":22,""id"":""271f660a-60b0-412c-86ca-c862432343cf"",""state"":""VALUE"",""inputState"":""VALUE"",""inputEqualsRead"":true,""value"":{""startsAt"":""2026-10-09T16:51:05.286166+00:00"",""endsAt"":""2026-10-10T01:51:05.286166+00:00""}},{""file"":""ltl-roundtrips.json"",""row"":3,""id"":""84601849-2e6d-4f4e-ac7f-1ca2a7aa731c"",""state"":""VALUE"",""inputState"":""VALUE"",""inputEqualsRead"":true,""value"":{""startsAt"":""2026-10-09T17:21:05.983111+00:00"",""endsAt"":""2026-10-09T20:51:05.983111+00:00""}}]",COMPLETO,Resolved storage and current typed output agree with a concrete POST/GET or measured read projection,HAC-40 / Cristhian,29c385fe0ee501eb4b8b989b0a247c8fdeda62ad,POST /api/v2/carriers/:carrierId/driver-assignments; POST /api/v2/carriers/:carrierId/driver-assignments/:id/revisions,GET /api/v2/carriers/:carrierId/driver-assignments; GET /api/v2/carriers/:carrierId/driver-assignments/:id,logs/class-matrix.json: DriverAssignment (catalog grants/policies/table ACL); logs/independent-rls-result.json; logs/auth-controls.json
136,DriverAssignment,role,PRIMARY | RELIEF,False,COMPLETO,driver_assignments.role,162,driver_assignments.role,driver_assignments.role,text,NO,None,"driver_assignments_role_check: CHECK ((role = ANY (ARRAY['PRIMARY'::text, 'RELIEF'::text])))",,cargomesh/src/shared/schemas/v2/catalog.ts:1; schema catalog.ts:CatalogInputsV2:driver-assignments; field role,role,ZodEnum,False,False,"{""type"":""ZodEnum"",""optional"":false,""nullable"":false,""values"":[""PRIMARY"",""RELIEF""]}",cargomesh/src/shared/schemas/v2/catalog.ts:1; schema catalog.ts:CatalogInputsV2:driver-assignments; field value.role,value.role,ZodEnum,False,False,supabase-v2/supabase/migrations/20261004080506_hac40_crew_assignments.sql:54,driver-assignments,"[{""file"":""roundtrips.json"",""row"":19,""id"":""c056dc47-78fa-44e9-8f3c-5ce6d34b9759"",""state"":""VALUE"",""inputState"":""VALUE"",""inputEqualsRead"":true,""value"":""PRIMARY""},{""file"":""extended-roundtrips.json"",""row"":22,""id"":""271f660a-60b0-412c-86ca-c862432343cf"",""state"":""VALUE"",""inputState"":""VALUE"",""inputEqualsRead"":true,""value"":""PRIMARY""},{""file"":""ltl-roundtrips.json"",""row"":3,""id"":""84601849-2e6d-4f4e-ac7f-1ca2a7aa731c"",""state"":""VALUE"",""inputState"":""VALUE"",""inputEqualsRead"":true,""value"":""PRIMARY""}]",COMPLETO,Resolved storage and current typed output agree with a concrete POST/GET or measured read projection,HAC-40 / Cristhian,29c385fe0ee501eb4b8b989b0a247c8fdeda62ad,POST /api/v2/carriers/:carrierId/driver-assignments; POST /api/v2/carriers/:carrierId/driver-assignments/:id/revisions,GET /api/v2/carriers/:carrierId/driver-assignments; GET /api/v2/carriers/:carrierId/driver-assignments/:id,logs/class-matrix.json: DriverAssignment (catalog grants/policies/table ACL); logs/independent-rls-result.json; logs/auth-controls.json
137,DriverAssignment,status,AssignmentStatus,False,COMPLETO,driver_assignments.status,163,driver_assignments.status,driver_assignments.status,text,NO,None,"driver_assignments_status_check: CHECK ((status = ANY (ARRAY['PROPOSED'::text, 'CONFIRMED'::text, 'RELEASED'::text, 'CANCELLED'::text]))); driver_physical_trip_exclusion: EXCLUDE USING gist (driver_id WITH =, occupancy_group_id WITH <>, tstzrange(starts_at, ends_at, '[)'::text) WITH &&) WHERE ((status = ANY (ARRAY['PROPOSED'::text, 'CONFIRMED'::text])))","CREATE INDEX driver_physical_trip_exclusion ON public.driver_assignments USING gist (driver_id, occupancy_group_id, tstzrange(starts_at, ends_at, '[)'::text)) WHERE (status = ANY (ARRAY['PROPOSED'::text, 'CONFIRMED'::text]))",cargomesh/src/shared/schemas/v2/catalog.ts:1; schema catalog.ts:CatalogInputsV2:driver-assignments; field status,status,ZodEnum,False,False,"{""type"":""ZodEnum"",""optional"":false,""nullable"":false,""values"":[""PROPOSED"",""CONFIRMED"",""RELEASED"",""CANCELLED""]}",cargomesh/src/shared/schemas/v2/catalog.ts:1; schema catalog.ts:CatalogInputsV2:driver-assignments; field value.status,value.status,ZodEnum,False,False,supabase-v2/supabase/migrations/20261004080506_hac40_crew_assignments.sql:54,driver-assignments,"[{""file"":""roundtrips.json"",""row"":19,""id"":""c056dc47-78fa-44e9-8f3c-5ce6d34b9759"",""state"":""VALUE"",""inputState"":""VALUE"",""inputEqualsRead"":true,""value"":""PROPOSED""},{""file"":""extended-roundtrips.json"",""row"":22,""id"":""271f660a-60b0-412c-86ca-c862432343cf"",""state"":""VALUE"",""inputState"":""VALUE"",""inputEqualsRead"":true,""value"":""CONFIRMED""},{""file"":""ltl-roundtrips.json"",""row"":3,""id"":""84601849-2e6d-4f4e-ac7f-1ca2a7aa731c"",""state"":""VALUE"",""inputState"":""VALUE"",""inputEqualsRead"":true,""value"":""CONFIRMED""}]",COMPLETO,Resolved storage and current typed output agree with a concrete POST/GET or measured read projection,HAC-40 / Cristhian,29c385fe0ee501eb4b8b989b0a247c8fdeda62ad,POST /api/v2/carriers/:carrierId/driver-assignments; POST /api/v2/carriers/:carrierId/driver-assignments/:id/revisions,GET /api/v2/carriers/:carrierId/driver-assignments; GET /api/v2/carriers/:carrierId/driver-assignments/:id,logs/class-matrix.json: DriverAssignment (catalog grants/policies/table ACL); logs/independent-rls-result.json; logs/auth-controls.json
138,DriverAssignment,evidence,EvidenceRef,True,COMPLETO,driver_assignments.evidence,164,driver_assignments.evidence,driver_assignments.evidence,jsonb,YES,None,,,cargomesh/src/shared/schemas/v2/catalog.ts:1; schema catalog.ts:CatalogInputsV2:driver-assignments; field evidence,evidence,ZodObject,False,True,"{""type"":""ZodObject"",""optional"":false,""nullable"":true,""fields"":{""reference"":{""type"":""ZodString"",""optional"":false,""nullable"":false,""checks"":[{""kind"":""trim""},{""kind"":""min"",""value"":1},{""kind"":""max"",""value"":500}]},""verifiedAt"":{""type"":""ZodString"",""optional"":false,""nullable"":false,""checks"":[{""kind"":""datetime"",""precision"":null,""offset"":true,""local"":false}]},""validUntil"":{""type"":""ZodString"",""optional"":false,""nullable"":false,""checks"":[{""kind"":""datetime"",""precision"":null,""offset"":true,""local"":false}]},""provenanceStatus"":{""type"":""ZodEnum"",""optional"":false,""nullable"":false,""values"":[""VERIFIED"",""ESTIMATED"",""SIMULATED"",""UNKNOWN""]}},""unknownKeys"":""strict""}",cargomesh/src/shared/schemas/v2/catalog.ts:1; schema catalog.ts:CatalogInputsV2:driver-assignments; field value.evidence,value.evidence,ZodObject,False,True,supabase-v2/supabase/migrations/20261004080506_hac40_crew_assignments.sql:55,driver-assignments,"[{""file"":""roundtrips.json"",""row"":19,""id"":""c056dc47-78fa-44e9-8f3c-5ce6d34b9759"",""state"":""VALUE"",""inputState"":""VALUE"",""inputEqualsRead"":true,""value"":{""reference"":""fixture:crew"",""verifiedAt"":""2026-01-01T00:00:00Z"",""validUntil"":""2027-03-01T00:00:00Z"",""provenanceStatus"":""SIMULATED""}},{""file"":""extended-roundtrips.json"",""row"":22,""id"":""271f660a-60b0-412c-86ca-c862432343cf"",""state"":""VALUE"",""inputState"":""VALUE"",""inputEqualsRead"":true,""value"":{""reference"":""fixture:crew"",""verifiedAt"":""2026-01-01T00:00:00Z"",""validUntil"":""2027-03-01T00:00:00Z"",""provenanceStatus"":""SIMULATED""}},{""file"":""ltl-roundtrips.json"",""row"":3,""id"":""84601849-2e6d-4f4e-ac7f-1ca2a7aa731c"",""state"":""VALUE"",""inputState"":""VALUE"",""inputEqualsRead"":true,""value"":{""reference"":""fixture:crew"",""verifiedAt"":""2026-01-01T00:00:00Z"",""validUntil"":""2027-03-01T00:00:00Z"",""provenanceStatus"":""SIMULATED""}}]",COMPLETO,Resolved storage and current typed output agree with a concrete POST/GET or measured read projection,HAC-40 / Cristhian,29c385fe0ee501eb4b8b989b0a247c8fdeda62ad,POST /api/v2/carriers/:carrierId/driver-assignments; POST /api/v2/carriers/:carrierId/driver-assignments/:id/revisions,GET /api/v2/carriers/:carrierId/driver-assignments; GET /api/v2/carriers/:carrierId/driver-assignments/:id,logs/class-matrix.json: DriverAssignment (catalog grants/policies/table ACL); logs/independent-rls-result.json; logs/auth-controls.json
139,VehicleAssignment,window,TimeWindow,False,COMPLETO,vehicle_assignments.starts_at; vehicle_assignments.ends_at,165,vehicle_assignments.starts_at; vehicle_assignments.ends_at,vehicle_assignments.starts_at; vehicle_assignments.ends_at,timestamp with time zone; timestamp with time zone,NO; NO,None; None,vehicle_assignments_check: CHECK ((ends_at > starts_at)),"CREATE INDEX crew_vehicle_asset_idx ON public.vehicle_assignments USING btree (transport_asset_id, starts_at, ends_at) WHERE (status = ANY (ARRAY['PROPOSED'::text, 'CONFIRMED'::text]))",cargomesh/src/shared/schemas/v2/catalog.ts:1; schema catalog.ts:CatalogInputsV2:vehicle-assignments; field window,window,ZodObject,False,False,"{""type"":""ZodObject"",""optional"":false,""nullable"":false,""fields"":{""startsAt"":{""type"":""ZodString"",""optional"":false,""nullable"":false,""checks"":[{""kind"":""datetime"",""precision"":null,""offset"":true,""local"":false}]},""endsAt"":{""type"":""ZodString"",""optional"":false,""nullable"":false,""checks"":[{""kind"":""datetime"",""precision"":null,""offset"":true,""local"":false}]}},""unknownKeys"":""strict""}",cargomesh/src/shared/schemas/v2/catalog.ts:1; schema catalog.ts:CatalogInputsV2:vehicle-assignments; field value.window,value.window,ZodObject,False,False,supabase-v2/supabase/migrations/20261004080506_hac40_crew_assignments.sql:62 (generic DDL/dispatch; see catalog); supabase-v2/supabase/migrations/20261004080506_hac40_crew_assignments.sql:62 (generic DDL/dispatch; see catalog),vehicle-assignments,"[{""file"":""roundtrips.json"",""row"":20,""id"":""246fe944-a123-4af2-a773-09af94f3a888"",""state"":""VALUE"",""inputState"":""VALUE"",""inputEqualsRead"":true,""value"":{""startsAt"":""2026-10-09T17:21:05.286166+00:00"",""endsAt"":""2026-10-09T20:51:05.286166+00:00""}},{""file"":""extended-roundtrips.json"",""row"":23,""id"":""5c09bba9-4a4d-4a67-a139-cf4d42c0cf91"",""state"":""VALUE"",""inputState"":""VALUE"",""inputEqualsRead"":true,""value"":{""startsAt"":""2026-10-09T16:51:05.286166+00:00"",""endsAt"":""2026-10-10T01:51:05.286166+00:00""}},{""file"":""ltl-roundtrips.json"",""row"":4,""id"":""1f599e09-f226-4b89-b4a2-ccad965f2819"",""state"":""VALUE"",""inputState"":""VALUE"",""inputEqualsRead"":true,""value"":{""startsAt"":""2026-10-09T17:21:05.983111+00:00"",""endsAt"":""2026-10-09T20:51:05.983111+00:00""}}]",COMPLETO,Resolved storage and current typed output agree with a concrete POST/GET or measured read projection,HAC-40 / Cristhian,29c385fe0ee501eb4b8b989b0a247c8fdeda62ad,POST /api/v2/carriers/:carrierId/vehicle-assignments; POST /api/v2/carriers/:carrierId/vehicle-assignments/:id/revisions,GET /api/v2/carriers/:carrierId/vehicle-assignments; GET /api/v2/carriers/:carrierId/vehicle-assignments/:id,logs/class-matrix.json: VehicleAssignment (catalog grants/policies/table ACL); logs/independent-rls-result.json; logs/auth-controls.json
140,VehicleAssignment,status,AssignmentStatus,False,COMPLETO,vehicle_assignments.status,166,vehicle_assignments.status,vehicle_assignments.status,text,NO,None,"vehicle_assignments_check1: CHECK (((status <> 'CONFIRMED'::text) OR (capacity_reservation_id IS NOT NULL))); vehicle_assignments_status_check: CHECK ((status = ANY (ARRAY['PROPOSED'::text, 'CONFIRMED'::text, 'RELEASED'::text, 'CANCELLED'::text])))","CREATE INDEX crew_vehicle_asset_idx ON public.vehicle_assignments USING btree (transport_asset_id, starts_at, ends_at) WHERE (status = ANY (ARRAY['PROPOSED'::text, 'CONFIRMED'::text]))",cargomesh/src/shared/schemas/v2/catalog.ts:1; schema catalog.ts:CatalogInputsV2:vehicle-assignments; field status,status,ZodEnum,False,False,"{""type"":""ZodEnum"",""optional"":false,""nullable"":false,""values"":[""PROPOSED"",""CONFIRMED"",""RELEASED"",""CANCELLED""]}",cargomesh/src/shared/schemas/v2/catalog.ts:1; schema catalog.ts:CatalogInputsV2:vehicle-assignments; field value.status,value.status,ZodEnum,False,False,supabase-v2/supabase/migrations/20261004080506_hac40_crew_assignments.sql:66,vehicle-assignments,"[{""file"":""roundtrips.json"",""row"":20,""id"":""246fe944-a123-4af2-a773-09af94f3a888"",""state"":""VALUE"",""inputState"":""VALUE"",""inputEqualsRead"":true,""value"":""PROPOSED""},{""file"":""extended-roundtrips.json"",""row"":23,""id"":""5c09bba9-4a4d-4a67-a139-cf4d42c0cf91"",""state"":""VALUE"",""inputState"":""VALUE"",""inputEqualsRead"":true,""value"":""CONFIRMED""},{""file"":""ltl-roundtrips.json"",""row"":4,""id"":""1f599e09-f226-4b89-b4a2-ccad965f2819"",""state"":""VALUE"",""inputState"":""VALUE"",""inputEqualsRead"":true,""value"":""CONFIRMED""}]",COMPLETO,Resolved storage and current typed output agree with a concrete POST/GET or measured read projection,HAC-40 / Cristhian,29c385fe0ee501eb4b8b989b0a247c8fdeda62ad,POST /api/v2/carriers/:carrierId/vehicle-assignments; POST /api/v2/carriers/:carrierId/vehicle-assignments/:id/revisions,GET /api/v2/carriers/:carrierId/vehicle-assignments; GET /api/v2/carriers/:carrierId/vehicle-assignments/:id,logs/class-matrix.json: VehicleAssignment (catalog grants/policies/table ACL); logs/independent-rls-result.json; logs/auth-controls.json
141,VehicleAssignment,capacityCommitted,Capacity,False,COMPLETO,vehicle_assignments.capacity_committed,167,vehicle_assignments.capacity_committed,vehicle_assignments.capacity_committed,jsonb,NO,None,"vehicle_assignments_capacity_committed_check: CHECK (((jsonb_typeof(capacity_committed) = 'object'::text) AND (capacity_committed ?& ARRAY['weightKg'::text, 'volumeM3'::text]) AND (((capacity_committed ->> 'weightKg'::text))::numeric >= (0)::numeric) AND (((capacity_committed ->> 'volumeM3'::text))::numeric >= (0)::numeric)))",,cargomesh/src/shared/schemas/v2/catalog.ts:1; schema catalog.ts:CatalogInputsV2:vehicle-assignments; field capacityCommitted,capacityCommitted,ZodObject,False,False,"{""type"":""ZodObject"",""optional"":false,""nullable"":false,""fields"":{""weightKg"":{""type"":""ZodNumber"",""optional"":false,""nullable"":false,""checks"":[{""kind"":""finite""},{""kind"":""min"",""value"":0,""inclusive"":true}]},""volumeM3"":{""type"":""ZodNumber"",""optional"":false,""nullable"":false,""checks"":[{""kind"":""finite""},{""kind"":""min"",""value"":0,""inclusive"":true}]}},""unknownKeys"":""strict""}",cargomesh/src/shared/schemas/v2/catalog.ts:1; schema catalog.ts:CatalogInputsV2:vehicle-assignments; field value.capacityCommitted,value.capacityCommitted,ZodObject,False,False,supabase-v2/supabase/migrations/20261004080506_hac40_crew_assignments.sql:66,vehicle-assignments,"[{""file"":""roundtrips.json"",""row"":20,""id"":""246fe944-a123-4af2-a773-09af94f3a888"",""state"":""VALUE"",""inputState"":""VALUE"",""inputEqualsRead"":true,""value"":{""weightKg"":1000,""volumeM3"":2}},{""file"":""extended-roundtrips.json"",""row"":23,""id"":""5c09bba9-4a4d-4a67-a139-cf4d42c0cf91"",""state"":""VALUE"",""inputState"":""VALUE"",""inputEqualsRead"":true,""value"":{""weightKg"":1000,""volumeM3"":2}},{""file"":""ltl-roundtrips.json"",""row"":4,""id"":""1f599e09-f226-4b89-b4a2-ccad965f2819"",""state"":""VALUE"",""inputState"":""VALUE"",""inputEqualsRead"":true,""value"":{""weightKg"":1000,""volumeM3"":2}}]",COMPLETO,Resolved storage and current typed output agree with a concrete POST/GET or measured read projection,HAC-40 / Cristhian,29c385fe0ee501eb4b8b989b0a247c8fdeda62ad,POST /api/v2/carriers/:carrierId/vehicle-assignments; POST /api/v2/carriers/:carrierId/vehicle-assignments/:id/revisions,GET /api/v2/carriers/:carrierId/vehicle-assignments; GET /api/v2/carriers/:carrierId/vehicle-assignments/:id,logs/class-matrix.json: VehicleAssignment (catalog grants/policies/table ACL); logs/independent-rls-result.json; logs/auth-controls.json
142,VehicleAssignment,evidence,EvidenceRef,True,COMPLETO,vehicle_assignments.evidence,168,vehicle_assignments.evidence,vehicle_assignments.evidence,jsonb,YES,None,,,cargomesh/src/shared/schemas/v2/catalog.ts:1; schema catalog.ts:CatalogInputsV2:vehicle-assignments; field evidence,evidence,ZodObject,False,True,"{""type"":""ZodObject"",""optional"":false,""nullable"":true,""fields"":{""reference"":{""type"":""ZodString"",""optional"":false,""nullable"":false,""checks"":[{""kind"":""trim""},{""kind"":""min"",""value"":1},{""kind"":""max"",""value"":500}]},""verifiedAt"":{""type"":""ZodString"",""optional"":false,""nullable"":false,""checks"":[{""kind"":""datetime"",""precision"":null,""offset"":true,""local"":false}]},""validUntil"":{""type"":""ZodString"",""optional"":false,""nullable"":false,""checks"":[{""kind"":""datetime"",""precision"":null,""offset"":true,""local"":false}]},""provenanceStatus"":{""type"":""ZodEnum"",""optional"":false,""nullable"":false,""values"":[""VERIFIED"",""ESTIMATED"",""SIMULATED"",""UNKNOWN""]}},""unknownKeys"":""strict""}",cargomesh/src/shared/schemas/v2/catalog.ts:1; schema catalog.ts:CatalogInputsV2:vehicle-assignments; field value.evidence,value.evidence,ZodObject,False,True,supabase-v2/supabase/migrations/20261004080506_hac40_crew_assignments.sql:66,vehicle-assignments,"[{""file"":""roundtrips.json"",""row"":20,""id"":""246fe944-a123-4af2-a773-09af94f3a888"",""state"":""VALUE"",""inputState"":""VALUE"",""inputEqualsRead"":true,""value"":{""reference"":""fixture:crew"",""verifiedAt"":""2026-01-01T00:00:00Z"",""validUntil"":""2027-03-01T00:00:00Z"",""provenanceStatus"":""SIMULATED""}},{""file"":""extended-roundtrips.json"",""row"":23,""id"":""5c09bba9-4a4d-4a67-a139-cf4d42c0cf91"",""state"":""VALUE"",""inputState"":""VALUE"",""inputEqualsRead"":true,""value"":{""reference"":""fixture:crew"",""verifiedAt"":""2026-01-01T00:00:00Z"",""validUntil"":""2027-03-01T00:00:00Z"",""provenanceStatus"":""SIMULATED""}},{""file"":""ltl-roundtrips.json"",""row"":4,""id"":""1f599e09-f226-4b89-b4a2-ccad965f2819"",""state"":""VALUE"",""inputState"":""VALUE"",""inputEqualsRead"":true,""value"":{""reference"":""fixture:crew"",""verifiedAt"":""2026-01-01T00:00:00Z"",""validUntil"":""2027-03-01T00:00:00Z"",""provenanceStatus"":""SIMULATED""}}]",COMPLETO,Resolved storage and current typed output agree with a concrete POST/GET or measured read projection,HAC-40 / Cristhian,29c385fe0ee501eb4b8b989b0a247c8fdeda62ad,POST /api/v2/carriers/:carrierId/vehicle-assignments; POST /api/v2/carriers/:carrierId/vehicle-assignments/:id/revisions,GET /api/v2/carriers/:carrierId/vehicle-assignments; GET /api/v2/carriers/:carrierId/vehicle-assignments/:id,logs/class-matrix.json: VehicleAssignment (catalog grants/policies/table ACL); logs/independent-rls-result.json; logs/auth-controls.json
143,AssetStatusEvent,at,Instant,False,PARCIAL,asset_status_events.data.at,169,asset_status_events.data.at,asset_status_events.data.at,jsonb,NO,None,asset_status_events_data_check: CHECK ((jsonb_typeof(data) = 'object'::text)),,GENERATED_BY_PARENT_COMMAND,—,—,—,—,—,cargomesh/src/shared/schemas/v2/workflow.ts:157; schema workflow.ts:WorkflowRecordV2Schema; field data.at,data.at,ZodString,False,False,supabase-v2/supabase/migrations/20261004154048_hac40_workflow.sql:257,asset-events,[],PARCIAL,No concrete non-null field value or measured read projection in this cut,HAC-40 / Cristhian,29c385fe0ee501eb4b8b989b0a247c8fdeda62ad,POST /api/v2/carriers/:carrierId/assets/:parentId/events,GET /api/v2/carriers/:carrierId/assets/:parentId/events; GET /api/v2/carriers/:carrierId/assets/:parentId/events/:id,logs/class-matrix.json: AssetStatusEvent (catalog grants/policies/table ACL); logs/independent-rls-result.json; logs/auth-controls.json
144,AssetStatusEvent,previous,AssetStatus,False,PARCIAL,asset_status_events.data.previous,170,asset_status_events.data.previous,asset_status_events.data.previous,jsonb,NO,None,asset_status_events_data_check: CHECK ((jsonb_typeof(data) = 'object'::text)),,GENERATED_BY_PARENT_COMMAND,—,—,—,—,—,cargomesh/src/shared/schemas/v2/workflow.ts:157; schema workflow.ts:WorkflowRecordV2Schema; field data.previous,data.previous,ZodString,False,False,supabase-v2/supabase/migrations/20261004154048_hac40_workflow.sql:257,asset-events,[],PARCIAL,No concrete non-null field value or measured read projection in this cut,HAC-40 / Cristhian,29c385fe0ee501eb4b8b989b0a247c8fdeda62ad,POST /api/v2/carriers/:carrierId/assets/:parentId/events,GET /api/v2/carriers/:carrierId/assets/:parentId/events; GET /api/v2/carriers/:carrierId/assets/:parentId/events/:id,logs/class-matrix.json: AssetStatusEvent (catalog grants/policies/table ACL); logs/independent-rls-result.json; logs/auth-controls.json
145,AssetStatusEvent,next,AssetStatus,False,PARCIAL,asset_status_events.data.next,171,asset_status_events.data.next,asset_status_events.data.next,jsonb,NO,None,asset_status_events_data_check: CHECK ((jsonb_typeof(data) = 'object'::text)),,cargomesh/src/shared/schemas/v2/workflow.ts:105; schema workflow.ts:WorkflowInputsV2:asset-events.create; field next,next,ZodEnum,False,False,"{""type"":""ZodEnum"",""optional"":false,""nullable"":false,""values"":[""AVAILABLE"",""IN_SERVICE"",""MAINTENANCE"",""OUT_OF_SERVICE""]}",cargomesh/src/shared/schemas/v2/workflow.ts:157; schema workflow.ts:WorkflowRecordV2Schema; field data.next,data.next,ZodEnum,False,False,supabase-v2/supabase/migrations/20261004154048_hac40_workflow.sql:257,asset-events,[],PARCIAL,No concrete non-null field value or measured read projection in this cut,HAC-40 / Cristhian,29c385fe0ee501eb4b8b989b0a247c8fdeda62ad,POST /api/v2/carriers/:carrierId/assets/:parentId/events,GET /api/v2/carriers/:carrierId/assets/:parentId/events; GET /api/v2/carriers/:carrierId/assets/:parentId/events/:id,logs/class-matrix.json: AssetStatusEvent (catalog grants/policies/table ACL); logs/independent-rls-result.json; logs/auth-controls.json
146,AssetStatusEvent,reason,AssetConditionReason,False,PARCIAL,asset_status_events.data.reason,172,asset_status_events.data.reason,asset_status_events.data.reason,jsonb,NO,None,asset_status_events_data_check: CHECK ((jsonb_typeof(data) = 'object'::text)),,cargomesh/src/shared/schemas/v2/workflow.ts:105; schema workflow.ts:WorkflowInputsV2:asset-events.create; field reason,reason,ZodString,False,False,"{""type"":""ZodString"",""optional"":false,""nullable"":false,""checks"":[{""kind"":""trim""},{""kind"":""min"",""value"":1},{""kind"":""max"",""value"":2000}]}",cargomesh/src/shared/schemas/v2/workflow.ts:157; schema workflow.ts:WorkflowRecordV2Schema; field data.reason,data.reason,ZodString,False,False,supabase-v2/supabase/migrations/20261004154048_hac40_workflow.sql:257,asset-events,[],PARCIAL,No concrete non-null field value or measured read projection in this cut,HAC-40 / Cristhian,29c385fe0ee501eb4b8b989b0a247c8fdeda62ad,POST /api/v2/carriers/:carrierId/assets/:parentId/events,GET /api/v2/carriers/:carrierId/assets/:parentId/events; GET /api/v2/carriers/:carrierId/assets/:parentId/events/:id,logs/class-matrix.json: AssetStatusEvent (catalog grants/policies/table ACL); logs/independent-rls-result.json; logs/auth-controls.json
147,AssetStatusEvent,evidence,EvidenceRef,True,PARCIAL,asset_status_events.data.evidence,173,asset_status_events.data.evidence,asset_status_events.data.evidence,jsonb,NO,None,asset_status_events_data_check: CHECK ((jsonb_typeof(data) = 'object'::text)),,cargomesh/src/shared/schemas/v2/workflow.ts:105; schema workflow.ts:WorkflowInputsV2:asset-events.create; field evidence,evidence,ZodObject,False,False,"{""type"":""ZodObject"",""optional"":false,""nullable"":false,""fields"":{""reference"":{""type"":""ZodString"",""optional"":false,""nullable"":false,""checks"":[{""kind"":""trim""},{""kind"":""min"",""value"":1},{""kind"":""max"",""value"":500}]},""provider"":{""type"":""ZodString"",""optional"":false,""nullable"":false,""checks"":[{""kind"":""trim""},{""kind"":""min"",""value"":1},{""kind"":""max"",""value"":150}]},""observedAt"":{""type"":""ZodString"",""optional"":false,""nullable"":false,""checks"":[{""kind"":""datetime"",""precision"":null,""offset"":true,""local"":false}]},""validUntil"":{""type"":""ZodString"",""optional"":false,""nullable"":true,""checks"":[{""kind"":""datetime"",""precision"":null,""offset"":true,""local"":false}]},""provenanceStatus"":{""type"":""ZodEnum"",""optional"":false,""nullable"":false,""values"":[""VERIFIED"",""ESTIMATED"",""SIMULATED"",""UNKNOWN""]}},""unknownKeys"":""strict""}",cargomesh/src/shared/schemas/v2/workflow.ts:157; schema workflow.ts:WorkflowRecordV2Schema; field data.evidence,data.evidence,ZodObject,False,False,supabase-v2/supabase/migrations/20261004154048_hac40_workflow.sql:257,asset-events,[],PARCIAL,No concrete non-null field value or measured read projection in this cut,HAC-40 / Cristhian,29c385fe0ee501eb4b8b989b0a247c8fdeda62ad,POST /api/v2/carriers/:carrierId/assets/:parentId/events,GET /api/v2/carriers/:carrierId/assets/:parentId/events; GET /api/v2/carriers/:carrierId/assets/:parentId/events/:id,logs/class-matrix.json: AssetStatusEvent (catalog grants/policies/table ACL); logs/independent-rls-result.json; logs/auth-controls.json
148,RoutePlan,origin,GeoLocation,False,COMPLETO,route_plans.data.origin,174,route_plans.data.origin,route_plans.data.origin,jsonb,NO,None,route_plans_data_check: CHECK ((jsonb_typeof(data) = 'object'::text)),,GENERATED_BY_PARENT_COMMAND,—,—,—,—,—,cargomesh/src/shared/schemas/v2/workflow.ts:157; schema workflow.ts:WorkflowRecordV2Schema; field data.origin,data.origin,ZodObject,False,False,supabase-v2/supabase/migrations/20261004154048_hac40_workflow.sql:140,routes,"[{""file"":""extended-roundtrips.json"",""row"":9,""id"":""ab6c5731-d4dc-406c-a792-afa77ecc7149"",""state"":""VALUE"",""inputState"":""MISSING"",""inputEqualsRead"":null,""value"":{""label"":""[SYNTHETIC] A pickup on covered lane"",""countryCode"":""PE"",""region"":null,""city"":""Lima"",""lat"":null,""lng"":null}}]",COMPLETO,Resolved storage and current typed output agree with a concrete POST/GET or measured read projection,HAC-40 / Cristhian,29c385fe0ee501eb4b8b989b0a247c8fdeda62ad,POST /api/v2/freight/requests/:requestId/routes,GET /api/v2/freight/requests/:requestId/routes; GET /api/v2/freight/requests/:requestId/routes/:id,logs/class-matrix.json: RoutePlan (catalog grants/policies/table ACL); logs/independent-rls-result.json; logs/auth-controls.json
149,RoutePlan,destination,GeoLocation,False,COMPLETO,route_plans.data.destination,175,route_plans.data.destination,route_plans.data.destination,jsonb,NO,None,route_plans_data_check: CHECK ((jsonb_typeof(data) = 'object'::text)),,GENERATED_BY_PARENT_COMMAND,—,—,—,—,—,cargomesh/src/shared/schemas/v2/workflow.ts:157; schema workflow.ts:WorkflowRecordV2Schema; field data.destination,data.destination,ZodObject,False,False,supabase-v2/supabase/migrations/20261004154048_hac40_workflow.sql:140,routes,"[{""file"":""extended-roundtrips.json"",""row"":9,""id"":""ab6c5731-d4dc-406c-a792-afa77ecc7149"",""state"":""VALUE"",""inputState"":""MISSING"",""inputEqualsRead"":null,""value"":{""label"":""[SYNTHETIC] B delivery on covered lane"",""countryCode"":""PE"",""region"":null,""city"":""Arequipa"",""lat"":null,""lng"":null}}]",COMPLETO,Resolved storage and current typed output agree with a concrete POST/GET or measured read projection,HAC-40 / Cristhian,29c385fe0ee501eb4b8b989b0a247c8fdeda62ad,POST /api/v2/freight/requests/:requestId/routes,GET /api/v2/freight/requests/:requestId/routes; GET /api/v2/freight/requests/:requestId/routes/:id,logs/class-matrix.json: RoutePlan (catalog grants/policies/table ACL); logs/independent-rls-result.json; logs/auth-controls.json
150,RoutePlan,estimatedDistanceKm,number,True,COMPLETO,route_plans.data.estimatedDistanceKm,176,route_plans.data.estimatedDistanceKm,route_plans.data.estimatedDistanceKm,jsonb,NO,None,route_plans_data_check: CHECK ((jsonb_typeof(data) = 'object'::text)),,GENERATED_BY_PARENT_COMMAND,—,—,—,—,—,cargomesh/src/shared/schemas/v2/workflow.ts:157; schema workflow.ts:WorkflowRecordV2Schema; field data.estimatedDistanceKm,data.estimatedDistanceKm,ZodNumber,False,True,supabase-v2/supabase/migrations/20261004154048_hac40_workflow.sql:140,routes,"[{""file"":""extended-roundtrips.json"",""row"":9,""id"":""ab6c5731-d4dc-406c-a792-afa77ecc7149"",""state"":""VALUE"",""inputState"":""MISSING"",""inputEqualsRead"":null,""value"":100}]",COMPLETO,Resolved storage and current typed output agree with a concrete POST/GET or measured read projection,HAC-40 / Cristhian,29c385fe0ee501eb4b8b989b0a247c8fdeda62ad,POST /api/v2/freight/requests/:requestId/routes,GET /api/v2/freight/requests/:requestId/routes; GET /api/v2/freight/requests/:requestId/routes/:id,logs/class-matrix.json: RoutePlan (catalog grants/policies/table ACL); logs/independent-rls-result.json; logs/auth-controls.json
151,RoutePlan,estimatedDuration,Duration,True,COMPLETO,route_plans.data.estimatedDurationSeconds,177,route_plans.data.estimatedDurationSeconds,route_plans.data.estimatedDurationSeconds,jsonb,NO,None,route_plans_data_check: CHECK ((jsonb_typeof(data) = 'object'::text)),,GENERATED_BY_PARENT_COMMAND,—,—,—,—,—,cargomesh/src/shared/schemas/v2/workflow.ts:157; schema workflow.ts:WorkflowRecordV2Schema; field data.estimatedDurationSeconds,data.estimatedDurationSeconds,ZodNumber,False,True,supabase-v2/supabase/migrations/20261004154048_hac40_workflow.sql:140,routes,"[{""file"":""extended-roundtrips.json"",""row"":9,""id"":""ab6c5731-d4dc-406c-a792-afa77ecc7149"",""state"":""VALUE"",""inputState"":""MISSING"",""inputEqualsRead"":null,""value"":3600}]",COMPLETO,Resolved storage and current typed output agree with a concrete POST/GET or measured read projection,HAC-40 / Cristhian,29c385fe0ee501eb4b8b989b0a247c8fdeda62ad,POST /api/v2/freight/requests/:requestId/routes,GET /api/v2/freight/requests/:requestId/routes; GET /api/v2/freight/requests/:requestId/routes/:id,logs/class-matrix.json: RoutePlan (catalog grants/policies/table ACL); logs/independent-rls-result.json; logs/auth-controls.json
152,RoutePlan,geographicSource,DataSource,False,COMPLETO,route_plans.data.geographicSource,178,route_plans.data.geographicSource,route_plans.data.geographicSource,jsonb,NO,None,route_plans_data_check: CHECK ((jsonb_typeof(data) = 'object'::text)),,GENERATED_BY_PARENT_COMMAND,—,—,—,—,—,cargomesh/src/shared/schemas/v2/workflow.ts:157; schema workflow.ts:WorkflowRecordV2Schema; field data.geographicSource,data.geographicSource,ZodObject,False,False,supabase-v2/supabase/migrations/20261004154048_hac40_workflow.sql:140,routes,"[{""file"":""extended-roundtrips.json"",""row"":9,""id"":""ab6c5731-d4dc-406c-a792-afa77ecc7149"",""state"":""VALUE"",""inputState"":""MISSING"",""inputEqualsRead"":null,""value"":{""kind"":""PUBLISHED_CORRIDORS"",""references"":[""13909c38-6780-479b-93c3-1ed75caa1c24""]}}]",COMPLETO,Resolved storage and current typed output agree with a concrete POST/GET or measured read projection,HAC-40 / Cristhian,29c385fe0ee501eb4b8b989b0a247c8fdeda62ad,POST /api/v2/freight/requests/:requestId/routes,GET /api/v2/freight/requests/:requestId/routes; GET /api/v2/freight/requests/:requestId/routes/:id,logs/class-matrix.json: RoutePlan (catalog grants/policies/table ACL); logs/independent-rls-result.json; logs/auth-controls.json
153,RoutePlan,confidence,EvidenceStatus,False,COMPLETO,route_plans.data.confidence,179,route_plans.data.confidence,route_plans.data.confidence,jsonb,NO,None,route_plans_data_check: CHECK ((jsonb_typeof(data) = 'object'::text)),,GENERATED_BY_PARENT_COMMAND,—,—,—,—,—,cargomesh/src/shared/schemas/v2/workflow.ts:157; schema workflow.ts:WorkflowRecordV2Schema; field data.confidence,data.confidence,ZodEnum,False,False,supabase-v2/supabase/migrations/20261004154048_hac40_workflow.sql:140,routes,"[{""file"":""extended-roundtrips.json"",""row"":9,""id"":""ab6c5731-d4dc-406c-a792-afa77ecc7149"",""state"":""VALUE"",""inputState"":""MISSING"",""inputEqualsRead"":null,""value"":""SIMULATED""}]",COMPLETO,Resolved storage and current typed output agree with a concrete POST/GET or measured read projection,HAC-40 / Cristhian,29c385fe0ee501eb4b8b989b0a247c8fdeda62ad,POST /api/v2/freight/requests/:requestId/routes,GET /api/v2/freight/requests/:requestId/routes; GET /api/v2/freight/requests/:requestId/routes/:id,logs/class-matrix.json: RoutePlan (catalog grants/policies/table ACL); logs/independent-rls-result.json; logs/auth-controls.json
154,RoutePlan,estimatedTolls,Money,True,PARCIAL,route_plans.data.estimatedTolls,180,route_plans.data.estimatedTolls,route_plans.data.estimatedTolls,jsonb,NO,None,route_plans_data_check: CHECK ((jsonb_typeof(data) = 'object'::text)),,GENERATED_BY_PARENT_COMMAND,—,—,—,—,—,cargomesh/src/shared/schemas/v2/workflow.ts:157; schema workflow.ts:WorkflowRecordV2Schema; field data.estimatedTolls,data.estimatedTolls,ZodNull,False,True,supabase-v2/supabase/migrations/20261004154048_hac40_workflow.sql:140,routes,"[{""file"":""extended-roundtrips.json"",""row"":9,""id"":""ab6c5731-d4dc-406c-a792-afa77ecc7149"",""state"":""NULL"",""inputState"":""MISSING"",""inputEqualsRead"":null,""value"":null}]",PARCIAL,No concrete non-null field value or measured read projection in this cut,HAC-40 / Cristhian,29c385fe0ee501eb4b8b989b0a247c8fdeda62ad,POST /api/v2/freight/requests/:requestId/routes,GET /api/v2/freight/requests/:requestId/routes; GET /api/v2/freight/requests/:requestId/routes/:id,logs/class-matrix.json: RoutePlan (catalog grants/policies/table ACL); logs/independent-rls-result.json; logs/auth-controls.json
155,RoutePlan,borderCostEstimate,Money,True,PARCIAL,route_plans.data.borderCostEstimate,181,route_plans.data.borderCostEstimate,route_plans.data.borderCostEstimate,jsonb,NO,None,route_plans_data_check: CHECK ((jsonb_typeof(data) = 'object'::text)),,GENERATED_BY_PARENT_COMMAND,—,—,—,—,—,cargomesh/src/shared/schemas/v2/workflow.ts:157; schema workflow.ts:WorkflowRecordV2Schema; field data.borderCostEstimate,data.borderCostEstimate,ZodNull,False,True,supabase-v2/supabase/migrations/20261004154048_hac40_workflow.sql:140,routes,"[{""file"":""extended-roundtrips.json"",""row"":9,""id"":""ab6c5731-d4dc-406c-a792-afa77ecc7149"",""state"":""NULL"",""inputState"":""MISSING"",""inputEqualsRead"":null,""value"":null}]",PARCIAL,No concrete non-null field value or measured read projection in this cut,HAC-40 / Cristhian,29c385fe0ee501eb4b8b989b0a247c8fdeda62ad,POST /api/v2/freight/requests/:requestId/routes,GET /api/v2/freight/requests/:requestId/routes; GET /api/v2/freight/requests/:requestId/routes/:id,logs/class-matrix.json: RoutePlan (catalog grants/policies/table ACL); logs/independent-rls-result.json; logs/auth-controls.json
156,RouteLeg,sequence,number,False,COMPLETO,route_legs.sequence,182,route_legs.sequence,route_legs.sequence,integer,NO,None,"route_legs_route_plan_id_sequence_key: UNIQUE (route_plan_id, sequence); route_legs_sequence_check: CHECK ((sequence > 0))","CREATE UNIQUE INDEX route_legs_route_plan_id_sequence_key ON public.route_legs USING btree (route_plan_id, sequence)",GENERATED_BY_PARENT_COMMAND,—,—,—,—,—,cargomesh/src/shared/schemas/v2/workflow.ts:157; schema workflow.ts:WorkflowRecordV2Schema; field data.legs[].sequence,data.legs[].sequence,ZodNumber,False,False,supabase-v2/supabase/migrations/20261004154048_hac40_workflow.sql:312,routes,"[{""file"":""extended-roundtrips.json"",""row"":9,""id"":""ab6c5731-d4dc-406c-a792-afa77ecc7149"",""state"":""VALUE"",""inputState"":""MISSING"",""inputEqualsRead"":null,""value"":1}]",COMPLETO,Resolved storage and current typed output agree with a concrete POST/GET or measured read projection,HAC-40 / Cristhian,29c385fe0ee501eb4b8b989b0a247c8fdeda62ad,POST /api/v2/freight/requests/:requestId/routes,GET /api/v2/freight/requests/:requestId/routes; GET /api/v2/freight/requests/:requestId/routes/:id,logs/class-matrix.json: RouteLeg (catalog grants/policies/table ACL); logs/independent-rls-result.json; logs/auth-controls.json
157,RouteLeg,mode,TransportMode,False,COMPLETO,route_legs.data.mode,183,route_legs.data.mode,route_legs.data.mode,jsonb,NO,None,,,GENERATED_BY_PARENT_COMMAND,—,—,—,—,—,cargomesh/src/shared/schemas/v2/workflow.ts:157; schema workflow.ts:WorkflowRecordV2Schema; field data.legs[].mode,data.legs[].mode,ZodEnum,False,False,supabase-v2/supabase/migrations/20261004154048_hac40_workflow.sql:312,routes,"[{""file"":""extended-roundtrips.json"",""row"":9,""id"":""ab6c5731-d4dc-406c-a792-afa77ecc7149"",""state"":""VALUE"",""inputState"":""MISSING"",""inputEqualsRead"":null,""value"":""ROAD""}]",COMPLETO,Resolved storage and current typed output agree with a concrete POST/GET or measured read projection,HAC-40 / Cristhian,29c385fe0ee501eb4b8b989b0a247c8fdeda62ad,POST /api/v2/freight/requests/:requestId/routes,GET /api/v2/freight/requests/:requestId/routes; GET /api/v2/freight/requests/:requestId/routes/:id,logs/class-matrix.json: RouteLeg (catalog grants/policies/table ACL); logs/independent-rls-result.json; logs/auth-controls.json
158,RouteLeg,origin,GeoLocation,False,COMPLETO,route_legs.data.origin,184,route_legs.data.origin,route_legs.data.origin,jsonb,NO,None,,,GENERATED_BY_PARENT_COMMAND,—,—,—,—,—,cargomesh/src/shared/schemas/v2/workflow.ts:157; schema workflow.ts:WorkflowRecordV2Schema; field data.legs[].origin,data.legs[].origin,ZodObject,False,False,supabase-v2/supabase/migrations/20261004154048_hac40_workflow.sql:312,routes,"[{""file"":""extended-roundtrips.json"",""row"":9,""id"":""ab6c5731-d4dc-406c-a792-afa77ecc7149"",""state"":""VALUE"",""inputState"":""MISSING"",""inputEqualsRead"":null,""value"":{""label"":""[SYNTHETIC] A pickup on covered lane"",""countryCode"":""PE"",""region"":null,""city"":""Lima"",""lat"":null,""lng"":null}}]",COMPLETO,Resolved storage and current typed output agree with a concrete POST/GET or measured read projection,HAC-40 / Cristhian,29c385fe0ee501eb4b8b989b0a247c8fdeda62ad,POST /api/v2/freight/requests/:requestId/routes,GET /api/v2/freight/requests/:requestId/routes; GET /api/v2/freight/requests/:requestId/routes/:id,logs/class-matrix.json: RouteLeg (catalog grants/policies/table ACL); logs/independent-rls-result.json; logs/auth-controls.json
159,RouteLeg,destination,GeoLocation,False,COMPLETO,route_legs.data.destination,185,route_legs.data.destination,route_legs.data.destination,jsonb,NO,None,,,GENERATED_BY_PARENT_COMMAND,—,—,—,—,—,cargomesh/src/shared/schemas/v2/workflow.ts:157; schema workflow.ts:WorkflowRecordV2Schema; field data.legs[].destination,data.legs[].destination,ZodObject,False,False,supabase-v2/supabase/migrations/20261004154048_hac40_workflow.sql:312,routes,"[{""file"":""extended-roundtrips.json"",""row"":9,""id"":""ab6c5731-d4dc-406c-a792-afa77ecc7149"",""state"":""VALUE"",""inputState"":""MISSING"",""inputEqualsRead"":null,""value"":{""label"":""[SYNTHETIC] B delivery on covered lane"",""countryCode"":""PE"",""region"":null,""city"":""Arequipa"",""lat"":null,""lng"":null}}]",COMPLETO,Resolved storage and current typed output agree with a concrete POST/GET or measured read projection,HAC-40 / Cristhian,29c385fe0ee501eb4b8b989b0a247c8fdeda62ad,POST /api/v2/freight/requests/:requestId/routes,GET /api/v2/freight/requests/:requestId/routes; GET /api/v2/freight/requests/:requestId/routes/:id,logs/class-matrix.json: RouteLeg (catalog grants/policies/table ACL); logs/independent-rls-result.json; logs/auth-controls.json
160,RouteLeg,borderRequirements,Rule[],False,PARCIAL,route_legs.data.borderRequirements,186,route_legs.data.borderRequirements,route_legs.data.borderRequirements,jsonb,NO,None,,,GENERATED_BY_PARENT_COMMAND,—,—,—,—,—,cargomesh/src/shared/schemas/v2/workflow.ts:157; schema workflow.ts:WorkflowRecordV2Schema; field data.legs[].borderRequirements,data.legs[].borderRequirements,ZodArray,False,False,supabase-v2/supabase/migrations/20261004154048_hac40_workflow.sql:312,routes,[],PARCIAL,No concrete non-null field value or measured read projection in this cut,HAC-40 / Cristhian,29c385fe0ee501eb4b8b989b0a247c8fdeda62ad,POST /api/v2/freight/requests/:requestId/routes,GET /api/v2/freight/requests/:requestId/routes; GET /api/v2/freight/requests/:requestId/routes/:id,logs/class-matrix.json: RouteLeg (catalog grants/policies/table ACL); logs/independent-rls-result.json; logs/auth-controls.json
161,RouteLeg,estimatedDistanceKm,number,True,COMPLETO,route_legs.data.estimatedDistanceKm,187,route_legs.data.estimatedDistanceKm,route_legs.data.estimatedDistanceKm,jsonb,NO,None,,,GENERATED_BY_PARENT_COMMAND,—,—,—,—,—,cargomesh/src/shared/schemas/v2/workflow.ts:157; schema workflow.ts:WorkflowRecordV2Schema; field data.legs[].estimatedDistanceKm,data.legs[].estimatedDistanceKm,ZodNumber,False,True,supabase-v2/supabase/migrations/20261004154048_hac40_workflow.sql:312,routes,"[{""file"":""extended-roundtrips.json"",""row"":9,""id"":""ab6c5731-d4dc-406c-a792-afa77ecc7149"",""state"":""VALUE"",""inputState"":""MISSING"",""inputEqualsRead"":null,""value"":100}]",COMPLETO,Resolved storage and current typed output agree with a concrete POST/GET or measured read projection,HAC-40 / Cristhian,29c385fe0ee501eb4b8b989b0a247c8fdeda62ad,POST /api/v2/freight/requests/:requestId/routes,GET /api/v2/freight/requests/:requestId/routes; GET /api/v2/freight/requests/:requestId/routes/:id,logs/class-matrix.json: RouteLeg (catalog grants/policies/table ACL); logs/independent-rls-result.json; logs/auth-controls.json
162,RouteLeg,estimatedDuration,Duration,True,COMPLETO,route_legs.data.estimatedDurationSeconds,188,route_legs.data.estimatedDurationSeconds,route_legs.data.estimatedDurationSeconds,jsonb,NO,None,,,GENERATED_BY_PARENT_COMMAND,—,—,—,—,—,cargomesh/src/shared/schemas/v2/workflow.ts:157; schema workflow.ts:WorkflowRecordV2Schema; field data.legs[].estimatedDurationSeconds,data.legs[].estimatedDurationSeconds,ZodNumber,False,True,supabase-v2/supabase/migrations/20261004154048_hac40_workflow.sql:312,routes,"[{""file"":""extended-roundtrips.json"",""row"":9,""id"":""ab6c5731-d4dc-406c-a792-afa77ecc7149"",""state"":""VALUE"",""inputState"":""MISSING"",""inputEqualsRead"":null,""value"":3600}]",COMPLETO,Resolved storage and current typed output agree with a concrete POST/GET or measured read projection,HAC-40 / Cristhian,29c385fe0ee501eb4b8b989b0a247c8fdeda62ad,POST /api/v2/freight/requests/:requestId/routes,GET /api/v2/freight/requests/:requestId/routes; GET /api/v2/freight/requests/:requestId/routes/:id,logs/class-matrix.json: RouteLeg (catalog grants/policies/table ACL); logs/independent-rls-result.json; logs/auth-controls.json
163,RouteCondition,kind,CLOSURE | DELAY | HAZARD | RESTRICTION,False,COMPLETO,route_conditions.kind,189,route_conditions.kind,route_conditions.kind,text,NO,'conditions'::text,route_conditions_kind_check: CHECK ((kind = 'conditions'::text)),,cargomesh/src/shared/schemas/v2/workflow.ts:40; schema workflow.ts:WorkflowInputsV2:conditions.publish; field kind,kind,ZodEnum,False,False,"{""type"":""ZodEnum"",""optional"":false,""nullable"":false,""values"":[""CLOSURE"",""DELAY"",""HAZARD"",""RESTRICTION""]}",cargomesh/src/shared/schemas/v2/workflow.ts:157; schema workflow.ts:WorkflowRecordV2Schema; field data.kind,data.kind,ZodEnum,False,False,supabase-v2/supabase/migrations/20261004154048_hac40_workflow.sql:87,conditions,"[{""file"":""extended-roundtrips.json"",""row"":26,""id"":""33416903-b4d8-472e-afa1-c33c9da9b77f"",""state"":""VALUE"",""inputState"":""VALUE"",""inputEqualsRead"":true,""value"":""DELAY""}]",COMPLETO,Resolved storage and current typed output agree with a concrete POST/GET or measured read projection,HAC-40 / Cristhian,29c385fe0ee501eb4b8b989b0a247c8fdeda62ad,POST /api/v2/routing/conditions; POST /api/v2/routing/conditions/:id/revisions,GET /api/v2/routing/conditions; GET /api/v2/routing/conditions/:id,logs/class-matrix.json: RouteCondition (catalog grants/policies/table ACL); logs/independent-rls-result.json; logs/auth-controls.json
164,RouteCondition,location,GeoLocation,False,COMPLETO,route_conditions.data.location,190,route_conditions.data.location,route_conditions.data.location,jsonb,NO,None,route_conditions_data_check: CHECK ((jsonb_typeof(data) = 'object'::text)),,cargomesh/src/shared/schemas/v2/workflow.ts:40; schema workflow.ts:WorkflowInputsV2:conditions.publish; field location,location,ZodObject,False,False,"{""type"":""ZodObject"",""optional"":false,""nullable"":false,""fields"":{""label"":{""type"":""ZodString"",""optional"":false,""nullable"":false,""checks"":[{""kind"":""min"",""value"":1}]},""countryCode"":{""type"":""ZodString"",""optional"":false,""nullable"":false,""checks"":[{""kind"":""regex"",""regex"":{""source"":""^[A-Z]{2}$"",""flags"":""""}}]},""region"":{""type"":""ZodString"",""optional"":false,""nullable"":true,""checks"":[]},""city"":{""type"":""ZodString"",""optional"":false,""nullable"":false,""checks"":[{""kind"":""min"",""value"":1}]},""lat"":{""type"":""ZodNumber"",""optional"":false,""nullable"":true,""checks"":[{""kind"":""min"",""value"":-90,""inclusive"":true},{""kind"":""max"",""value"":90,""inclusive"":true}]},""lng"":{""type"":""ZodNumber"",""optional"":false,""nullable"":true,""checks"":[{""kind"":""min"",""value"":-180,""inclusive"":true},{""kind"":""max"",""value"":180,""inclusive"":true}]}},""unknownKeys"":""strict""}",cargomesh/src/shared/schemas/v2/workflow.ts:157; schema workflow.ts:WorkflowRecordV2Schema; field data.location,data.location,ZodObject,False,False,supabase-v2/supabase/migrations/20261004154048_hac40_workflow.sql:88,conditions,"[{""file"":""extended-roundtrips.json"",""row"":26,""id"":""33416903-b4d8-472e-afa1-c33c9da9b77f"",""state"":""VALUE"",""inputState"":""VALUE"",""inputEqualsRead"":true,""value"":{""label"":""[SYNTHETIC] A pickup on covered lane"",""countryCode"":""PE"",""region"":null,""city"":""Lima"",""lat"":null,""lng"":null}}]",COMPLETO,Resolved storage and current typed output agree with a concrete POST/GET or measured read projection,HAC-40 / Cristhian,29c385fe0ee501eb4b8b989b0a247c8fdeda62ad,POST /api/v2/routing/conditions; POST /api/v2/routing/conditions/:id/revisions,GET /api/v2/routing/conditions; GET /api/v2/routing/conditions/:id,logs/class-matrix.json: RouteCondition (catalog grants/policies/table ACL); logs/independent-rls-result.json; logs/auth-controls.json
165,RouteCondition,observedAt,Instant,False,COMPLETO,route_conditions.data.observedAt,191,route_conditions.data.observedAt,route_conditions.data.observedAt,jsonb,NO,None,route_conditions_data_check: CHECK ((jsonb_typeof(data) = 'object'::text)),,cargomesh/src/shared/schemas/v2/workflow.ts:40; schema workflow.ts:WorkflowInputsV2:conditions.publish; field observedAt,observedAt,ZodString,False,False,"{""type"":""ZodString"",""optional"":false,""nullable"":false,""checks"":[{""kind"":""datetime"",""precision"":null,""offset"":true,""local"":false}]}",cargomesh/src/shared/schemas/v2/workflow.ts:157; schema workflow.ts:WorkflowRecordV2Schema; field data.observedAt,data.observedAt,ZodString,False,False,supabase-v2/supabase/migrations/20261004154048_hac40_workflow.sql:88,conditions,"[{""file"":""extended-roundtrips.json"",""row"":26,""id"":""33416903-b4d8-472e-afa1-c33c9da9b77f"",""state"":""VALUE"",""inputState"":""VALUE"",""inputEqualsRead"":true,""value"":""2020-01-01T00:00:00Z""}]",COMPLETO,Resolved storage and current typed output agree with a concrete POST/GET or measured read projection,HAC-40 / Cristhian,29c385fe0ee501eb4b8b989b0a247c8fdeda62ad,POST /api/v2/routing/conditions; POST /api/v2/routing/conditions/:id/revisions,GET /api/v2/routing/conditions; GET /api/v2/routing/conditions/:id,logs/class-matrix.json: RouteCondition (catalog grants/policies/table ACL); logs/independent-rls-result.json; logs/auth-controls.json
166,RouteCondition,validUntil,Instant,True,COMPLETO,route_conditions.data.validUntil,192,route_conditions.data.validUntil,route_conditions.data.validUntil,jsonb,NO,None,route_conditions_data_check: CHECK ((jsonb_typeof(data) = 'object'::text)),,cargomesh/src/shared/schemas/v2/workflow.ts:40; schema workflow.ts:WorkflowInputsV2:conditions.publish; field validUntil,validUntil,ZodString,False,True,"{""type"":""ZodString"",""optional"":false,""nullable"":true,""checks"":[{""kind"":""datetime"",""precision"":null,""offset"":true,""local"":false}]}",cargomesh/src/shared/schemas/v2/workflow.ts:157; schema workflow.ts:WorkflowRecordV2Schema; field data.validUntil,data.validUntil,ZodString,False,True,supabase-v2/supabase/migrations/20261004154048_hac40_workflow.sql:88,conditions,"[{""file"":""extended-roundtrips.json"",""row"":26,""id"":""33416903-b4d8-472e-afa1-c33c9da9b77f"",""state"":""VALUE"",""inputState"":""VALUE"",""inputEqualsRead"":true,""value"":""2021-01-01T00:00:00Z""}]",COMPLETO,Resolved storage and current typed output agree with a concrete POST/GET or measured read projection,HAC-40 / Cristhian,29c385fe0ee501eb4b8b989b0a247c8fdeda62ad,POST /api/v2/routing/conditions; POST /api/v2/routing/conditions/:id/revisions,GET /api/v2/routing/conditions; GET /api/v2/routing/conditions/:id,logs/class-matrix.json: RouteCondition (catalog grants/policies/table ACL); logs/independent-rls-result.json; logs/auth-controls.json
167,RouteCondition,source,DataSource,False,COMPLETO,route_conditions.data.source,193,route_conditions.data.source,route_conditions.data.source,jsonb,NO,None,route_conditions_data_check: CHECK ((jsonb_typeof(data) = 'object'::text)),,cargomesh/src/shared/schemas/v2/workflow.ts:40; schema workflow.ts:WorkflowInputsV2:conditions.publish; field source,source,ZodObject,False,False,"{""type"":""ZodObject"",""optional"":false,""nullable"":false,""fields"":{""reference"":{""type"":""ZodString"",""optional"":false,""nullable"":false,""checks"":[{""kind"":""trim""},{""kind"":""min"",""value"":1},{""kind"":""max"",""value"":500}]},""provider"":{""type"":""ZodString"",""optional"":false,""nullable"":false,""checks"":[{""kind"":""trim""},{""kind"":""min"",""value"":1},{""kind"":""max"",""value"":150}]},""observedAt"":{""type"":""ZodString"",""optional"":false,""nullable"":false,""checks"":[{""kind"":""datetime"",""precision"":null,""offset"":true,""local"":false}]},""validUntil"":{""type"":""ZodString"",""optional"":false,""nullable"":true,""checks"":[{""kind"":""datetime"",""precision"":null,""offset"":true,""local"":false}]},""provenanceStatus"":{""type"":""ZodEnum"",""optional"":false,""nullable"":false,""values"":[""VERIFIED"",""ESTIMATED"",""SIMULATED"",""UNKNOWN""]}},""unknownKeys"":""strict""}",cargomesh/src/shared/schemas/v2/workflow.ts:157; schema workflow.ts:WorkflowRecordV2Schema; field data.source,data.source,ZodObject,False,False,supabase-v2/supabase/migrations/20261004154048_hac40_workflow.sql:88,conditions,"[{""file"":""extended-roundtrips.json"",""row"":26,""id"":""33416903-b4d8-472e-afa1-c33c9da9b77f"",""state"":""VALUE"",""inputState"":""VALUE"",""inputEqualsRead"":true,""value"":{""reference"":""fixture:workflow"",""provider"":""Synthetic QA"",""observedAt"":""2020-01-01T00:00:00Z"",""validUntil"":""2030-01-01T00:00:00Z"",""provenanceStatus"":""SIMULATED""}}]",COMPLETO,Resolved storage and current typed output agree with a concrete POST/GET or measured read projection,HAC-40 / Cristhian,29c385fe0ee501eb4b8b989b0a247c8fdeda62ad,POST /api/v2/routing/conditions; POST /api/v2/routing/conditions/:id/revisions,GET /api/v2/routing/conditions; GET /api/v2/routing/conditions/:id,logs/class-matrix.json: RouteCondition (catalog grants/policies/table ACL); logs/independent-rls-result.json; logs/auth-controls.json
168,RouteCondition,confidence,EvidenceStatus,False,COMPLETO,route_conditions.data.confidence,194,route_conditions.data.confidence,route_conditions.data.confidence,jsonb,NO,None,route_conditions_data_check: CHECK ((jsonb_typeof(data) = 'object'::text)),,cargomesh/src/shared/schemas/v2/workflow.ts:40; schema workflow.ts:WorkflowInputsV2:conditions.publish; field confidence,confidence,ZodEnum,False,False,"{""type"":""ZodEnum"",""optional"":false,""nullable"":false,""values"":[""VERIFIED"",""ESTIMATED"",""SIMULATED"",""UNKNOWN""]}",cargomesh/src/shared/schemas/v2/workflow.ts:157; schema workflow.ts:WorkflowRecordV2Schema; field data.confidence,data.confidence,ZodEnum,False,False,supabase-v2/supabase/migrations/20261004154048_hac40_workflow.sql:88,conditions,"[{""file"":""extended-roundtrips.json"",""row"":26,""id"":""33416903-b4d8-472e-afa1-c33c9da9b77f"",""state"":""VALUE"",""inputState"":""VALUE"",""inputEqualsRead"":true,""value"":""SIMULATED""}]",COMPLETO,Resolved storage and current typed output agree with a concrete POST/GET or measured read projection,HAC-40 / Cristhian,29c385fe0ee501eb4b8b989b0a247c8fdeda62ad,POST /api/v2/routing/conditions; POST /api/v2/routing/conditions/:id/revisions,GET /api/v2/routing/conditions; GET /api/v2/routing/conditions/:id,logs/class-matrix.json: RouteCondition (catalog grants/policies/table ACL); logs/independent-rls-result.json; logs/auth-controls.json
169,RouteWaypoint,kind,FUEL | REST | BORDER | TRANSFER,False,COMPLETO,route_waypoints.data.kind,195,route_waypoints.data.kind,route_waypoints.data.kind,jsonb,NO,None,,,GENERATED_BY_PARENT_COMMAND,—,—,—,—,—,cargomesh/src/shared/schemas/v2/workflow.ts:157; schema workflow.ts:WorkflowRecordV2Schema; field data.legs[].waypoints[].kind,data.legs[].waypoints[].kind,ZodEnum,False,False,supabase-v2/supabase/migrations/20261004154048_hac40_workflow.sql:313,routes,"[{""file"":""extended-roundtrips.json"",""row"":9,""id"":""ab6c5731-d4dc-406c-a792-afa77ecc7149"",""state"":""VALUE"",""inputState"":""MISSING"",""inputEqualsRead"":null,""value"":""FUEL""}]",COMPLETO,Resolved storage and current typed output agree with a concrete POST/GET or measured read projection,HAC-40 / Cristhian,29c385fe0ee501eb4b8b989b0a247c8fdeda62ad,POST /api/v2/freight/requests/:requestId/routes,GET /api/v2/freight/requests/:requestId/routes; GET /api/v2/freight/requests/:requestId/routes/:id,logs/class-matrix.json: RouteWaypoint (catalog grants/policies/table ACL); logs/independent-rls-result.json; logs/auth-controls.json
170,RouteWaypoint,location,GeoLocation,False,COMPLETO,route_waypoints.data.location,196,route_waypoints.data.location,route_waypoints.data.location,jsonb,NO,None,,,GENERATED_BY_PARENT_COMMAND,—,—,—,—,—,cargomesh/src/shared/schemas/v2/workflow.ts:157; schema workflow.ts:WorkflowRecordV2Schema; field data.legs[].waypoints[].location,data.legs[].waypoints[].location,ZodObject,False,False,supabase-v2/supabase/migrations/20261004154048_hac40_workflow.sql:313,routes,"[{""file"":""extended-roundtrips.json"",""row"":9,""id"":""ab6c5731-d4dc-406c-a792-afa77ecc7149"",""state"":""VALUE"",""inputState"":""MISSING"",""inputEqualsRead"":null,""value"":{""label"":""[SYNTHETIC] A pickup on covered lane"",""countryCode"":""PE"",""region"":null,""city"":""Lima"",""lat"":null,""lng"":null}}]",COMPLETO,Resolved storage and current typed output agree with a concrete POST/GET or measured read projection,HAC-40 / Cristhian,29c385fe0ee501eb4b8b989b0a247c8fdeda62ad,POST /api/v2/freight/requests/:requestId/routes,GET /api/v2/freight/requests/:requestId/routes; GET /api/v2/freight/requests/:requestId/routes/:id,logs/class-matrix.json: RouteWaypoint (catalog grants/policies/table ACL); logs/independent-rls-result.json; logs/auth-controls.json
171,RouteWaypoint,sequence,number,False,PARCIAL,route_waypoints.sequence,197,route_waypoints.sequence,route_waypoints.sequence,integer,NO,None,"route_waypoints_route_leg_id_sequence_key: UNIQUE (route_leg_id, sequence); route_waypoints_sequence_check: CHECK ((sequence > 0))","CREATE UNIQUE INDEX route_waypoints_route_leg_id_sequence_key ON public.route_waypoints USING btree (route_leg_id, sequence)",GENERATED_BY_PARENT_COMMAND,—,—,—,—,—,cargomesh/src/shared/schemas/v2/workflow.ts:157; schema workflow.ts:WorkflowRecordV2Schema; field data.legs[].waypoints[].sequence,data.legs[].waypoints[].sequence,ZodNumber,False,False,supabase-v2/supabase/migrations/20261004154048_hac40_workflow.sql:313,routes,"[{""file"":""extended-roundtrips.json"",""row"":9,""id"":""ab6c5731-d4dc-406c-a792-afa77ecc7149"",""state"":""VALUE"",""inputState"":""MISSING"",""inputEqualsRead"":null,""value"":1}]",COMPLETO,Resolved storage and current typed output agree with a concrete POST/GET or measured read projection,HAC-40 / Cristhian,29c385fe0ee501eb4b8b989b0a247c8fdeda62ad,POST /api/v2/freight/requests/:requestId/routes,GET /api/v2/freight/requests/:requestId/routes; GET /api/v2/freight/requests/:requestId/routes/:id,logs/class-matrix.json: RouteWaypoint (catalog grants/policies/table ACL); logs/independent-rls-result.json; logs/auth-controls.json
172,RouteWaypoint,source,DataSource,False,COMPLETO,route_waypoints.data.source,198,route_waypoints.data.source,route_waypoints.data.source,jsonb,NO,None,,,GENERATED_BY_PARENT_COMMAND,—,—,—,—,—,cargomesh/src/shared/schemas/v2/workflow.ts:157; schema workflow.ts:WorkflowRecordV2Schema; field data.legs[].waypoints[].source,data.legs[].waypoints[].source,ZodObject,False,False,supabase-v2/supabase/migrations/20261004154048_hac40_workflow.sql:313,routes,"[{""file"":""extended-roundtrips.json"",""row"":9,""id"":""ab6c5731-d4dc-406c-a792-afa77ecc7149"",""state"":""VALUE"",""inputState"":""MISSING"",""inputEqualsRead"":null,""value"":{""reference"":""fixture:workflow"",""provider"":""Synthetic QA"",""observedAt"":""2020-01-01T00:00:00Z"",""validUntil"":""2030-01-01T00:00:00Z"",""provenanceStatus"":""SIMULATED""}}]",COMPLETO,Resolved storage and current typed output agree with a concrete POST/GET or measured read projection,HAC-40 / Cristhian,29c385fe0ee501eb4b8b989b0a247c8fdeda62ad,POST /api/v2/freight/requests/:requestId/routes,GET /api/v2/freight/requests/:requestId/routes; GET /api/v2/freight/requests/:requestId/routes/:id,logs/class-matrix.json: RouteWaypoint (catalog grants/policies/table ACL); logs/independent-rls-result.json; logs/auth-controls.json
173,RouteWaypoint,verifiedAt,Instant,True,COMPLETO,route_waypoints.data.verifiedAt,199,route_waypoints.data.verifiedAt,route_waypoints.data.verifiedAt,jsonb,NO,None,,,GENERATED_BY_PARENT_COMMAND,—,—,—,—,—,cargomesh/src/shared/schemas/v2/workflow.ts:157; schema workflow.ts:WorkflowRecordV2Schema; field data.legs[].waypoints[].verifiedAt,data.legs[].waypoints[].verifiedAt,ZodString,False,True,supabase-v2/supabase/migrations/20261004154048_hac40_workflow.sql:313,routes,"[{""file"":""extended-roundtrips.json"",""row"":9,""id"":""ab6c5731-d4dc-406c-a792-afa77ecc7149"",""state"":""VALUE"",""inputState"":""MISSING"",""inputEqualsRead"":null,""value"":""2020-01-01T00:00:00Z""}]",COMPLETO,Resolved storage and current typed output agree with a concrete POST/GET or measured read projection,HAC-40 / Cristhian,29c385fe0ee501eb4b8b989b0a247c8fdeda62ad,POST /api/v2/freight/requests/:requestId/routes,GET /api/v2/freight/requests/:requestId/routes; GET /api/v2/freight/requests/:requestId/routes/:id,logs/class-matrix.json: RouteWaypoint (catalog grants/policies/table ACL); logs/independent-rls-result.json; logs/auth-controls.json
174,RoutePlanningPolicy,version,string,False,COMPLETO,route_planning_policies.data.version,200,route_planning_policies.data.version,route_planning_policies.data.version,jsonb,NO,None,"route_planning_policies_carrier_id_fkey: FOREIGN KEY (carrier_id) REFERENCES carriers(id); route_planning_policies_data_check: CHECK ((jsonb_typeof(data) = 'object'::text)); route_planning_policies_freight_request_id_fkey: FOREIGN KEY (freight_request_id) REFERENCES freight_requests(id); route_planning_policies_id_carrier_id_key: UNIQUE (id, carrier_id); route_planning_policies_id_organization_id_key: UNIQUE (id, organization_id); route_planning_policies_kind_check: CHECK ((kind = 'route-policies'::text)); route_planning_policies_organization_id_fkey: FOREIGN KEY (organization_id) REFERENCES organizations(id); route_planning_policies_pkey: PRIMARY KEY (id); route_planning_policies_version_check: CHECK ((version > 0))","CREATE INDEX route_planning_policies_carrier_idx ON public.route_planning_policies USING btree (carrier_id, created_at, id) WHERE (carrier_id IS NOT NULL); CREATE UNIQUE INDEX route_planning_policies_id_carrier_id_key ON public.route_planning_policies USING btree (id, carrier_id); CREATE UNIQUE INDEX route_planning_policies_id_organization_id_key ON public.route_planning_policies USING btree (id, organization_id); CREATE INDEX route_planning_policies_parent_idx ON public.route_planning_policies USING btree (parent_id) WHERE (parent_id IS NOT NULL); CREATE UNIQUE INDEX route_planning_policies_pkey ON public.route_planning_policies USING btree (id); CREATE INDEX route_planning_policies_request_idx ON public.route_planning_policies USING btree (freight_request_id) WHERE (freight_request_id IS NOT NULL); CREATE INDEX route_planning_policies_tenant_idx ON public.route_planning_policies USING btree (organization_id, created_at, id); CREATE UNIQUE INDEX route_policy_version_unique ON public.route_planning_policies USING btree (((data ->> 'version'::text)))",cargomesh/src/shared/schemas/v2/workflow.ts:37; schema workflow.ts:WorkflowInputsV2:route-policies.publish; field version,version,ZodString,False,False,"{""type"":""ZodString"",""optional"":false,""nullable"":false,""checks"":[{""kind"":""trim""},{""kind"":""min"",""value"":1},{""kind"":""max"",""value"":2000}]}",cargomesh/src/shared/schemas/v2/workflow.ts:157; schema workflow.ts:WorkflowRecordV2Schema; field data.version,data.version,ZodString,False,False,supabase-v2/supabase/migrations/20261004154048_hac40_workflow.sql:75,route-policies,"[{""file"":""extended-roundtrips.json"",""row"":7,""id"":""a797dffb-74e4-4524-8743-3950764551bb"",""state"":""VALUE"",""inputState"":""VALUE"",""inputEqualsRead"":true,""value"":""HAC44_HTTP_POLICY_1791568322602""}]",COMPLETO,Resolved storage and current typed output agree with a concrete POST/GET or measured read projection,HAC-40 / Cristhian,29c385fe0ee501eb4b8b989b0a247c8fdeda62ad,POST /api/v2/routing/policies; POST /api/v2/routing/policies/:id/revisions,GET /api/v2/routing/policies; GET /api/v2/routing/policies/:id,logs/class-matrix.json: RoutePlanningPolicy (catalog grants/policies/table ACL); logs/independent-rls-result.json; logs/auth-controls.json
175,RoutePlanningPolicy,objective,RouteObjective,False,COMPLETO,route_planning_policies.data.objective,201,route_planning_policies.data.objective,route_planning_policies.data.objective,jsonb,NO,None,route_planning_policies_data_check: CHECK ((jsonb_typeof(data) = 'object'::text)),CREATE UNIQUE INDEX route_policy_version_unique ON public.route_planning_policies USING btree (((data ->> 'version'::text))),cargomesh/src/shared/schemas/v2/workflow.ts:37; schema workflow.ts:WorkflowInputsV2:route-policies.publish; field objective,objective,ZodEnum,False,False,"{""type"":""ZodEnum"",""optional"":false,""nullable"":false,""values"":[""SHORTEST"",""FASTEST"",""WEIGHTED""]}",cargomesh/src/shared/schemas/v2/workflow.ts:157; schema workflow.ts:WorkflowRecordV2Schema; field data.objective,data.objective,ZodEnum,False,False,supabase-v2/supabase/migrations/20261004154048_hac40_workflow.sql:75,route-policies,"[{""file"":""extended-roundtrips.json"",""row"":7,""id"":""a797dffb-74e4-4524-8743-3950764551bb"",""state"":""VALUE"",""inputState"":""VALUE"",""inputEqualsRead"":true,""value"":""SHORTEST""}]",COMPLETO,Resolved storage and current typed output agree with a concrete POST/GET or measured read projection,HAC-40 / Cristhian,29c385fe0ee501eb4b8b989b0a247c8fdeda62ad,POST /api/v2/routing/policies; POST /api/v2/routing/policies/:id/revisions,GET /api/v2/routing/policies; GET /api/v2/routing/policies/:id,logs/class-matrix.json: RoutePlanningPolicy (catalog grants/policies/table ACL); logs/independent-rls-result.json; logs/auth-controls.json
176,RoutePlanningPolicy,constraints,Rule[],False,PARCIAL,route_planning_policies.data.constraints,202,route_planning_policies.data.constraints,route_planning_policies.data.constraints,jsonb,NO,None,route_planning_policies_data_check: CHECK ((jsonb_typeof(data) = 'object'::text)),CREATE UNIQUE INDEX route_policy_version_unique ON public.route_planning_policies USING btree (((data ->> 'version'::text))),cargomesh/src/shared/schemas/v2/workflow.ts:37; schema workflow.ts:WorkflowInputsV2:route-policies.publish; field constraints,constraints,ZodArray,False,False,"{""type"":""ZodArray"",""optional"":false,""nullable"":false,""element"":{""type"":""ZodObject"",""optional"":false,""nullable"":false,""fields"":{""code"":{""type"":""ZodString"",""optional"":false,""nullable"":false,""checks"":[{""kind"":""trim""},{""kind"":""min"",""value"":1},{""kind"":""max"",""value"":2000}]},""description"":{""type"":""ZodString"",""optional"":false,""nullable"":false,""checks"":[{""kind"":""trim""},{""kind"":""min"",""value"":1},{""kind"":""max"",""value"":2000}]},""required"":{""type"":""ZodBoolean"",""optional"":false,""nullable"":false},""evidence"":{""type"":""ZodObject"",""optional"":false,""nullable"":true,""fields"":{""reference"":{""type"":""ZodString"",""optional"":false,""nullable"":false,""checks"":[{""kind"":""trim""},{""kind"":""min"",""value"":1},{""kind"":""max"",""value"":500}]},""provider"":{""type"":""ZodString"",""optional"":false,""nullable"":false,""checks"":[{""kind"":""trim""},{""kind"":""min"",""value"":1},{""kind"":""max"",""value"":150}]},""observedAt"":{""type"":""ZodString"",""optional"":false,""nullable"":false,""checks"":[{""kind"":""datetime"",""precision"":null,""offset"":true,""local"":false}]},""validUntil"":{""type"":""ZodString"",""optional"":false,""nullable"":true,""checks"":[{""kind"":""datetime"",""precision"":null,""offset"":true,""local"":false}]},""provenanceStatus"":{""type"":""ZodEnum"",""optional"":false,""nullable"":false,""values"":[""VERIFIED"",""ESTIMATED"",""SIMULATED"",""UNKNOWN""]}},""unknownKeys"":""strict""}},""unknownKeys"":""strict""},""maxLength"":{""value"":100}}",cargomesh/src/shared/schemas/v2/workflow.ts:157; schema workflow.ts:WorkflowRecordV2Schema; field data.constraints,data.constraints,ZodArray,False,False,supabase-v2/supabase/migrations/20261004154048_hac40_workflow.sql:75,route-policies,[],PARCIAL,No concrete non-null field value or measured read projection in this cut,HAC-40 / Cristhian,29c385fe0ee501eb4b8b989b0a247c8fdeda62ad,POST /api/v2/routing/policies; POST /api/v2/routing/policies/:id/revisions,GET /api/v2/routing/policies; GET /api/v2/routing/policies/:id,logs/class-matrix.json: RoutePlanningPolicy (catalog grants/policies/table ACL); logs/independent-rls-result.json; logs/auth-controls.json
177,RoutePlanningPolicy,weights,WeightSet,False,COMPLETO,route_planning_policies.data.weights,203,route_planning_policies.data.weights,route_planning_policies.data.weights,jsonb,NO,None,route_planning_policies_data_check: CHECK ((jsonb_typeof(data) = 'object'::text)),CREATE UNIQUE INDEX route_policy_version_unique ON public.route_planning_policies USING btree (((data ->> 'version'::text))),cargomesh/src/shared/schemas/v2/workflow.ts:37; schema workflow.ts:WorkflowInputsV2:route-policies.publish; field weights,weights,ZodObject,False,False,"{""type"":""ZodObject"",""optional"":false,""nullable"":false,""fields"":{""distance"":{""type"":""ZodNumber"",""optional"":false,""nullable"":false,""checks"":[{""kind"":""min"",""value"":0,""inclusive"":true},{""kind"":""max"",""value"":1,""inclusive"":true}]},""duration"":{""type"":""ZodNumber"",""optional"":false,""nullable"":false,""checks"":[{""kind"":""min"",""value"":0,""inclusive"":true},{""kind"":""max"",""value"":1,""inclusive"":true}]}},""unknownKeys"":""strict""}",cargomesh/src/shared/schemas/v2/workflow.ts:157; schema workflow.ts:WorkflowRecordV2Schema; field data.weights,data.weights,ZodObject,False,False,supabase-v2/supabase/migrations/20261004154048_hac40_workflow.sql:75,route-policies,"[{""file"":""extended-roundtrips.json"",""row"":7,""id"":""a797dffb-74e4-4524-8743-3950764551bb"",""state"":""VALUE"",""inputState"":""VALUE"",""inputEqualsRead"":true,""value"":{""distance"":1,""duration"":0}}]",COMPLETO,Resolved storage and current typed output agree with a concrete POST/GET or measured read projection,HAC-40 / Cristhian,29c385fe0ee501eb4b8b989b0a247c8fdeda62ad,POST /api/v2/routing/policies; POST /api/v2/routing/policies/:id/revisions,GET /api/v2/routing/policies; GET /api/v2/routing/policies/:id,logs/class-matrix.json: RoutePlanningPolicy (catalog grants/policies/table ACL); logs/independent-rls-result.json; logs/auth-controls.json
178,RoutePlanningPolicy,missingDataRule,Rule,False,COMPLETO,route_planning_policies.data.missingDataRule,204,route_planning_policies.data.missingDataRule,route_planning_policies.data.missingDataRule,jsonb,NO,None,route_planning_policies_data_check: CHECK ((jsonb_typeof(data) = 'object'::text)),CREATE UNIQUE INDEX route_policy_version_unique ON public.route_planning_policies USING btree (((data ->> 'version'::text))),cargomesh/src/shared/schemas/v2/workflow.ts:37; schema workflow.ts:WorkflowInputsV2:route-policies.publish; field missingDataRule,missingDataRule,ZodLiteral,False,False,"{""type"":""ZodLiteral"",""optional"":false,""nullable"":false,""value"":""UNKNOWN""}",cargomesh/src/shared/schemas/v2/workflow.ts:157; schema workflow.ts:WorkflowRecordV2Schema; field data.missingDataRule,data.missingDataRule,ZodLiteral,False,False,supabase-v2/supabase/migrations/20261004154048_hac40_workflow.sql:75,route-policies,"[{""file"":""extended-roundtrips.json"",""row"":7,""id"":""a797dffb-74e4-4524-8743-3950764551bb"",""state"":""VALUE"",""inputState"":""VALUE"",""inputEqualsRead"":true,""value"":""UNKNOWN""}]",COMPLETO,Resolved storage and current typed output agree with a concrete POST/GET or measured read projection,HAC-40 / Cristhian,29c385fe0ee501eb4b8b989b0a247c8fdeda62ad,POST /api/v2/routing/policies; POST /api/v2/routing/policies/:id/revisions,GET /api/v2/routing/policies; GET /api/v2/routing/policies/:id,logs/class-matrix.json: RoutePlanningPolicy (catalog grants/policies/table ACL); logs/independent-rls-result.json; logs/auth-controls.json
179,TransportPlanCandidate,proposedWindow,TimeWindow,False,COMPLETO,transport_plan_candidates.data.proposedWindow,205,transport_plan_candidates.data.proposedWindow,transport_plan_candidates.data.proposedWindow,jsonb,NO,None,transport_plan_candidates_data_check: CHECK ((jsonb_typeof(data) = 'object'::text)),,GENERATED_BY_PARENT_COMMAND,—,—,—,—,—,cargomesh/src/shared/schemas/v2/workflow.ts:157; schema workflow.ts:WorkflowRecordV2Schema; field data.proposedWindow,data.proposedWindow,ZodObject,False,False,supabase-v2/supabase/migrations/20261004154048_hac40_workflow.sql:153,plans,"[{""file"":""extended-roundtrips.json"",""row"":10,""id"":""baab5007-d56d-4315-bf1a-2191a09288be"",""state"":""VALUE"",""inputState"":""MISSING"",""inputEqualsRead"":null,""value"":{""startsAt"":""2026-10-09T16:51:05.286166+00:00"",""endsAt"":""2026-10-10T01:51:05.286166+00:00""}}]",COMPLETO,Resolved storage and current typed output agree with a concrete POST/GET or measured read projection,HAC-40 / Cristhian,29c385fe0ee501eb4b8b989b0a247c8fdeda62ad,POST /api/v2/freight/requests/:requestId/plans,GET /api/v2/freight/requests/:requestId/plans; GET /api/v2/freight/requests/:requestId/plans/:id,logs/class-matrix.json: TransportPlanCandidate (catalog grants/policies/table ACL); logs/independent-rls-result.json; logs/auth-controls.json
180,TransportPlanCandidate,coverage,EvidenceStatus,False,COMPLETO,transport_plan_candidates.data.coverage,206,transport_plan_candidates.data.coverage,transport_plan_candidates.data.coverage,jsonb,NO,None,transport_plan_candidates_data_check: CHECK ((jsonb_typeof(data) = 'object'::text)),,GENERATED_BY_PARENT_COMMAND,—,—,—,—,—,cargomesh/src/shared/schemas/v2/workflow.ts:157; schema workflow.ts:WorkflowRecordV2Schema; field data.coverage,data.coverage,ZodEnum,False,False,supabase-v2/supabase/migrations/20261004154048_hac40_workflow.sql:153,plans,"[{""file"":""extended-roundtrips.json"",""row"":10,""id"":""baab5007-d56d-4315-bf1a-2191a09288be"",""state"":""VALUE"",""inputState"":""MISSING"",""inputEqualsRead"":null,""value"":""SIMULATED""}]",COMPLETO,Resolved storage and current typed output agree with a concrete POST/GET or measured read projection,HAC-40 / Cristhian,29c385fe0ee501eb4b8b989b0a247c8fdeda62ad,POST /api/v2/freight/requests/:requestId/plans,GET /api/v2/freight/requests/:requestId/plans; GET /api/v2/freight/requests/:requestId/plans/:id,logs/class-matrix.json: TransportPlanCandidate (catalog grants/policies/table ACL); logs/independent-rls-result.json; logs/auth-controls.json
181,TransportPlanCandidate,availability,EvidenceStatus,False,COMPLETO,transport_plan_candidates.data.availability,207,transport_plan_candidates.data.availability,transport_plan_candidates.data.availability,jsonb,NO,None,transport_plan_candidates_data_check: CHECK ((jsonb_typeof(data) = 'object'::text)),,GENERATED_BY_PARENT_COMMAND,—,—,—,—,—,cargomesh/src/shared/schemas/v2/workflow.ts:157; schema workflow.ts:WorkflowRecordV2Schema; field data.availability,data.availability,ZodEnum,False,False,supabase-v2/supabase/migrations/20261004154048_hac40_workflow.sql:153,plans,"[{""file"":""extended-roundtrips.json"",""row"":10,""id"":""baab5007-d56d-4315-bf1a-2191a09288be"",""state"":""VALUE"",""inputState"":""MISSING"",""inputEqualsRead"":null,""value"":""SIMULATED""}]",COMPLETO,Resolved storage and current typed output agree with a concrete POST/GET or measured read projection,HAC-40 / Cristhian,29c385fe0ee501eb4b8b989b0a247c8fdeda62ad,POST /api/v2/freight/requests/:requestId/plans,GET /api/v2/freight/requests/:requestId/plans; GET /api/v2/freight/requests/:requestId/plans/:id,logs/class-matrix.json: TransportPlanCandidate (catalog grants/policies/table ACL); logs/independent-rls-result.json; logs/auth-controls.json
182,TransportPlanCandidate,pendingRequirements,Rule[],False,PARCIAL,transport_plan_candidates.data.pendingRequirements,208,transport_plan_candidates.data.pendingRequirements,transport_plan_candidates.data.pendingRequirements,jsonb,NO,None,transport_plan_candidates_data_check: CHECK ((jsonb_typeof(data) = 'object'::text)),,GENERATED_BY_PARENT_COMMAND,—,—,—,—,—,cargomesh/src/shared/schemas/v2/workflow.ts:157; schema workflow.ts:WorkflowRecordV2Schema; field data.pendingRequirements,data.pendingRequirements,ZodArray,False,False,supabase-v2/supabase/migrations/20261004154048_hac40_workflow.sql:153,plans,[],PARCIAL,No concrete non-null field value or measured read projection in this cut,HAC-40 / Cristhian,29c385fe0ee501eb4b8b989b0a247c8fdeda62ad,POST /api/v2/freight/requests/:requestId/plans,GET /api/v2/freight/requests/:requestId/plans; GET /api/v2/freight/requests/:requestId/plans/:id,logs/class-matrix.json: TransportPlanCandidate (catalog grants/policies/table ACL); logs/independent-rls-result.json; logs/auth-controls.json
183,TransportPlanCandidate,exclusionReasons,ReasonCode[],False,PARCIAL,transport_plan_candidates.data.exclusionReasons,209,transport_plan_candidates.data.exclusionReasons,transport_plan_candidates.data.exclusionReasons,jsonb,NO,None,transport_plan_candidates_data_check: CHECK ((jsonb_typeof(data) = 'object'::text)),,GENERATED_BY_PARENT_COMMAND,—,—,—,—,—,cargomesh/src/shared/schemas/v2/workflow.ts:157; schema workflow.ts:WorkflowRecordV2Schema; field data.exclusionReasons,data.exclusionReasons,ZodArray,False,False,supabase-v2/supabase/migrations/20261004154048_hac40_workflow.sql:153,plans,[],PARCIAL,No concrete non-null field value or measured read projection in this cut,HAC-40 / Cristhian,29c385fe0ee501eb4b8b989b0a247c8fdeda62ad,POST /api/v2/freight/requests/:requestId/plans,GET /api/v2/freight/requests/:requestId/plans; GET /api/v2/freight/requests/:requestId/plans/:id,logs/class-matrix.json: TransportPlanCandidate (catalog grants/policies/table ACL); logs/independent-rls-result.json; logs/auth-controls.json
184,TransportPlanCandidate,id,UUID,False,COMPLETO,transport_plan_candidates.id,210,transport_plan_candidates.id,transport_plan_candidates.id,uuid,NO,gen_random_uuid(),"transport_plan_candidates_carrier_id_fkey: FOREIGN KEY (carrier_id) REFERENCES carriers(id); transport_plan_candidates_freight_request_id_fkey: FOREIGN KEY (freight_request_id) REFERENCES freight_requests(id); transport_plan_candidates_id_carrier_id_key: UNIQUE (id, carrier_id); transport_plan_candidates_id_organization_id_key: UNIQUE (id, organization_id); transport_plan_candidates_organization_id_fkey: FOREIGN KEY (organization_id) REFERENCES organizations(id); transport_plan_candidates_pkey: PRIMARY KEY (id); transport_plan_candidates_route_plan_id_fkey: FOREIGN KEY (route_plan_id) REFERENCES route_plans(id)","CREATE UNIQUE INDEX plan_owns_route_unique ON public.transport_plan_candidates USING btree (route_plan_id); CREATE INDEX transport_plan_candidates_carrier_idx ON public.transport_plan_candidates USING btree (carrier_id, created_at, id) WHERE (carrier_id IS NOT NULL); CREATE UNIQUE INDEX transport_plan_candidates_id_carrier_id_key ON public.transport_plan_candidates USING btree (id, carrier_id); CREATE UNIQUE INDEX transport_plan_candidates_id_organization_id_key ON public.transport_plan_candidates USING btree (id, organization_id); CREATE INDEX transport_plan_candidates_parent_idx ON public.transport_plan_candidates USING btree (parent_id) WHERE (parent_id IS NOT NULL); CREATE UNIQUE INDEX transport_plan_candidates_pkey ON public.transport_plan_candidates USING btree (id); CREATE INDEX transport_plan_candidates_request_idx ON public.transport_plan_candidates USING btree (freight_request_id) WHERE (freight_request_id IS NOT NULL); CREATE INDEX transport_plan_candidates_route_plan_id_fkey_fk_idx ON public.transport_plan_candidates USING btree (route_plan_id); CREATE INDEX transport_plan_candidates_tenant_idx ON public.transport_plan_candidates USING btree (organization_id, created_at, id)",GENERATED_BY_PARENT_COMMAND,—,—,—,—,—,cargomesh/src/shared/schemas/v2/workflow.ts:157; schema workflow.ts:WorkflowRecordV2Schema; field id,id,ZodString,False,False,supabase-v2/supabase/migrations/20261004154048_hac40_workflow.sql:150,plans,"[{""file"":""extended-roundtrips.json"",""row"":10,""id"":""baab5007-d56d-4315-bf1a-2191a09288be"",""state"":""VALUE"",""inputState"":""MISSING"",""inputEqualsRead"":null,""value"":""baab5007-d56d-4315-bf1a-2191a09288be""}]",COMPLETO,Resolved storage and current typed output agree with a concrete POST/GET or measured read projection,HAC-40 / Cristhian,29c385fe0ee501eb4b8b989b0a247c8fdeda62ad,POST /api/v2/freight/requests/:requestId/plans,GET /api/v2/freight/requests/:requestId/plans; GET /api/v2/freight/requests/:requestId/plans/:id,logs/class-matrix.json: TransportPlanCandidate (catalog grants/policies/table ACL); logs/independent-rls-result.json; logs/auth-controls.json
185,PlanResource,role,LOAD_BEARING | AUXILIARY,False,COMPLETO,plan_resources.data.role,211,plan_resources.data.role,plan_resources.data.role,jsonb,NO,None,,,GENERATED_BY_PARENT_COMMAND,—,—,—,—,—,cargomesh/src/shared/schemas/v2/workflow.ts:157; schema workflow.ts:WorkflowRecordV2Schema; field data.assignments[].resource.role,data.assignments[].resource.role,ZodEnum,False,False,supabase-v2/supabase/migrations/20261004154048_hac40_workflow.sql:314,plans,"[{""file"":""extended-roundtrips.json"",""row"":10,""id"":""baab5007-d56d-4315-bf1a-2191a09288be"",""state"":""VALUE"",""inputState"":""MISSING"",""inputEqualsRead"":null,""value"":""LOAD_BEARING""}]",COMPLETO,Resolved storage and current typed output agree with a concrete POST/GET or measured read projection,HAC-40 / Cristhian,29c385fe0ee501eb4b8b989b0a247c8fdeda62ad,POST /api/v2/freight/requests/:requestId/plans,GET /api/v2/freight/requests/:requestId/plans; GET /api/v2/freight/requests/:requestId/plans/:id,logs/class-matrix.json: PlanResource (catalog grants/policies/table ACL); logs/independent-rls-result.json; logs/auth-controls.json
186,PlanResource,equipment,EquipmentType,False,DIVERGENTE,plan_resources.data.equipment,212,plan_resources.data.equipment,plan_resources.data.equipment,jsonb,NO,None,,,GENERATED_BY_PARENT_COMMAND,—,—,—,—,—,cargomesh/src/shared/schemas/v2/workflow.ts:157; schema workflow.ts:WorkflowRecordV2Schema; field data.assignments[].resource.equipment,data.assignments[].resource.equipment,ZodString,False,False,supabase-v2/supabase/migrations/20261004154048_hac40_workflow.sql:314,plans,"[{""file"":""extended-roundtrips.json"",""row"":10,""id"":""baab5007-d56d-4315-bf1a-2191a09288be"",""state"":""VALUE"",""inputState"":""MISSING"",""inputEqualsRead"":null,""value"":""BOX_TRUCK""}]",COMPLETO,Resolved storage and current typed output agree with a concrete POST/GET or measured read projection,HAC-40 / Cristhian,29c385fe0ee501eb4b8b989b0a247c8fdeda62ad,POST /api/v2/freight/requests/:requestId/plans,GET /api/v2/freight/requests/:requestId/plans; GET /api/v2/freight/requests/:requestId/plans/:id,logs/class-matrix.json: PlanResource (catalog grants/policies/table ACL); logs/independent-rls-result.json; logs/auth-controls.json
187,PlanResource,units,number,False,COMPLETO,plan_resources.data.units,213,plan_resources.data.units,plan_resources.data.units,jsonb,NO,None,,,GENERATED_BY_PARENT_COMMAND,—,—,—,—,—,cargomesh/src/shared/schemas/v2/workflow.ts:157; schema workflow.ts:WorkflowRecordV2Schema; field data.assignments[].resource.units,data.assignments[].resource.units,ZodNumber,False,False,supabase-v2/supabase/migrations/20261004154048_hac40_workflow.sql:314,plans,"[{""file"":""extended-roundtrips.json"",""row"":10,""id"":""baab5007-d56d-4315-bf1a-2191a09288be"",""state"":""VALUE"",""inputState"":""MISSING"",""inputEqualsRead"":null,""value"":1}]",COMPLETO,Resolved storage and current typed output agree with a concrete POST/GET or measured read projection,HAC-40 / Cristhian,29c385fe0ee501eb4b8b989b0a247c8fdeda62ad,POST /api/v2/freight/requests/:requestId/plans,GET /api/v2/freight/requests/:requestId/plans; GET /api/v2/freight/requests/:requestId/plans/:id,logs/class-matrix.json: PlanResource (catalog grants/policies/table ACL); logs/independent-rls-result.json; logs/auth-controls.json
188,PlanResource,window,TimeWindow,False,COMPLETO,plan_resources.data.window,214,plan_resources.data.window,plan_resources.data.window,jsonb,NO,None,,,GENERATED_BY_PARENT_COMMAND,—,—,—,—,—,cargomesh/src/shared/schemas/v2/workflow.ts:157; schema workflow.ts:WorkflowRecordV2Schema; field data.assignments[].resource.window,data.assignments[].resource.window,ZodObject,False,False,supabase-v2/supabase/migrations/20261004154048_hac40_workflow.sql:314,plans,"[{""file"":""extended-roundtrips.json"",""row"":10,""id"":""baab5007-d56d-4315-bf1a-2191a09288be"",""state"":""VALUE"",""inputState"":""MISSING"",""inputEqualsRead"":null,""value"":{""startsAt"":""2026-10-09T16:51:05.286166+00:00"",""endsAt"":""2026-10-10T01:51:05.286166+00:00""}}]",COMPLETO,Resolved storage and current typed output agree with a concrete POST/GET or measured read projection,HAC-40 / Cristhian,29c385fe0ee501eb4b8b989b0a247c8fdeda62ad,POST /api/v2/freight/requests/:requestId/plans,GET /api/v2/freight/requests/:requestId/plans; GET /api/v2/freight/requests/:requestId/plans/:id,logs/class-matrix.json: PlanResource (catalog grants/policies/table ACL); logs/independent-rls-result.json; logs/auth-controls.json
189,PlanResource,availability,EvidenceStatus,False,COMPLETO,plan_resources.data.availability,215,plan_resources.data.availability,plan_resources.data.availability,jsonb,NO,None,,,GENERATED_BY_PARENT_COMMAND,—,—,—,—,—,cargomesh/src/shared/schemas/v2/workflow.ts:157; schema workflow.ts:WorkflowRecordV2Schema; field data.assignments[].resource.availability,data.assignments[].resource.availability,ZodEnum,False,False,supabase-v2/supabase/migrations/20261004154048_hac40_workflow.sql:314,plans,"[{""file"":""extended-roundtrips.json"",""row"":10,""id"":""baab5007-d56d-4315-bf1a-2191a09288be"",""state"":""VALUE"",""inputState"":""MISSING"",""inputEqualsRead"":null,""value"":""SIMULATED""}]",COMPLETO,Resolved storage and current typed output agree with a concrete POST/GET or measured read projection,HAC-40 / Cristhian,29c385fe0ee501eb4b8b989b0a247c8fdeda62ad,POST /api/v2/freight/requests/:requestId/plans,GET /api/v2/freight/requests/:requestId/plans; GET /api/v2/freight/requests/:requestId/plans/:id,logs/class-matrix.json: PlanResource (catalog grants/policies/table ACL); logs/independent-rls-result.json; logs/auth-controls.json
190,PlanResource,applicableCapacity,Capacity,True,COMPLETO,plan_resources.data.applicableCapacity,216,plan_resources.data.applicableCapacity,plan_resources.data.applicableCapacity,jsonb,NO,None,,,GENERATED_BY_PARENT_COMMAND,—,—,—,—,—,cargomesh/src/shared/schemas/v2/workflow.ts:157; schema workflow.ts:WorkflowRecordV2Schema; field data.assignments[].resource.applicableCapacity,data.assignments[].resource.applicableCapacity,ZodObject,False,True,supabase-v2/supabase/migrations/20261004154048_hac40_workflow.sql:314,plans,"[{""file"":""extended-roundtrips.json"",""row"":10,""id"":""baab5007-d56d-4315-bf1a-2191a09288be"",""state"":""VALUE"",""inputState"":""MISSING"",""inputEqualsRead"":null,""value"":{""weightKg"":10000,""volumeM3"":30,""usableDimensions"":{""length"":500,""width"":240,""height"":250}}}]",COMPLETO,Resolved storage and current typed output agree with a concrete POST/GET or measured read projection,HAC-40 / Cristhian,29c385fe0ee501eb4b8b989b0a247c8fdeda62ad,POST /api/v2/freight/requests/:requestId/plans,GET /api/v2/freight/requests/:requestId/plans; GET /api/v2/freight/requests/:requestId/plans/:id,logs/class-matrix.json: PlanResource (catalog grants/policies/table ACL); logs/independent-rls-result.json; logs/auth-controls.json
191,PlanResource,verificationSource,EvidenceRef,True,COMPLETO,plan_resources.data.verificationSource,217,plan_resources.data.verificationSource,plan_resources.data.verificationSource,jsonb,NO,None,,,GENERATED_BY_PARENT_COMMAND,—,—,—,—,—,cargomesh/src/shared/schemas/v2/workflow.ts:157; schema workflow.ts:WorkflowRecordV2Schema; field data.assignments[].resource.verificationSource,data.assignments[].resource.verificationSource,ZodObject,False,True,supabase-v2/supabase/migrations/20261004154048_hac40_workflow.sql:314,plans,"[{""file"":""extended-roundtrips.json"",""row"":10,""id"":""baab5007-d56d-4315-bf1a-2191a09288be"",""state"":""VALUE"",""inputState"":""MISSING"",""inputEqualsRead"":null,""value"":{""calendarId"":""8887ff40-5237-4a5d-befc-2c5f8995407d"",""calendarVersion"":1,""limitsId"":""4f02421c-9d42-476c-a301-10e7453f1100"",""limitsVersion"":1,""corridorId"":""13909c38-6780-479b-93c3-1ed75caa1c24"",""source"":{""reference"":""fixture:workflow"",""provider"":""Synthetic QA"",""observedAt"":""2020-01-01T00:00:00Z"",""validUntil"":""2030-01-01T00:00:00Z"",""provenanceStatus"":""SIMULATED""},""laneId"":""d4480000-0000-4000-8000-000000000001""}}]",COMPLETO,Resolved storage and current typed output agree with a concrete POST/GET or measured read projection,HAC-40 / Cristhian,29c385fe0ee501eb4b8b989b0a247c8fdeda62ad,POST /api/v2/freight/requests/:requestId/plans,GET /api/v2/freight/requests/:requestId/plans; GET /api/v2/freight/requests/:requestId/plans/:id,logs/class-matrix.json: PlanResource (catalog grants/policies/table ACL); logs/independent-rls-result.json; logs/auth-controls.json
192,PlanResource,id,UUID,False,COMPLETO,plan_resources.id,218,plan_resources.id,plan_resources.id,uuid,NO,gen_random_uuid(),"plan_resources_asset_id_fkey: FOREIGN KEY (asset_id) REFERENCES transport_assets(id); plan_resources_calendar_id_fkey: FOREIGN KEY (calendar_id) REFERENCES capacity_calendars(id); plan_resources_capacity_pool_id_fkey: FOREIGN KEY (capacity_pool_id) REFERENCES capacity_pools(id); plan_resources_carrier_id_fkey: FOREIGN KEY (carrier_id) REFERENCES carriers(id); plan_resources_carrier_service_id_carrier_id_fkey: FOREIGN KEY (carrier_service_id, carrier_id) REFERENCES carrier_services(id, carrier_id); plan_resources_combination_id_fkey: FOREIGN KEY (combination_id) REFERENCES vehicle_combinations(id); plan_resources_id_plan_id_key: UNIQUE (id, plan_id); plan_resources_pkey: PRIMARY KEY (id); plan_resources_plan_id_fkey: FOREIGN KEY (plan_id) REFERENCES transport_plan_candidates(id)","CREATE INDEX plan_resources_asset_id_fkey_fk_idx ON public.plan_resources USING btree (asset_id); CREATE INDEX plan_resources_calendar_id_fkey_fk_idx ON public.plan_resources USING btree (calendar_id); CREATE INDEX plan_resources_capacity_pool_id_fkey_fk_idx ON public.plan_resources USING btree (capacity_pool_id); CREATE INDEX plan_resources_carrier_id_fkey_fk_idx ON public.plan_resources USING btree (carrier_id); CREATE INDEX plan_resources_carrier_service_id_carrier_id_fk_fk_idx ON public.plan_resources USING btree (carrier_service_id, carrier_id); CREATE INDEX plan_resources_combination_id_fkey_fk_idx ON public.plan_resources USING btree (combination_id); CREATE UNIQUE INDEX plan_resources_id_plan_id_key ON public.plan_resources USING btree (id, plan_id); CREATE UNIQUE INDEX plan_resources_pkey ON public.plan_resources USING btree (id); CREATE INDEX plan_resources_plan_id_fkey_fk_idx ON public.plan_resources USING btree (plan_id)",GENERATED_BY_PARENT_COMMAND,—,—,—,—,—,cargomesh/src/shared/schemas/v2/workflow.ts:157; schema workflow.ts:WorkflowRecordV2Schema; field data.assignments[].resourceId,data.assignments[].resourceId,ZodString,False,False,supabase-v2/supabase/migrations/20261004154048_hac40_workflow.sql:314,plans,"[{""file"":""extended-roundtrips.json"",""row"":10,""id"":""baab5007-d56d-4315-bf1a-2191a09288be"",""state"":""VALUE"",""inputState"":""MISSING"",""inputEqualsRead"":null,""value"":""47c60f77-3036-470d-8982-9c3b307c7897""}]",COMPLETO,Resolved storage and current typed output agree with a concrete POST/GET or measured read projection,HAC-40 / Cristhian,29c385fe0ee501eb4b8b989b0a247c8fdeda62ad,POST /api/v2/freight/requests/:requestId/plans,GET /api/v2/freight/requests/:requestId/plans; GET /api/v2/freight/requests/:requestId/plans/:id,logs/class-matrix.json: PlanResource (catalog grants/policies/table ACL); logs/independent-rls-result.json; logs/auth-controls.json
193,CarrierOpportunity,sentAt,Instant,False,COMPLETO,carrier_opportunities.data.sentAt,219,carrier_opportunities.data.sentAt,carrier_opportunities.data.sentAt,jsonb,NO,None,carrier_opportunities_data_check: CHECK ((jsonb_typeof(data) = 'object'::text)),,GENERATED_BY_PARENT_COMMAND,—,—,—,—,—,cargomesh/src/shared/schemas/v2/workflow.ts:157; schema workflow.ts:WorkflowRecordV2Schema; field data.sentAt,data.sentAt,ZodString,False,False,supabase-v2/supabase/migrations/20261004154048_hac40_workflow.sql:166,opportunities,"[{""file"":""extended-roundtrips.json"",""row"":12,""id"":""726c29bb-1deb-4931-aa95-7b4c7ee4e629"",""state"":""VALUE"",""inputState"":""MISSING"",""inputEqualsRead"":null,""value"":""2026-10-09T17:52:10.995284+00:00""}]",COMPLETO,Resolved storage and current typed output agree with a concrete POST/GET or measured read projection,HAC-40 / Cristhian,29c385fe0ee501eb4b8b989b0a247c8fdeda62ad,POST /api/v2/carriers/:carrierId/opportunities/:id/responses; POST /api/v2/carriers/:carrierId/opportunities/:parentId/offers; POST /api/v2/freight/requests/:requestId/opportunities,GET /api/v2/carriers/:carrierId/opportunities; GET /api/v2/carriers/:carrierId/opportunities/:id; GET /api/v2/freight/requests/:requestId/opportunities; GET /api/v2/freight/requests/:requestId/opportunities/:id,logs/class-matrix.json: CarrierOpportunity (catalog grants/policies/table ACL); logs/independent-rls-result.json; logs/auth-controls.json
194,CarrierOpportunity,responseDeadline,Instant,False,COMPLETO,carrier_opportunities.data.responseDeadline,220,carrier_opportunities.data.responseDeadline,carrier_opportunities.data.responseDeadline,jsonb,NO,None,carrier_opportunities_data_check: CHECK ((jsonb_typeof(data) = 'object'::text)),,cargomesh/src/shared/schemas/v2/workflow.ts:61; schema workflow.ts:WorkflowInputsV2:opportunities.create; field responseDeadline,responseDeadline,ZodString,False,False,"{""type"":""ZodString"",""optional"":false,""nullable"":false,""checks"":[{""kind"":""datetime"",""precision"":null,""offset"":true,""local"":false}]}",cargomesh/src/shared/schemas/v2/workflow.ts:157; schema workflow.ts:WorkflowRecordV2Schema; field data.responseDeadline,data.responseDeadline,ZodString,False,False,supabase-v2/supabase/migrations/20261004154048_hac40_workflow.sql:166,opportunities,"[{""file"":""extended-roundtrips.json"",""row"":12,""id"":""726c29bb-1deb-4931-aa95-7b4c7ee4e629"",""state"":""VALUE"",""inputState"":""VALUE"",""inputEqualsRead"":true,""value"":""2026-10-09T19:52:10.881Z""}]",COMPLETO,Resolved storage and current typed output agree with a concrete POST/GET or measured read projection,HAC-40 / Cristhian,29c385fe0ee501eb4b8b989b0a247c8fdeda62ad,POST /api/v2/carriers/:carrierId/opportunities/:id/responses; POST /api/v2/carriers/:carrierId/opportunities/:parentId/offers; POST /api/v2/freight/requests/:requestId/opportunities,GET /api/v2/carriers/:carrierId/opportunities; GET /api/v2/carriers/:carrierId/opportunities/:id; GET /api/v2/freight/requests/:requestId/opportunities; GET /api/v2/freight/requests/:requestId/opportunities/:id,logs/class-matrix.json: CarrierOpportunity (catalog grants/policies/table ACL); logs/independent-rls-result.json; logs/auth-controls.json
195,CarrierOpportunity,responseChannel,ResponseChannel,False,COMPLETO,carrier_opportunities.data.responseChannel,221,carrier_opportunities.data.responseChannel,carrier_opportunities.data.responseChannel,jsonb,NO,None,carrier_opportunities_data_check: CHECK ((jsonb_typeof(data) = 'object'::text)),,cargomesh/src/shared/schemas/v2/workflow.ts:61; schema workflow.ts:WorkflowInputsV2:opportunities.create; field responseChannel,responseChannel,ZodEnum,False,False,"{""type"":""ZodEnum"",""optional"":false,""nullable"":false,""values"":[""MANUAL"",""API"",""MCP""]}",cargomesh/src/shared/schemas/v2/workflow.ts:157; schema workflow.ts:WorkflowRecordV2Schema; field data.responseChannel,data.responseChannel,ZodEnum,False,False,supabase-v2/supabase/migrations/20261004154048_hac40_workflow.sql:166,opportunities,"[{""file"":""extended-roundtrips.json"",""row"":12,""id"":""726c29bb-1deb-4931-aa95-7b4c7ee4e629"",""state"":""VALUE"",""inputState"":""VALUE"",""inputEqualsRead"":true,""value"":""MANUAL""}]",COMPLETO,Resolved storage and current typed output agree with a concrete POST/GET or measured read projection,HAC-40 / Cristhian,29c385fe0ee501eb4b8b989b0a247c8fdeda62ad,POST /api/v2/carriers/:carrierId/opportunities/:id/responses; POST /api/v2/carriers/:carrierId/opportunities/:parentId/offers; POST /api/v2/freight/requests/:requestId/opportunities,GET /api/v2/carriers/:carrierId/opportunities; GET /api/v2/carriers/:carrierId/opportunities/:id; GET /api/v2/freight/requests/:requestId/opportunities; GET /api/v2/freight/requests/:requestId/opportunities/:id,logs/class-matrix.json: CarrierOpportunity (catalog grants/policies/table ACL); logs/independent-rls-result.json; logs/auth-controls.json
196,CarrierOpportunity,status,OpportunityStatus,False,COMPLETO,carrier_opportunities.status,222,carrier_opportunities.status,carrier_opportunities.status,text,NO,None,,,GENERATED_BY_PARENT_COMMAND,—,—,—,—,—,cargomesh/src/shared/schemas/v2/workflow.ts:157; schema workflow.ts:WorkflowRecordV2Schema; field status,status,ZodString,False,False,supabase-v2/supabase/migrations/20261004154048_hac40_workflow.sql:165,opportunities,"[{""file"":""extended-roundtrips.json"",""row"":12,""id"":""726c29bb-1deb-4931-aa95-7b4c7ee4e629"",""state"":""VALUE"",""inputState"":""MISSING"",""inputEqualsRead"":null,""value"":""SENT""}]",COMPLETO,Resolved storage and current typed output agree with a concrete POST/GET or measured read projection,HAC-40 / Cristhian,29c385fe0ee501eb4b8b989b0a247c8fdeda62ad,POST /api/v2/carriers/:carrierId/opportunities/:id/responses; POST /api/v2/carriers/:carrierId/opportunities/:parentId/offers; POST /api/v2/freight/requests/:requestId/opportunities,GET /api/v2/carriers/:carrierId/opportunities; GET /api/v2/carriers/:carrierId/opportunities/:id; GET /api/v2/freight/requests/:requestId/opportunities; GET /api/v2/freight/requests/:requestId/opportunities/:id,logs/class-matrix.json: CarrierOpportunity (catalog grants/policies/table ACL); logs/independent-rls-result.json; logs/auth-controls.json
197,CarrierOffer,carrierReference,string,False,COMPLETO,v2_carrier_offers.data.carrierReference,223,v2_carrier_offers.data.carrierReference,v2_carrier_offers.data.carrierReference,jsonb,NO,None,v2_carrier_offers_data_check: CHECK ((jsonb_typeof(data) = 'object'::text)),,cargomesh/src/shared/schemas/v2/workflow.ts:64; schema workflow.ts:WorkflowInputsV2:offers.create; field carrierReference,carrierReference,ZodString,False,False,"{""type"":""ZodString"",""optional"":false,""nullable"":false,""checks"":[{""kind"":""trim""},{""kind"":""min"",""value"":1},{""kind"":""max"",""value"":200}]}",cargomesh/src/shared/schemas/v2/workflow.ts:157; schema workflow.ts:WorkflowRecordV2Schema; field data.carrierReference,data.carrierReference,ZodString,False,False,supabase-v2/supabase/migrations/20261004154048_hac40_workflow.sql:179,offers,"[{""file"":""extended-roundtrips.json"",""row"":13,""id"":""d11f905f-bed6-4220-8aa0-d4da5e42a4ee"",""state"":""VALUE"",""inputState"":""VALUE"",""inputEqualsRead"":true,""value"":""HAC44-HTTP""}]",COMPLETO,Resolved storage and current typed output agree with a concrete POST/GET or measured read projection,HAC-40 / Cristhian,29c385fe0ee501eb4b8b989b0a247c8fdeda62ad,POST /api/v2/carriers/:carrierId/offers/:id/withdrawals,GET /api/v2/carriers/:carrierId/offers; GET /api/v2/carriers/:carrierId/offers/:id; GET /api/v2/freight/requests/:requestId/offers; GET /api/v2/freight/requests/:requestId/offers/:id,logs/class-matrix.json: CarrierOffer (catalog grants/policies/table ACL); logs/independent-rls-result.json; logs/auth-controls.json
198,CarrierOffer,price,Money,False,COMPLETO,v2_carrier_offers.data.price,224,v2_carrier_offers.data.price,v2_carrier_offers.data.price,jsonb,NO,None,v2_carrier_offers_data_check: CHECK ((jsonb_typeof(data) = 'object'::text)),,cargomesh/src/shared/schemas/v2/workflow.ts:64; schema workflow.ts:WorkflowInputsV2:offers.create; field price,price,ZodObject,False,False,"{""type"":""ZodObject"",""optional"":false,""nullable"":false,""fields"":{""amount"":{""type"":""ZodNumber"",""optional"":false,""nullable"":false,""checks"":[{""kind"":""finite""},{""kind"":""min"",""value"":0,""inclusive"":true},{""kind"":""max"",""value"":10000000000,""inclusive"":true}]},""currency"":{""type"":""ZodLiteral"",""optional"":false,""nullable"":false,""value"":""USD""}},""unknownKeys"":""strict""}",cargomesh/src/shared/schemas/v2/workflow.ts:157; schema workflow.ts:WorkflowRecordV2Schema; field data.price,data.price,ZodObject,False,False,supabase-v2/supabase/migrations/20261004154048_hac40_workflow.sql:179,offers,"[{""file"":""extended-roundtrips.json"",""row"":13,""id"":""d11f905f-bed6-4220-8aa0-d4da5e42a4ee"",""state"":""VALUE"",""inputState"":""VALUE"",""inputEqualsRead"":true,""value"":{""amount"":100,""currency"":""USD""}}]",COMPLETO,Resolved storage and current typed output agree with a concrete POST/GET or measured read projection,HAC-40 / Cristhian,29c385fe0ee501eb4b8b989b0a247c8fdeda62ad,POST /api/v2/carriers/:carrierId/offers/:id/withdrawals,GET /api/v2/carriers/:carrierId/offers; GET /api/v2/carriers/:carrierId/offers/:id; GET /api/v2/freight/requests/:requestId/offers; GET /api/v2/freight/requests/:requestId/offers/:id,logs/class-matrix.json: CarrierOffer (catalog grants/policies/table ACL); logs/independent-rls-result.json; logs/auth-controls.json
199,CarrierOffer,breakdown,OfferCostComponent[],False,COMPLETO,v2_carrier_offers.data.breakdown,225,v2_carrier_offers.data.breakdown,v2_carrier_offers.data.breakdown,jsonb,NO,None,v2_carrier_offers_data_check: CHECK ((jsonb_typeof(data) = 'object'::text)),,cargomesh/src/shared/schemas/v2/workflow.ts:64; schema workflow.ts:WorkflowInputsV2:offers.create; field breakdown,breakdown,ZodArray,False,False,"{""type"":""ZodArray"",""optional"":false,""nullable"":false,""element"":{""type"":""ZodObject"",""optional"":false,""nullable"":false,""fields"":{""kind"":{""type"":""ZodEnum"",""optional"":false,""nullable"":false,""values"":[""TRANSPORT"",""FUEL"",""TOLL"",""HANDLING"",""SPECIAL_EQUIPMENT"",""BORDER"",""TAX"",""DISCOUNT"",""OTHER""]},""amount"":{""type"":""ZodObject"",""optional"":false,""nullable"":true,""fields"":{""amount"":{""type"":""ZodNumber"",""optional"":false,""nullable"":false,""checks"":[{""kind"":""finite""},{""kind"":""min"",""value"":0,""inclusive"":true},{""kind"":""max"",""value"":10000000000,""inclusive"":true}]},""currency"":{""type"":""ZodLiteral"",""optional"":false,""nullable"":false,""value"":""USD""}},""unknownKeys"":""strict""},""treatment"":{""type"":""ZodEnum"",""optional"":false,""nullable"":false,""values"":[""INCLUDED"",""QUOTED"",""ESTIMATED"",""EXCLUDED"",""UNKNOWN""]},""source"":{""type"":""ZodObject"",""optional"":false,""nullable"":false,""fields"":{""reference"":{""type"":""ZodString"",""optional"":false,""nullable"":false,""checks"":[{""kind"":""trim""},{""kind"":""min"",""value"":1},{""kind"":""max"",""value"":500}]},""provider"":{""type"":""ZodString"",""optional"":false,""nullable"":false,""checks"":[{""kind"":""trim""},{""kind"":""min"",""value"":1},{""kind"":""max"",""value"":150}]},""observedAt"":{""type"":""ZodString"",""optional"":false,""nullable"":false,""checks"":[{""kind"":""datetime"",""precision"":null,""offset"":true,""local"":false}]},""validUntil"":{""type"":""ZodString"",""optional"":false,""nullable"":true,""checks"":[{""kind"":""datetime"",""precision"":null,""offset"":true,""local"":false}]},""provenanceStatus"":{""type"":""ZodEnum"",""optional"":false,""nullable"":false,""values"":[""VERIFIED"",""ESTIMATED"",""SIMULATED"",""UNKNOWN""]}},""unknownKeys"":""strict""},""observedAt"":{""type"":""ZodString"",""optional"":false,""nullable"":false,""checks"":[{""kind"":""datetime"",""precision"":null,""offset"":true,""local"":false}]},""details"":{""type"":""ZodString"",""optional"":false,""nullable"":true,""checks"":[{""kind"":""max"",""value"":1000}]}},""unknownKeys"":""strict""},""minLength"":{""value"":1}}",cargomesh/src/shared/schemas/v2/workflow.ts:157; schema workflow.ts:WorkflowRecordV2Schema; field data.breakdown,data.breakdown,ZodArray,False,False,supabase-v2/supabase/migrations/20261004154048_hac40_workflow.sql:179,offers,"[{""file"":""extended-roundtrips.json"",""row"":13,""id"":""d11f905f-bed6-4220-8aa0-d4da5e42a4ee"",""state"":""VALUE"",""inputState"":""VALUE"",""inputEqualsRead"":true,""value"":[{""kind"":""TRANSPORT"",""amount"":{""amount"":100,""currency"":""USD""},""treatment"":""QUOTED"",""source"":{""reference"":""fixture:workflow"",""provider"":""Synthetic QA"",""observedAt"":""2020-01-01T00:00:00Z"",""validUntil"":""2030-01-01T00:00:00Z"",""provenanceStatus"":""SIMULATED""},""observedAt"":""2020-01-01T00:00:00Z"",""details"":null}]}]",COMPLETO,Resolved storage and current typed output agree with a concrete POST/GET or measured read projection,HAC-40 / Cristhian,29c385fe0ee501eb4b8b989b0a247c8fdeda62ad,POST /api/v2/carriers/:carrierId/offers/:id/withdrawals,GET /api/v2/carriers/:carrierId/offers; GET /api/v2/carriers/:carrierId/offers/:id; GET /api/v2/freight/requests/:requestId/offers; GET /api/v2/freight/requests/:requestId/offers/:id,logs/class-matrix.json: CarrierOffer (catalog grants/policies/table ACL); logs/independent-rls-result.json; logs/auth-controls.json
200,CarrierOffer,validity,TimeWindow,False,COMPLETO,v2_carrier_offers.data.validity,226,v2_carrier_offers.data.validity,v2_carrier_offers.data.validity,jsonb,NO,None,v2_carrier_offers_data_check: CHECK ((jsonb_typeof(data) = 'object'::text)),,cargomesh/src/shared/schemas/v2/workflow.ts:64; schema workflow.ts:WorkflowInputsV2:offers.create; field validity,validity,ZodObject,False,False,"{""type"":""ZodObject"",""optional"":false,""nullable"":false,""fields"":{""startsAt"":{""type"":""ZodString"",""optional"":false,""nullable"":false,""checks"":[{""kind"":""datetime"",""precision"":null,""offset"":true,""local"":false}]},""endsAt"":{""type"":""ZodString"",""optional"":false,""nullable"":false,""checks"":[{""kind"":""datetime"",""precision"":null,""offset"":true,""local"":false}]}},""unknownKeys"":""strict""}",cargomesh/src/shared/schemas/v2/workflow.ts:157; schema workflow.ts:WorkflowRecordV2Schema; field data.validity,data.validity,ZodObject,False,False,supabase-v2/supabase/migrations/20261004154048_hac40_workflow.sql:179,offers,"[{""file"":""extended-roundtrips.json"",""row"":13,""id"":""d11f905f-bed6-4220-8aa0-d4da5e42a4ee"",""state"":""VALUE"",""inputState"":""VALUE"",""inputEqualsRead"":true,""value"":{""startsAt"":""2026-10-09T16:51:05.286166+00:00"",""endsAt"":""2026-10-10T01:51:05.286166+00:00""}}]",COMPLETO,Resolved storage and current typed output agree with a concrete POST/GET or measured read projection,HAC-40 / Cristhian,29c385fe0ee501eb4b8b989b0a247c8fdeda62ad,POST /api/v2/carriers/:carrierId/offers/:id/withdrawals,GET /api/v2/carriers/:carrierId/offers; GET /api/v2/carriers/:carrierId/offers/:id; GET /api/v2/freight/requests/:requestId/offers; GET /api/v2/freight/requests/:requestId/offers/:id,logs/class-matrix.json: CarrierOffer (catalog grants/policies/table ACL); logs/independent-rls-result.json; logs/auth-controls.json
201,CarrierOffer,source,OfferSource,False,COMPLETO,v2_carrier_offers.data.source,227,v2_carrier_offers.data.source,v2_carrier_offers.data.source,jsonb,NO,None,v2_carrier_offers_data_check: CHECK ((jsonb_typeof(data) = 'object'::text)),,cargomesh/src/shared/schemas/v2/workflow.ts:64; schema workflow.ts:WorkflowInputsV2:offers.create; field source,source,ZodObject,False,False,"{""type"":""ZodObject"",""optional"":false,""nullable"":false,""fields"":{""channel"":{""type"":""ZodEnum"",""optional"":false,""nullable"":false,""values"":[""MANUAL"",""API"",""MCP""]},""evidence"":{""type"":""ZodObject"",""optional"":false,""nullable"":false,""fields"":{""reference"":{""type"":""ZodString"",""optional"":false,""nullable"":false,""checks"":[{""kind"":""trim""},{""kind"":""min"",""value"":1},{""kind"":""max"",""value"":500}]},""provider"":{""type"":""ZodString"",""optional"":false,""nullable"":false,""checks"":[{""kind"":""trim""},{""kind"":""min"",""value"":1},{""kind"":""max"",""value"":150}]},""observedAt"":{""type"":""ZodString"",""optional"":false,""nullable"":false,""checks"":[{""kind"":""datetime"",""precision"":null,""offset"":true,""local"":false}]},""validUntil"":{""type"":""ZodString"",""optional"":false,""nullable"":true,""checks"":[{""kind"":""datetime"",""precision"":null,""offset"":true,""local"":false}]},""provenanceStatus"":{""type"":""ZodEnum"",""optional"":false,""nullable"":false,""values"":[""VERIFIED"",""ESTIMATED"",""SIMULATED"",""UNKNOWN""]}},""unknownKeys"":""strict""}},""unknownKeys"":""strict""}",cargomesh/src/shared/schemas/v2/workflow.ts:157; schema workflow.ts:WorkflowRecordV2Schema; field data.source,data.source,ZodObject,False,False,supabase-v2/supabase/migrations/20261004154048_hac40_workflow.sql:179,offers,"[{""file"":""extended-roundtrips.json"",""row"":13,""id"":""d11f905f-bed6-4220-8aa0-d4da5e42a4ee"",""state"":""VALUE"",""inputState"":""VALUE"",""inputEqualsRead"":false,""value"":{""channel"":""MANUAL"",""issuerId"":""d44b0000-0000-4000-8000-000000000001"",""evidence"":{""reference"":""fixture:workflow"",""provider"":""Synthetic QA"",""observedAt"":""2020-01-01T00:00:00Z"",""validUntil"":""2030-01-01T00:00:00Z"",""provenanceStatus"":""SIMULATED""}}}]",COMPLETO,Resolved storage and current typed output agree with a concrete POST/GET or measured read projection,HAC-40 / Cristhian,29c385fe0ee501eb4b8b989b0a247c8fdeda62ad,POST /api/v2/carriers/:carrierId/offers/:id/withdrawals,GET /api/v2/carriers/:carrierId/offers; GET /api/v2/carriers/:carrierId/offers/:id; GET /api/v2/freight/requests/:requestId/offers; GET /api/v2/freight/requests/:requestId/offers/:id,logs/class-matrix.json: CarrierOffer (catalog grants/policies/table ACL); logs/independent-rls-result.json; logs/auth-controls.json
202,CarrierOffer,status,OfferStatus,False,COMPLETO,v2_carrier_offers.status,228,v2_carrier_offers.status,v2_carrier_offers.status,text,NO,None,,,GENERATED_BY_PARENT_COMMAND,—,—,—,—,—,cargomesh/src/shared/schemas/v2/workflow.ts:157; schema workflow.ts:WorkflowRecordV2Schema; field status,status,ZodString,False,False,supabase-v2/supabase/migrations/20261004154048_hac40_workflow.sql:178,offers,"[{""file"":""extended-roundtrips.json"",""row"":13,""id"":""d11f905f-bed6-4220-8aa0-d4da5e42a4ee"",""state"":""VALUE"",""inputState"":""MISSING"",""inputEqualsRead"":null,""value"":""RECEIVED""}]",COMPLETO,Resolved storage and current typed output agree with a concrete POST/GET or measured read projection,HAC-40 / Cristhian,29c385fe0ee501eb4b8b989b0a247c8fdeda62ad,POST /api/v2/carriers/:carrierId/offers/:id/withdrawals,GET /api/v2/carriers/:carrierId/offers; GET /api/v2/carriers/:carrierId/offers/:id; GET /api/v2/freight/requests/:requestId/offers; GET /api/v2/freight/requests/:requestId/offers/:id,logs/class-matrix.json: CarrierOffer (catalog grants/policies/table ACL); logs/independent-rls-result.json; logs/auth-controls.json
203,CarrierOffer,id,UUID,False,COMPLETO,v2_carrier_offers.id,229,v2_carrier_offers.id,v2_carrier_offers.id,uuid,NO,gen_random_uuid(),"offer_opportunity_fk: FOREIGN KEY (parent_id) REFERENCES carrier_opportunities(id); v2_carrier_offers_carrier_id_fkey: FOREIGN KEY (carrier_id) REFERENCES carriers(id); v2_carrier_offers_freight_request_id_fkey: FOREIGN KEY (freight_request_id) REFERENCES freight_requests(id); v2_carrier_offers_id_carrier_id_key: UNIQUE (id, carrier_id); v2_carrier_offers_id_organization_id_key: UNIQUE (id, organization_id); v2_carrier_offers_issuer_auth_user_id_fkey: FOREIGN KEY (issuer_auth_user_id) REFERENCES auth.users(id); v2_carrier_offers_issuer_member_id_fkey: FOREIGN KEY (issuer_member_id) REFERENCES organization_members(id); v2_carrier_offers_issuer_operator_id_carrier_id_fkey: FOREIGN KEY (issuer_operator_id, carrier_id) REFERENCES carrier_operators(id, carrier_id); v2_carrier_offers_organization_id_fkey: FOREIGN KEY (organization_id) REFERENCES organizations(id); v2_carrier_offers_pkey: PRIMARY KEY (id); v2_carrier_offers_plan_id_fkey: FOREIGN KEY (plan_id) REFERENCES transport_plan_candidates(id); v2_carrier_offers_supersedes_offer_id_fkey: FOREIGN KEY (supersedes_offer_id) REFERENCES v2_carrier_offers(id)","CREATE INDEX v2_carrier_offers_carrier_idx ON public.v2_carrier_offers USING btree (carrier_id, created_at, id) WHERE (carrier_id IS NOT NULL); CREATE UNIQUE INDEX v2_carrier_offers_id_carrier_id_key ON public.v2_carrier_offers USING btree (id, carrier_id); CREATE UNIQUE INDEX v2_carrier_offers_id_organization_id_key ON public.v2_carrier_offers USING btree (id, organization_id); CREATE INDEX v2_carrier_offers_issuer_auth_idx ON public.v2_carrier_offers USING btree (issuer_auth_user_id); CREATE INDEX v2_carrier_offers_issuer_idx ON public.v2_carrier_offers USING btree (issuer_operator_id); CREATE INDEX v2_carrier_offers_issuer_member_idx ON public.v2_carrier_offers USING btree (issuer_member_id); CREATE INDEX v2_carrier_offers_parent_idx ON public.v2_carrier_offers USING btree (parent_id) WHERE (parent_id IS NOT NULL); CREATE UNIQUE INDEX v2_carrier_offers_pkey ON public.v2_carrier_offers USING btree (id); CREATE INDEX v2_carrier_offers_plan_id_fkey_fk_idx ON public.v2_carrier_offers USING btree (plan_id); CREATE INDEX v2_carrier_offers_request_idx ON public.v2_carrier_offers USING btree (freight_request_id) WHERE (freight_request_id IS NOT NULL); CREATE INDEX v2_carrier_offers_supersedes_offer_id_fkey_fk_idx ON public.v2_carrier_offers USING btree (supersedes_offer_id); CREATE INDEX v2_carrier_offers_tenant_idx ON public.v2_carrier_offers USING btree (organization_id, created_at, id)",GENERATED_BY_PARENT_COMMAND,—,—,—,—,—,cargomesh/src/shared/schemas/v2/workflow.ts:157; schema workflow.ts:WorkflowRecordV2Schema; field id,id,ZodString,False,False,supabase-v2/supabase/migrations/20261004154048_hac40_workflow.sql:176,offers,"[{""file"":""extended-roundtrips.json"",""row"":13,""id"":""d11f905f-bed6-4220-8aa0-d4da5e42a4ee"",""state"":""VALUE"",""inputState"":""MISSING"",""inputEqualsRead"":null,""value"":""d11f905f-bed6-4220-8aa0-d4da5e42a4ee""}]",COMPLETO,Resolved storage and current typed output agree with a concrete POST/GET or measured read projection,HAC-40 / Cristhian,29c385fe0ee501eb4b8b989b0a247c8fdeda62ad,POST /api/v2/carriers/:carrierId/offers/:id/withdrawals,GET /api/v2/carriers/:carrierId/offers; GET /api/v2/carriers/:carrierId/offers/:id; GET /api/v2/freight/requests/:requestId/offers; GET /api/v2/freight/requests/:requestId/offers/:id,logs/class-matrix.json: CarrierOffer (catalog grants/policies/table ACL); logs/independent-rls-result.json; logs/auth-controls.json
204,CarrierOffer,issuedAt,Instant,False,COMPLETO,v2_carrier_offers.data.issuedAt,230,v2_carrier_offers.data.issuedAt,v2_carrier_offers.data.issuedAt,jsonb,NO,None,v2_carrier_offers_data_check: CHECK ((jsonb_typeof(data) = 'object'::text)),,cargomesh/src/shared/schemas/v2/workflow.ts:64; schema workflow.ts:WorkflowInputsV2:offers.create; field issuedAt,issuedAt,ZodString,False,False,"{""type"":""ZodString"",""optional"":false,""nullable"":false,""checks"":[{""kind"":""datetime"",""precision"":null,""offset"":true,""local"":false}]}",cargomesh/src/shared/schemas/v2/workflow.ts:157; schema workflow.ts:WorkflowRecordV2Schema; field data.issuedAt,data.issuedAt,ZodString,False,False,supabase-v2/supabase/migrations/20261004154048_hac40_workflow.sql:179,offers,"[{""file"":""extended-roundtrips.json"",""row"":13,""id"":""d11f905f-bed6-4220-8aa0-d4da5e42a4ee"",""state"":""VALUE"",""inputState"":""VALUE"",""inputEqualsRead"":true,""value"":""2026-10-09T17:51:05.286166+00:00""}]",COMPLETO,Resolved storage and current typed output agree with a concrete POST/GET or measured read projection,HAC-40 / Cristhian,29c385fe0ee501eb4b8b989b0a247c8fdeda62ad,POST /api/v2/carriers/:carrierId/offers/:id/withdrawals,GET /api/v2/carriers/:carrierId/offers; GET /api/v2/carriers/:carrierId/offers/:id; GET /api/v2/freight/requests/:requestId/offers; GET /api/v2/freight/requests/:requestId/offers/:id,logs/class-matrix.json: CarrierOffer (catalog grants/policies/table ACL); logs/independent-rls-result.json; logs/auth-controls.json
205,CarrierOffer,estimatedPickupAt,Instant,True,PARCIAL,v2_carrier_offers.data.estimatedPickupAt,231,v2_carrier_offers.data.estimatedPickupAt,v2_carrier_offers.data.estimatedPickupAt,jsonb,NO,None,v2_carrier_offers_data_check: CHECK ((jsonb_typeof(data) = 'object'::text)),,cargomesh/src/shared/schemas/v2/workflow.ts:64; schema workflow.ts:WorkflowInputsV2:offers.create; field estimatedPickupAt,estimatedPickupAt,ZodString,False,True,"{""type"":""ZodString"",""optional"":false,""nullable"":true,""checks"":[{""kind"":""datetime"",""precision"":null,""offset"":true,""local"":false}]}",cargomesh/src/shared/schemas/v2/workflow.ts:157; schema workflow.ts:WorkflowRecordV2Schema; field data.estimatedPickupAt,data.estimatedPickupAt,ZodString,False,True,supabase-v2/supabase/migrations/20261004154048_hac40_workflow.sql:179,offers,"[{""file"":""extended-roundtrips.json"",""row"":13,""id"":""d11f905f-bed6-4220-8aa0-d4da5e42a4ee"",""state"":""NULL"",""inputState"":""NULL"",""inputEqualsRead"":true,""value"":null}]",PARCIAL,No concrete non-null field value or measured read projection in this cut,HAC-40 / Cristhian,29c385fe0ee501eb4b8b989b0a247c8fdeda62ad,POST /api/v2/carriers/:carrierId/offers/:id/withdrawals,GET /api/v2/carriers/:carrierId/offers; GET /api/v2/carriers/:carrierId/offers/:id; GET /api/v2/freight/requests/:requestId/offers; GET /api/v2/freight/requests/:requestId/offers/:id,logs/class-matrix.json: CarrierOffer (catalog grants/policies/table ACL); logs/independent-rls-result.json; logs/auth-controls.json
206,CarrierOffer,estimatedDeliveryAt,Instant,True,PARCIAL,v2_carrier_offers.data.estimatedDeliveryAt,232,v2_carrier_offers.data.estimatedDeliveryAt,v2_carrier_offers.data.estimatedDeliveryAt,jsonb,NO,None,v2_carrier_offers_data_check: CHECK ((jsonb_typeof(data) = 'object'::text)),,cargomesh/src/shared/schemas/v2/workflow.ts:64; schema workflow.ts:WorkflowInputsV2:offers.create; field estimatedDeliveryAt,estimatedDeliveryAt,ZodString,False,True,"{""type"":""ZodString"",""optional"":false,""nullable"":true,""checks"":[{""kind"":""datetime"",""precision"":null,""offset"":true,""local"":false}]}",cargomesh/src/shared/schemas/v2/workflow.ts:157; schema workflow.ts:WorkflowRecordV2Schema; field data.estimatedDeliveryAt,data.estimatedDeliveryAt,ZodString,False,True,supabase-v2/supabase/migrations/20261004154048_hac40_workflow.sql:179,offers,"[{""file"":""extended-roundtrips.json"",""row"":13,""id"":""d11f905f-bed6-4220-8aa0-d4da5e42a4ee"",""state"":""NULL"",""inputState"":""NULL"",""inputEqualsRead"":true,""value"":null}]",PARCIAL,No concrete non-null field value or measured read projection in this cut,HAC-40 / Cristhian,29c385fe0ee501eb4b8b989b0a247c8fdeda62ad,POST /api/v2/carriers/:carrierId/offers/:id/withdrawals,GET /api/v2/carriers/:carrierId/offers; GET /api/v2/carriers/:carrierId/offers/:id; GET /api/v2/freight/requests/:requestId/offers; GET /api/v2/freight/requests/:requestId/offers/:id,logs/class-matrix.json: CarrierOffer (catalog grants/policies/table ACL); logs/independent-rls-result.json; logs/auth-controls.json
207,CarrierOffer,transitDuration,Duration,True,COMPLETO,v2_carrier_offers.data.transitDurationSeconds,233,v2_carrier_offers.data.transitDurationSeconds,v2_carrier_offers.data.transitDurationSeconds,jsonb,NO,None,v2_carrier_offers_data_check: CHECK ((jsonb_typeof(data) = 'object'::text)),,cargomesh/src/shared/schemas/v2/workflow.ts:64; schema workflow.ts:WorkflowInputsV2:offers.create; field transitDurationSeconds,transitDurationSeconds,ZodNumber,False,True,"{""type"":""ZodNumber"",""optional"":false,""nullable"":true,""checks"":[{""kind"":""finite""},{""kind"":""min"",""value"":0,""inclusive"":false}]}",cargomesh/src/shared/schemas/v2/workflow.ts:157; schema workflow.ts:WorkflowRecordV2Schema; field data.transitDurationSeconds,data.transitDurationSeconds,ZodNumber,False,True,supabase-v2/supabase/migrations/20261004154048_hac40_workflow.sql:179,offers,"[{""file"":""extended-roundtrips.json"",""row"":13,""id"":""d11f905f-bed6-4220-8aa0-d4da5e42a4ee"",""state"":""VALUE"",""inputState"":""VALUE"",""inputEqualsRead"":true,""value"":3600}]",COMPLETO,Resolved storage and current typed output agree with a concrete POST/GET or measured read projection,HAC-40 / Cristhian,29c385fe0ee501eb4b8b989b0a247c8fdeda62ad,POST /api/v2/carriers/:carrierId/offers/:id/withdrawals,GET /api/v2/carriers/:carrierId/offers; GET /api/v2/carriers/:carrierId/offers/:id; GET /api/v2/freight/requests/:requestId/offers; GET /api/v2/freight/requests/:requestId/offers/:id,logs/class-matrix.json: CarrierOffer (catalog grants/policies/table ACL); logs/independent-rls-result.json; logs/auth-controls.json
208,CarrierOffer,reservableCapacity,Capacity,True,COMPLETO,v2_carrier_offers.data.reservableCapacity,234,v2_carrier_offers.data.reservableCapacity,v2_carrier_offers.data.reservableCapacity,jsonb,NO,None,v2_carrier_offers_data_check: CHECK ((jsonb_typeof(data) = 'object'::text)),,cargomesh/src/shared/schemas/v2/workflow.ts:64; schema workflow.ts:WorkflowInputsV2:offers.create; field reservableCapacity,reservableCapacity,ZodObject,False,True,"{""type"":""ZodObject"",""optional"":false,""nullable"":true,""fields"":{""weightKg"":{""type"":""ZodNumber"",""optional"":false,""nullable"":false,""checks"":[{""kind"":""finite""},{""kind"":""min"",""value"":0,""inclusive"":true}]},""volumeM3"":{""type"":""ZodNumber"",""optional"":false,""nullable"":true,""checks"":[{""kind"":""finite""},{""kind"":""min"",""value"":0,""inclusive"":true}]}},""unknownKeys"":""strict""}",cargomesh/src/shared/schemas/v2/workflow.ts:157; schema workflow.ts:WorkflowRecordV2Schema; field data.reservableCapacity,data.reservableCapacity,ZodObject,False,True,supabase-v2/supabase/migrations/20261004154048_hac40_workflow.sql:179,offers,"[{""file"":""extended-roundtrips.json"",""row"":13,""id"":""d11f905f-bed6-4220-8aa0-d4da5e42a4ee"",""state"":""VALUE"",""inputState"":""VALUE"",""inputEqualsRead"":true,""value"":{""weightKg"":1000,""volumeM3"":2}}]",COMPLETO,Resolved storage and current typed output agree with a concrete POST/GET or measured read projection,HAC-40 / Cristhian,29c385fe0ee501eb4b8b989b0a247c8fdeda62ad,POST /api/v2/carriers/:carrierId/offers/:id/withdrawals,GET /api/v2/carriers/:carrierId/offers; GET /api/v2/carriers/:carrierId/offers/:id; GET /api/v2/freight/requests/:requestId/offers; GET /api/v2/freight/requests/:requestId/offers/:id,logs/class-matrix.json: CarrierOffer (catalog grants/policies/table ACL); logs/independent-rls-result.json; logs/auth-controls.json
209,CarrierOffer,commercialTerms,Term[],False,PARCIAL,v2_carrier_offers.data.commercialTerms,235,v2_carrier_offers.data.commercialTerms,v2_carrier_offers.data.commercialTerms,jsonb,NO,None,v2_carrier_offers_data_check: CHECK ((jsonb_typeof(data) = 'object'::text)),,cargomesh/src/shared/schemas/v2/workflow.ts:64; schema workflow.ts:WorkflowInputsV2:offers.create; field commercialTerms,commercialTerms,ZodArray,False,False,"{""type"":""ZodArray"",""optional"":false,""nullable"":false,""element"":{""type"":""ZodObject"",""optional"":false,""nullable"":false,""fields"":{""code"":{""type"":""ZodString"",""optional"":false,""nullable"":false,""checks"":[{""kind"":""min"",""value"":1}]},""description"":{""type"":""ZodString"",""optional"":false,""nullable"":false,""checks"":[{""kind"":""min"",""value"":1},{""kind"":""max"",""value"":2000}]}},""unknownKeys"":""strict""}}",cargomesh/src/shared/schemas/v2/workflow.ts:157; schema workflow.ts:WorkflowRecordV2Schema; field data.commercialTerms,data.commercialTerms,ZodArray,False,False,supabase-v2/supabase/migrations/20261004154048_hac40_workflow.sql:179,offers,[],PARCIAL,No concrete non-null field value or measured read projection in this cut,HAC-40 / Cristhian,29c385fe0ee501eb4b8b989b0a247c8fdeda62ad,POST /api/v2/carriers/:carrierId/offers/:id/withdrawals,GET /api/v2/carriers/:carrierId/offers; GET /api/v2/carriers/:carrierId/offers/:id; GET /api/v2/freight/requests/:requestId/offers; GET /api/v2/freight/requests/:requestId/offers/:id,logs/class-matrix.json: CarrierOffer (catalog grants/policies/table ACL); logs/independent-rls-result.json; logs/auth-controls.json
210,CarrierOffer,evidence,EvidenceRef[],False,COMPLETO,v2_carrier_offers.data.evidence,236,v2_carrier_offers.data.evidence,v2_carrier_offers.data.evidence,jsonb,NO,None,v2_carrier_offers_data_check: CHECK ((jsonb_typeof(data) = 'object'::text)),,cargomesh/src/shared/schemas/v2/workflow.ts:64; schema workflow.ts:WorkflowInputsV2:offers.create; field evidence,evidence,ZodArray,False,False,"{""type"":""ZodArray"",""optional"":false,""nullable"":false,""element"":{""type"":""ZodObject"",""optional"":false,""nullable"":false,""fields"":{""reference"":{""type"":""ZodString"",""optional"":false,""nullable"":false,""checks"":[{""kind"":""trim""},{""kind"":""min"",""value"":1},{""kind"":""max"",""value"":500}]},""provider"":{""type"":""ZodString"",""optional"":false,""nullable"":false,""checks"":[{""kind"":""trim""},{""kind"":""min"",""value"":1},{""kind"":""max"",""value"":150}]},""observedAt"":{""type"":""ZodString"",""optional"":false,""nullable"":false,""checks"":[{""kind"":""datetime"",""precision"":null,""offset"":true,""local"":false}]},""validUntil"":{""type"":""ZodString"",""optional"":false,""nullable"":true,""checks"":[{""kind"":""datetime"",""precision"":null,""offset"":true,""local"":false}]},""provenanceStatus"":{""type"":""ZodEnum"",""optional"":false,""nullable"":false,""values"":[""VERIFIED"",""ESTIMATED"",""SIMULATED"",""UNKNOWN""]}},""unknownKeys"":""strict""},""minLength"":{""value"":1}}",cargomesh/src/shared/schemas/v2/workflow.ts:157; schema workflow.ts:WorkflowRecordV2Schema; field data.evidence,data.evidence,ZodArray,False,False,supabase-v2/supabase/migrations/20261004154048_hac40_workflow.sql:179,offers,"[{""file"":""extended-roundtrips.json"",""row"":13,""id"":""d11f905f-bed6-4220-8aa0-d4da5e42a4ee"",""state"":""VALUE"",""inputState"":""VALUE"",""inputEqualsRead"":true,""value"":[{""reference"":""fixture:workflow"",""provider"":""Synthetic QA"",""observedAt"":""2020-01-01T00:00:00Z"",""validUntil"":""2030-01-01T00:00:00Z"",""provenanceStatus"":""SIMULATED""}]}]",COMPLETO,Resolved storage and current typed output agree with a concrete POST/GET or measured read projection,HAC-40 / Cristhian,29c385fe0ee501eb4b8b989b0a247c8fdeda62ad,POST /api/v2/carriers/:carrierId/offers/:id/withdrawals,GET /api/v2/carriers/:carrierId/offers; GET /api/v2/carriers/:carrierId/offers/:id; GET /api/v2/freight/requests/:requestId/offers; GET /api/v2/freight/requests/:requestId/offers/:id,logs/class-matrix.json: CarrierOffer (catalog grants/policies/table ACL); logs/independent-rls-result.json; logs/auth-controls.json
211,CarrierOffer,offerVersion,number,False,COMPLETO,v2_carrier_offers.data.offerVersion,237,v2_carrier_offers.data.offerVersion,v2_carrier_offers.data.offerVersion,jsonb,NO,None,v2_carrier_offers_data_check: CHECK ((jsonb_typeof(data) = 'object'::text)),,GENERATED_BY_PARENT_COMMAND,—,—,—,—,—,cargomesh/src/shared/schemas/v2/workflow.ts:157; schema workflow.ts:WorkflowRecordV2Schema; field data.offerVersion,data.offerVersion,ZodNumber,False,False,supabase-v2/supabase/migrations/20261004154048_hac40_workflow.sql:179,offers,"[{""file"":""extended-roundtrips.json"",""row"":13,""id"":""d11f905f-bed6-4220-8aa0-d4da5e42a4ee"",""state"":""VALUE"",""inputState"":""MISSING"",""inputEqualsRead"":null,""value"":1}]",COMPLETO,Resolved storage and current typed output agree with a concrete POST/GET or measured read projection,HAC-40 / Cristhian,29c385fe0ee501eb4b8b989b0a247c8fdeda62ad,POST /api/v2/carriers/:carrierId/offers/:id/withdrawals,GET /api/v2/carriers/:carrierId/offers; GET /api/v2/carriers/:carrierId/offers/:id; GET /api/v2/freight/requests/:requestId/offers; GET /api/v2/freight/requests/:requestId/offers/:id,logs/class-matrix.json: CarrierOffer (catalog grants/policies/table ACL); logs/independent-rls-result.json; logs/auth-controls.json
212,CarrierOffer,supersedesOfferId,UUID,True,PARCIAL,v2_carrier_offers.supersedes_offer_id,238,v2_carrier_offers.supersedes_offer_id,v2_carrier_offers.supersedes_offer_id,uuid,YES,None,v2_carrier_offers_supersedes_offer_id_fkey: FOREIGN KEY (supersedes_offer_id) REFERENCES v2_carrier_offers(id),CREATE INDEX v2_carrier_offers_supersedes_offer_id_fkey_fk_idx ON public.v2_carrier_offers USING btree (supersedes_offer_id),cargomesh/src/shared/schemas/v2/workflow.ts:64; schema workflow.ts:WorkflowInputsV2:offers.create; field supersedesOfferId,supersedesOfferId,ZodString,False,True,"{""type"":""ZodString"",""optional"":false,""nullable"":true,""checks"":[{""kind"":""uuid""}]}",cargomesh/src/shared/schemas/v2/workflow.ts:157; schema workflow.ts:WorkflowRecordV2Schema; field data.supersedesOfferId,data.supersedesOfferId,ZodString,False,True,supabase-v2/supabase/migrations/20261004154048_hac40_workflow.sql:300,offers,"[{""file"":""extended-roundtrips.json"",""row"":13,""id"":""d11f905f-bed6-4220-8aa0-d4da5e42a4ee"",""state"":""NULL"",""inputState"":""NULL"",""inputEqualsRead"":true,""value"":null}]",PARCIAL,No concrete non-null field value or measured read projection in this cut,HAC-40 / Cristhian,29c385fe0ee501eb4b8b989b0a247c8fdeda62ad,POST /api/v2/carriers/:carrierId/offers/:id/withdrawals,GET /api/v2/carriers/:carrierId/offers; GET /api/v2/carriers/:carrierId/offers/:id; GET /api/v2/freight/requests/:requestId/offers; GET /api/v2/freight/requests/:requestId/offers/:id,logs/class-matrix.json: CarrierOffer (catalog grants/policies/table ACL); logs/independent-rls-result.json; logs/auth-controls.json
213,CarrierOffer,requestId,UUID,False,PARCIAL,v2_carrier_offers.freight_request_id,239,v2_carrier_offers.freight_request_id,v2_carrier_offers.freight_request_id,uuid,YES,None,v2_carrier_offers_freight_request_id_fkey: FOREIGN KEY (freight_request_id) REFERENCES freight_requests(id),CREATE INDEX v2_carrier_offers_request_idx ON public.v2_carrier_offers USING btree (freight_request_id) WHERE (freight_request_id IS NOT NULL),GENERATED_BY_PARENT_COMMAND,—,—,—,—,—,cargomesh/src/shared/schemas/v2/workflow.ts:157; schema workflow.ts:WorkflowRecordV2Schema; field data.requestId,data.requestId,ZodString,False,False,supabase-v2/supabase/migrations/20261004154048_hac40_workflow.sql:177,offers,"[{""file"":""extended-roundtrips.json"",""row"":13,""id"":""d11f905f-bed6-4220-8aa0-d4da5e42a4ee"",""state"":""VALUE"",""inputState"":""MISSING"",""inputEqualsRead"":null,""value"":""82f5d33a-d482-46b8-b2c3-53fcc4e8a88d""}]",PARCIAL,Nullable physical column requires field-specific command proof,HAC-40 / Cristhian,29c385fe0ee501eb4b8b989b0a247c8fdeda62ad,POST /api/v2/carriers/:carrierId/offers/:id/withdrawals,GET /api/v2/carriers/:carrierId/offers; GET /api/v2/carriers/:carrierId/offers/:id; GET /api/v2/freight/requests/:requestId/offers; GET /api/v2/freight/requests/:requestId/offers/:id,logs/class-matrix.json: CarrierOffer (catalog grants/policies/table ACL); logs/independent-rls-result.json; logs/auth-controls.json
214,CarrierOffer,planCandidateId,UUID,False,COMPLETO,v2_carrier_offers.plan_id,240,v2_carrier_offers.plan_id,v2_carrier_offers.plan_id,uuid,NO,None,v2_carrier_offers_plan_id_fkey: FOREIGN KEY (plan_id) REFERENCES transport_plan_candidates(id),CREATE INDEX v2_carrier_offers_plan_id_fkey_fk_idx ON public.v2_carrier_offers USING btree (plan_id),cargomesh/src/shared/schemas/v2/workflow.ts:64; schema workflow.ts:WorkflowInputsV2:offers.create; field planCandidateId,planCandidateId,ZodString,False,False,"{""type"":""ZodString"",""optional"":false,""nullable"":false,""checks"":[{""kind"":""uuid""}]}",cargomesh/src/shared/schemas/v2/workflow.ts:157; schema workflow.ts:WorkflowRecordV2Schema; field data.planCandidateId,data.planCandidateId,ZodString,False,False,supabase-v2/supabase/migrations/20261004154048_hac40_workflow.sql:300,offers,"[{""file"":""extended-roundtrips.json"",""row"":13,""id"":""d11f905f-bed6-4220-8aa0-d4da5e42a4ee"",""state"":""VALUE"",""inputState"":""VALUE"",""inputEqualsRead"":true,""value"":""baab5007-d56d-4315-bf1a-2191a09288be""}]",COMPLETO,Resolved storage and current typed output agree with a concrete POST/GET or measured read projection,HAC-40 / Cristhian,29c385fe0ee501eb4b8b989b0a247c8fdeda62ad,POST /api/v2/carriers/:carrierId/offers/:id/withdrawals,GET /api/v2/carriers/:carrierId/offers; GET /api/v2/carriers/:carrierId/offers/:id; GET /api/v2/freight/requests/:requestId/offers; GET /api/v2/freight/requests/:requestId/offers/:id,logs/class-matrix.json: CarrierOffer (catalog grants/policies/table ACL); logs/independent-rls-result.json; logs/auth-controls.json
215,CarrierOffer,opportunityId,UUID,False,PARCIAL,v2_carrier_offers.parent_id,241,v2_carrier_offers.parent_id,v2_carrier_offers.parent_id,uuid,YES,None,offer_opportunity_fk: FOREIGN KEY (parent_id) REFERENCES carrier_opportunities(id),CREATE INDEX v2_carrier_offers_parent_idx ON public.v2_carrier_offers USING btree (parent_id) WHERE (parent_id IS NOT NULL),GENERATED_BY_PARENT_COMMAND,—,—,—,—,—,cargomesh/src/shared/schemas/v2/workflow.ts:157; schema workflow.ts:WorkflowRecordV2Schema; field data.opportunityId,data.opportunityId,ZodString,False,False,supabase-v2/supabase/migrations/20261004154048_hac40_workflow.sql:177,offers,"[{""file"":""extended-roundtrips.json"",""row"":13,""id"":""d11f905f-bed6-4220-8aa0-d4da5e42a4ee"",""state"":""VALUE"",""inputState"":""MISSING"",""inputEqualsRead"":null,""value"":""726c29bb-1deb-4931-aa95-7b4c7ee4e629""}]",PARCIAL,Nullable physical column requires field-specific command proof,HAC-40 / Cristhian,29c385fe0ee501eb4b8b989b0a247c8fdeda62ad,POST /api/v2/carriers/:carrierId/offers/:id/withdrawals,GET /api/v2/carriers/:carrierId/offers; GET /api/v2/carriers/:carrierId/offers/:id; GET /api/v2/freight/requests/:requestId/offers; GET /api/v2/freight/requests/:requestId/offers/:id,logs/class-matrix.json: CarrierOffer (catalog grants/policies/table ACL); logs/independent-rls-result.json; logs/auth-controls.json
216,CarrierOffer,carrierId,UUID,False,PARCIAL,v2_carrier_offers.carrier_id,242,v2_carrier_offers.carrier_id,v2_carrier_offers.carrier_id,uuid,YES,None,"v2_carrier_offers_carrier_id_fkey: FOREIGN KEY (carrier_id) REFERENCES carriers(id); v2_carrier_offers_id_carrier_id_key: UNIQUE (id, carrier_id); v2_carrier_offers_issuer_operator_id_carrier_id_fkey: FOREIGN KEY (issuer_operator_id, carrier_id) REFERENCES carrier_operators(id, carrier_id)","CREATE INDEX v2_carrier_offers_carrier_idx ON public.v2_carrier_offers USING btree (carrier_id, created_at, id) WHERE (carrier_id IS NOT NULL); CREATE UNIQUE INDEX v2_carrier_offers_id_carrier_id_key ON public.v2_carrier_offers USING btree (id, carrier_id)",GENERATED_BY_PARENT_COMMAND,—,—,—,—,—,cargomesh/src/shared/schemas/v2/workflow.ts:157; schema workflow.ts:WorkflowRecordV2Schema; field data.carrierId,data.carrierId,ZodString,False,False,supabase-v2/supabase/migrations/20261004154048_hac40_workflow.sql:177,offers,"[{""file"":""extended-roundtrips.json"",""row"":13,""id"":""d11f905f-bed6-4220-8aa0-d4da5e42a4ee"",""state"":""VALUE"",""inputState"":""MISSING"",""inputEqualsRead"":null,""value"":""d4440000-0000-4000-8000-000000000001""}]",PARCIAL,Nullable physical column requires field-specific command proof,HAC-40 / Cristhian,29c385fe0ee501eb4b8b989b0a247c8fdeda62ad,POST /api/v2/carriers/:carrierId/offers/:id/withdrawals,GET /api/v2/carriers/:carrierId/offers; GET /api/v2/carriers/:carrierId/offers/:id; GET /api/v2/freight/requests/:requestId/offers; GET /api/v2/freight/requests/:requestId/offers/:id,logs/class-matrix.json: CarrierOffer (catalog grants/policies/table ACL); logs/independent-rls-result.json; logs/auth-controls.json
217,CarrierOffer,coveredServiceIds,UUID[],False,COMPLETO,v2_carrier_offers.data.coveredServiceIds,243,v2_carrier_offers.data.coveredServiceIds,v2_carrier_offers.data.coveredServiceIds,jsonb,NO,None,v2_carrier_offers_data_check: CHECK ((jsonb_typeof(data) = 'object'::text)),,cargomesh/src/shared/schemas/v2/workflow.ts:64; schema workflow.ts:WorkflowInputsV2:offers.create; field coveredServiceIds,coveredServiceIds,ZodArray,False,False,"{""type"":""ZodArray"",""optional"":false,""nullable"":false,""element"":{""type"":""ZodString"",""optional"":false,""nullable"":false,""checks"":[{""kind"":""uuid""}]},""minLength"":{""value"":1}}",cargomesh/src/shared/schemas/v2/workflow.ts:157; schema workflow.ts:WorkflowRecordV2Schema; field data.coveredServiceIds,data.coveredServiceIds,ZodArray,False,False,supabase-v2/supabase/migrations/20261004154048_hac40_workflow.sql:179,offers,"[{""file"":""extended-roundtrips.json"",""row"":13,""id"":""d11f905f-bed6-4220-8aa0-d4da5e42a4ee"",""state"":""VALUE"",""inputState"":""VALUE"",""inputEqualsRead"":true,""value"":[""d4460000-0000-4000-8000-000000000001""]}]",COMPLETO,Resolved storage and current typed output agree with a concrete POST/GET or measured read projection,HAC-40 / Cristhian,29c385fe0ee501eb4b8b989b0a247c8fdeda62ad,POST /api/v2/carriers/:carrierId/offers/:id/withdrawals,GET /api/v2/carriers/:carrierId/offers; GET /api/v2/carriers/:carrierId/offers/:id; GET /api/v2/freight/requests/:requestId/offers; GET /api/v2/freight/requests/:requestId/offers/:id,logs/class-matrix.json: CarrierOffer (catalog grants/policies/table ACL); logs/independent-rls-result.json; logs/auth-controls.json
218,CarrierOffer,coveredAssignmentIds,UUID[],False,COMPLETO,v2_carrier_offers.data.coveredAssignmentIds,244,v2_carrier_offers.data.coveredAssignmentIds,v2_carrier_offers.data.coveredAssignmentIds,jsonb,NO,None,v2_carrier_offers_data_check: CHECK ((jsonb_typeof(data) = 'object'::text)),,cargomesh/src/shared/schemas/v2/workflow.ts:64; schema workflow.ts:WorkflowInputsV2:offers.create; field coveredAssignmentIds,coveredAssignmentIds,ZodArray,False,False,"{""type"":""ZodArray"",""optional"":false,""nullable"":false,""element"":{""type"":""ZodString"",""optional"":false,""nullable"":false,""checks"":[{""kind"":""uuid""}]},""minLength"":{""value"":1}}",cargomesh/src/shared/schemas/v2/workflow.ts:157; schema workflow.ts:WorkflowRecordV2Schema; field data.coveredAssignmentIds,data.coveredAssignmentIds,ZodArray,False,False,supabase-v2/supabase/migrations/20261004154048_hac40_workflow.sql:179,offers,"[{""file"":""extended-roundtrips.json"",""row"":13,""id"":""d11f905f-bed6-4220-8aa0-d4da5e42a4ee"",""state"":""VALUE"",""inputState"":""VALUE"",""inputEqualsRead"":true,""value"":[""a20e7a1b-fca8-4925-8780-fe7d750b3eba""]}]",COMPLETO,Resolved storage and current typed output agree with a concrete POST/GET or measured read projection,HAC-40 / Cristhian,29c385fe0ee501eb4b8b989b0a247c8fdeda62ad,POST /api/v2/carriers/:carrierId/offers/:id/withdrawals,GET /api/v2/carriers/:carrierId/offers; GET /api/v2/carriers/:carrierId/offers/:id; GET /api/v2/freight/requests/:requestId/offers; GET /api/v2/freight/requests/:requestId/offers/:id,logs/class-matrix.json: CarrierOffer (catalog grants/policies/table ACL); logs/independent-rls-result.json; logs/auth-controls.json
219,RankedOption,position,number,False,PARCIAL,ranked_options.position,245,ranked_options.position,ranked_options.position,integer,YES,None,,,GENERATED_BY_PARENT_COMMAND,—,—,—,—,—,cargomesh/src/shared/schemas/v2/workflow.ts:157; schema workflow.ts:WorkflowRecordV2Schema; field data.options[].position,data.options[].position,ZodNumber,False,False,supabase-v2/supabase/migrations/20261004154048_hac40_workflow.sql:325,ranking,"[{""file"":""extended-roundtrips.json"",""row"":16,""id"":""fddba586-a354-430e-9338-23934d46fbd7"",""state"":""VALUE"",""inputState"":""MISSING"",""inputEqualsRead"":null,""value"":1}]",PARCIAL,Nullable physical column requires field-specific command proof,HAC-40 / Cristhian,29c385fe0ee501eb4b8b989b0a247c8fdeda62ad,POST /api/v2/freight/requests/:requestId/ranking,GET /api/v2/freight/requests/:requestId/ranking; GET /api/v2/freight/requests/:requestId/ranking/:id,logs/class-matrix.json: RankedOption (catalog grants/policies/table ACL); logs/independent-rls-result.json; logs/auth-controls.json
220,RankedOption,score,number,True,COMPLETO,ranked_options.score,246,ranked_options.score,ranked_options.score,numeric,YES,None,,,GENERATED_BY_PARENT_COMMAND,—,—,—,—,—,cargomesh/src/shared/schemas/v2/workflow.ts:157; schema workflow.ts:WorkflowRecordV2Schema; field data.options[].score,data.options[].score,ZodNumber,False,False,supabase-v2/supabase/migrations/20261004154048_hac40_workflow.sql:325,ranking,"[{""file"":""extended-roundtrips.json"",""row"":16,""id"":""fddba586-a354-430e-9338-23934d46fbd7"",""state"":""VALUE"",""inputState"":""MISSING"",""inputEqualsRead"":null,""value"":1}]",COMPLETO,Resolved storage and current typed output agree with a concrete POST/GET or measured read projection,HAC-40 / Cristhian,29c385fe0ee501eb4b8b989b0a247c8fdeda62ad,POST /api/v2/freight/requests/:requestId/ranking,GET /api/v2/freight/requests/:requestId/ranking; GET /api/v2/freight/requests/:requestId/ranking/:id,logs/class-matrix.json: RankedOption (catalog grants/policies/table ACL); logs/independent-rls-result.json; logs/auth-controls.json
221,RankedOption,explanation,Explanation,False,COMPLETO,ranked_options.data.explanation,247,ranked_options.data.explanation,ranked_options.data.explanation,jsonb,NO,None,,,GENERATED_BY_PARENT_COMMAND,—,—,—,—,—,cargomesh/src/shared/schemas/v2/workflow.ts:157; schema workflow.ts:WorkflowRecordV2Schema; field data.options[].explanation,data.options[].explanation,ZodObject,False,False,supabase-v2/supabase/migrations/20261004154048_hac40_workflow.sql:325,ranking,"[{""file"":""extended-roundtrips.json"",""row"":16,""id"":""fddba586-a354-430e-9338-23934d46fbd7"",""state"":""VALUE"",""inputState"":""MISSING"",""inputEqualsRead"":null,""value"":{""weights"":{""cost"":1,""transit"":0,""reliability"":0},""dimensions"":{""cost"":1,""transit"":1,""reliability"":null}}}]",COMPLETO,Resolved storage and current typed output agree with a concrete POST/GET or measured read projection,HAC-40 / Cristhian,29c385fe0ee501eb4b8b989b0a247c8fdeda62ad,POST /api/v2/freight/requests/:requestId/ranking,GET /api/v2/freight/requests/:requestId/ranking; GET /api/v2/freight/requests/:requestId/ranking/:id,logs/class-matrix.json: RankedOption (catalog grants/policies/table ACL); logs/independent-rls-result.json; logs/auth-controls.json
222,RankedOption,missingData,MissingDatum[],False,PARCIAL,ranked_options.data.missingData,248,ranked_options.data.missingData,ranked_options.data.missingData,jsonb,NO,None,,,GENERATED_BY_PARENT_COMMAND,—,—,—,—,—,cargomesh/src/shared/schemas/v2/workflow.ts:157; schema workflow.ts:WorkflowRecordV2Schema; field data.options[].missingData,data.options[].missingData,ZodArray,False,False,supabase-v2/supabase/migrations/20261004154048_hac40_workflow.sql:325,ranking,[],PARCIAL,No concrete non-null field value or measured read projection in this cut,HAC-40 / Cristhian,29c385fe0ee501eb4b8b989b0a247c8fdeda62ad,POST /api/v2/freight/requests/:requestId/ranking,GET /api/v2/freight/requests/:requestId/ranking; GET /api/v2/freight/requests/:requestId/ranking/:id,logs/class-matrix.json: RankedOption (catalog grants/policies/table ACL); logs/independent-rls-result.json; logs/auth-controls.json
223,RankedOption,policyVersion,string,False,COMPLETO,ranked_options.data.policyVersion,249,ranked_options.data.policyVersion,ranked_options.data.policyVersion,jsonb,NO,None,,,GENERATED_BY_PARENT_COMMAND,—,—,—,—,—,cargomesh/src/shared/schemas/v2/workflow.ts:157; schema workflow.ts:WorkflowRecordV2Schema; field data.options[].policyVersion,data.options[].policyVersion,ZodString,False,False,supabase-v2/supabase/migrations/20261004154048_hac40_workflow.sql:325,ranking,"[{""file"":""extended-roundtrips.json"",""row"":16,""id"":""fddba586-a354-430e-9338-23934d46fbd7"",""state"":""VALUE"",""inputState"":""MISSING"",""inputEqualsRead"":null,""value"":""HAC44_HTTP_SCORE_1791568335148""}]",COMPLETO,Resolved storage and current typed output agree with a concrete POST/GET or measured read projection,HAC-40 / Cristhian,29c385fe0ee501eb4b8b989b0a247c8fdeda62ad,POST /api/v2/freight/requests/:requestId/ranking,GET /api/v2/freight/requests/:requestId/ranking; GET /api/v2/freight/requests/:requestId/ranking/:id,logs/class-matrix.json: RankedOption (catalog grants/policies/table ACL); logs/independent-rls-result.json; logs/auth-controls.json
224,ScoringPolicy,version,string,False,COMPLETO,scoring_policies.version,250,scoring_policies.version,scoring_policies.version,integer,NO,1,scoring_policies_version_check: CHECK ((version > 0)),"CREATE UNIQUE INDEX scoring_policy_version_unique ON public.scoring_policies USING btree (((data #>> '{policy,version}'::text[])))",cargomesh/src/shared/schemas/v2/workflow.ts:50; schema workflow.ts:WorkflowInputsV2:scoring-policies.publish; field policy.version,policy.version,ZodString,False,False,"{""type"":""ZodString"",""optional"":false,""nullable"":false,""checks"":[{""kind"":""trim""},{""kind"":""min"",""value"":1},{""kind"":""max"",""value"":100}]}",cargomesh/src/shared/schemas/v2/workflow.ts:157; schema workflow.ts:WorkflowRecordV2Schema; field data.policy.version,data.policy.version,ZodString,False,False,supabase-v2/supabase/migrations/20261004154048_hac40_workflow.sql:113,scoring-policies,"[{""file"":""extended-roundtrips.json"",""row"":15,""id"":""32fbed36-8b06-4e42-a36b-c88af1fae75d"",""state"":""VALUE"",""inputState"":""VALUE"",""inputEqualsRead"":true,""value"":""HAC44_HTTP_SCORE_1791568335148""}]",COMPLETO,Resolved storage and current typed output agree with a concrete POST/GET or measured read projection; Domain string is projected from the technical integer; verify exact POST/GET value and contract-category-version-result.json,HAC-40 / Cristhian,29c385fe0ee501eb4b8b989b0a247c8fdeda62ad,POST /api/v2/scoring/policies; POST /api/v2/scoring/policies/:id/revisions,GET /api/v2/scoring/policies; GET /api/v2/scoring/policies/:id,logs/class-matrix.json: ScoringPolicy (catalog grants/policies/table ACL); logs/independent-rls-result.json; logs/auth-controls.json
225,ScoringPolicy,objective,RankingObjective,False,COMPLETO,scoring_policies.data.policy.objective,251,scoring_policies.data.policy.objective,scoring_policies.data.policy.objective,jsonb,NO,None,scoring_policies_data_check: CHECK ((jsonb_typeof(data) = 'object'::text)),"CREATE UNIQUE INDEX scoring_policy_version_unique ON public.scoring_policies USING btree (((data #>> '{policy,version}'::text[])))",cargomesh/src/shared/schemas/v2/workflow.ts:50; schema workflow.ts:WorkflowInputsV2:scoring-policies.publish; field policy.objective,policy.objective,ZodEnum,False,False,"{""type"":""ZodEnum"",""optional"":false,""nullable"":false,""values"":[""LOWEST_COST"",""FASTEST"",""WEIGHTED""]}",cargomesh/src/shared/schemas/v2/workflow.ts:157; schema workflow.ts:WorkflowRecordV2Schema; field data.policy.objective,data.policy.objective,ZodEnum,False,False,supabase-v2/supabase/migrations/20261004154048_hac40_workflow.sql:114,scoring-policies,"[{""file"":""extended-roundtrips.json"",""row"":15,""id"":""32fbed36-8b06-4e42-a36b-c88af1fae75d"",""state"":""VALUE"",""inputState"":""VALUE"",""inputEqualsRead"":true,""value"":""LOWEST_COST""}]",COMPLETO,Resolved storage and current typed output agree with a concrete POST/GET or measured read projection,HAC-40 / Cristhian,29c385fe0ee501eb4b8b989b0a247c8fdeda62ad,POST /api/v2/scoring/policies; POST /api/v2/scoring/policies/:id/revisions,GET /api/v2/scoring/policies; GET /api/v2/scoring/policies/:id,logs/class-matrix.json: ScoringPolicy (catalog grants/policies/table ACL); logs/independent-rls-result.json; logs/auth-controls.json
226,ScoringPolicy,weights,WeightSet,False,COMPLETO,scoring_policies.data.policy.weights,252,scoring_policies.data.policy.weights,scoring_policies.data.policy.weights,jsonb,NO,None,scoring_policies_data_check: CHECK ((jsonb_typeof(data) = 'object'::text)),"CREATE UNIQUE INDEX scoring_policy_version_unique ON public.scoring_policies USING btree (((data #>> '{policy,version}'::text[])))",cargomesh/src/shared/schemas/v2/workflow.ts:50; schema workflow.ts:WorkflowInputsV2:scoring-policies.publish; field policy.weights,policy.weights,ZodObject,False,False,"{""type"":""ZodObject"",""optional"":false,""nullable"":false,""fields"":{""cost"":{""type"":""ZodNumber"",""optional"":false,""nullable"":false,""checks"":[{""kind"":""min"",""value"":0,""inclusive"":true},{""kind"":""max"",""value"":1,""inclusive"":true}]},""transit"":{""type"":""ZodNumber"",""optional"":false,""nullable"":false,""checks"":[{""kind"":""min"",""value"":0,""inclusive"":true},{""kind"":""max"",""value"":1,""inclusive"":true}]},""reliability"":{""type"":""ZodNumber"",""optional"":false,""nullable"":false,""checks"":[{""kind"":""min"",""value"":0,""inclusive"":true},{""kind"":""max"",""value"":1,""inclusive"":true}]}},""unknownKeys"":""strict""}",cargomesh/src/shared/schemas/v2/workflow.ts:157; schema workflow.ts:WorkflowRecordV2Schema; field data.policy.weights,data.policy.weights,ZodObject,False,False,supabase-v2/supabase/migrations/20261004154048_hac40_workflow.sql:114,scoring-policies,"[{""file"":""extended-roundtrips.json"",""row"":15,""id"":""32fbed36-8b06-4e42-a36b-c88af1fae75d"",""state"":""VALUE"",""inputState"":""VALUE"",""inputEqualsRead"":true,""value"":{""cost"":1,""transit"":0,""reliability"":0}}]",COMPLETO,Resolved storage and current typed output agree with a concrete POST/GET or measured read projection,HAC-40 / Cristhian,29c385fe0ee501eb4b8b989b0a247c8fdeda62ad,POST /api/v2/scoring/policies; POST /api/v2/scoring/policies/:id/revisions,GET /api/v2/scoring/policies; GET /api/v2/scoring/policies/:id,logs/class-matrix.json: ScoringPolicy (catalog grants/policies/table ACL); logs/independent-rls-result.json; logs/auth-controls.json
227,ScoringPolicy,missingDataRule,Rule,False,COMPLETO,scoring_policies.data.policy.missingDataRule,253,scoring_policies.data.policy.missingDataRule,scoring_policies.data.policy.missingDataRule,jsonb,NO,None,scoring_policies_data_check: CHECK ((jsonb_typeof(data) = 'object'::text)),"CREATE UNIQUE INDEX scoring_policy_version_unique ON public.scoring_policies USING btree (((data #>> '{policy,version}'::text[])))",cargomesh/src/shared/schemas/v2/workflow.ts:50; schema workflow.ts:WorkflowInputsV2:scoring-policies.publish; field policy.missingDataRule,policy.missingDataRule,ZodLiteral,False,False,"{""type"":""ZodLiteral"",""optional"":false,""nullable"":false,""value"":""EXCLUDE""}",cargomesh/src/shared/schemas/v2/workflow.ts:157; schema workflow.ts:WorkflowRecordV2Schema; field data.policy.missingDataRule,data.policy.missingDataRule,ZodLiteral,False,False,supabase-v2/supabase/migrations/20261004154048_hac40_workflow.sql:114,scoring-policies,"[{""file"":""extended-roundtrips.json"",""row"":15,""id"":""32fbed36-8b06-4e42-a36b-c88af1fae75d"",""state"":""VALUE"",""inputState"":""VALUE"",""inputEqualsRead"":true,""value"":""EXCLUDE""}]",COMPLETO,Resolved storage and current typed output agree with a concrete POST/GET or measured read projection,HAC-40 / Cristhian,29c385fe0ee501eb4b8b989b0a247c8fdeda62ad,POST /api/v2/scoring/policies; POST /api/v2/scoring/policies/:id/revisions,GET /api/v2/scoring/policies; GET /api/v2/scoring/policies/:id,logs/class-matrix.json: ScoringPolicy (catalog grants/policies/table ACL); logs/independent-rls-result.json; logs/auth-controls.json
228,ScoringPolicy,tieBreaker,TieBreaker,False,COMPLETO,scoring_policies.data.policy.tieBreaker,254,scoring_policies.data.policy.tieBreaker,scoring_policies.data.policy.tieBreaker,jsonb,NO,None,scoring_policies_data_check: CHECK ((jsonb_typeof(data) = 'object'::text)),"CREATE UNIQUE INDEX scoring_policy_version_unique ON public.scoring_policies USING btree (((data #>> '{policy,version}'::text[])))",cargomesh/src/shared/schemas/v2/workflow.ts:50; schema workflow.ts:WorkflowInputsV2:scoring-policies.publish; field policy.tieBreaker,policy.tieBreaker,ZodLiteral,False,False,"{""type"":""ZodLiteral"",""optional"":false,""nullable"":false,""value"":""OFFER_ID_ASC""}",cargomesh/src/shared/schemas/v2/workflow.ts:157; schema workflow.ts:WorkflowRecordV2Schema; field data.policy.tieBreaker,data.policy.tieBreaker,ZodLiteral,False,False,supabase-v2/supabase/migrations/20261004154048_hac40_workflow.sql:114,scoring-policies,"[{""file"":""extended-roundtrips.json"",""row"":15,""id"":""32fbed36-8b06-4e42-a36b-c88af1fae75d"",""state"":""VALUE"",""inputState"":""VALUE"",""inputEqualsRead"":true,""value"":""OFFER_ID_ASC""}]",COMPLETO,Resolved storage and current typed output agree with a concrete POST/GET or measured read projection,HAC-40 / Cristhian,29c385fe0ee501eb4b8b989b0a247c8fdeda62ad,POST /api/v2/scoring/policies; POST /api/v2/scoring/policies/:id/revisions,GET /api/v2/scoring/policies; GET /api/v2/scoring/policies/:id,logs/class-matrix.json: ScoringPolicy (catalog grants/policies/table ACL); logs/independent-rls-result.json; logs/auth-controls.json
229,Booking,carrierReference,string,True,PARCIAL,v2_bookings.data.carrierReference,255,v2_bookings.data.carrierReference,v2_bookings.data.carrierReference,jsonb,NO,None,v2_bookings_data_check: CHECK ((jsonb_typeof(data) = 'object'::text)),,GENERATED_BY_PARENT_COMMAND,—,—,—,—,—,cargomesh/src/shared/schemas/v2/workflow.ts:157; schema workflow.ts:WorkflowRecordV2Schema; field data.carrierReference,data.carrierReference,ZodString,False,True,supabase-v2/supabase/migrations/20261004154048_hac40_workflow.sql:218,bookings,"[{""file"":""extended-roundtrips.json"",""row"":18,""id"":""b33ae935-5e52-4737-b03c-d3ec654bc080"",""state"":""NULL"",""inputState"":""MISSING"",""inputEqualsRead"":null,""value"":null}]",PARCIAL,No concrete non-null field value or measured read projection in this cut,HAC-40 / Cristhian,29c385fe0ee501eb4b8b989b0a247c8fdeda62ad,POST /api/v2/carriers/:carrierId/bookings/:id/confirmations; POST /api/v2/carriers/:carrierId/bookings/:id/cancellations; POST /api/v2/bookings; POST /api/v2/bookings/:id/cancellations,GET /api/v2/carriers/:carrierId/bookings; GET /api/v2/carriers/:carrierId/bookings/:id; GET /api/v2/bookings; GET /api/v2/bookings/:id; GET /api/v2/bookings/:parentId/reservations; GET /api/v2/bookings/:parentId/reservations/:id; GET /api/v2/bookings/:parentId/execution; GET /api/v2/bookings/:parentId/execution/:id,logs/class-matrix.json: Booking (catalog grants/policies/table ACL); logs/independent-rls-result.json; logs/auth-controls.json
230,Booking,confirmedAt,Instant,True,PARCIAL,v2_bookings.data.confirmedAt,256,v2_bookings.data.confirmedAt,v2_bookings.data.confirmedAt,jsonb,NO,None,v2_bookings_data_check: CHECK ((jsonb_typeof(data) = 'object'::text)),,GENERATED_BY_PARENT_COMMAND,—,—,—,—,—,cargomesh/src/shared/schemas/v2/workflow.ts:157; schema workflow.ts:WorkflowRecordV2Schema; field data.confirmedAt,data.confirmedAt,ZodString,False,True,supabase-v2/supabase/migrations/20261004154048_hac40_workflow.sql:218,bookings,"[{""file"":""extended-roundtrips.json"",""row"":18,""id"":""b33ae935-5e52-4737-b03c-d3ec654bc080"",""state"":""NULL"",""inputState"":""MISSING"",""inputEqualsRead"":null,""value"":null}]",PARCIAL,No concrete non-null field value or measured read projection in this cut,HAC-40 / Cristhian,29c385fe0ee501eb4b8b989b0a247c8fdeda62ad,POST /api/v2/carriers/:carrierId/bookings/:id/confirmations; POST /api/v2/carriers/:carrierId/bookings/:id/cancellations; POST /api/v2/bookings; POST /api/v2/bookings/:id/cancellations,GET /api/v2/carriers/:carrierId/bookings; GET /api/v2/carriers/:carrierId/bookings/:id; GET /api/v2/bookings; GET /api/v2/bookings/:id; GET /api/v2/bookings/:parentId/reservations; GET /api/v2/bookings/:parentId/reservations/:id; GET /api/v2/bookings/:parentId/execution; GET /api/v2/bookings/:parentId/execution/:id,logs/class-matrix.json: Booking (catalog grants/policies/table ACL); logs/independent-rls-result.json; logs/auth-controls.json
231,Booking,id,UUID,False,COMPLETO,v2_bookings.id,257,v2_bookings.id,v2_bookings.id,uuid,NO,gen_random_uuid(),"v2_bookings_carrier_id_fkey: FOREIGN KEY (carrier_id) REFERENCES carriers(id); v2_bookings_decision_id_fkey: FOREIGN KEY (decision_id) REFERENCES selection_decisions(id); v2_bookings_freight_request_id_fkey: FOREIGN KEY (freight_request_id) REFERENCES freight_requests(id); v2_bookings_id_carrier_id_key: UNIQUE (id, carrier_id); v2_bookings_id_organization_id_key: UNIQUE (id, organization_id); v2_bookings_offer_id_fkey: FOREIGN KEY (offer_id) REFERENCES v2_carrier_offers(id); v2_bookings_organization_id_fkey: FOREIGN KEY (organization_id) REFERENCES organizations(id); v2_bookings_pkey: PRIMARY KEY (id)","CREATE UNIQUE INDEX one_booking_per_offer_decision ON public.v2_bookings USING btree (decision_id, offer_id); CREATE INDEX v2_bookings_carrier_idx ON public.v2_bookings USING btree (carrier_id, created_at, id) WHERE (carrier_id IS NOT NULL); CREATE UNIQUE INDEX v2_bookings_id_carrier_id_key ON public.v2_bookings USING btree (id, carrier_id); CREATE UNIQUE INDEX v2_bookings_id_organization_id_key ON public.v2_bookings USING btree (id, organization_id); CREATE INDEX v2_bookings_offer_id_fkey_fk_idx ON public.v2_bookings USING btree (offer_id); CREATE INDEX v2_bookings_parent_idx ON public.v2_bookings USING btree (parent_id) WHERE (parent_id IS NOT NULL); CREATE UNIQUE INDEX v2_bookings_pkey ON public.v2_bookings USING btree (id); CREATE INDEX v2_bookings_request_idx ON public.v2_bookings USING btree (freight_request_id) WHERE (freight_request_id IS NOT NULL); CREATE INDEX v2_bookings_tenant_idx ON public.v2_bookings USING btree (organization_id, created_at, id)",GENERATED_BY_PARENT_COMMAND,—,—,—,—,—,cargomesh/src/shared/schemas/v2/workflow.ts:157; schema workflow.ts:WorkflowRecordV2Schema; field id,id,ZodString,False,False,supabase-v2/supabase/migrations/20261004154048_hac40_workflow.sql:215,bookings,"[{""file"":""extended-roundtrips.json"",""row"":18,""id"":""b33ae935-5e52-4737-b03c-d3ec654bc080"",""state"":""VALUE"",""inputState"":""MISSING"",""inputEqualsRead"":null,""value"":""b33ae935-5e52-4737-b03c-d3ec654bc080""}]",COMPLETO,Resolved storage and current typed output agree with a concrete POST/GET or measured read projection,HAC-40 / Cristhian,29c385fe0ee501eb4b8b989b0a247c8fdeda62ad,POST /api/v2/carriers/:carrierId/bookings/:id/confirmations; POST /api/v2/carriers/:carrierId/bookings/:id/cancellations; POST /api/v2/bookings; POST /api/v2/bookings/:id/cancellations,GET /api/v2/carriers/:carrierId/bookings; GET /api/v2/carriers/:carrierId/bookings/:id; GET /api/v2/bookings; GET /api/v2/bookings/:id; GET /api/v2/bookings/:parentId/reservations; GET /api/v2/bookings/:parentId/reservations/:id; GET /api/v2/bookings/:parentId/execution; GET /api/v2/bookings/:parentId/execution/:id,logs/class-matrix.json: Booking (catalog grants/policies/table ACL); logs/independent-rls-result.json; logs/auth-controls.json
232,Booking,selectionDecisionId,UUID,False,PARCIAL,v2_bookings.decision_id,258,v2_bookings.decision_id,v2_bookings.decision_id,uuid,NO,None,"one_booking_per_offer_decision: UNIQUE (decision_id, offer_id); v2_bookings_decision_id_fkey: FOREIGN KEY (decision_id) REFERENCES selection_decisions(id)","CREATE UNIQUE INDEX one_booking_per_offer_decision ON public.v2_bookings USING btree (decision_id, offer_id)",GENERATED_BY_PARENT_COMMAND,—,—,—,—,—,cargomesh/src/shared/schemas/v2/workflow.ts:157; schema workflow.ts:WorkflowRecordV2Schema; field data.decisionId,data.decisionId,ZodString,False,False,supabase-v2/supabase/migrations/20261004154048_hac40_workflow.sql:303,bookings,"[{""file"":""extended-roundtrips.json"",""row"":18,""id"":""b33ae935-5e52-4737-b03c-d3ec654bc080"",""state"":""VALUE"",""inputState"":""MISSING"",""inputEqualsRead"":null,""value"":""287d23d7-723b-4848-a7ab-5c4f094b891d""}]",COMPLETO,Resolved storage and current typed output agree with a concrete POST/GET or measured read projection,HAC-40 / Cristhian,29c385fe0ee501eb4b8b989b0a247c8fdeda62ad,POST /api/v2/carriers/:carrierId/bookings/:id/confirmations; POST /api/v2/carriers/:carrierId/bookings/:id/cancellations; POST /api/v2/bookings; POST /api/v2/bookings/:id/cancellations,GET /api/v2/carriers/:carrierId/bookings; GET /api/v2/carriers/:carrierId/bookings/:id; GET /api/v2/bookings; GET /api/v2/bookings/:id; GET /api/v2/bookings/:parentId/reservations; GET /api/v2/bookings/:parentId/reservations/:id; GET /api/v2/bookings/:parentId/execution; GET /api/v2/bookings/:parentId/execution/:id,logs/class-matrix.json: Booking (catalog grants/policies/table ACL); logs/independent-rls-result.json; logs/auth-controls.json
233,Booking,authorizedAt,Instant,True,COMPLETO,v2_bookings.data.authorizedAt,259,v2_bookings.data.authorizedAt,v2_bookings.data.authorizedAt,jsonb,NO,None,v2_bookings_data_check: CHECK ((jsonb_typeof(data) = 'object'::text)),,GENERATED_BY_PARENT_COMMAND,—,—,—,—,—,cargomesh/src/shared/schemas/v2/workflow.ts:157; schema workflow.ts:WorkflowRecordV2Schema; field data.authorizedAt,data.authorizedAt,ZodString,False,False,supabase-v2/supabase/migrations/20261004154048_hac40_workflow.sql:218,bookings,"[{""file"":""extended-roundtrips.json"",""row"":18,""id"":""b33ae935-5e52-4737-b03c-d3ec654bc080"",""state"":""VALUE"",""inputState"":""MISSING"",""inputEqualsRead"":null,""value"":""2026-10-09T17:52:16.948225+00:00""}]",COMPLETO,Resolved storage and current typed output agree with a concrete POST/GET or measured read projection,HAC-40 / Cristhian,29c385fe0ee501eb4b8b989b0a247c8fdeda62ad,POST /api/v2/carriers/:carrierId/bookings/:id/confirmations; POST /api/v2/carriers/:carrierId/bookings/:id/cancellations; POST /api/v2/bookings; POST /api/v2/bookings/:id/cancellations,GET /api/v2/carriers/:carrierId/bookings; GET /api/v2/carriers/:carrierId/bookings/:id; GET /api/v2/bookings; GET /api/v2/bookings/:id; GET /api/v2/bookings/:parentId/reservations; GET /api/v2/bookings/:parentId/reservations/:id; GET /api/v2/bookings/:parentId/execution; GET /api/v2/bookings/:parentId/execution/:id,logs/class-matrix.json: Booking (catalog grants/policies/table ACL); logs/independent-rls-result.json; logs/auth-controls.json
234,Booking,authorizationStatus,AuthorizationStatus,False,COMPLETO,v2_bookings.data.authorizationStatus,260,v2_bookings.data.authorizationStatus,v2_bookings.data.authorizationStatus,jsonb,NO,None,v2_bookings_data_check: CHECK ((jsonb_typeof(data) = 'object'::text)),,GENERATED_BY_PARENT_COMMAND,—,—,—,—,—,cargomesh/src/shared/schemas/v2/workflow.ts:157; schema workflow.ts:WorkflowRecordV2Schema; field data.authorizationStatus,data.authorizationStatus,ZodEnum,False,False,supabase-v2/supabase/migrations/20261004154048_hac40_workflow.sql:218,bookings,"[{""file"":""extended-roundtrips.json"",""row"":18,""id"":""b33ae935-5e52-4737-b03c-d3ec654bc080"",""state"":""VALUE"",""inputState"":""MISSING"",""inputEqualsRead"":null,""value"":""AUTHORIZED""}]",COMPLETO,Resolved storage and current typed output agree with a concrete POST/GET or measured read projection,HAC-40 / Cristhian,29c385fe0ee501eb4b8b989b0a247c8fdeda62ad,POST /api/v2/carriers/:carrierId/bookings/:id/confirmations; POST /api/v2/carriers/:carrierId/bookings/:id/cancellations; POST /api/v2/bookings; POST /api/v2/bookings/:id/cancellations,GET /api/v2/carriers/:carrierId/bookings; GET /api/v2/carriers/:carrierId/bookings/:id; GET /api/v2/bookings; GET /api/v2/bookings/:id; GET /api/v2/bookings/:parentId/reservations; GET /api/v2/bookings/:parentId/reservations/:id; GET /api/v2/bookings/:parentId/execution; GET /api/v2/bookings/:parentId/execution/:id,logs/class-matrix.json: Booking (catalog grants/policies/table ACL); logs/independent-rls-result.json; logs/auth-controls.json
235,Booking,carrierConfirmationStatus,CarrierConfirmationStatus,False,COMPLETO,v2_bookings.data.carrierConfirmationStatus,261,v2_bookings.data.carrierConfirmationStatus,v2_bookings.data.carrierConfirmationStatus,jsonb,NO,None,v2_bookings_data_check: CHECK ((jsonb_typeof(data) = 'object'::text)),,GENERATED_BY_PARENT_COMMAND,—,—,—,—,—,cargomesh/src/shared/schemas/v2/workflow.ts:157; schema workflow.ts:WorkflowRecordV2Schema; field data.carrierConfirmationStatus,data.carrierConfirmationStatus,ZodEnum,False,False,supabase-v2/supabase/migrations/20261004154048_hac40_workflow.sql:218,bookings,"[{""file"":""extended-roundtrips.json"",""row"":18,""id"":""b33ae935-5e52-4737-b03c-d3ec654bc080"",""state"":""VALUE"",""inputState"":""MISSING"",""inputEqualsRead"":null,""value"":""PENDING""}]",COMPLETO,Resolved storage and current typed output agree with a concrete POST/GET or measured read projection,HAC-40 / Cristhian,29c385fe0ee501eb4b8b989b0a247c8fdeda62ad,POST /api/v2/carriers/:carrierId/bookings/:id/confirmations; POST /api/v2/carriers/:carrierId/bookings/:id/cancellations; POST /api/v2/bookings; POST /api/v2/bookings/:id/cancellations,GET /api/v2/carriers/:carrierId/bookings; GET /api/v2/carriers/:carrierId/bookings/:id; GET /api/v2/bookings; GET /api/v2/bookings/:id; GET /api/v2/bookings/:parentId/reservations; GET /api/v2/bookings/:parentId/reservations/:id; GET /api/v2/bookings/:parentId/execution; GET /api/v2/bookings/:parentId/execution/:id,logs/class-matrix.json: Booking (catalog grants/policies/table ACL); logs/independent-rls-result.json; logs/auth-controls.json
236,Booking,capacityEvidence,EvidenceRef[],False,PARCIAL,v2_bookings.data.capacityEvidence,262,v2_bookings.data.capacityEvidence,v2_bookings.data.capacityEvidence,jsonb,NO,None,v2_bookings_data_check: CHECK ((jsonb_typeof(data) = 'object'::text)),,GENERATED_BY_PARENT_COMMAND,—,—,—,—,—,cargomesh/src/shared/schemas/v2/workflow.ts:157; schema workflow.ts:WorkflowRecordV2Schema; field data.capacityEvidence,data.capacityEvidence,ZodArray,False,False,supabase-v2/supabase/migrations/20261004154048_hac40_workflow.sql:218,bookings,[],PARCIAL,No concrete non-null field value or measured read projection in this cut,HAC-40 / Cristhian,29c385fe0ee501eb4b8b989b0a247c8fdeda62ad,POST /api/v2/carriers/:carrierId/bookings/:id/confirmations; POST /api/v2/carriers/:carrierId/bookings/:id/cancellations; POST /api/v2/bookings; POST /api/v2/bookings/:id/cancellations,GET /api/v2/carriers/:carrierId/bookings; GET /api/v2/carriers/:carrierId/bookings/:id; GET /api/v2/bookings; GET /api/v2/bookings/:id; GET /api/v2/bookings/:parentId/reservations; GET /api/v2/bookings/:parentId/reservations/:id; GET /api/v2/bookings/:parentId/execution; GET /api/v2/bookings/:parentId/execution/:id,logs/class-matrix.json: Booking (catalog grants/policies/table ACL); logs/independent-rls-result.json; logs/auth-controls.json
237,TransportExecution,id,UUID,False,COMPLETO,transport_executions.id,263,transport_executions.id,transport_executions.id,uuid,NO,gen_random_uuid(),"transport_executions_booking_id_fkey: FOREIGN KEY (booking_id) REFERENCES v2_bookings(id); transport_executions_carrier_id_fkey: FOREIGN KEY (carrier_id) REFERENCES carriers(id); transport_executions_carrier_service_id_carrier_id_fkey: FOREIGN KEY (carrier_service_id, carrier_id) REFERENCES carrier_services(id, carrier_id); transport_executions_consolidation_id_fkey: FOREIGN KEY (consolidation_id) REFERENCES capacity_consolidations(id); transport_executions_freight_request_id_fkey: FOREIGN KEY (freight_request_id) REFERENCES freight_requests(id); transport_executions_id_carrier_id_carrier_service_id_key: UNIQUE (id, carrier_id, carrier_service_id); transport_executions_organization_id_fkey: FOREIGN KEY (organization_id) REFERENCES organizations(id); transport_executions_pkey: PRIMARY KEY (id)","CREATE INDEX crew_execution_org_idx ON public.transport_executions USING btree (organization_id); CREATE INDEX crew_execution_request_idx ON public.transport_executions USING btree (freight_request_id); CREATE INDEX crew_execution_service_idx ON public.transport_executions USING btree (carrier_service_id); CREATE INDEX execution_booking_idx ON public.transport_executions USING btree (booking_id); CREATE UNIQUE INDEX execution_booking_service_unique ON public.transport_executions USING btree (booking_id, carrier_service_id); CREATE INDEX transport_executions_carrier_id_fkey_fk_idx ON public.transport_executions USING btree (carrier_id); CREATE INDEX transport_executions_carrier_service_id_carrier_fk_idx ON public.transport_executions USING btree (carrier_service_id, carrier_id); CREATE INDEX transport_executions_consolidation_id_fkey_fk_idx ON public.transport_executions USING btree (consolidation_id); CREATE UNIQUE INDEX transport_executions_id_carrier_id_carrier_service_id_key ON public.transport_executions USING btree (id, carrier_id, carrier_service_id); CREATE UNIQUE INDEX transport_executions_pkey ON public.transport_executions USING btree (id)",GENERATED_BY_PARENT_COMMAND,—,—,—,—,—,cargomesh/src/shared/schemas/v2/workflow.ts:157; schema workflow.ts:WorkflowRecordV2Schema; field id,id,ZodString,False,False,supabase-v2/supabase/migrations/20261004080506_hac40_crew_assignments.sql:10,executions,"[{""file"":""extended-roundtrips.json"",""row"":19,""id"":""9878bf7a-59f6-4ce9-a313-25a80a995250"",""state"":""VALUE"",""inputState"":""MISSING"",""inputEqualsRead"":null,""value"":""9878bf7a-59f6-4ce9-a313-25a80a995250""}]",COMPLETO,Resolved storage and current typed output agree with a concrete POST/GET or measured read projection,HAC-40 / Cristhian,29c385fe0ee501eb4b8b989b0a247c8fdeda62ad,POST /api/v2/carriers/:carrierId/executions/:parentId/incidents; POST /api/v2/carriers/:carrierId/executions/:id/starts; POST /api/v2/carriers/:carrierId/executions/:id/completions; POST /api/v2/carriers/:carrierId/executions/:id/cancellations; POST /api/v2/carriers/:carrierId/executions/:id/positions; POST /api/v2/executions,GET /api/v2/carriers/:carrierId/executions; GET /api/v2/carriers/:carrierId/executions/:id; GET /api/v2/carriers/:carrierId/executions/:parentId/incidents; GET /api/v2/carriers/:carrierId/executions/:parentId/incidents/:id; GET /api/v2/carriers/:carrierId/executions/:parentId/events; GET /api/v2/carriers/:carrierId/executions/:parentId/events/:id; GET /api/v2/executions; GET /api/v2/executions/:id; GET /api/v2/executions/:parentId/incidents; GET /api/v2/executions/:parentId/incidents/:id; GET /api/v2/executions/:parentId/events; GET /api/v2/executions/:parentId/events/:id; GET /api/v2/bookings/:parentId/execution; GET /api/v2/bookings/:parentId/execution/:id,logs/class-matrix.json: TransportExecution (catalog grants/policies/table ACL); logs/independent-rls-result.json; logs/auth-controls.json
238,TransportExecution,status,ExecutionStatus,False,COMPLETO,transport_executions.status,264,transport_executions.status,transport_executions.status,text,NO,None,"transport_executions_status_check: CHECK ((status = ANY (ARRAY['PLANNED'::text, 'IN_PROGRESS'::text, 'COMPLETED'::text, 'CANCELLED'::text])))",,GENERATED_BY_PARENT_COMMAND,—,—,—,—,—,cargomesh/src/shared/schemas/v2/workflow.ts:157; schema workflow.ts:WorkflowRecordV2Schema; field status,status,ZodString,False,False,supabase-v2/supabase/migrations/20261004080506_hac40_crew_assignments.sql:12,executions,"[{""file"":""extended-roundtrips.json"",""row"":19,""id"":""9878bf7a-59f6-4ce9-a313-25a80a995250"",""state"":""VALUE"",""inputState"":""MISSING"",""inputEqualsRead"":null,""value"":""PLANNED""}]",COMPLETO,Resolved storage and current typed output agree with a concrete POST/GET or measured read projection,HAC-40 / Cristhian,29c385fe0ee501eb4b8b989b0a247c8fdeda62ad,POST /api/v2/carriers/:carrierId/executions/:parentId/incidents; POST /api/v2/carriers/:carrierId/executions/:id/starts; POST /api/v2/carriers/:carrierId/executions/:id/completions; POST /api/v2/carriers/:carrierId/executions/:id/cancellations; POST /api/v2/carriers/:carrierId/executions/:id/positions; POST /api/v2/executions,GET /api/v2/carriers/:carrierId/executions; GET /api/v2/carriers/:carrierId/executions/:id; GET /api/v2/carriers/:carrierId/executions/:parentId/incidents; GET /api/v2/carriers/:carrierId/executions/:parentId/incidents/:id; GET /api/v2/carriers/:carrierId/executions/:parentId/events; GET /api/v2/carriers/:carrierId/executions/:parentId/events/:id; GET /api/v2/executions; GET /api/v2/executions/:id; GET /api/v2/executions/:parentId/incidents; GET /api/v2/executions/:parentId/incidents/:id; GET /api/v2/executions/:parentId/events; GET /api/v2/executions/:parentId/events/:id; GET /api/v2/bookings/:parentId/execution; GET /api/v2/bookings/:parentId/execution/:id,logs/class-matrix.json: TransportExecution (catalog grants/policies/table ACL); logs/independent-rls-result.json; logs/auth-controls.json
239,TransportExecution,plannedWindow,TimeWindow,False,COMPLETO,transport_executions.planned_starts_at; transport_executions.planned_ends_at,265,transport_executions.planned_starts_at; transport_executions.planned_ends_at,transport_executions.planned_starts_at; transport_executions.planned_ends_at,timestamp with time zone; timestamp with time zone,NO; NO,None; None,transport_executions_check: CHECK ((planned_ends_at > planned_starts_at)),,GENERATED_BY_PARENT_COMMAND,—,—,—,—,—,cargomesh/src/shared/schemas/v2/workflow.ts:157; schema workflow.ts:WorkflowRecordV2Schema; field data.plannedWindow,data.plannedWindow,ZodObject,False,False,supabase-v2/supabase/migrations/20261004080506_hac40_crew_assignments.sql:13; supabase-v2/supabase/migrations/20261004080506_hac40_crew_assignments.sql:9 (generic DDL/dispatch; see catalog),executions,"[{""file"":""extended-roundtrips.json"",""row"":19,""id"":""9878bf7a-59f6-4ce9-a313-25a80a995250"",""state"":""VALUE"",""inputState"":""MISSING"",""inputEqualsRead"":null,""value"":{""startsAt"":""2026-10-09T16:51:05.286166+00:00"",""endsAt"":""2026-10-10T01:51:05.286166+00:00""}}]",COMPLETO,Resolved storage and current typed output agree with a concrete POST/GET or measured read projection,HAC-40 / Cristhian,29c385fe0ee501eb4b8b989b0a247c8fdeda62ad,POST /api/v2/carriers/:carrierId/executions/:parentId/incidents; POST /api/v2/carriers/:carrierId/executions/:id/starts; POST /api/v2/carriers/:carrierId/executions/:id/completions; POST /api/v2/carriers/:carrierId/executions/:id/cancellations; POST /api/v2/carriers/:carrierId/executions/:id/positions; POST /api/v2/executions,GET /api/v2/carriers/:carrierId/executions; GET /api/v2/carriers/:carrierId/executions/:id; GET /api/v2/carriers/:carrierId/executions/:parentId/incidents; GET /api/v2/carriers/:carrierId/executions/:parentId/incidents/:id; GET /api/v2/carriers/:carrierId/executions/:parentId/events; GET /api/v2/carriers/:carrierId/executions/:parentId/events/:id; GET /api/v2/executions; GET /api/v2/executions/:id; GET /api/v2/executions/:parentId/incidents; GET /api/v2/executions/:parentId/incidents/:id; GET /api/v2/executions/:parentId/events; GET /api/v2/executions/:parentId/events/:id; GET /api/v2/bookings/:parentId/execution; GET /api/v2/bookings/:parentId/execution/:id,logs/class-matrix.json: TransportExecution (catalog grants/policies/table ACL); logs/independent-rls-result.json; logs/auth-controls.json
240,TransportExecution,actualStartedAt,Instant,True,PARCIAL,transport_executions.actual_started_at,266,transport_executions.actual_started_at,transport_executions.actual_started_at,timestamp with time zone,YES,None,transport_executions_check1: CHECK (((actual_completed_at IS NULL) OR ((actual_started_at IS NOT NULL) AND (actual_completed_at >= actual_started_at)))),,GENERATED_BY_PARENT_COMMAND,—,—,—,—,—,cargomesh/src/shared/schemas/v2/workflow.ts:157; schema workflow.ts:WorkflowRecordV2Schema; field data.actualStartedAt,data.actualStartedAt,ZodString,False,True,supabase-v2/supabase/migrations/20261004080506_hac40_crew_assignments.sql:14,executions,"[{""file"":""extended-roundtrips.json"",""row"":19,""id"":""9878bf7a-59f6-4ce9-a313-25a80a995250"",""state"":""NULL"",""inputState"":""MISSING"",""inputEqualsRead"":null,""value"":null}]",PARCIAL,No concrete non-null field value or measured read projection in this cut,HAC-40 / Cristhian,29c385fe0ee501eb4b8b989b0a247c8fdeda62ad,POST /api/v2/carriers/:carrierId/executions/:parentId/incidents; POST /api/v2/carriers/:carrierId/executions/:id/starts; POST /api/v2/carriers/:carrierId/executions/:id/completions; POST /api/v2/carriers/:carrierId/executions/:id/cancellations; POST /api/v2/carriers/:carrierId/executions/:id/positions; POST /api/v2/executions,GET /api/v2/carriers/:carrierId/executions; GET /api/v2/carriers/:carrierId/executions/:id; GET /api/v2/carriers/:carrierId/executions/:parentId/incidents; GET /api/v2/carriers/:carrierId/executions/:parentId/incidents/:id; GET /api/v2/carriers/:carrierId/executions/:parentId/events; GET /api/v2/carriers/:carrierId/executions/:parentId/events/:id; GET /api/v2/executions; GET /api/v2/executions/:id; GET /api/v2/executions/:parentId/incidents; GET /api/v2/executions/:parentId/incidents/:id; GET /api/v2/executions/:parentId/events; GET /api/v2/executions/:parentId/events/:id; GET /api/v2/bookings/:parentId/execution; GET /api/v2/bookings/:parentId/execution/:id,logs/class-matrix.json: TransportExecution (catalog grants/policies/table ACL); logs/independent-rls-result.json; logs/auth-controls.json
241,TransportExecution,actualCompletedAt,Instant,True,PARCIAL,transport_executions.actual_completed_at,267,transport_executions.actual_completed_at,transport_executions.actual_completed_at,timestamp with time zone,YES,None,transport_executions_check1: CHECK (((actual_completed_at IS NULL) OR ((actual_started_at IS NOT NULL) AND (actual_completed_at >= actual_started_at)))),,GENERATED_BY_PARENT_COMMAND,—,—,—,—,—,cargomesh/src/shared/schemas/v2/workflow.ts:157; schema workflow.ts:WorkflowRecordV2Schema; field data.actualCompletedAt,data.actualCompletedAt,ZodString,False,True,supabase-v2/supabase/migrations/20261004080506_hac40_crew_assignments.sql:9 (generic DDL/dispatch; see catalog),executions,"[{""file"":""extended-roundtrips.json"",""row"":19,""id"":""9878bf7a-59f6-4ce9-a313-25a80a995250"",""state"":""NULL"",""inputState"":""MISSING"",""inputEqualsRead"":null,""value"":null}]",PARCIAL,No concrete non-null field value or measured read projection in this cut,HAC-40 / Cristhian,29c385fe0ee501eb4b8b989b0a247c8fdeda62ad,POST /api/v2/carriers/:carrierId/executions/:parentId/incidents; POST /api/v2/carriers/:carrierId/executions/:id/starts; POST /api/v2/carriers/:carrierId/executions/:id/completions; POST /api/v2/carriers/:carrierId/executions/:id/cancellations; POST /api/v2/carriers/:carrierId/executions/:id/positions; POST /api/v2/executions,GET /api/v2/carriers/:carrierId/executions; GET /api/v2/carriers/:carrierId/executions/:id; GET /api/v2/carriers/:carrierId/executions/:parentId/incidents; GET /api/v2/carriers/:carrierId/executions/:parentId/incidents/:id; GET /api/v2/carriers/:carrierId/executions/:parentId/events; GET /api/v2/carriers/:carrierId/executions/:parentId/events/:id; GET /api/v2/executions; GET /api/v2/executions/:id; GET /api/v2/executions/:parentId/incidents; GET /api/v2/executions/:parentId/incidents/:id; GET /api/v2/executions/:parentId/events; GET /api/v2/executions/:parentId/events/:id; GET /api/v2/bookings/:parentId/execution; GET /api/v2/bookings/:parentId/execution/:id,logs/class-matrix.json: TransportExecution (catalog grants/policies/table ACL); logs/independent-rls-result.json; logs/auth-controls.json
242,TransportExecution,lastKnownPosition,GeoLocation,True,PARCIAL,transport_executions.last_known_position,268,transport_executions.last_known_position,transport_executions.last_known_position,jsonb,YES,None,,,GENERATED_BY_PARENT_COMMAND,—,—,—,—,—,cargomesh/src/shared/schemas/v2/workflow.ts:157; schema workflow.ts:WorkflowRecordV2Schema; field data.lastKnownPosition,data.lastKnownPosition,ZodObject,False,True,supabase-v2/supabase/migrations/20261004080506_hac40_crew_assignments.sql:14,executions,"[{""file"":""extended-roundtrips.json"",""row"":19,""id"":""9878bf7a-59f6-4ce9-a313-25a80a995250"",""state"":""NULL"",""inputState"":""MISSING"",""inputEqualsRead"":null,""value"":null}]",PARCIAL,No concrete non-null field value or measured read projection in this cut,HAC-40 / Cristhian,29c385fe0ee501eb4b8b989b0a247c8fdeda62ad,POST /api/v2/carriers/:carrierId/executions/:parentId/incidents; POST /api/v2/carriers/:carrierId/executions/:id/starts; POST /api/v2/carriers/:carrierId/executions/:id/completions; POST /api/v2/carriers/:carrierId/executions/:id/cancellations; POST /api/v2/carriers/:carrierId/executions/:id/positions; POST /api/v2/executions,GET /api/v2/carriers/:carrierId/executions; GET /api/v2/carriers/:carrierId/executions/:id; GET /api/v2/carriers/:carrierId/executions/:parentId/incidents; GET /api/v2/carriers/:carrierId/executions/:parentId/incidents/:id; GET /api/v2/carriers/:carrierId/executions/:parentId/events; GET /api/v2/carriers/:carrierId/executions/:parentId/events/:id; GET /api/v2/executions; GET /api/v2/executions/:id; GET /api/v2/executions/:parentId/incidents; GET /api/v2/executions/:parentId/incidents/:id; GET /api/v2/executions/:parentId/events; GET /api/v2/executions/:parentId/events/:id; GET /api/v2/bookings/:parentId/execution; GET /api/v2/bookings/:parentId/execution/:id,logs/class-matrix.json: TransportExecution (catalog grants/policies/table ACL); logs/independent-rls-result.json; logs/auth-controls.json
243,OperationalIncident,id,UUID,False,COMPLETO,operational_incidents.id,269,operational_incidents.id,operational_incidents.id,uuid,NO,gen_random_uuid(),"incident_execution_fk: FOREIGN KEY (parent_id) REFERENCES transport_executions(id); operational_incidents_carrier_id_fkey: FOREIGN KEY (carrier_id) REFERENCES carriers(id); operational_incidents_freight_request_id_fkey: FOREIGN KEY (freight_request_id) REFERENCES freight_requests(id); operational_incidents_id_carrier_id_key: UNIQUE (id, carrier_id); operational_incidents_id_organization_id_key: UNIQUE (id, organization_id); operational_incidents_organization_id_fkey: FOREIGN KEY (organization_id) REFERENCES organizations(id); operational_incidents_pkey: PRIMARY KEY (id)","CREATE INDEX operational_incidents_carrier_idx ON public.operational_incidents USING btree (carrier_id, created_at, id) WHERE (carrier_id IS NOT NULL); CREATE UNIQUE INDEX operational_incidents_id_carrier_id_key ON public.operational_incidents USING btree (id, carrier_id); CREATE UNIQUE INDEX operational_incidents_id_organization_id_key ON public.operational_incidents USING btree (id, organization_id); CREATE INDEX operational_incidents_parent_idx ON public.operational_incidents USING btree (parent_id) WHERE (parent_id IS NOT NULL); CREATE UNIQUE INDEX operational_incidents_pkey ON public.operational_incidents USING btree (id); CREATE INDEX operational_incidents_request_idx ON public.operational_incidents USING btree (freight_request_id) WHERE (freight_request_id IS NOT NULL); CREATE INDEX operational_incidents_tenant_idx ON public.operational_incidents USING btree (organization_id, created_at, id)",GENERATED_BY_PARENT_COMMAND,—,—,—,—,—,cargomesh/src/shared/schemas/v2/workflow.ts:157; schema workflow.ts:WorkflowRecordV2Schema; field id,id,ZodString,False,False,supabase-v2/supabase/migrations/20261004154048_hac40_workflow.sql:228,incidents,"[{""file"":""extended-roundtrips.json"",""row"":24,""id"":""751fc1fa-e495-4240-b3c6-57dc86d094d2"",""state"":""VALUE"",""inputState"":""MISSING"",""inputEqualsRead"":null,""value"":""751fc1fa-e495-4240-b3c6-57dc86d094d2""}]",COMPLETO,Resolved storage and current typed output agree with a concrete POST/GET or measured read projection,HAC-40 / Cristhian,29c385fe0ee501eb4b8b989b0a247c8fdeda62ad,POST /api/v2/carriers/:carrierId/executions/:parentId/incidents,GET /api/v2/carriers/:carrierId/executions/:parentId/incidents; GET /api/v2/carriers/:carrierId/executions/:parentId/incidents/:id; GET /api/v2/executions/:parentId/incidents; GET /api/v2/executions/:parentId/incidents/:id,logs/class-matrix.json: OperationalIncident (catalog grants/policies/table ACL); logs/independent-rls-result.json; logs/auth-controls.json
244,OperationalIncident,kind,IncidentKind,False,COMPLETO,operational_incidents.kind,270,operational_incidents.kind,operational_incidents.kind,text,NO,'incidents'::text,operational_incidents_kind_check: CHECK ((kind = 'incidents'::text)),,cargomesh/src/shared/schemas/v2/workflow.ts:99; schema workflow.ts:WorkflowInputsV2:incidents.create; field kind,kind,ZodString,False,False,"{""type"":""ZodString"",""optional"":false,""nullable"":false,""checks"":[{""kind"":""trim""},{""kind"":""min"",""value"":1},{""kind"":""max"",""value"":2000}]}",cargomesh/src/shared/schemas/v2/workflow.ts:157; schema workflow.ts:WorkflowRecordV2Schema; field data.kind,data.kind,ZodString,False,False,supabase-v2/supabase/migrations/20261004154048_hac40_workflow.sql:230,incidents,"[{""file"":""extended-roundtrips.json"",""row"":24,""id"":""751fc1fa-e495-4240-b3c6-57dc86d094d2"",""state"":""VALUE"",""inputState"":""VALUE"",""inputEqualsRead"":true,""value"":""QA_DELAY""}]",COMPLETO,Resolved storage and current typed output agree with a concrete POST/GET or measured read projection,HAC-40 / Cristhian,29c385fe0ee501eb4b8b989b0a247c8fdeda62ad,POST /api/v2/carriers/:carrierId/executions/:parentId/incidents,GET /api/v2/carriers/:carrierId/executions/:parentId/incidents; GET /api/v2/carriers/:carrierId/executions/:parentId/incidents/:id; GET /api/v2/executions/:parentId/incidents; GET /api/v2/executions/:parentId/incidents/:id,logs/class-matrix.json: OperationalIncident (catalog grants/policies/table ACL); logs/independent-rls-result.json; logs/auth-controls.json
245,OperationalIncident,severity,Severity,False,COMPLETO,operational_incidents.data.severity,271,operational_incidents.data.severity,operational_incidents.data.severity,jsonb,NO,None,operational_incidents_data_check: CHECK ((jsonb_typeof(data) = 'object'::text)),,cargomesh/src/shared/schemas/v2/workflow.ts:99; schema workflow.ts:WorkflowInputsV2:incidents.create; field severity,severity,ZodEnum,False,False,"{""type"":""ZodEnum"",""optional"":false,""nullable"":false,""values"":[""INFO"",""WARNING"",""CRITICAL""]}",cargomesh/src/shared/schemas/v2/workflow.ts:157; schema workflow.ts:WorkflowRecordV2Schema; field data.severity,data.severity,ZodEnum,False,False,supabase-v2/supabase/migrations/20261004154048_hac40_workflow.sql:231,incidents,"[{""file"":""extended-roundtrips.json"",""row"":24,""id"":""751fc1fa-e495-4240-b3c6-57dc86d094d2"",""state"":""VALUE"",""inputState"":""VALUE"",""inputEqualsRead"":true,""value"":""WARNING""}]",COMPLETO,Resolved storage and current typed output agree with a concrete POST/GET or measured read projection,HAC-40 / Cristhian,29c385fe0ee501eb4b8b989b0a247c8fdeda62ad,POST /api/v2/carriers/:carrierId/executions/:parentId/incidents,GET /api/v2/carriers/:carrierId/executions/:parentId/incidents; GET /api/v2/carriers/:carrierId/executions/:parentId/incidents/:id; GET /api/v2/executions/:parentId/incidents; GET /api/v2/executions/:parentId/incidents/:id,logs/class-matrix.json: OperationalIncident (catalog grants/policies/table ACL); logs/independent-rls-result.json; logs/auth-controls.json
246,OperationalIncident,occurredAt,Instant,False,COMPLETO,operational_incidents.data.occurredAt,272,operational_incidents.data.occurredAt,operational_incidents.data.occurredAt,jsonb,NO,None,operational_incidents_data_check: CHECK ((jsonb_typeof(data) = 'object'::text)),,cargomesh/src/shared/schemas/v2/workflow.ts:99; schema workflow.ts:WorkflowInputsV2:incidents.create; field occurredAt,occurredAt,ZodString,False,False,"{""type"":""ZodString"",""optional"":false,""nullable"":false,""checks"":[{""kind"":""datetime"",""precision"":null,""offset"":true,""local"":false}]}",cargomesh/src/shared/schemas/v2/workflow.ts:157; schema workflow.ts:WorkflowRecordV2Schema; field data.occurredAt,data.occurredAt,ZodString,False,False,supabase-v2/supabase/migrations/20261004154048_hac40_workflow.sql:231,incidents,"[{""file"":""extended-roundtrips.json"",""row"":24,""id"":""751fc1fa-e495-4240-b3c6-57dc86d094d2"",""state"":""VALUE"",""inputState"":""VALUE"",""inputEqualsRead"":true,""value"":""2026-10-09T17:52:19.946Z""}]",COMPLETO,Resolved storage and current typed output agree with a concrete POST/GET or measured read projection,HAC-40 / Cristhian,29c385fe0ee501eb4b8b989b0a247c8fdeda62ad,POST /api/v2/carriers/:carrierId/executions/:parentId/incidents,GET /api/v2/carriers/:carrierId/executions/:parentId/incidents; GET /api/v2/carriers/:carrierId/executions/:parentId/incidents/:id; GET /api/v2/executions/:parentId/incidents; GET /api/v2/executions/:parentId/incidents/:id,logs/class-matrix.json: OperationalIncident (catalog grants/policies/table ACL); logs/independent-rls-result.json; logs/auth-controls.json
247,OperationalIncident,location,GeoLocation,True,COMPLETO,operational_incidents.data.location,273,operational_incidents.data.location,operational_incidents.data.location,jsonb,NO,None,operational_incidents_data_check: CHECK ((jsonb_typeof(data) = 'object'::text)),,cargomesh/src/shared/schemas/v2/workflow.ts:99; schema workflow.ts:WorkflowInputsV2:incidents.create; field location,location,ZodObject,False,True,"{""type"":""ZodObject"",""optional"":false,""nullable"":true,""fields"":{""label"":{""type"":""ZodString"",""optional"":false,""nullable"":false,""checks"":[{""kind"":""min"",""value"":1}]},""countryCode"":{""type"":""ZodString"",""optional"":false,""nullable"":false,""checks"":[{""kind"":""regex"",""regex"":{""source"":""^[A-Z]{2}$"",""flags"":""""}}]},""region"":{""type"":""ZodString"",""optional"":false,""nullable"":true,""checks"":[]},""city"":{""type"":""ZodString"",""optional"":false,""nullable"":false,""checks"":[{""kind"":""min"",""value"":1}]},""lat"":{""type"":""ZodNumber"",""optional"":false,""nullable"":true,""checks"":[{""kind"":""min"",""value"":-90,""inclusive"":true},{""kind"":""max"",""value"":90,""inclusive"":true}]},""lng"":{""type"":""ZodNumber"",""optional"":false,""nullable"":true,""checks"":[{""kind"":""min"",""value"":-180,""inclusive"":true},{""kind"":""max"",""value"":180,""inclusive"":true}]}},""unknownKeys"":""strict""}",cargomesh/src/shared/schemas/v2/workflow.ts:157; schema workflow.ts:WorkflowRecordV2Schema; field data.location,data.location,ZodObject,False,True,supabase-v2/supabase/migrations/20261004154048_hac40_workflow.sql:231,incidents,"[{""file"":""extended-roundtrips.json"",""row"":24,""id"":""751fc1fa-e495-4240-b3c6-57dc86d094d2"",""state"":""VALUE"",""inputState"":""VALUE"",""inputEqualsRead"":true,""value"":{""label"":""[SYNTHETIC] A pickup on covered lane"",""countryCode"":""PE"",""region"":null,""city"":""Lima"",""lat"":null,""lng"":null}}]",COMPLETO,Resolved storage and current typed output agree with a concrete POST/GET or measured read projection,HAC-40 / Cristhian,29c385fe0ee501eb4b8b989b0a247c8fdeda62ad,POST /api/v2/carriers/:carrierId/executions/:parentId/incidents,GET /api/v2/carriers/:carrierId/executions/:parentId/incidents; GET /api/v2/carriers/:carrierId/executions/:parentId/incidents/:id; GET /api/v2/executions/:parentId/incidents; GET /api/v2/executions/:parentId/incidents/:id,logs/class-matrix.json: OperationalIncident (catalog grants/policies/table ACL); logs/independent-rls-result.json; logs/auth-controls.json
248,OperationalIncident,description,string,False,COMPLETO,operational_incidents.data.description,274,operational_incidents.data.description,operational_incidents.data.description,jsonb,NO,None,operational_incidents_data_check: CHECK ((jsonb_typeof(data) = 'object'::text)),,cargomesh/src/shared/schemas/v2/workflow.ts:99; schema workflow.ts:WorkflowInputsV2:incidents.create; field description,description,ZodString,False,False,"{""type"":""ZodString"",""optional"":false,""nullable"":false,""checks"":[{""kind"":""trim""},{""kind"":""min"",""value"":1},{""kind"":""max"",""value"":2000}]}",cargomesh/src/shared/schemas/v2/workflow.ts:157; schema workflow.ts:WorkflowRecordV2Schema; field data.description,data.description,ZodString,False,False,supabase-v2/supabase/migrations/20261004154048_hac40_workflow.sql:231,incidents,"[{""file"":""extended-roundtrips.json"",""row"":24,""id"":""751fc1fa-e495-4240-b3c6-57dc86d094d2"",""state"":""VALUE"",""inputState"":""VALUE"",""inputEqualsRead"":true,""value"":""Synthetic HAC44 incident""}]",COMPLETO,Resolved storage and current typed output agree with a concrete POST/GET or measured read projection,HAC-40 / Cristhian,29c385fe0ee501eb4b8b989b0a247c8fdeda62ad,POST /api/v2/carriers/:carrierId/executions/:parentId/incidents,GET /api/v2/carriers/:carrierId/executions/:parentId/incidents; GET /api/v2/carriers/:carrierId/executions/:parentId/incidents/:id; GET /api/v2/executions/:parentId/incidents; GET /api/v2/executions/:parentId/incidents/:id,logs/class-matrix.json: OperationalIncident (catalog grants/policies/table ACL); logs/independent-rls-result.json; logs/auth-controls.json
249,OperationalIncident,status,IncidentStatus,False,COMPLETO,operational_incidents.status,275,operational_incidents.status,operational_incidents.status,text,NO,None,,,GENERATED_BY_PARENT_COMMAND,—,—,—,—,—,cargomesh/src/shared/schemas/v2/workflow.ts:157; schema workflow.ts:WorkflowRecordV2Schema; field status,status,ZodString,False,False,supabase-v2/supabase/migrations/20261004154048_hac40_workflow.sql:230,incidents,"[{""file"":""extended-roundtrips.json"",""row"":24,""id"":""751fc1fa-e495-4240-b3c6-57dc86d094d2"",""state"":""VALUE"",""inputState"":""MISSING"",""inputEqualsRead"":null,""value"":""OPEN""}]",COMPLETO,Resolved storage and current typed output agree with a concrete POST/GET or measured read projection,HAC-40 / Cristhian,29c385fe0ee501eb4b8b989b0a247c8fdeda62ad,POST /api/v2/carriers/:carrierId/executions/:parentId/incidents,GET /api/v2/carriers/:carrierId/executions/:parentId/incidents; GET /api/v2/carriers/:carrierId/executions/:parentId/incidents/:id; GET /api/v2/executions/:parentId/incidents; GET /api/v2/executions/:parentId/incidents/:id,logs/class-matrix.json: OperationalIncident (catalog grants/policies/table ACL); logs/independent-rls-result.json; logs/auth-controls.json
250,OperationalIncident,reportedBy,ActorRef,False,COMPLETO,operational_incidents.data.reportedBy,276,operational_incidents.data.reportedBy,operational_incidents.data.reportedBy,jsonb,NO,None,operational_incidents_data_check: CHECK ((jsonb_typeof(data) = 'object'::text)),,GENERATED_BY_PARENT_COMMAND,—,—,—,—,—,cargomesh/src/shared/schemas/v2/workflow.ts:157; schema workflow.ts:WorkflowRecordV2Schema; field data.reportedBy,data.reportedBy,ZodString,False,False,supabase-v2/supabase/migrations/20261004154048_hac40_workflow.sql:231,incidents,"[{""file"":""extended-roundtrips.json"",""row"":24,""id"":""751fc1fa-e495-4240-b3c6-57dc86d094d2"",""state"":""VALUE"",""inputState"":""MISSING"",""inputEqualsRead"":null,""value"":""d44b0000-0000-4000-8000-000000000001""}]",COMPLETO,Resolved storage and current typed output agree with a concrete POST/GET or measured read projection,HAC-40 / Cristhian,29c385fe0ee501eb4b8b989b0a247c8fdeda62ad,POST /api/v2/carriers/:carrierId/executions/:parentId/incidents,GET /api/v2/carriers/:carrierId/executions/:parentId/incidents; GET /api/v2/carriers/:carrierId/executions/:parentId/incidents/:id; GET /api/v2/executions/:parentId/incidents; GET /api/v2/executions/:parentId/incidents/:id,logs/class-matrix.json: OperationalIncident (catalog grants/policies/table ACL); logs/independent-rls-result.json; logs/auth-controls.json
251,OperationalIncident,evidence,EvidenceRef[],False,COMPLETO,operational_incidents.data.evidence,277,operational_incidents.data.evidence,operational_incidents.data.evidence,jsonb,NO,None,operational_incidents_data_check: CHECK ((jsonb_typeof(data) = 'object'::text)),,cargomesh/src/shared/schemas/v2/workflow.ts:99; schema workflow.ts:WorkflowInputsV2:incidents.create; field evidence,evidence,ZodArray,False,False,"{""type"":""ZodArray"",""optional"":false,""nullable"":false,""element"":{""type"":""ZodObject"",""optional"":false,""nullable"":false,""fields"":{""reference"":{""type"":""ZodString"",""optional"":false,""nullable"":false,""checks"":[{""kind"":""trim""},{""kind"":""min"",""value"":1},{""kind"":""max"",""value"":500}]},""provider"":{""type"":""ZodString"",""optional"":false,""nullable"":false,""checks"":[{""kind"":""trim""},{""kind"":""min"",""value"":1},{""kind"":""max"",""value"":150}]},""observedAt"":{""type"":""ZodString"",""optional"":false,""nullable"":false,""checks"":[{""kind"":""datetime"",""precision"":null,""offset"":true,""local"":false}]},""validUntil"":{""type"":""ZodString"",""optional"":false,""nullable"":true,""checks"":[{""kind"":""datetime"",""precision"":null,""offset"":true,""local"":false}]},""provenanceStatus"":{""type"":""ZodEnum"",""optional"":false,""nullable"":false,""values"":[""VERIFIED"",""ESTIMATED"",""SIMULATED"",""UNKNOWN""]}},""unknownKeys"":""strict""},""minLength"":{""value"":1},""maxLength"":{""value"":100}}",cargomesh/src/shared/schemas/v2/workflow.ts:157; schema workflow.ts:WorkflowRecordV2Schema; field data.evidence,data.evidence,ZodArray,False,False,supabase-v2/supabase/migrations/20261004154048_hac40_workflow.sql:231,incidents,"[{""file"":""extended-roundtrips.json"",""row"":24,""id"":""751fc1fa-e495-4240-b3c6-57dc86d094d2"",""state"":""VALUE"",""inputState"":""VALUE"",""inputEqualsRead"":true,""value"":[{""reference"":""fixture:workflow"",""provider"":""Synthetic QA"",""observedAt"":""2020-01-01T00:00:00Z"",""validUntil"":""2030-01-01T00:00:00Z"",""provenanceStatus"":""SIMULATED""}]}]",COMPLETO,Resolved storage and current typed output agree with a concrete POST/GET or measured read projection,HAC-40 / Cristhian,29c385fe0ee501eb4b8b989b0a247c8fdeda62ad,POST /api/v2/carriers/:carrierId/executions/:parentId/incidents,GET /api/v2/carriers/:carrierId/executions/:parentId/incidents; GET /api/v2/carriers/:carrierId/executions/:parentId/incidents/:id; GET /api/v2/executions/:parentId/incidents; GET /api/v2/executions/:parentId/incidents/:id,logs/class-matrix.json: OperationalIncident (catalog grants/policies/table ACL); logs/independent-rls-result.json; logs/auth-controls.json
252,IncidentUpdate,at,Instant,False,PARCIAL,incident_updates.data.at,278,incident_updates.data.at,incident_updates.data.at,jsonb,NO,None,incident_updates_data_check: CHECK ((jsonb_typeof(data) = 'object'::text)),,GENERATED_BY_PARENT_COMMAND,—,—,—,—,—,cargomesh/src/shared/schemas/v2/workflow.ts:157; schema workflow.ts:WorkflowRecordV2Schema; field data.at,data.at,ZodString,False,False,supabase-v2/supabase/migrations/20261004154048_hac40_workflow.sql:244,incident-updates,[],PARCIAL,No concrete non-null field value or measured read projection in this cut,HAC-40 / Cristhian,29c385fe0ee501eb4b8b989b0a247c8fdeda62ad,NO_MATCHING_HONO_ROUTE,GET /api/v2/carriers/:carrierId/incidents/:parentId/updates; GET /api/v2/carriers/:carrierId/incidents/:parentId/updates/:id; GET /api/v2/incidents/:parentId/updates; GET /api/v2/incidents/:parentId/updates/:id,logs/class-matrix.json: IncidentUpdate (catalog grants/policies/table ACL); logs/independent-rls-result.json; logs/auth-controls.json
253,IncidentUpdate,actor,ActorRef,False,PARCIAL,incident_updates.data.actorId,279,incident_updates.data.actorId,incident_updates.data.actorId,jsonb,NO,None,incident_updates_data_check: CHECK ((jsonb_typeof(data) = 'object'::text)),,GENERATED_BY_PARENT_COMMAND,—,—,—,—,—,cargomesh/src/shared/schemas/v2/workflow.ts:157; schema workflow.ts:WorkflowRecordV2Schema; field data.actorId,data.actorId,ZodString,False,False,supabase-v2/supabase/migrations/20261004154048_hac40_workflow.sql:244,incident-updates,[],PARCIAL,No concrete non-null field value or measured read projection in this cut,HAC-40 / Cristhian,29c385fe0ee501eb4b8b989b0a247c8fdeda62ad,NO_MATCHING_HONO_ROUTE,GET /api/v2/carriers/:carrierId/incidents/:parentId/updates; GET /api/v2/carriers/:carrierId/incidents/:parentId/updates/:id; GET /api/v2/incidents/:parentId/updates; GET /api/v2/incidents/:parentId/updates/:id,logs/class-matrix.json: IncidentUpdate (catalog grants/policies/table ACL); logs/independent-rls-result.json; logs/auth-controls.json
254,IncidentUpdate,action,IncidentAction,False,PARCIAL,incident_updates.data.action,280,incident_updates.data.action,incident_updates.data.action,jsonb,NO,None,incident_updates_data_check: CHECK ((jsonb_typeof(data) = 'object'::text)),,cargomesh/src/shared/schemas/v2/workflow.ts:99; schema workflow.ts:WorkflowInputsV2:incidents.update; field action,action,ZodEnum,False,False,"{""type"":""ZodEnum"",""optional"":false,""nullable"":false,""values"":[""NOTE"",""RESOLVE"",""REOPEN""]}",cargomesh/src/shared/schemas/v2/workflow.ts:157; schema workflow.ts:WorkflowRecordV2Schema; field data.action,data.action,ZodEnum,False,False,supabase-v2/supabase/migrations/20261004154048_hac40_workflow.sql:244,incident-updates,[],PARCIAL,No concrete non-null field value or measured read projection in this cut,HAC-40 / Cristhian,29c385fe0ee501eb4b8b989b0a247c8fdeda62ad,NO_MATCHING_HONO_ROUTE,GET /api/v2/carriers/:carrierId/incidents/:parentId/updates; GET /api/v2/carriers/:carrierId/incidents/:parentId/updates/:id; GET /api/v2/incidents/:parentId/updates; GET /api/v2/incidents/:parentId/updates/:id,logs/class-matrix.json: IncidentUpdate (catalog grants/policies/table ACL); logs/independent-rls-result.json; logs/auth-controls.json
255,IncidentUpdate,note,string,False,PARCIAL,incident_updates.data.note,281,incident_updates.data.note,incident_updates.data.note,jsonb,NO,None,incident_updates_data_check: CHECK ((jsonb_typeof(data) = 'object'::text)),,cargomesh/src/shared/schemas/v2/workflow.ts:99; schema workflow.ts:WorkflowInputsV2:incidents.update; field note,note,ZodString,False,False,"{""type"":""ZodString"",""optional"":false,""nullable"":false,""checks"":[{""kind"":""trim""},{""kind"":""min"",""value"":1},{""kind"":""max"",""value"":2000}]}",cargomesh/src/shared/schemas/v2/workflow.ts:157; schema workflow.ts:WorkflowRecordV2Schema; field data.note,data.note,ZodString,False,False,supabase-v2/supabase/migrations/20261004154048_hac40_workflow.sql:244,incident-updates,[],PARCIAL,No concrete non-null field value or measured read projection in this cut,HAC-40 / Cristhian,29c385fe0ee501eb4b8b989b0a247c8fdeda62ad,NO_MATCHING_HONO_ROUTE,GET /api/v2/carriers/:carrierId/incidents/:parentId/updates; GET /api/v2/carriers/:carrierId/incidents/:parentId/updates/:id; GET /api/v2/incidents/:parentId/updates; GET /api/v2/incidents/:parentId/updates/:id,logs/class-matrix.json: IncidentUpdate (catalog grants/policies/table ACL); logs/independent-rls-result.json; logs/auth-controls.json
256,IncidentUpdate,evidence,EvidenceRef,True,PARCIAL,incident_updates.data.evidence,282,incident_updates.data.evidence,incident_updates.data.evidence,jsonb,NO,None,incident_updates_data_check: CHECK ((jsonb_typeof(data) = 'object'::text)),,cargomesh/src/shared/schemas/v2/workflow.ts:99; schema workflow.ts:WorkflowInputsV2:incidents.update; field evidence,evidence,ZodObject,False,False,"{""type"":""ZodObject"",""optional"":false,""nullable"":false,""fields"":{""reference"":{""type"":""ZodString"",""optional"":false,""nullable"":false,""checks"":[{""kind"":""trim""},{""kind"":""min"",""value"":1},{""kind"":""max"",""value"":500}]},""provider"":{""type"":""ZodString"",""optional"":false,""nullable"":false,""checks"":[{""kind"":""trim""},{""kind"":""min"",""value"":1},{""kind"":""max"",""value"":150}]},""observedAt"":{""type"":""ZodString"",""optional"":false,""nullable"":false,""checks"":[{""kind"":""datetime"",""precision"":null,""offset"":true,""local"":false}]},""validUntil"":{""type"":""ZodString"",""optional"":false,""nullable"":true,""checks"":[{""kind"":""datetime"",""precision"":null,""offset"":true,""local"":false}]},""provenanceStatus"":{""type"":""ZodEnum"",""optional"":false,""nullable"":false,""values"":[""VERIFIED"",""ESTIMATED"",""SIMULATED"",""UNKNOWN""]}},""unknownKeys"":""strict""}",cargomesh/src/shared/schemas/v2/workflow.ts:157; schema workflow.ts:WorkflowRecordV2Schema; field data.evidence,data.evidence,ZodObject,False,False,supabase-v2/supabase/migrations/20261004154048_hac40_workflow.sql:244,incident-updates,[],PARCIAL,No concrete non-null field value or measured read projection in this cut,HAC-40 / Cristhian,29c385fe0ee501eb4b8b989b0a247c8fdeda62ad,NO_MATCHING_HONO_ROUTE,GET /api/v2/carriers/:carrierId/incidents/:parentId/updates; GET /api/v2/carriers/:carrierId/incidents/:parentId/updates/:id; GET /api/v2/incidents/:parentId/updates; GET /api/v2/incidents/:parentId/updates/:id,logs/class-matrix.json: IncidentUpdate (catalog grants/policies/table ACL); logs/independent-rls-result.json; logs/auth-controls.json
257,LogisticsNode,id,UUID,False,COMPLETO,logistics_nodes.id,283,logistics_nodes.id,logistics_nodes.id,uuid,NO,gen_random_uuid(),"logistics_nodes_carrier_id_fkey: FOREIGN KEY (carrier_id) REFERENCES carriers(id); logistics_nodes_freight_request_id_fkey: FOREIGN KEY (freight_request_id) REFERENCES freight_requests(id); logistics_nodes_id_carrier_id_key: UNIQUE (id, carrier_id); logistics_nodes_id_organization_id_key: UNIQUE (id, organization_id); logistics_nodes_organization_id_fkey: FOREIGN KEY (organization_id) REFERENCES organizations(id); logistics_nodes_pkey: PRIMARY KEY (id)","CREATE INDEX logistics_nodes_carrier_idx ON public.logistics_nodes USING btree (carrier_id, created_at, id) WHERE (carrier_id IS NOT NULL); CREATE UNIQUE INDEX logistics_nodes_id_carrier_id_key ON public.logistics_nodes USING btree (id, carrier_id); CREATE UNIQUE INDEX logistics_nodes_id_organization_id_key ON public.logistics_nodes USING btree (id, organization_id); CREATE INDEX logistics_nodes_parent_idx ON public.logistics_nodes USING btree (parent_id) WHERE (parent_id IS NOT NULL); CREATE UNIQUE INDEX logistics_nodes_pkey ON public.logistics_nodes USING btree (id); CREATE INDEX logistics_nodes_request_idx ON public.logistics_nodes USING btree (freight_request_id) WHERE (freight_request_id IS NOT NULL); CREATE INDEX logistics_nodes_tenant_idx ON public.logistics_nodes USING btree (organization_id, created_at, id)",GENERATED_BY_PARENT_COMMAND,—,—,—,—,—,cargomesh/src/shared/schemas/v2/workflow.ts:157; schema workflow.ts:WorkflowRecordV2Schema; field id,id,ZodString,False,False,supabase-v2/supabase/migrations/20261004154048_hac40_workflow.sql:46,nodes,"[{""file"":""roundtrips.json"",""row"":22,""id"":""b28e31d3-3842-4b21-bed7-dca4bc2e2e11"",""state"":""VALUE"",""inputState"":""MISSING"",""inputEqualsRead"":null,""value"":""b28e31d3-3842-4b21-bed7-dca4bc2e2e11""}]",COMPLETO,Resolved storage and current typed output agree with a concrete POST/GET or measured read projection,HAC-40 / Cristhian,29c385fe0ee501eb4b8b989b0a247c8fdeda62ad,POST /api/v2/routing/nodes; POST /api/v2/routing/nodes/:id/revisions,GET /api/v2/routing/nodes; GET /api/v2/routing/nodes/:id,logs/class-matrix.json: LogisticsNode (catalog grants/policies/table ACL); logs/independent-rls-result.json; logs/auth-controls.json
258,LogisticsNode,kind,PORT | TERMINAL | BORDER | HUB,False,COMPLETO,logistics_nodes.kind,284,logistics_nodes.kind,logistics_nodes.kind,text,NO,'nodes'::text,logistics_nodes_kind_check: CHECK ((kind = 'nodes'::text)),,cargomesh/src/shared/schemas/v2/workflow.ts:27; schema workflow.ts:WorkflowInputsV2:nodes.publish; field kind,kind,ZodEnum,False,False,"{""type"":""ZodEnum"",""optional"":false,""nullable"":false,""values"":[""PORT"",""TERMINAL"",""BORDER"",""HUB""]}",cargomesh/src/shared/schemas/v2/workflow.ts:157; schema workflow.ts:WorkflowRecordV2Schema; field data.kind,data.kind,ZodEnum,False,False,supabase-v2/supabase/migrations/20261004154048_hac40_workflow.sql:48,nodes,"[{""file"":""roundtrips.json"",""row"":22,""id"":""b28e31d3-3842-4b21-bed7-dca4bc2e2e11"",""state"":""VALUE"",""inputState"":""VALUE"",""inputEqualsRead"":true,""value"":""HUB""}]",COMPLETO,Resolved storage and current typed output agree with a concrete POST/GET or measured read projection,HAC-40 / Cristhian,29c385fe0ee501eb4b8b989b0a247c8fdeda62ad,POST /api/v2/routing/nodes; POST /api/v2/routing/nodes/:id/revisions,GET /api/v2/routing/nodes; GET /api/v2/routing/nodes/:id,logs/class-matrix.json: LogisticsNode (catalog grants/policies/table ACL); logs/independent-rls-result.json; logs/auth-controls.json
259,LogisticsNode,name,string,False,COMPLETO,logistics_nodes.data.name,285,logistics_nodes.data.name,logistics_nodes.data.name,jsonb,NO,None,logistics_nodes_data_check: CHECK ((jsonb_typeof(data) = 'object'::text)),,cargomesh/src/shared/schemas/v2/workflow.ts:27; schema workflow.ts:WorkflowInputsV2:nodes.publish; field name,name,ZodString,False,False,"{""type"":""ZodString"",""optional"":false,""nullable"":false,""checks"":[{""kind"":""trim""},{""kind"":""min"",""value"":1},{""kind"":""max"",""value"":2000}]}",cargomesh/src/shared/schemas/v2/workflow.ts:157; schema workflow.ts:WorkflowRecordV2Schema; field data.name,data.name,ZodString,False,False,supabase-v2/supabase/migrations/20261004154048_hac40_workflow.sql:49,nodes,"[{""file"":""roundtrips.json"",""row"":22,""id"":""b28e31d3-3842-4b21-bed7-dca4bc2e2e11"",""state"":""VALUE"",""inputState"":""VALUE"",""inputEqualsRead"":true,""value"":""HAC44 API node""}]",COMPLETO,Resolved storage and current typed output agree with a concrete POST/GET or measured read projection,HAC-40 / Cristhian,29c385fe0ee501eb4b8b989b0a247c8fdeda62ad,POST /api/v2/routing/nodes; POST /api/v2/routing/nodes/:id/revisions,GET /api/v2/routing/nodes; GET /api/v2/routing/nodes/:id,logs/class-matrix.json: LogisticsNode (catalog grants/policies/table ACL); logs/independent-rls-result.json; logs/auth-controls.json
260,LogisticsNode,location,GeoLocation,False,COMPLETO,logistics_nodes.data.location,286,logistics_nodes.data.location,logistics_nodes.data.location,jsonb,NO,None,logistics_nodes_data_check: CHECK ((jsonb_typeof(data) = 'object'::text)),,cargomesh/src/shared/schemas/v2/workflow.ts:27; schema workflow.ts:WorkflowInputsV2:nodes.publish; field location,location,ZodObject,False,False,"{""type"":""ZodObject"",""optional"":false,""nullable"":false,""fields"":{""label"":{""type"":""ZodString"",""optional"":false,""nullable"":false,""checks"":[{""kind"":""min"",""value"":1}]},""countryCode"":{""type"":""ZodString"",""optional"":false,""nullable"":false,""checks"":[{""kind"":""regex"",""regex"":{""source"":""^[A-Z]{2}$"",""flags"":""""}}]},""region"":{""type"":""ZodString"",""optional"":false,""nullable"":true,""checks"":[]},""city"":{""type"":""ZodString"",""optional"":false,""nullable"":false,""checks"":[{""kind"":""min"",""value"":1}]},""lat"":{""type"":""ZodNumber"",""optional"":false,""nullable"":true,""checks"":[{""kind"":""min"",""value"":-90,""inclusive"":true},{""kind"":""max"",""value"":90,""inclusive"":true}]},""lng"":{""type"":""ZodNumber"",""optional"":false,""nullable"":true,""checks"":[{""kind"":""min"",""value"":-180,""inclusive"":true},{""kind"":""max"",""value"":180,""inclusive"":true}]}},""unknownKeys"":""strict""}",cargomesh/src/shared/schemas/v2/workflow.ts:157; schema workflow.ts:WorkflowRecordV2Schema; field data.location,data.location,ZodObject,False,False,supabase-v2/supabase/migrations/20261004154048_hac40_workflow.sql:49,nodes,"[{""file"":""roundtrips.json"",""row"":22,""id"":""b28e31d3-3842-4b21-bed7-dca4bc2e2e11"",""state"":""VALUE"",""inputState"":""VALUE"",""inputEqualsRead"":true,""value"":{""label"":""[SYNTHETIC] A pickup on covered lane"",""countryCode"":""PE"",""region"":null,""city"":""Lima"",""lat"":null,""lng"":null}}]",COMPLETO,Resolved storage and current typed output agree with a concrete POST/GET or measured read projection,HAC-40 / Cristhian,29c385fe0ee501eb4b8b989b0a247c8fdeda62ad,POST /api/v2/routing/nodes; POST /api/v2/routing/nodes/:id/revisions,GET /api/v2/routing/nodes; GET /api/v2/routing/nodes/:id,logs/class-matrix.json: LogisticsNode (catalog grants/policies/table ACL); logs/independent-rls-result.json; logs/auth-controls.json
261,LogisticsNode,jurisdiction,string,True,COMPLETO,logistics_nodes.data.jurisdiction,287,logistics_nodes.data.jurisdiction,logistics_nodes.data.jurisdiction,jsonb,NO,None,logistics_nodes_data_check: CHECK ((jsonb_typeof(data) = 'object'::text)),,cargomesh/src/shared/schemas/v2/workflow.ts:27; schema workflow.ts:WorkflowInputsV2:nodes.publish; field jurisdiction,jurisdiction,ZodString,False,True,"{""type"":""ZodString"",""optional"":false,""nullable"":true,""checks"":[{""kind"":""trim""},{""kind"":""min"",""value"":1},{""kind"":""max"",""value"":2000}]}",cargomesh/src/shared/schemas/v2/workflow.ts:157; schema workflow.ts:WorkflowRecordV2Schema; field data.jurisdiction,data.jurisdiction,ZodString,False,True,supabase-v2/supabase/migrations/20261004154048_hac40_workflow.sql:49,nodes,"[{""file"":""roundtrips.json"",""row"":22,""id"":""b28e31d3-3842-4b21-bed7-dca4bc2e2e11"",""state"":""VALUE"",""inputState"":""VALUE"",""inputEqualsRead"":true,""value"":""PE""}]",COMPLETO,Resolved storage and current typed output agree with a concrete POST/GET or measured read projection,HAC-40 / Cristhian,29c385fe0ee501eb4b8b989b0a247c8fdeda62ad,POST /api/v2/routing/nodes; POST /api/v2/routing/nodes/:id/revisions,GET /api/v2/routing/nodes; GET /api/v2/routing/nodes/:id,logs/class-matrix.json: LogisticsNode (catalog grants/policies/table ACL); logs/independent-rls-result.json; logs/auth-controls.json
262,LogisticsNode,source,DataSource,False,COMPLETO,logistics_nodes.data.source,288,logistics_nodes.data.source,logistics_nodes.data.source,jsonb,NO,None,logistics_nodes_data_check: CHECK ((jsonb_typeof(data) = 'object'::text)),,cargomesh/src/shared/schemas/v2/workflow.ts:27; schema workflow.ts:WorkflowInputsV2:nodes.publish; field source,source,ZodObject,False,False,"{""type"":""ZodObject"",""optional"":false,""nullable"":false,""fields"":{""reference"":{""type"":""ZodString"",""optional"":false,""nullable"":false,""checks"":[{""kind"":""trim""},{""kind"":""min"",""value"":1},{""kind"":""max"",""value"":500}]},""provider"":{""type"":""ZodString"",""optional"":false,""nullable"":false,""checks"":[{""kind"":""trim""},{""kind"":""min"",""value"":1},{""kind"":""max"",""value"":150}]},""observedAt"":{""type"":""ZodString"",""optional"":false,""nullable"":false,""checks"":[{""kind"":""datetime"",""precision"":null,""offset"":true,""local"":false}]},""validUntil"":{""type"":""ZodString"",""optional"":false,""nullable"":true,""checks"":[{""kind"":""datetime"",""precision"":null,""offset"":true,""local"":false}]},""provenanceStatus"":{""type"":""ZodEnum"",""optional"":false,""nullable"":false,""values"":[""VERIFIED"",""ESTIMATED"",""SIMULATED"",""UNKNOWN""]}},""unknownKeys"":""strict""}",cargomesh/src/shared/schemas/v2/workflow.ts:157; schema workflow.ts:WorkflowRecordV2Schema; field data.source,data.source,ZodObject,False,False,supabase-v2/supabase/migrations/20261004154048_hac40_workflow.sql:49,nodes,"[{""file"":""roundtrips.json"",""row"":22,""id"":""b28e31d3-3842-4b21-bed7-dca4bc2e2e11"",""state"":""VALUE"",""inputState"":""VALUE"",""inputEqualsRead"":true,""value"":{""reference"":""fixture:workflow"",""provider"":""Synthetic QA"",""observedAt"":""2020-01-01T00:00:00Z"",""validUntil"":""2030-01-01T00:00:00Z"",""provenanceStatus"":""SIMULATED""}}]",COMPLETO,Resolved storage and current typed output agree with a concrete POST/GET or measured read projection,HAC-40 / Cristhian,29c385fe0ee501eb4b8b989b0a247c8fdeda62ad,POST /api/v2/routing/nodes; POST /api/v2/routing/nodes/:id/revisions,GET /api/v2/routing/nodes; GET /api/v2/routing/nodes/:id,logs/class-matrix.json: LogisticsNode (catalog grants/policies/table ACL); logs/independent-rls-result.json; logs/auth-controls.json
263,LogisticsNode,verifiedAt,Instant,True,COMPLETO,logistics_nodes.data.verifiedAt,289,logistics_nodes.data.verifiedAt,logistics_nodes.data.verifiedAt,jsonb,NO,None,logistics_nodes_data_check: CHECK ((jsonb_typeof(data) = 'object'::text)),,cargomesh/src/shared/schemas/v2/workflow.ts:27; schema workflow.ts:WorkflowInputsV2:nodes.publish; field verifiedAt,verifiedAt,ZodString,False,True,"{""type"":""ZodString"",""optional"":false,""nullable"":true,""checks"":[{""kind"":""datetime"",""precision"":null,""offset"":true,""local"":false}]}",cargomesh/src/shared/schemas/v2/workflow.ts:157; schema workflow.ts:WorkflowRecordV2Schema; field data.verifiedAt,data.verifiedAt,ZodString,False,True,supabase-v2/supabase/migrations/20261004154048_hac40_workflow.sql:49,nodes,"[{""file"":""roundtrips.json"",""row"":22,""id"":""b28e31d3-3842-4b21-bed7-dca4bc2e2e11"",""state"":""VALUE"",""inputState"":""VALUE"",""inputEqualsRead"":true,""value"":""2020-01-01T00:00:00Z""}]",COMPLETO,Resolved storage and current typed output agree with a concrete POST/GET or measured read projection,HAC-40 / Cristhian,29c385fe0ee501eb4b8b989b0a247c8fdeda62ad,POST /api/v2/routing/nodes; POST /api/v2/routing/nodes/:id/revisions,GET /api/v2/routing/nodes; GET /api/v2/routing/nodes/:id,logs/class-matrix.json: LogisticsNode (catalog grants/policies/table ACL); logs/independent-rls-result.json; logs/auth-controls.json
264,RouteCorridor,id,UUID,False,COMPLETO,route_corridors.id,290,route_corridors.id,route_corridors.id,uuid,NO,gen_random_uuid(),"route_corridors_carrier_id_fkey: FOREIGN KEY (carrier_id) REFERENCES carriers(id); route_corridors_destination_node_id_fkey: FOREIGN KEY (destination_node_id) REFERENCES logistics_nodes(id); route_corridors_freight_request_id_fkey: FOREIGN KEY (freight_request_id) REFERENCES freight_requests(id); route_corridors_id_carrier_id_key: UNIQUE (id, carrier_id); route_corridors_id_organization_id_key: UNIQUE (id, organization_id); route_corridors_organization_id_fkey: FOREIGN KEY (organization_id) REFERENCES organizations(id); route_corridors_origin_node_id_fkey: FOREIGN KEY (origin_node_id) REFERENCES logistics_nodes(id); route_corridors_pkey: PRIMARY KEY (id)","CREATE INDEX route_corridors_carrier_idx ON public.route_corridors USING btree (carrier_id, created_at, id) WHERE (carrier_id IS NOT NULL); CREATE INDEX route_corridors_destination_node_id_fkey_fk_idx ON public.route_corridors USING btree (destination_node_id); CREATE UNIQUE INDEX route_corridors_id_carrier_id_key ON public.route_corridors USING btree (id, carrier_id); CREATE UNIQUE INDEX route_corridors_id_organization_id_key ON public.route_corridors USING btree (id, organization_id); CREATE INDEX route_corridors_origin_node_id_fkey_fk_idx ON public.route_corridors USING btree (origin_node_id); CREATE INDEX route_corridors_parent_idx ON public.route_corridors USING btree (parent_id) WHERE (parent_id IS NOT NULL); CREATE UNIQUE INDEX route_corridors_pkey ON public.route_corridors USING btree (id); CREATE INDEX route_corridors_request_idx ON public.route_corridors USING btree (freight_request_id) WHERE (freight_request_id IS NOT NULL); CREATE INDEX route_corridors_tenant_idx ON public.route_corridors USING btree (organization_id, created_at, id)",GENERATED_BY_PARENT_COMMAND,—,—,—,—,—,cargomesh/src/shared/schemas/v2/workflow.ts:157; schema workflow.ts:WorkflowRecordV2Schema; field id,id,ZodString,False,False,supabase-v2/supabase/migrations/20261004154048_hac40_workflow.sql:59,corridors,"[{""file"":""extended-roundtrips.json"",""row"":6,""id"":""13909c38-6780-479b-93c3-1ed75caa1c24"",""state"":""VALUE"",""inputState"":""MISSING"",""inputEqualsRead"":null,""value"":""13909c38-6780-479b-93c3-1ed75caa1c24""}]",COMPLETO,Resolved storage and current typed output agree with a concrete POST/GET or measured read projection,HAC-40 / Cristhian,29c385fe0ee501eb4b8b989b0a247c8fdeda62ad,POST /api/v2/routing/corridors; POST /api/v2/routing/corridors/:id/revisions,GET /api/v2/routing/corridors; GET /api/v2/routing/corridors/:id,logs/class-matrix.json: RouteCorridor (catalog grants/policies/table ACL); logs/independent-rls-result.json; logs/auth-controls.json
265,RouteCorridor,mode,TransportMode,False,COMPLETO,route_corridors.data.mode,291,route_corridors.data.mode,route_corridors.data.mode,jsonb,NO,None,route_corridors_data_check: CHECK ((jsonb_typeof(data) = 'object'::text)),,cargomesh/src/shared/schemas/v2/workflow.ts:29; schema workflow.ts:WorkflowInputsV2:corridors.publish; field mode,mode,ZodEnum,False,False,"{""type"":""ZodEnum"",""optional"":false,""nullable"":false,""values"":[""ROAD"",""RAIL"",""SEA"",""AIR""]}",cargomesh/src/shared/schemas/v2/workflow.ts:157; schema workflow.ts:WorkflowRecordV2Schema; field data.mode,data.mode,ZodEnum,False,False,supabase-v2/supabase/migrations/20261004154048_hac40_workflow.sql:62,corridors,"[{""file"":""extended-roundtrips.json"",""row"":6,""id"":""13909c38-6780-479b-93c3-1ed75caa1c24"",""state"":""VALUE"",""inputState"":""VALUE"",""inputEqualsRead"":true,""value"":""ROAD""}]",COMPLETO,Resolved storage and current typed output agree with a concrete POST/GET or measured read projection,HAC-40 / Cristhian,29c385fe0ee501eb4b8b989b0a247c8fdeda62ad,POST /api/v2/routing/corridors; POST /api/v2/routing/corridors/:id/revisions,GET /api/v2/routing/corridors; GET /api/v2/routing/corridors/:id,logs/class-matrix.json: RouteCorridor (catalog grants/policies/table ACL); logs/independent-rls-result.json; logs/auth-controls.json
266,RouteCorridor,estimatedDistanceKm,number,True,COMPLETO,route_corridors.data.estimatedDistanceKm,292,route_corridors.data.estimatedDistanceKm,route_corridors.data.estimatedDistanceKm,jsonb,NO,None,route_corridors_data_check: CHECK ((jsonb_typeof(data) = 'object'::text)),,cargomesh/src/shared/schemas/v2/workflow.ts:29; schema workflow.ts:WorkflowInputsV2:corridors.publish; field estimatedDistanceKm,estimatedDistanceKm,ZodNumber,False,True,"{""type"":""ZodNumber"",""optional"":false,""nullable"":true,""checks"":[{""kind"":""min"",""value"":0,""inclusive"":true}]}",cargomesh/src/shared/schemas/v2/workflow.ts:157; schema workflow.ts:WorkflowRecordV2Schema; field data.estimatedDistanceKm,data.estimatedDistanceKm,ZodNumber,False,True,supabase-v2/supabase/migrations/20261004154048_hac40_workflow.sql:62,corridors,"[{""file"":""extended-roundtrips.json"",""row"":6,""id"":""13909c38-6780-479b-93c3-1ed75caa1c24"",""state"":""VALUE"",""inputState"":""VALUE"",""inputEqualsRead"":true,""value"":100}]",COMPLETO,Resolved storage and current typed output agree with a concrete POST/GET or measured read projection,HAC-40 / Cristhian,29c385fe0ee501eb4b8b989b0a247c8fdeda62ad,POST /api/v2/routing/corridors; POST /api/v2/routing/corridors/:id/revisions,GET /api/v2/routing/corridors; GET /api/v2/routing/corridors/:id,logs/class-matrix.json: RouteCorridor (catalog grants/policies/table ACL); logs/independent-rls-result.json; logs/auth-controls.json
267,RouteCorridor,estimatedDuration,Duration,True,COMPLETO,route_corridors.data.estimatedDurationSeconds,293,route_corridors.data.estimatedDurationSeconds,route_corridors.data.estimatedDurationSeconds,jsonb,NO,None,route_corridors_data_check: CHECK ((jsonb_typeof(data) = 'object'::text)),,cargomesh/src/shared/schemas/v2/workflow.ts:29; schema workflow.ts:WorkflowInputsV2:corridors.publish; field estimatedDurationSeconds,estimatedDurationSeconds,ZodNumber,False,True,"{""type"":""ZodNumber"",""optional"":false,""nullable"":true,""checks"":[{""kind"":""min"",""value"":0,""inclusive"":false}]}",cargomesh/src/shared/schemas/v2/workflow.ts:157; schema workflow.ts:WorkflowRecordV2Schema; field data.estimatedDurationSeconds,data.estimatedDurationSeconds,ZodNumber,False,True,supabase-v2/supabase/migrations/20261004154048_hac40_workflow.sql:62,corridors,"[{""file"":""extended-roundtrips.json"",""row"":6,""id"":""13909c38-6780-479b-93c3-1ed75caa1c24"",""state"":""VALUE"",""inputState"":""VALUE"",""inputEqualsRead"":true,""value"":3600}]",COMPLETO,Resolved storage and current typed output agree with a concrete POST/GET or measured read projection,HAC-40 / Cristhian,29c385fe0ee501eb4b8b989b0a247c8fdeda62ad,POST /api/v2/routing/corridors; POST /api/v2/routing/corridors/:id/revisions,GET /api/v2/routing/corridors; GET /api/v2/routing/corridors/:id,logs/class-matrix.json: RouteCorridor (catalog grants/policies/table ACL); logs/independent-rls-result.json; logs/auth-controls.json
268,RouteCorridor,restrictions,Rule[],False,PARCIAL,route_corridors.data.restrictions,294,route_corridors.data.restrictions,route_corridors.data.restrictions,jsonb,NO,None,route_corridors_data_check: CHECK ((jsonb_typeof(data) = 'object'::text)),,cargomesh/src/shared/schemas/v2/workflow.ts:29; schema workflow.ts:WorkflowInputsV2:corridors.publish; field restrictions,restrictions,ZodArray,False,False,"{""type"":""ZodArray"",""optional"":false,""nullable"":false,""element"":{""type"":""ZodObject"",""optional"":false,""nullable"":false,""fields"":{""code"":{""type"":""ZodString"",""optional"":false,""nullable"":false,""checks"":[{""kind"":""trim""},{""kind"":""min"",""value"":1},{""kind"":""max"",""value"":2000}]},""description"":{""type"":""ZodString"",""optional"":false,""nullable"":false,""checks"":[{""kind"":""trim""},{""kind"":""min"",""value"":1},{""kind"":""max"",""value"":2000}]},""required"":{""type"":""ZodBoolean"",""optional"":false,""nullable"":false},""evidence"":{""type"":""ZodObject"",""optional"":false,""nullable"":true,""fields"":{""reference"":{""type"":""ZodString"",""optional"":false,""nullable"":false,""checks"":[{""kind"":""trim""},{""kind"":""min"",""value"":1},{""kind"":""max"",""value"":500}]},""provider"":{""type"":""ZodString"",""optional"":false,""nullable"":false,""checks"":[{""kind"":""trim""},{""kind"":""min"",""value"":1},{""kind"":""max"",""value"":150}]},""observedAt"":{""type"":""ZodString"",""optional"":false,""nullable"":false,""checks"":[{""kind"":""datetime"",""precision"":null,""offset"":true,""local"":false}]},""validUntil"":{""type"":""ZodString"",""optional"":false,""nullable"":true,""checks"":[{""kind"":""datetime"",""precision"":null,""offset"":true,""local"":false}]},""provenanceStatus"":{""type"":""ZodEnum"",""optional"":false,""nullable"":false,""values"":[""VERIFIED"",""ESTIMATED"",""SIMULATED"",""UNKNOWN""]}},""unknownKeys"":""strict""}},""unknownKeys"":""strict""},""maxLength"":{""value"":100}}",cargomesh/src/shared/schemas/v2/workflow.ts:157; schema workflow.ts:WorkflowRecordV2Schema; field data.restrictions,data.restrictions,ZodArray,False,False,supabase-v2/supabase/migrations/20261004154048_hac40_workflow.sql:62,corridors,[],PARCIAL,No concrete non-null field value or measured read projection in this cut,HAC-40 / Cristhian,29c385fe0ee501eb4b8b989b0a247c8fdeda62ad,POST /api/v2/routing/corridors; POST /api/v2/routing/corridors/:id/revisions,GET /api/v2/routing/corridors; GET /api/v2/routing/corridors/:id,logs/class-matrix.json: RouteCorridor (catalog grants/policies/table ACL); logs/independent-rls-result.json; logs/auth-controls.json
269,RouteCorridor,source,DataSource,False,COMPLETO,route_corridors.data.source,295,route_corridors.data.source,route_corridors.data.source,jsonb,NO,None,route_corridors_data_check: CHECK ((jsonb_typeof(data) = 'object'::text)),,cargomesh/src/shared/schemas/v2/workflow.ts:29; schema workflow.ts:WorkflowInputsV2:corridors.publish; field source,source,ZodObject,False,False,"{""type"":""ZodObject"",""optional"":false,""nullable"":false,""fields"":{""reference"":{""type"":""ZodString"",""optional"":false,""nullable"":false,""checks"":[{""kind"":""trim""},{""kind"":""min"",""value"":1},{""kind"":""max"",""value"":500}]},""provider"":{""type"":""ZodString"",""optional"":false,""nullable"":false,""checks"":[{""kind"":""trim""},{""kind"":""min"",""value"":1},{""kind"":""max"",""value"":150}]},""observedAt"":{""type"":""ZodString"",""optional"":false,""nullable"":false,""checks"":[{""kind"":""datetime"",""precision"":null,""offset"":true,""local"":false}]},""validUntil"":{""type"":""ZodString"",""optional"":false,""nullable"":true,""checks"":[{""kind"":""datetime"",""precision"":null,""offset"":true,""local"":false}]},""provenanceStatus"":{""type"":""ZodEnum"",""optional"":false,""nullable"":false,""values"":[""VERIFIED"",""ESTIMATED"",""SIMULATED"",""UNKNOWN""]}},""unknownKeys"":""strict""}",cargomesh/src/shared/schemas/v2/workflow.ts:157; schema workflow.ts:WorkflowRecordV2Schema; field data.source,data.source,ZodObject,False,False,supabase-v2/supabase/migrations/20261004154048_hac40_workflow.sql:62,corridors,"[{""file"":""extended-roundtrips.json"",""row"":6,""id"":""13909c38-6780-479b-93c3-1ed75caa1c24"",""state"":""VALUE"",""inputState"":""VALUE"",""inputEqualsRead"":true,""value"":{""reference"":""fixture:workflow"",""provider"":""Synthetic QA"",""observedAt"":""2020-01-01T00:00:00Z"",""validUntil"":""2030-01-01T00:00:00Z"",""provenanceStatus"":""SIMULATED""}}]",COMPLETO,Resolved storage and current typed output agree with a concrete POST/GET or measured read projection,HAC-40 / Cristhian,29c385fe0ee501eb4b8b989b0a247c8fdeda62ad,POST /api/v2/routing/corridors; POST /api/v2/routing/corridors/:id/revisions,GET /api/v2/routing/corridors; GET /api/v2/routing/corridors/:id,logs/class-matrix.json: RouteCorridor (catalog grants/policies/table ACL); logs/independent-rls-result.json; logs/auth-controls.json
270,RouteCorridor,version,string,False,COMPLETO,route_corridors.data.version,296,route_corridors.data.version,route_corridors.data.version,jsonb,NO,None,"corridor_directed: CHECK ((origin_node_id <> destination_node_id)); route_corridors_carrier_id_fkey: FOREIGN KEY (carrier_id) REFERENCES carriers(id); route_corridors_data_check: CHECK ((jsonb_typeof(data) = 'object'::text)); route_corridors_destination_node_id_fkey: FOREIGN KEY (destination_node_id) REFERENCES logistics_nodes(id); route_corridors_freight_request_id_fkey: FOREIGN KEY (freight_request_id) REFERENCES freight_requests(id); route_corridors_id_carrier_id_key: UNIQUE (id, carrier_id); route_corridors_id_organization_id_key: UNIQUE (id, organization_id); route_corridors_kind_check: CHECK ((kind = 'corridors'::text)); route_corridors_organization_id_fkey: FOREIGN KEY (organization_id) REFERENCES organizations(id); route_corridors_origin_node_id_fkey: FOREIGN KEY (origin_node_id) REFERENCES logistics_nodes(id); route_corridors_pkey: PRIMARY KEY (id); route_corridors_version_check: CHECK ((version > 0))","CREATE INDEX route_corridors_carrier_idx ON public.route_corridors USING btree (carrier_id, created_at, id) WHERE (carrier_id IS NOT NULL); CREATE INDEX route_corridors_destination_node_id_fkey_fk_idx ON public.route_corridors USING btree (destination_node_id); CREATE UNIQUE INDEX route_corridors_id_carrier_id_key ON public.route_corridors USING btree (id, carrier_id); CREATE UNIQUE INDEX route_corridors_id_organization_id_key ON public.route_corridors USING btree (id, organization_id); CREATE INDEX route_corridors_origin_node_id_fkey_fk_idx ON public.route_corridors USING btree (origin_node_id); CREATE INDEX route_corridors_parent_idx ON public.route_corridors USING btree (parent_id) WHERE (parent_id IS NOT NULL); CREATE UNIQUE INDEX route_corridors_pkey ON public.route_corridors USING btree (id); CREATE INDEX route_corridors_request_idx ON public.route_corridors USING btree (freight_request_id) WHERE (freight_request_id IS NOT NULL); CREATE INDEX route_corridors_tenant_idx ON public.route_corridors USING btree (organization_id, created_at, id)",cargomesh/src/shared/schemas/v2/workflow.ts:29; schema workflow.ts:WorkflowInputsV2:corridors.publish; field version,version,ZodString,False,False,"{""type"":""ZodString"",""optional"":false,""nullable"":false,""checks"":[{""kind"":""trim""},{""kind"":""min"",""value"":1},{""kind"":""max"",""value"":2000}]}",cargomesh/src/shared/schemas/v2/workflow.ts:157; schema workflow.ts:WorkflowRecordV2Schema; field data.version,data.version,ZodString,False,False,supabase-v2/supabase/migrations/20261004154048_hac40_workflow.sql:62,corridors,"[{""file"":""extended-roundtrips.json"",""row"":6,""id"":""13909c38-6780-479b-93c3-1ed75caa1c24"",""state"":""VALUE"",""inputState"":""VALUE"",""inputEqualsRead"":true,""value"":""QA-1""}]",COMPLETO,Resolved storage and current typed output agree with a concrete POST/GET or measured read projection,HAC-40 / Cristhian,29c385fe0ee501eb4b8b989b0a247c8fdeda62ad,POST /api/v2/routing/corridors; POST /api/v2/routing/corridors/:id/revisions,GET /api/v2/routing/corridors; GET /api/v2/routing/corridors/:id,logs/class-matrix.json: RouteCorridor (catalog grants/policies/table ACL); logs/independent-rls-result.json; logs/auth-controls.json
271,RouteCorridor,validUntil,Instant,True,COMPLETO,route_corridors.data.validUntil,297,route_corridors.data.validUntil,route_corridors.data.validUntil,jsonb,NO,None,route_corridors_data_check: CHECK ((jsonb_typeof(data) = 'object'::text)),,cargomesh/src/shared/schemas/v2/workflow.ts:29; schema workflow.ts:WorkflowInputsV2:corridors.publish; field validUntil,validUntil,ZodString,False,True,"{""type"":""ZodString"",""optional"":false,""nullable"":true,""checks"":[{""kind"":""datetime"",""precision"":null,""offset"":true,""local"":false}]}",cargomesh/src/shared/schemas/v2/workflow.ts:157; schema workflow.ts:WorkflowRecordV2Schema; field data.validUntil,data.validUntil,ZodString,False,True,supabase-v2/supabase/migrations/20261004154048_hac40_workflow.sql:62,corridors,"[{""file"":""extended-roundtrips.json"",""row"":6,""id"":""13909c38-6780-479b-93c3-1ed75caa1c24"",""state"":""VALUE"",""inputState"":""VALUE"",""inputEqualsRead"":true,""value"":""2030-01-01T00:00:00Z""}]",COMPLETO,Resolved storage and current typed output agree with a concrete POST/GET or measured read projection,HAC-40 / Cristhian,29c385fe0ee501eb4b8b989b0a247c8fdeda62ad,POST /api/v2/routing/corridors; POST /api/v2/routing/corridors/:id/revisions,GET /api/v2/routing/corridors; GET /api/v2/routing/corridors/:id,logs/class-matrix.json: RouteCorridor (catalog grants/policies/table ACL); logs/independent-rls-result.json; logs/auth-controls.json
272,CargoProfile,id,UUID,False,COMPLETO,organization_cargo_profiles.id,298,organization_cargo_profiles.id,organization_cargo_profiles.id,uuid,NO,gen_random_uuid(),"organization_cargo_profiles_cargo_category_id_fkey: FOREIGN KEY (cargo_category_id) REFERENCES cargo_categories(id); organization_cargo_profiles_org_id_id_unique: UNIQUE (organization_id, id); organization_cargo_profiles_organization_id_fkey: FOREIGN KEY (organization_id) REFERENCES organizations(id) ON DELETE CASCADE; organization_cargo_profiles_pkey: PRIMARY KEY (id)","CREATE INDEX organization_cargo_profiles_category_idx ON public.organization_cargo_profiles USING btree (cargo_category_id); CREATE INDEX organization_cargo_profiles_org_active_idx ON public.organization_cargo_profiles USING btree (organization_id, priority, profile_name) WHERE active; CREATE UNIQUE INDEX organization_cargo_profiles_org_id_id_unique ON public.organization_cargo_profiles USING btree (organization_id, id); CREATE UNIQUE INDEX organization_cargo_profiles_org_name_unique ON public.organization_cargo_profiles USING btree (organization_id, profile_name); CREATE UNIQUE INDEX organization_cargo_profiles_pkey ON public.organization_cargo_profiles USING btree (id)",NO_WRITABLE_DTO,—,—,—,—,—,cargomesh/src/shared/schemas/v2/catalog.ts:104; schema catalog.ts:CatalogRecordV2Schema; field id,id,ZodString,False,False,supabase-v2/supabase/migrations/20260927042808_v2_schema_baseline.sql:900,cargo-profiles,"[{""file"":""roundtrips.json"",""row"":3,""id"":""2b57706c-7900-41c9-bb5d-3a75ccfe02e2"",""state"":""VALUE"",""inputState"":""MISSING"",""inputEqualsRead"":null,""value"":""2b57706c-7900-41c9-bb5d-3a75ccfe02e2""}]",COMPLETO,Resolved storage and current typed output agree with a concrete POST/GET or measured read projection,HAC-40 / Cristhian,29c385fe0ee501eb4b8b989b0a247c8fdeda62ad,POST /api/v2/cargo-profiles; POST /api/v2/cargo-profiles/:id/revisions,GET /api/v2/cargo-profiles; GET /api/v2/cargo-profiles/:id,logs/class-matrix.json: CargoProfile (catalog grants/policies/table ACL); logs/independent-rls-result.json; logs/auth-controls.json
273,CargoProfile,name,string,False,COMPLETO,organization_cargo_profiles.profile_name,299,organization_cargo_profiles.profile_name,organization_cargo_profiles.profile_name,text,NO,None,"organization_cargo_profiles_org_name_unique: UNIQUE (organization_id, profile_name)","CREATE INDEX organization_cargo_profiles_org_active_idx ON public.organization_cargo_profiles USING btree (organization_id, priority, profile_name) WHERE active; CREATE UNIQUE INDEX organization_cargo_profiles_org_name_unique ON public.organization_cargo_profiles USING btree (organization_id, profile_name)",cargomesh/src/shared/schemas/v2/catalog.ts:48; schema catalog.ts:CatalogInputsV2:cargo-profiles; field name,name,ZodString,False,False,"{""type"":""ZodString"",""optional"":false,""nullable"":false,""checks"":[{""kind"":""trim""},{""kind"":""min"",""value"":1},{""kind"":""max"",""value"":200}]}",cargomesh/src/shared/schemas/v2/catalog.ts:48; schema catalog.ts:CatalogInputsV2:cargo-profiles; field value.name,value.name,ZodString,False,False,supabase-v2/supabase/migrations/20260927042808_v2_schema_baseline.sql:903,cargo-profiles,"[{""file"":""roundtrips.json"",""row"":3,""id"":""2b57706c-7900-41c9-bb5d-3a75ccfe02e2"",""state"":""VALUE"",""inputState"":""VALUE"",""inputEqualsRead"":true,""value"":""Catalog QA""}]",COMPLETO,Resolved storage and current typed output agree with a concrete POST/GET or measured read projection,HAC-40 / Cristhian,29c385fe0ee501eb4b8b989b0a247c8fdeda62ad,POST /api/v2/cargo-profiles; POST /api/v2/cargo-profiles/:id/revisions,GET /api/v2/cargo-profiles; GET /api/v2/cargo-profiles/:id,logs/class-matrix.json: CargoProfile (catalog grants/policies/table ACL); logs/independent-rls-result.json; logs/auth-controls.json
274,CargoProfile,typicalUnits,CargoUnitTemplate[],False,COMPLETO,organization_cargo_profiles.typical_units,300,organization_cargo_profiles.typical_units,organization_cargo_profiles.typical_units,jsonb,NO,'[]'::jsonb,organization_cargo_profiles_typical_units_check: CHECK ((jsonb_typeof(typical_units) = 'array'::text)),,cargomesh/src/shared/schemas/v2/catalog.ts:48; schema catalog.ts:CatalogInputsV2:cargo-profiles; field typicalUnits,typicalUnits,ZodArray,False,False,"{""type"":""ZodArray"",""optional"":false,""nullable"":false,""element"":{""type"":""ZodObject"",""optional"":false,""nullable"":false,""fields"":{""packageType"":{""type"":""ZodString"",""optional"":false,""nullable"":false,""checks"":[{""kind"":""trim""},{""kind"":""min"",""value"":1},{""kind"":""max"",""value"":500}]},""quantity"":{""type"":""ZodNumber"",""optional"":false,""nullable"":false,""checks"":[{""kind"":""int""},{""kind"":""min"",""value"":0,""inclusive"":false}]},""weightPerUnitKg"":{""type"":""ZodNumber"",""optional"":false,""nullable"":false,""checks"":[{""kind"":""min"",""value"":0,""inclusive"":false}]},""volumePerUnitM3"":{""type"":""ZodNumber"",""optional"":false,""nullable"":false,""checks"":[{""kind"":""min"",""value"":0,""inclusive"":false}]},""dimensionsCm"":{""type"":""ZodObject"",""optional"":false,""nullable"":false,""fields"":{""length"":{""type"":""ZodNumber"",""optional"":false,""nullable"":false,""checks"":[{""kind"":""min"",""value"":0,""inclusive"":false}]},""width"":{""type"":""ZodNumber"",""optional"":false,""nullable"":false,""checks"":[{""kind"":""min"",""value"":0,""inclusive"":false}]},""height"":{""type"":""ZodNumber"",""optional"":false,""nullable"":false,""checks"":[{""kind"":""min"",""value"":0,""inclusive"":false}]}},""unknownKeys"":""strict""},""indivisible"":{""type"":""ZodBoolean"",""optional"":false,""nullable"":false},""stackable"":{""type"":""ZodBoolean"",""optional"":false,""nullable"":false},""unitsPerPackage"":{""type"":""ZodNumber"",""optional"":false,""nullable"":false,""checks"":[{""kind"":""int""},{""kind"":""min"",""value"":0,""inclusive"":false},{""kind"":""max"",""value"":1000000,""inclusive"":true}]}},""unknownKeys"":""strict""},""maxLength"":{""value"":100}}",cargomesh/src/shared/schemas/v2/catalog.ts:48; schema catalog.ts:CatalogInputsV2:cargo-profiles; field value.typicalUnits,value.typicalUnits,ZodArray,False,False,supabase-v2/supabase/migrations/20261004032151_hac40_catalog.sql:27,cargo-profiles,"[{""file"":""roundtrips.json"",""row"":3,""id"":""2b57706c-7900-41c9-bb5d-3a75ccfe02e2"",""state"":""VALUE"",""inputState"":""VALUE"",""inputEqualsRead"":true,""value"":[{""packageType"":""BOX"",""quantity"":2,""weightPerUnitKg"":10,""volumePerUnitM3"":0.2,""dimensionsCm"":{""length"":10,""width"":20,""height"":30},""indivisible"":false,""stackable"":true,""unitsPerPackage"":4}]}]",COMPLETO,Resolved storage and current typed output agree with a concrete POST/GET or measured read projection,HAC-40 / Cristhian,29c385fe0ee501eb4b8b989b0a247c8fdeda62ad,POST /api/v2/cargo-profiles; POST /api/v2/cargo-profiles/:id/revisions,GET /api/v2/cargo-profiles; GET /api/v2/cargo-profiles/:id,logs/class-matrix.json: CargoProfile (catalog grants/policies/table ACL); logs/independent-rls-result.json; logs/auth-controls.json
275,CargoProfile,requirements,CargoRequirement[],False,COMPLETO,organization_cargo_profiles.requirements,301,organization_cargo_profiles.requirements,organization_cargo_profiles.requirements,jsonb,NO,'[]'::jsonb,organization_cargo_profiles_requirements_check: CHECK ((jsonb_typeof(requirements) = 'array'::text)),,cargomesh/src/shared/schemas/v2/catalog.ts:48; schema catalog.ts:CatalogInputsV2:cargo-profiles; field requirements,requirements,ZodArray,False,False,"{""type"":""ZodArray"",""optional"":false,""nullable"":false,""element"":{""type"":""ZodString"",""optional"":false,""nullable"":false,""checks"":[{""kind"":""trim""},{""kind"":""min"",""value"":1},{""kind"":""max"",""value"":500}]},""maxLength"":{""value"":100}}",cargomesh/src/shared/schemas/v2/catalog.ts:48; schema catalog.ts:CatalogInputsV2:cargo-profiles; field value.requirements,value.requirements,ZodArray,False,False,supabase-v2/supabase/migrations/20261004032151_hac40_catalog.sql:27,cargo-profiles,"[{""file"":""roundtrips.json"",""row"":3,""id"":""2b57706c-7900-41c9-bb5d-3a75ccfe02e2"",""state"":""VALUE"",""inputState"":""VALUE"",""inputEqualsRead"":true,""value"":[""SECURITY_SEAL""]}]",COMPLETO,Resolved storage and current typed output agree with a concrete POST/GET or measured read projection,HAC-40 / Cristhian,29c385fe0ee501eb4b8b989b0a247c8fdeda62ad,POST /api/v2/cargo-profiles; POST /api/v2/cargo-profiles/:id/revisions,GET /api/v2/cargo-profiles; GET /api/v2/cargo-profiles/:id,logs/class-matrix.json: CargoProfile (catalog grants/policies/table ACL); logs/independent-rls-result.json; logs/auth-controls.json
276,CargoProfile,preferredEquipment,EquipmentType,True,COMPLETO,organization_cargo_profiles.preferred_equipment,302,organization_cargo_profiles.preferred_equipment,organization_cargo_profiles.preferred_equipment,text,YES,None,,,cargomesh/src/shared/schemas/v2/catalog.ts:48; schema catalog.ts:CatalogInputsV2:cargo-profiles; field preferredEquipment,preferredEquipment,ZodEnum,False,True,"{""type"":""ZodEnum"",""optional"":false,""nullable"":true,""values"":[""BOX_TRUCK"",""REEFER_TRUCK"",""FLATBED"",""TANKER_TRUCK"",""TRACTOR_TRAILER"",""ISO_CONTAINER"",""RAIL_WAGON"",""AIR_ULD""]}",cargomesh/src/shared/schemas/v2/catalog.ts:48; schema catalog.ts:CatalogInputsV2:cargo-profiles; field value.preferredEquipment,value.preferredEquipment,ZodEnum,False,True,supabase-v2/supabase/migrations/20261004032151_hac40_catalog.sql:27,cargo-profiles,"[{""file"":""roundtrips.json"",""row"":3,""id"":""2b57706c-7900-41c9-bb5d-3a75ccfe02e2"",""state"":""VALUE"",""inputState"":""VALUE"",""inputEqualsRead"":true,""value"":""BOX_TRUCK""}]",COMPLETO,Resolved storage and current typed output agree with a concrete POST/GET or measured read projection,HAC-40 / Cristhian,29c385fe0ee501eb4b8b989b0a247c8fdeda62ad,POST /api/v2/cargo-profiles; POST /api/v2/cargo-profiles/:id/revisions,GET /api/v2/cargo-profiles; GET /api/v2/cargo-profiles/:id,logs/class-matrix.json: CargoProfile (catalog grants/policies/table ACL); logs/independent-rls-result.json; logs/auth-controls.json
277,CargoProfile,updatedAt,Instant,False,COMPLETO,organization_cargo_profiles.updated_at,303,organization_cargo_profiles.updated_at,organization_cargo_profiles.updated_at,timestamp with time zone,NO,now(),,,NO_WRITABLE_DTO,—,—,—,—,—,cargomesh/src/shared/schemas/v2/catalog.ts:104; schema catalog.ts:CatalogRecordV2Schema; field updatedAt,updatedAt,ZodString,False,False,supabase-v2/supabase/migrations/20260927042808_v2_schema_baseline.sql:916,cargo-profiles,"[{""file"":""roundtrips.json"",""row"":3,""id"":""2b57706c-7900-41c9-bb5d-3a75ccfe02e2"",""state"":""VALUE"",""inputState"":""MISSING"",""inputEqualsRead"":null,""value"":""2026-10-09T17:51:23.418885+00:00""}]",COMPLETO,Resolved storage and current typed output agree with a concrete POST/GET or measured read projection,HAC-40 / Cristhian,29c385fe0ee501eb4b8b989b0a247c8fdeda62ad,POST /api/v2/cargo-profiles; POST /api/v2/cargo-profiles/:id/revisions,GET /api/v2/cargo-profiles; GET /api/v2/cargo-profiles/:id,logs/class-matrix.json: CargoProfile (catalog grants/policies/table ACL); logs/independent-rls-result.json; logs/auth-controls.json
278,CargoCategory,code,string,False,COMPLETO,cargo_categories.code,304,cargo_categories.code,cargo_categories.code,text,NO,None,cargo_categories_code_key: UNIQUE (code),CREATE UNIQUE INDEX cargo_categories_code_key ON public.cargo_categories USING btree (code),cargomesh/src/shared/schemas/v2/catalog.ts:51; schema catalog.ts:CatalogInputsV2:cargo-categories; field code,code,ZodString,False,False,"{""type"":""ZodString"",""optional"":false,""nullable"":false,""checks"":[{""kind"":""regex"",""regex"":{""source"":""^[A-Z][A-Z0-9_]{0,99}$"",""flags"":""""}}]}",cargomesh/src/shared/schemas/v2/catalog.ts:98; schema catalog.ts:CargoCategoryValueV2Schema; field value.code,value.code,ZodString,False,False,supabase-v2/supabase/migrations/20260927042808_v2_schema_baseline.sql:42,cargo-categories,"[{""file"":""roundtrips.json"",""row"":2,""id"":""91541f38-6d39-40b4-b1b4-86f22d1802db"",""state"":""VALUE"",""inputState"":""VALUE"",""inputEqualsRead"":true,""value"":""HAC44_API2_CARGO_CATEGORIES""}]",COMPLETO,Resolved storage and current typed output agree with a concrete POST/GET or measured read projection,HAC-40 / Cristhian,29c385fe0ee501eb4b8b989b0a247c8fdeda62ad,POST /api/v2/cargo-categories; POST /api/v2/cargo-categories/:id/revisions,GET /api/v2/cargo-categories; GET /api/v2/cargo-categories/:id,logs/class-matrix.json: CargoCategory (catalog grants/policies/table ACL); logs/independent-rls-result.json; logs/auth-controls.json
279,CargoCategory,name,string,False,COMPLETO,cargo_categories.name,305,cargo_categories.name,cargo_categories.name,text,NO,None,,,cargomesh/src/shared/schemas/v2/catalog.ts:51; schema catalog.ts:CatalogInputsV2:cargo-categories; field name,name,ZodString,False,False,"{""type"":""ZodString"",""optional"":false,""nullable"":false,""checks"":[{""kind"":""trim""},{""kind"":""min"",""value"":1},{""kind"":""max"",""value"":200}]}",cargomesh/src/shared/schemas/v2/catalog.ts:98; schema catalog.ts:CargoCategoryValueV2Schema; field value.name,value.name,ZodString,False,False,supabase-v2/supabase/migrations/20260927042808_v2_schema_baseline.sql:43,cargo-categories,"[{""file"":""roundtrips.json"",""row"":2,""id"":""91541f38-6d39-40b4-b1b4-86f22d1802db"",""state"":""VALUE"",""inputState"":""VALUE"",""inputEqualsRead"":true,""value"":""Minerals""}]",COMPLETO,Resolved storage and current typed output agree with a concrete POST/GET or measured read projection,HAC-40 / Cristhian,29c385fe0ee501eb4b8b989b0a247c8fdeda62ad,POST /api/v2/cargo-categories; POST /api/v2/cargo-categories/:id/revisions,GET /api/v2/cargo-categories; GET /api/v2/cargo-categories/:id,logs/class-matrix.json: CargoCategory (catalog grants/policies/table ACL); logs/independent-rls-result.json; logs/auth-controls.json
280,CargoCategory,guidance,IntakeGuidance,False,COMPLETO,cargo_categories.recommended_entry_methods; cargo_categories.intake_specification_schema; cargo_categories.suggested_requirements; cargo_categories.recommended_vehicle_classes,306,cargo_categories.recommended_entry_methods; cargo_categories.intake_specification_schema; cargo_categories.suggested_requirements; cargo_categories.recommended_vehicle_classes,cargo_categories.recommended_entry_methods; cargo_categories.intake_specification_schema; cargo_categories.suggested_requirements; cargo_categories.recommended_vehicle_classes,jsonb; jsonb; jsonb; jsonb,NO; NO; NO; NO,"'[""TOTAL_WEIGHT""]'::jsonb; '{""fields"": []}'::jsonb; '{}'::jsonb; '[]'::jsonb",cargo_categories_entry_methods_array: CHECK ((jsonb_typeof(recommended_entry_methods) = 'array'::text)); cargo_categories_intake_schema_object: CHECK ((jsonb_typeof(intake_specification_schema) = 'object'::text)); cargo_categories_requirements_object: CHECK ((jsonb_typeof(suggested_requirements) = 'object'::text)); cargo_categories_vehicle_classes_array: CHECK ((jsonb_typeof(recommended_vehicle_classes) = 'array'::text)),,cargomesh/src/shared/schemas/v2/catalog.ts:51; schema catalog.ts:CatalogInputsV2:cargo-categories; field guidance,guidance,ZodObject,False,False,"{""type"":""ZodObject"",""optional"":false,""nullable"":false,""fields"":{""recommendedEntryMethods"":{""type"":""ZodArray"",""optional"":false,""nullable"":false,""element"":{""type"":""ZodString"",""optional"":false,""nullable"":false,""checks"":[{""kind"":""trim""},{""kind"":""min"",""value"":1},{""kind"":""max"",""value"":500}]},""maxLength"":{""value"":100}},""intakeSpecificationSchema"":{""type"":""ZodRecord"",""optional"":false,""nullable"":false},""suggestedRequirements"":{""type"":""ZodRecord"",""optional"":false,""nullable"":false},""recommendedVehicleClasses"":{""type"":""ZodArray"",""optional"":false,""nullable"":false,""element"":{""type"":""ZodString"",""optional"":false,""nullable"":false,""checks"":[{""kind"":""trim""},{""kind"":""min"",""value"":1},{""kind"":""max"",""value"":500}]},""maxLength"":{""value"":100}}},""unknownKeys"":""strict""}",cargomesh/src/shared/schemas/v2/catalog.ts:98; schema catalog.ts:CargoCategoryValueV2Schema; field value.guidance,value.guidance,ZodObject,False,False,supabase-v2/supabase/migrations/20260927042808_v2_schema_baseline.sql:1071; supabase-v2/supabase/migrations/20260927042808_v2_schema_baseline.sql:1071; supabase-v2/supabase/migrations/20260927042808_v2_schema_baseline.sql:1071; supabase-v2/supabase/migrations/20260927042808_v2_schema_baseline.sql:1071,cargo-categories,"[{""file"":""roundtrips.json"",""row"":2,""id"":""91541f38-6d39-40b4-b1b4-86f22d1802db"",""state"":""VALUE"",""inputState"":""VALUE"",""inputEqualsRead"":true,""value"":{""recommendedEntryMethods"":[""PACKAGES""],""intakeSpecificationSchema"":{""fields"":[]},""suggestedRequirements"":{},""recommendedVehicleClasses"":[""BOX_TRUCK""]}}]",COMPLETO,Resolved storage and current typed output agree with a concrete POST/GET or measured read projection,HAC-40 / Cristhian,29c385fe0ee501eb4b8b989b0a247c8fdeda62ad,POST /api/v2/cargo-categories; POST /api/v2/cargo-categories/:id/revisions,GET /api/v2/cargo-categories; GET /api/v2/cargo-categories/:id,logs/class-matrix.json: CargoCategory (catalog grants/policies/table ACL); logs/independent-rls-result.json; logs/auth-controls.json
281,CargoCategory,suggestedEquipment,EquipmentType,True,COMPLETO,cargo_categories.suggested_equipment,307,cargo_categories.suggested_equipment,cargo_categories.suggested_equipment,text,YES,None,,,cargomesh/src/shared/schemas/v2/catalog.ts:51; schema catalog.ts:CatalogInputsV2:cargo-categories; field suggestedEquipment,suggestedEquipment,ZodEnum,False,True,"{""type"":""ZodEnum"",""optional"":false,""nullable"":true,""values"":[""BOX_TRUCK"",""REEFER_TRUCK"",""FLATBED"",""TANKER_TRUCK"",""TRACTOR_TRAILER"",""ISO_CONTAINER"",""RAIL_WAGON"",""AIR_ULD""]}",cargomesh/src/shared/schemas/v2/catalog.ts:98; schema catalog.ts:CargoCategoryValueV2Schema; field value.suggestedEquipment,value.suggestedEquipment,ZodEnum,False,True,supabase-v2/supabase/migrations/20261004032151_hac40_catalog.sql:30,cargo-categories,"[{""file"":""roundtrips.json"",""row"":2,""id"":""91541f38-6d39-40b4-b1b4-86f22d1802db"",""state"":""VALUE"",""inputState"":""VALUE"",""inputEqualsRead"":true,""value"":""BOX_TRUCK""}]",COMPLETO,Resolved storage and current typed output agree with a concrete POST/GET or measured read projection,HAC-40 / Cristhian,29c385fe0ee501eb4b8b989b0a247c8fdeda62ad,POST /api/v2/cargo-categories; POST /api/v2/cargo-categories/:id/revisions,GET /api/v2/cargo-categories; GET /api/v2/cargo-categories/:id,logs/class-matrix.json: CargoCategory (catalog grants/policies/table ACL); logs/independent-rls-result.json; logs/auth-controls.json
282,CargoCategory,version,string,False,DIVERGENTE,cargo_categories.version,308,cargo_categories.version,cargo_categories.version,integer,NO,1,cargo_categories_version_check: CHECK ((version > 0)),,NO_WRITABLE_DTO,—,—,—,—,—,cargomesh/src/shared/schemas/v2/catalog.ts:98; schema catalog.ts:CargoCategoryValueV2Schema; field value.version,value.version,ZodString,False,False,supabase-v2/supabase/migrations/20261004032151_hac40_catalog.sql:132,cargo-categories,"[{""file"":""roundtrips.json"",""row"":2,""id"":""91541f38-6d39-40b4-b1b4-86f22d1802db"",""state"":""VALUE"",""inputState"":""MISSING"",""inputEqualsRead"":null,""value"":""1""}]",COMPLETO,Resolved storage and current typed output agree with a concrete POST/GET or measured read projection; Domain string is projected from the technical integer; verify exact POST/GET value and contract-category-version-result.json,HAC-40 / Cristhian,29c385fe0ee501eb4b8b989b0a247c8fdeda62ad,POST /api/v2/cargo-categories; POST /api/v2/cargo-categories/:id/revisions,GET /api/v2/cargo-categories; GET /api/v2/cargo-categories/:id,logs/class-matrix.json: CargoCategory (catalog grants/policies/table ACL); logs/independent-rls-result.json; logs/auth-controls.json
283,LoadAllocation,quantity,number,False,COMPLETO,load_allocations.quantity,309,load_allocations.quantity,load_allocations.quantity,integer,NO,None,load_allocations_quantity_check: CHECK ((quantity > 0)),,GENERATED_BY_PARENT_COMMAND,—,—,—,—,—,cargomesh/src/shared/schemas/v2/workflow.ts:157; schema workflow.ts:WorkflowRecordV2Schema; field data.assignments[].allocations[].quantity,data.assignments[].allocations[].quantity,ZodNumber,False,False,supabase-v2/supabase/migrations/20261004154048_hac40_workflow.sql:316,plans,"[{""file"":""extended-roundtrips.json"",""row"":10,""id"":""baab5007-d56d-4315-bf1a-2191a09288be"",""state"":""VALUE"",""inputState"":""VALUE"",""inputEqualsRead"":true,""value"":1}]",COMPLETO,Resolved storage and current typed output agree with a concrete POST/GET or measured read projection,HAC-40 / Cristhian,29c385fe0ee501eb4b8b989b0a247c8fdeda62ad,POST /api/v2/freight/requests/:requestId/plans,GET /api/v2/freight/requests/:requestId/plans; GET /api/v2/freight/requests/:requestId/plans/:id,logs/class-matrix.json: LoadAllocation (catalog grants/policies/table ACL); logs/independent-rls-result.json; logs/auth-controls.json
284,LoadAllocation,assignedWeightKg,number,False,COMPLETO,load_allocations.assigned_weight_kg,310,load_allocations.assigned_weight_kg,load_allocations.assigned_weight_kg,numeric,NO,None,load_allocations_assigned_weight_kg_check: CHECK ((assigned_weight_kg > (0)::numeric)),,GENERATED_BY_PARENT_COMMAND,—,—,—,—,—,cargomesh/src/shared/schemas/v2/workflow.ts:157; schema workflow.ts:WorkflowRecordV2Schema; field data.assignments[].allocations[].assignedWeightKg,data.assignments[].allocations[].assignedWeightKg,ZodNumber,False,False,supabase-v2/supabase/migrations/20261004154048_hac40_workflow.sql:316,plans,"[{""file"":""extended-roundtrips.json"",""row"":10,""id"":""baab5007-d56d-4315-bf1a-2191a09288be"",""state"":""VALUE"",""inputState"":""MISSING"",""inputEqualsRead"":null,""value"":1000}]",COMPLETO,Resolved storage and current typed output agree with a concrete POST/GET or measured read projection,HAC-40 / Cristhian,29c385fe0ee501eb4b8b989b0a247c8fdeda62ad,POST /api/v2/freight/requests/:requestId/plans,GET /api/v2/freight/requests/:requestId/plans; GET /api/v2/freight/requests/:requestId/plans/:id,logs/class-matrix.json: LoadAllocation (catalog grants/policies/table ACL); logs/independent-rls-result.json; logs/auth-controls.json
285,LoadAllocation,assignedVolumeM3,number,True,COMPLETO,load_allocations.assigned_volume_m3,311,load_allocations.assigned_volume_m3,load_allocations.assigned_volume_m3,numeric,NO,None,load_allocations_assigned_volume_m3_check: CHECK ((assigned_volume_m3 > (0)::numeric)),,GENERATED_BY_PARENT_COMMAND,—,—,—,—,—,cargomesh/src/shared/schemas/v2/workflow.ts:157; schema workflow.ts:WorkflowRecordV2Schema; field data.assignments[].allocations[].assignedVolumeM3,data.assignments[].allocations[].assignedVolumeM3,ZodNumber,False,False,supabase-v2/supabase/migrations/20261004154048_hac40_workflow.sql:316,plans,"[{""file"":""extended-roundtrips.json"",""row"":10,""id"":""baab5007-d56d-4315-bf1a-2191a09288be"",""state"":""VALUE"",""inputState"":""MISSING"",""inputEqualsRead"":null,""value"":2}]",COMPLETO,Resolved storage and current typed output agree with a concrete POST/GET or measured read projection,HAC-40 / Cristhian,29c385fe0ee501eb4b8b989b0a247c8fdeda62ad,POST /api/v2/freight/requests/:requestId/plans,GET /api/v2/freight/requests/:requestId/plans; GET /api/v2/freight/requests/:requestId/plans/:id,logs/class-matrix.json: LoadAllocation (catalog grants/policies/table ACL); logs/independent-rls-result.json; logs/auth-controls.json
286,LoadAllocation,handlingRequirements,Rule[],False,PARCIAL,load_allocations.data.handlingRequirements,312,load_allocations.data.handlingRequirements,load_allocations.data.handlingRequirements,jsonb,NO,None,,,GENERATED_BY_PARENT_COMMAND,—,—,—,—,—,cargomesh/src/shared/schemas/v2/workflow.ts:157; schema workflow.ts:WorkflowRecordV2Schema; field data.assignments[].allocations[].handlingRequirements,data.assignments[].allocations[].handlingRequirements,ZodArray,False,False,supabase-v2/supabase/migrations/20261004154048_hac40_workflow.sql:316,plans,[],PARCIAL,No concrete non-null field value or measured read projection in this cut,HAC-40 / Cristhian,29c385fe0ee501eb4b8b989b0a247c8fdeda62ad,POST /api/v2/freight/requests/:requestId/plans,GET /api/v2/freight/requests/:requestId/plans; GET /api/v2/freight/requests/:requestId/plans/:id,logs/class-matrix.json: LoadAllocation (catalog grants/policies/table ACL); logs/independent-rls-result.json; logs/auth-controls.json
287,LoadAllocation,verification,EvidenceStatus,False,COMPLETO,load_allocations.data.verification,313,load_allocations.data.verification,load_allocations.data.verification,jsonb,NO,None,,,GENERATED_BY_PARENT_COMMAND,—,—,—,—,—,cargomesh/src/shared/schemas/v2/workflow.ts:157; schema workflow.ts:WorkflowRecordV2Schema; field data.assignments[].allocations[].verification,data.assignments[].allocations[].verification,ZodEnum,False,False,supabase-v2/supabase/migrations/20261004154048_hac40_workflow.sql:316,plans,"[{""file"":""extended-roundtrips.json"",""row"":10,""id"":""baab5007-d56d-4315-bf1a-2191a09288be"",""state"":""VALUE"",""inputState"":""MISSING"",""inputEqualsRead"":null,""value"":""SIMULATED""}]",COMPLETO,Resolved storage and current typed output agree with a concrete POST/GET or measured read projection,HAC-40 / Cristhian,29c385fe0ee501eb4b8b989b0a247c8fdeda62ad,POST /api/v2/freight/requests/:requestId/plans,GET /api/v2/freight/requests/:requestId/plans; GET /api/v2/freight/requests/:requestId/plans/:id,logs/class-matrix.json: LoadAllocation (catalog grants/policies/table ACL); logs/independent-rls-result.json; logs/auth-controls.json
288,OrganizationMember,id,MemberId,False,PARCIAL,organization_members.id,314,organization_members.id,organization_members.id,uuid,NO,gen_random_uuid(),"organization_members_auth_user_id_fkey: FOREIGN KEY (auth_user_id) REFERENCES auth.users(id) ON DELETE CASCADE; organization_members_identity_tuple_unique: UNIQUE (id, organization_id, auth_user_id); organization_members_organization_id_fkey: FOREIGN KEY (organization_id) REFERENCES organizations(id) ON DELETE CASCADE; organization_members_pkey: PRIMARY KEY (id)","CREATE INDEX organization_members_auth_user_idx ON public.organization_members USING btree (auth_user_id); CREATE UNIQUE INDEX organization_members_identity_tuple_unique ON public.organization_members USING btree (id, organization_id, auth_user_id); CREATE INDEX organization_members_org_status_idx ON public.organization_members USING btree (organization_id, status); CREATE UNIQUE INDEX organization_members_org_user_unique ON public.organization_members USING btree (organization_id, auth_user_id); CREATE UNIQUE INDEX organization_members_pkey ON public.organization_members USING btree (id)",NO_WRITABLE_DTO,—,—,—,—,—,cargomesh/src/shared/schemas/v2/identity.ts:7; schema identity.ts:OrganizationMemberV2Schema; field id,id,ZodString,False,False,supabase-v2/supabase/migrations/20260927042808_v2_schema_baseline.sql:216,members,"[{""file"":""identity-roundtrips.json"",""row"":1,""id"":""5011173f-80cf-4d93-b7f5-b52eb1ddc6cb"",""state"":""VALUE"",""inputState"":""MISSING"",""inputEqualsRead"":null,""value"":""5011173f-80cf-4d93-b7f5-b52eb1ddc6cb""},{""file"":""identity-roundtrips.json"",""row"":2,""id"":""5011173f-80cf-4d93-b7f5-b52eb1ddc6cb"",""state"":""VALUE"",""inputState"":""MISSING"",""inputEqualsRead"":null,""value"":""5011173f-80cf-4d93-b7f5-b52eb1ddc6cb""},{""file"":""identity-roundtrips.json"",""row"":3,""id"":""5011173f-80cf-4d93-b7f5-b52eb1ddc6cb"",""state"":""VALUE"",""inputState"":""MISSING"",""inputEqualsRead"":null,""value"":""5011173f-80cf-4d93-b7f5-b52eb1ddc6cb""}]",COMPLETO,Resolved storage and current typed output agree with a concrete POST/GET or measured read projection,HAC-41 / Axel,29c385fe0ee501eb4b8b989b0a247c8fdeda62ad,POST /api/v2/organizations/current/members/invitations; POST /api/v2/organizations/current/members/:id/revisions; POST /api/v2/identity/organizations/:organizationId/members/:id/acceptance,GET /api/v2/organizations/current/members,logs/class-matrix.json: OrganizationMember (catalog grants/policies/table ACL); logs/independent-rls-result.json; logs/auth-controls.json
289,OrganizationMember,role,OrganizationRole,False,PARCIAL,organization_members.role,315,organization_members.role,organization_members.role,text,NO,None,"organization_members_role_check: CHECK ((role = ANY (ARRAY['OWNER'::text, 'REQUESTER'::text, 'SUPERVISOR'::text])))",,cargomesh/src/shared/schemas/v2/identity.ts:48; schema identity.ts:MemberInvitationV2Schema; field role,role,ZodEnum,False,False,"{""type"":""ZodEnum"",""optional"":false,""nullable"":false,""values"":[""REQUESTER"",""SUPERVISOR""]}",cargomesh/src/shared/schemas/v2/identity.ts:7; schema identity.ts:OrganizationMemberV2Schema; field role,role,ZodEnum,False,False,supabase-v2/supabase/migrations/20260927042808_v2_schema_baseline.sql:221,members,"[{""file"":""identity-roundtrips.json"",""row"":1,""id"":""5011173f-80cf-4d93-b7f5-b52eb1ddc6cb"",""state"":""VALUE"",""inputState"":""VALUE"",""inputEqualsRead"":true,""value"":""REQUESTER""},{""file"":""identity-roundtrips.json"",""row"":2,""id"":""5011173f-80cf-4d93-b7f5-b52eb1ddc6cb"",""state"":""VALUE"",""inputState"":""MISSING"",""inputEqualsRead"":null,""value"":""REQUESTER""},{""file"":""identity-roundtrips.json"",""row"":3,""id"":""5011173f-80cf-4d93-b7f5-b52eb1ddc6cb"",""state"":""VALUE"",""inputState"":""VALUE"",""inputEqualsRead"":true,""value"":""SUPERVISOR""}]",COMPLETO,Resolved storage and current typed output agree with a concrete POST/GET or measured read projection,HAC-41 / Axel,29c385fe0ee501eb4b8b989b0a247c8fdeda62ad,POST /api/v2/organizations/current/members/invitations; POST /api/v2/organizations/current/members/:id/revisions; POST /api/v2/identity/organizations/:organizationId/members/:id/acceptance,GET /api/v2/organizations/current/members,logs/class-matrix.json: OrganizationMember (catalog grants/policies/table ACL); logs/independent-rls-result.json; logs/auth-controls.json
290,OrganizationMember,status,MemberStatus,False,PARCIAL,organization_members.status,316,organization_members.status,organization_members.status,text,NO,'ACTIVE'::text,"organization_members_status_check: CHECK ((status = ANY (ARRAY['ACTIVE'::text, 'INACTIVE'::text, 'INVITED'::text])))","CREATE INDEX organization_members_org_status_idx ON public.organization_members USING btree (organization_id, status)",NO_WRITABLE_DTO,—,—,—,—,—,cargomesh/src/shared/schemas/v2/identity.ts:7; schema identity.ts:OrganizationMemberV2Schema; field status,status,ZodEnum,False,False,supabase-v2/supabase/migrations/20260927042808_v2_schema_baseline.sql:222,members,"[{""file"":""identity-roundtrips.json"",""row"":1,""id"":""5011173f-80cf-4d93-b7f5-b52eb1ddc6cb"",""state"":""VALUE"",""inputState"":""MISSING"",""inputEqualsRead"":null,""value"":""INVITED""},{""file"":""identity-roundtrips.json"",""row"":2,""id"":""5011173f-80cf-4d93-b7f5-b52eb1ddc6cb"",""state"":""VALUE"",""inputState"":""MISSING"",""inputEqualsRead"":null,""value"":""ACTIVE""},{""file"":""identity-roundtrips.json"",""row"":3,""id"":""5011173f-80cf-4d93-b7f5-b52eb1ddc6cb"",""state"":""VALUE"",""inputState"":""VALUE"",""inputEqualsRead"":true,""value"":""ACTIVE""}]",COMPLETO,Resolved storage and current typed output agree with a concrete POST/GET or measured read projection,HAC-41 / Axel,29c385fe0ee501eb4b8b989b0a247c8fdeda62ad,POST /api/v2/organizations/current/members/invitations; POST /api/v2/organizations/current/members/:id/revisions; POST /api/v2/identity/organizations/:organizationId/members/:id/acceptance,GET /api/v2/organizations/current/members,logs/class-matrix.json: OrganizationMember (catalog grants/policies/table ACL); logs/independent-rls-result.json; logs/auth-controls.json
291,OrganizationMember,contactRef,ContactRef,True,PARCIAL,organization_members.corporate_email,317,organization_members.corporate_email,organization_members.corporate_email,text,NO,None,,,cargomesh/src/shared/schemas/v2/identity.ts:48; schema identity.ts:MemberInvitationV2Schema; field email,email,ZodString,False,False,"{""type"":""ZodString"",""optional"":false,""nullable"":false,""checks"":[{""kind"":""email""}]}",cargomesh/src/shared/schemas/v2/identity.ts:7; schema identity.ts:OrganizationMemberV2Schema; field contactRef,contactRef,ZodString,False,True,supabase-v2/supabase/migrations/20260927042808_v2_schema_baseline.sql:220,members,"[{""file"":""identity-roundtrips.json"",""row"":1,""id"":""5011173f-80cf-4d93-b7f5-b52eb1ddc6cb"",""state"":""VALUE"",""inputState"":""VALUE"",""inputEqualsRead"":true,""value"":""identity-evidence-b451f4cf-84f4-4f55-8b1e-0c7ae5db87be@cargomesh.test""},{""file"":""identity-roundtrips.json"",""row"":2,""id"":""5011173f-80cf-4d93-b7f5-b52eb1ddc6cb"",""state"":""VALUE"",""inputState"":""MISSING"",""inputEqualsRead"":null,""value"":""identity-evidence-b451f4cf-84f4-4f55-8b1e-0c7ae5db87be@cargomesh.test""},{""file"":""identity-roundtrips.json"",""row"":3,""id"":""5011173f-80cf-4d93-b7f5-b52eb1ddc6cb"",""state"":""VALUE"",""inputState"":""MISSING"",""inputEqualsRead"":null,""value"":""identity-evidence-b451f4cf-84f4-4f55-8b1e-0c7ae5db87be@cargomesh.test""}]",COMPLETO,Resolved storage and current typed output agree with a concrete POST/GET or measured read projection,HAC-41 / Axel,29c385fe0ee501eb4b8b989b0a247c8fdeda62ad,POST /api/v2/organizations/current/members/invitations; POST /api/v2/organizations/current/members/:id/revisions; POST /api/v2/identity/organizations/:organizationId/members/:id/acceptance,GET /api/v2/organizations/current/members,logs/class-matrix.json: OrganizationMember (catalog grants/policies/table ACL); logs/independent-rls-result.json; logs/auth-controls.json
292,OrganizationMember,verifiedAt,Instant,True,FALTANTE,organization_members.verified_at,318,organization_members.verified_at,organization_members.verified_at,timestamp with time zone,YES,None,,,NO_WRITABLE_DTO,—,—,—,—,—,cargomesh/src/shared/schemas/v2/identity.ts:7; schema identity.ts:OrganizationMemberV2Schema; field verifiedAt,verifiedAt,ZodString,False,True,supabase-v2/supabase/migrations/20261008235124_hac41_identity_integrations.sql:2,members,"[{""file"":""identity-roundtrips.json"",""row"":1,""id"":""5011173f-80cf-4d93-b7f5-b52eb1ddc6cb"",""state"":""NULL"",""inputState"":""MISSING"",""inputEqualsRead"":null,""value"":null},{""file"":""identity-roundtrips.json"",""row"":2,""id"":""5011173f-80cf-4d93-b7f5-b52eb1ddc6cb"",""state"":""VALUE"",""inputState"":""MISSING"",""inputEqualsRead"":null,""value"":""2026-10-09T18:01:59.686504+00:00""},{""file"":""identity-roundtrips.json"",""row"":3,""id"":""5011173f-80cf-4d93-b7f5-b52eb1ddc6cb"",""state"":""VALUE"",""inputState"":""MISSING"",""inputEqualsRead"":null,""value"":""2026-10-09T18:01:59.686504+00:00""}]",COMPLETO,Resolved storage and current typed output agree with a concrete POST/GET or measured read projection,HAC-41 / Axel,29c385fe0ee501eb4b8b989b0a247c8fdeda62ad,POST /api/v2/organizations/current/members/invitations; POST /api/v2/organizations/current/members/:id/revisions; POST /api/v2/identity/organizations/:organizationId/members/:id/acceptance,GET /api/v2/organizations/current/members,logs/class-matrix.json: OrganizationMember (catalog grants/policies/table ACL); logs/independent-rls-result.json; logs/auth-controls.json
293,McpAccountLink,id,UUID,False,PARCIAL,mcp_account_links.id,319,mcp_account_links.id,mcp_account_links.id,uuid,NO,gen_random_uuid(),"mcp_account_links_auth_user_id_fkey: FOREIGN KEY (auth_user_id) REFERENCES auth.users(id) ON DELETE CASCADE; mcp_account_links_linked_by_user_id_fkey: FOREIGN KEY (linked_by_user_id) REFERENCES auth.users(id); mcp_account_links_member_identity_fk: FOREIGN KEY (organization_member_id, organization_id, auth_user_id) REFERENCES organization_members(id, organization_id, auth_user_id); mcp_account_links_organization_id_fkey: FOREIGN KEY (organization_id) REFERENCES organizations(id) ON DELETE CASCADE; mcp_account_links_pkey: PRIMARY KEY (id); mcp_account_links_revoked_by_user_id_fkey: FOREIGN KEY (revoked_by_user_id) REFERENCES auth.users(id)","CREATE INDEX mcp_account_links_expiry_idx ON public.mcp_account_links USING btree (expires_at) WHERE (status = 'ACTIVE'::text); CREATE INDEX mcp_account_links_org_status_idx ON public.mcp_account_links USING btree (organization_id, status); CREATE UNIQUE INDEX mcp_account_links_pkey ON public.mcp_account_links USING btree (id); CREATE UNIQUE INDEX mcp_account_links_user_client_unique ON public.mcp_account_links USING btree (auth_user_id, oauth_client_id)",NO_WRITABLE_DTO,—,—,—,—,—,cargomesh/src/shared/schemas/v2/identity.ts:24; schema identity.ts:McpAccountLinkV2Schema; field id,id,ZodString,False,False,supabase-v2/supabase/migrations/20261002160000_hac11_mcp_account_links.sql:8,links,"[{""file"":""identity-roundtrips.json"",""row"":8,""id"":""1f30cbc3-d466-4c68-a40d-283ca6347f7b"",""state"":""VALUE"",""inputState"":""MISSING"",""inputEqualsRead"":null,""value"":""1f30cbc3-d466-4c68-a40d-283ca6347f7b""}]",COMPLETO,Resolved storage and current typed output agree with a concrete POST/GET or measured read projection,HAC-41 / Axel,29c385fe0ee501eb4b8b989b0a247c8fdeda62ad,POST /api/v2/identity/mcp/links; POST /api/v2/identity/mcp/links/:id/revocations,GET /api/v2/identity/mcp/links,logs/class-matrix.json: McpAccountLink (catalog grants/policies/table ACL); logs/independent-rls-result.json; logs/auth-controls.json
294,McpAccountLink,authUserId,UUID,False,PARCIAL,mcp_account_links.auth_user_id,320,mcp_account_links.auth_user_id,mcp_account_links.auth_user_id,uuid,NO,None,"mcp_account_links_auth_user_id_fkey: FOREIGN KEY (auth_user_id) REFERENCES auth.users(id) ON DELETE CASCADE; mcp_account_links_member_identity_fk: FOREIGN KEY (organization_member_id, organization_id, auth_user_id) REFERENCES organization_members(id, organization_id, auth_user_id); mcp_account_links_user_client_unique: UNIQUE (auth_user_id, oauth_client_id)","CREATE UNIQUE INDEX mcp_account_links_user_client_unique ON public.mcp_account_links USING btree (auth_user_id, oauth_client_id)",NO_WRITABLE_DTO,—,—,—,—,—,cargomesh/src/shared/schemas/v2/identity.ts:24; schema identity.ts:McpAccountLinkV2Schema; field authUserId,authUserId,ZodString,False,False,supabase-v2/supabase/migrations/20261002160000_hac11_mcp_account_links.sql:9,links,"[{""file"":""identity-roundtrips.json"",""row"":8,""id"":""1f30cbc3-d466-4c68-a40d-283ca6347f7b"",""state"":""VALUE"",""inputState"":""MISSING"",""inputEqualsRead"":null,""value"":""d4410000-0000-4000-8000-000000000001""}]",COMPLETO,Resolved storage and current typed output agree with a concrete POST/GET or measured read projection,HAC-41 / Axel,29c385fe0ee501eb4b8b989b0a247c8fdeda62ad,POST /api/v2/identity/mcp/links; POST /api/v2/identity/mcp/links/:id/revocations,GET /api/v2/identity/mcp/links,logs/class-matrix.json: McpAccountLink (catalog grants/policies/table ACL); logs/independent-rls-result.json; logs/auth-controls.json
295,McpAccountLink,oauthClientId,string,False,PARCIAL,mcp_account_links.oauth_client_id,321,mcp_account_links.oauth_client_id,mcp_account_links.oauth_client_id,text,NO,None,"mcp_account_links_client_valid: CHECK ((((length(oauth_client_id) >= 1) AND (length(oauth_client_id) <= 256)) AND (oauth_client_id !~ '[[:space:]]'::text))); mcp_account_links_user_client_unique: UNIQUE (auth_user_id, oauth_client_id)","CREATE UNIQUE INDEX mcp_account_links_user_client_unique ON public.mcp_account_links USING btree (auth_user_id, oauth_client_id)",cargomesh/src/shared/schemas/v2/identity.ts:31; schema identity.ts:McpConsentV2Schema; field oauthClientId,oauthClientId,ZodString,False,False,"{""type"":""ZodString"",""optional"":false,""nullable"":false,""checks"":[{""kind"":""min"",""value"":1},{""kind"":""max"",""value"":256},{""kind"":""regex"",""regex"":{""source"":""^\\S+$"",""flags"":""""}}]}",cargomesh/src/shared/schemas/v2/identity.ts:24; schema identity.ts:McpAccountLinkV2Schema; field oauthClientId,oauthClientId,ZodString,False,False,supabase-v2/supabase/migrations/20261002160000_hac11_mcp_account_links.sql:11,links,"[{""file"":""identity-roundtrips.json"",""row"":8,""id"":""1f30cbc3-d466-4c68-a40d-283ca6347f7b"",""state"":""VALUE"",""inputState"":""VALUE"",""inputEqualsRead"":true,""value"":""228e7c35-f36f-49e2-a7b0-e6786cc0099d""}]",COMPLETO,Resolved storage and current typed output agree with a concrete POST/GET or measured read projection,HAC-41 / Axel,29c385fe0ee501eb4b8b989b0a247c8fdeda62ad,POST /api/v2/identity/mcp/links; POST /api/v2/identity/mcp/links/:id/revocations,GET /api/v2/identity/mcp/links,logs/class-matrix.json: McpAccountLink (catalog grants/policies/table ACL); logs/independent-rls-result.json; logs/auth-controls.json
296,McpAccountLink,organizationId,UUID,False,PARCIAL,mcp_account_links.organization_id,322,mcp_account_links.organization_id,mcp_account_links.organization_id,uuid,NO,None,"mcp_account_links_member_identity_fk: FOREIGN KEY (organization_member_id, organization_id, auth_user_id) REFERENCES organization_members(id, organization_id, auth_user_id); mcp_account_links_organization_id_fkey: FOREIGN KEY (organization_id) REFERENCES organizations(id) ON DELETE CASCADE","CREATE INDEX mcp_account_links_org_status_idx ON public.mcp_account_links USING btree (organization_id, status)",NO_WRITABLE_DTO,—,—,—,—,—,cargomesh/src/shared/schemas/v2/identity.ts:24; schema identity.ts:McpAccountLinkV2Schema; field organizationId,organizationId,ZodString,False,False,supabase-v2/supabase/migrations/20261002160000_hac11_mcp_account_links.sql:12,links,"[{""file"":""identity-roundtrips.json"",""row"":8,""id"":""1f30cbc3-d466-4c68-a40d-283ca6347f7b"",""state"":""VALUE"",""inputState"":""MISSING"",""inputEqualsRead"":null,""value"":""d4400000-0000-4000-8000-000000000001""}]",COMPLETO,Resolved storage and current typed output agree with a concrete POST/GET or measured read projection,HAC-41 / Axel,29c385fe0ee501eb4b8b989b0a247c8fdeda62ad,POST /api/v2/identity/mcp/links; POST /api/v2/identity/mcp/links/:id/revocations,GET /api/v2/identity/mcp/links,logs/class-matrix.json: McpAccountLink (catalog grants/policies/table ACL); logs/independent-rls-result.json; logs/auth-controls.json
297,McpAccountLink,scopes,string[],False,PARCIAL,mcp_account_links.scopes,323,mcp_account_links.scopes,mcp_account_links.scopes,ARRAY,NO,None,mcp_account_links_scope_valid: CHECK (((cardinality(scopes) = 1) AND (scopes @> ARRAY['mcp:tools'::text]))),,NO_WRITABLE_DTO,—,—,—,—,—,cargomesh/src/shared/schemas/v2/identity.ts:24; schema identity.ts:McpAccountLinkV2Schema; field scopes,scopes,ZodTuple,False,False,supabase-v2/supabase/migrations/20261002160000_hac11_mcp_account_links.sql:13,links,"[{""file"":""identity-roundtrips.json"",""row"":8,""id"":""1f30cbc3-d466-4c68-a40d-283ca6347f7b"",""state"":""VALUE"",""inputState"":""MISSING"",""inputEqualsRead"":null,""value"":[""mcp:tools""]}]",COMPLETO,Resolved storage and current typed output agree with a concrete POST/GET or measured read projection,HAC-41 / Axel,29c385fe0ee501eb4b8b989b0a247c8fdeda62ad,POST /api/v2/identity/mcp/links; POST /api/v2/identity/mcp/links/:id/revocations,GET /api/v2/identity/mcp/links,logs/class-matrix.json: McpAccountLink (catalog grants/policies/table ACL); logs/independent-rls-result.json; logs/auth-controls.json
298,McpAccountLink,provider,ALEXA_PLUS | OTHER,False,FALTANTE,mcp_account_links.provider,324,mcp_account_links.provider,mcp_account_links.provider,text,YES,None,"mcp_account_links_provider_check: CHECK ((provider = ANY (ARRAY['ALEXA_PLUS'::text, 'OTHER'::text])))",,NO_WRITABLE_DTO,—,—,—,—,—,cargomesh/src/shared/schemas/v2/identity.ts:24; schema identity.ts:McpAccountLinkV2Schema; field provider,provider,ZodEnum,False,True,supabase-v2/supabase/migrations/20261008235124_hac41_identity_integrations.sql:5,links,"[{""file"":""identity-roundtrips.json"",""row"":8,""id"":""1f30cbc3-d466-4c68-a40d-283ca6347f7b"",""state"":""VALUE"",""inputState"":""MISSING"",""inputEqualsRead"":null,""value"":""OTHER""}]",DIVERGENTE,Required UML field permits null/absence in the measured output contract,HAC-41 / Axel,29c385fe0ee501eb4b8b989b0a247c8fdeda62ad,POST /api/v2/identity/mcp/links; POST /api/v2/identity/mcp/links/:id/revocations,GET /api/v2/identity/mcp/links,logs/class-matrix.json: McpAccountLink (catalog grants/policies/table ACL); logs/independent-rls-result.json; logs/auth-controls.json
299,McpAccountLink,externalSubjectRef,OpaqueId,False,FALTANTE,mcp_account_links.external_subject_ref,325,mcp_account_links.external_subject_ref,mcp_account_links.external_subject_ref,text,YES,None,mcp_account_links_external_subject_ref_check: CHECK (((length(external_subject_ref) >= 1) AND (length(external_subject_ref) <= 256))),,NO_WRITABLE_DTO,—,—,—,—,—,cargomesh/src/shared/schemas/v2/identity.ts:24; schema identity.ts:McpAccountLinkV2Schema; field externalSubjectRef,externalSubjectRef,ZodString,False,True,supabase-v2/supabase/migrations/20261008235124_hac41_identity_integrations.sql:5,links,"[{""file"":""identity-roundtrips.json"",""row"":8,""id"":""1f30cbc3-d466-4c68-a40d-283ca6347f7b"",""state"":""VALUE"",""inputState"":""MISSING"",""inputEqualsRead"":null,""value"":""d4410000-0000-4000-8000-000000000001""}]",DIVERGENTE,Required UML field permits null/absence in the measured output contract,HAC-41 / Axel,29c385fe0ee501eb4b8b989b0a247c8fdeda62ad,POST /api/v2/identity/mcp/links; POST /api/v2/identity/mcp/links/:id/revocations,GET /api/v2/identity/mcp/links,logs/class-matrix.json: McpAccountLink (catalog grants/policies/table ACL); logs/independent-rls-result.json; logs/auth-controls.json
300,McpAccountLink,status,LinkStatus,False,PARCIAL,mcp_account_links.status,326,mcp_account_links.status,mcp_account_links.status,text,NO,'ACTIVE'::text,"mcp_account_links_revocation_valid: CHECK ((((status = 'ACTIVE'::text) AND (revoked_at IS NULL) AND (revoked_by_user_id IS NULL)) OR ((status = 'REVOKED'::text) AND (revoked_at IS NOT NULL) AND (revoked_by_user_id IS NOT NULL)))); mcp_account_links_status_valid: CHECK ((status = ANY (ARRAY['ACTIVE'::text, 'REVOKED'::text])))","CREATE INDEX mcp_account_links_expiry_idx ON public.mcp_account_links USING btree (expires_at) WHERE (status = 'ACTIVE'::text); CREATE INDEX mcp_account_links_org_status_idx ON public.mcp_account_links USING btree (organization_id, status)",NO_WRITABLE_DTO,—,—,—,—,—,cargomesh/src/shared/schemas/v2/identity.ts:24; schema identity.ts:McpAccountLinkV2Schema; field status,status,ZodEnum,False,False,supabase-v2/supabase/migrations/20261002160000_hac11_mcp_account_links.sql:14,links,"[{""file"":""identity-roundtrips.json"",""row"":8,""id"":""1f30cbc3-d466-4c68-a40d-283ca6347f7b"",""state"":""VALUE"",""inputState"":""MISSING"",""inputEqualsRead"":null,""value"":""ACTIVE""}]",COMPLETO,Resolved storage and current typed output agree with a concrete POST/GET or measured read projection,HAC-41 / Axel,29c385fe0ee501eb4b8b989b0a247c8fdeda62ad,POST /api/v2/identity/mcp/links; POST /api/v2/identity/mcp/links/:id/revocations,GET /api/v2/identity/mcp/links,logs/class-matrix.json: McpAccountLink (catalog grants/policies/table ACL); logs/independent-rls-result.json; logs/auth-controls.json
301,McpAccountLink,verifiedAt,Instant,False,FALTANTE,mcp_account_links.verified_at,327,mcp_account_links.verified_at,mcp_account_links.verified_at,timestamp with time zone,YES,None,,,NO_WRITABLE_DTO,—,—,—,—,—,cargomesh/src/shared/schemas/v2/identity.ts:24; schema identity.ts:McpAccountLinkV2Schema; field verifiedAt,verifiedAt,ZodString,False,True,supabase-v2/supabase/migrations/20261008235124_hac41_identity_integrations.sql:5,links,"[{""file"":""identity-roundtrips.json"",""row"":8,""id"":""1f30cbc3-d466-4c68-a40d-283ca6347f7b"",""state"":""VALUE"",""inputState"":""MISSING"",""inputEqualsRead"":null,""value"":""2026-10-09T18:02:10.05976+00:00""}]",DIVERGENTE,Required UML field permits null/absence in the measured output contract,HAC-41 / Axel,29c385fe0ee501eb4b8b989b0a247c8fdeda62ad,POST /api/v2/identity/mcp/links; POST /api/v2/identity/mcp/links/:id/revocations,GET /api/v2/identity/mcp/links,logs/class-matrix.json: McpAccountLink (catalog grants/policies/table ACL); logs/independent-rls-result.json; logs/auth-controls.json
302,McpAccountLink,revokedAt,Instant,True,PARCIAL,mcp_account_links.revoked_at,328,mcp_account_links.revoked_at,mcp_account_links.revoked_at,timestamp with time zone,YES,None,mcp_account_links_revocation_time_valid: CHECK (((revoked_at IS NULL) OR (revoked_at >= linked_at))); mcp_account_links_revocation_valid: CHECK ((((status = 'ACTIVE'::text) AND (revoked_at IS NULL) AND (revoked_by_user_id IS NULL)) OR ((status = 'REVOKED'::text) AND (revoked_at IS NOT NULL) AND (revoked_by_user_id IS NOT NULL)))),,NO_WRITABLE_DTO,—,—,—,—,—,cargomesh/src/shared/schemas/v2/identity.ts:24; schema identity.ts:McpAccountLinkV2Schema; field revokedAt,revokedAt,ZodString,False,True,supabase-v2/supabase/migrations/20261002160000_hac11_mcp_account_links.sql:17,links,"[{""file"":""identity-roundtrips.json"",""row"":8,""id"":""1f30cbc3-d466-4c68-a40d-283ca6347f7b"",""state"":""NULL"",""inputState"":""MISSING"",""inputEqualsRead"":null,""value"":null}]",PARCIAL,No concrete non-null field value or measured read projection in this cut,HAC-41 / Axel,29c385fe0ee501eb4b8b989b0a247c8fdeda62ad,POST /api/v2/identity/mcp/links; POST /api/v2/identity/mcp/links/:id/revocations,GET /api/v2/identity/mcp/links,logs/class-matrix.json: McpAccountLink (catalog grants/policies/table ACL); logs/independent-rls-result.json; logs/auth-controls.json
303,McpAccountLink,expiresAt,Instant,True,PARCIAL,mcp_account_links.expires_at,329,mcp_account_links.expires_at,mcp_account_links.expires_at,timestamp with time zone,NO,None,mcp_account_links_lifetime_valid: CHECK ((expires_at > linked_at)),CREATE INDEX mcp_account_links_expiry_idx ON public.mcp_account_links USING btree (expires_at) WHERE (status = 'ACTIVE'::text),NO_WRITABLE_DTO,—,—,—,—,—,cargomesh/src/shared/schemas/v2/identity.ts:24; schema identity.ts:McpAccountLinkV2Schema; field expiresAt,expiresAt,ZodString,False,True,supabase-v2/supabase/migrations/20261002160000_hac11_mcp_account_links.sql:16,links,"[{""file"":""identity-roundtrips.json"",""row"":8,""id"":""1f30cbc3-d466-4c68-a40d-283ca6347f7b"",""state"":""VALUE"",""inputState"":""MISSING"",""inputEqualsRead"":null,""value"":""2026-10-09T18:12:10.05976+00:00""}]",COMPLETO,Resolved storage and current typed output agree with a concrete POST/GET or measured read projection,HAC-41 / Axel,29c385fe0ee501eb4b8b989b0a247c8fdeda62ad,POST /api/v2/identity/mcp/links; POST /api/v2/identity/mcp/links/:id/revocations,GET /api/v2/identity/mcp/links,logs/class-matrix.json: McpAccountLink (catalog grants/policies/table ACL); logs/independent-rls-result.json; logs/auth-controls.json
304,RepositioningBlock,occupiedWindow,TimeWindow,False,COMPLETO,repositioning_blocks.starts_at; repositioning_blocks.ends_at,330,repositioning_blocks.starts_at; repositioning_blocks.ends_at,repositioning_blocks.starts_at; repositioning_blocks.ends_at,timestamp with time zone; timestamp with time zone,NO; NO,None; None,repositioning_blocks_check: CHECK ((ends_at > starts_at)),"CREATE INDEX repositioning_blocks_calendar_window_idx ON public.repositioning_blocks USING btree (capacity_calendar_id, starts_at, ends_at)",cargomesh/src/shared/schemas/v2/catalog.ts:1; schema catalog.ts:CatalogInputsV2:repositioning-blocks; field occupiedWindow,occupiedWindow,ZodObject,False,False,"{""type"":""ZodObject"",""optional"":false,""nullable"":false,""fields"":{""startsAt"":{""type"":""ZodString"",""optional"":false,""nullable"":false,""checks"":[{""kind"":""datetime"",""precision"":null,""offset"":true,""local"":false}]},""endsAt"":{""type"":""ZodString"",""optional"":false,""nullable"":false,""checks"":[{""kind"":""datetime"",""precision"":null,""offset"":true,""local"":false}]}},""unknownKeys"":""strict""}",cargomesh/src/shared/schemas/v2/fleet.ts:62; schema fleet.ts:FleetOutputsV2:repositioning-blocks; field value.occupiedWindow,value.occupiedWindow,ZodObject,False,False,supabase-v2/supabase/migrations/20260927064713_hac12_road_vertical.sql:156; supabase-v2/supabase/migrations/20260927064713_hac12_road_vertical.sql:157,repositioning-blocks,"[{""file"":""roundtrips.json"",""row"":16,""id"":""15df12f1-885e-40e1-8909-754a32869656"",""state"":""VALUE"",""inputState"":""VALUE"",""inputEqualsRead"":false,""value"":{""startsAt"":""2027-01-12T00:00:00+00:00"",""endsAt"":""2027-01-13T00:00:00+00:00""}}]",COMPLETO,Resolved storage and current typed output agree with a concrete POST/GET or measured read projection,HAC-40 / Cristhian,29c385fe0ee501eb4b8b989b0a247c8fdeda62ad,POST /api/v2/carriers/:carrierId/repositioning-blocks; POST /api/v2/carriers/:carrierId/repositioning-blocks/:id/revisions,GET /api/v2/carriers/:carrierId/repositioning-blocks; GET /api/v2/carriers/:carrierId/repositioning-blocks/:id,logs/class-matrix.json: RepositioningBlock (catalog grants/policies/table ACL); logs/independent-rls-result.json; logs/auth-controls.json
305,RepositioningBlock,origin,GeoLocation,False,DIVERGENTE,repositioning_blocks.origin,331,repositioning_blocks.origin,repositioning_blocks.origin,jsonb,YES,None,,,cargomesh/src/shared/schemas/v2/catalog.ts:1; schema catalog.ts:CatalogInputsV2:repositioning-blocks; field origin,origin,ZodObject,False,False,"{""type"":""ZodObject"",""optional"":false,""nullable"":false,""fields"":{""label"":{""type"":""ZodString"",""optional"":false,""nullable"":false,""checks"":[{""kind"":""min"",""value"":1}]},""countryCode"":{""type"":""ZodString"",""optional"":false,""nullable"":false,""checks"":[{""kind"":""regex"",""regex"":{""source"":""^[A-Z]{2}$"",""flags"":""""}}]},""region"":{""type"":""ZodString"",""optional"":false,""nullable"":true,""checks"":[]},""city"":{""type"":""ZodString"",""optional"":false,""nullable"":false,""checks"":[{""kind"":""min"",""value"":1}]},""lat"":{""type"":""ZodNumber"",""optional"":false,""nullable"":true,""checks"":[{""kind"":""min"",""value"":-90,""inclusive"":true},{""kind"":""max"",""value"":90,""inclusive"":true}]},""lng"":{""type"":""ZodNumber"",""optional"":false,""nullable"":true,""checks"":[{""kind"":""min"",""value"":-180,""inclusive"":true},{""kind"":""max"",""value"":180,""inclusive"":true}]}},""unknownKeys"":""strict""}",cargomesh/src/shared/schemas/v2/fleet.ts:62; schema fleet.ts:FleetOutputsV2:repositioning-blocks; field value.origin,value.origin,ZodObject,False,False,supabase-v2/supabase/migrations/20261004042259_hac40_fleet.sql:44,repositioning-blocks,"[{""file"":""roundtrips.json"",""row"":16,""id"":""15df12f1-885e-40e1-8909-754a32869656"",""state"":""VALUE"",""inputState"":""VALUE"",""inputEqualsRead"":true,""value"":{""label"":""Synthetic Lima"",""countryCode"":""PE"",""region"":""LIM"",""city"":""Lima"",""lat"":-12,""lng"":-77}}]",PARCIAL,Nullable physical column requires field-specific command proof,HAC-40 / Cristhian,29c385fe0ee501eb4b8b989b0a247c8fdeda62ad,POST /api/v2/carriers/:carrierId/repositioning-blocks; POST /api/v2/carriers/:carrierId/repositioning-blocks/:id/revisions,GET /api/v2/carriers/:carrierId/repositioning-blocks; GET /api/v2/carriers/:carrierId/repositioning-blocks/:id,logs/class-matrix.json: RepositioningBlock (catalog grants/policies/table ACL); logs/independent-rls-result.json; logs/auth-controls.json
306,RepositioningBlock,nextPickup,GeoLocation,False,DIVERGENTE,repositioning_blocks.next_pickup,332,repositioning_blocks.next_pickup,repositioning_blocks.next_pickup,jsonb,YES,None,,,cargomesh/src/shared/schemas/v2/catalog.ts:1; schema catalog.ts:CatalogInputsV2:repositioning-blocks; field nextPickup,nextPickup,ZodObject,False,False,"{""type"":""ZodObject"",""optional"":false,""nullable"":false,""fields"":{""label"":{""type"":""ZodString"",""optional"":false,""nullable"":false,""checks"":[{""kind"":""min"",""value"":1}]},""countryCode"":{""type"":""ZodString"",""optional"":false,""nullable"":false,""checks"":[{""kind"":""regex"",""regex"":{""source"":""^[A-Z]{2}$"",""flags"":""""}}]},""region"":{""type"":""ZodString"",""optional"":false,""nullable"":true,""checks"":[]},""city"":{""type"":""ZodString"",""optional"":false,""nullable"":false,""checks"":[{""kind"":""min"",""value"":1}]},""lat"":{""type"":""ZodNumber"",""optional"":false,""nullable"":true,""checks"":[{""kind"":""min"",""value"":-90,""inclusive"":true},{""kind"":""max"",""value"":90,""inclusive"":true}]},""lng"":{""type"":""ZodNumber"",""optional"":false,""nullable"":true,""checks"":[{""kind"":""min"",""value"":-180,""inclusive"":true},{""kind"":""max"",""value"":180,""inclusive"":true}]}},""unknownKeys"":""strict""}",cargomesh/src/shared/schemas/v2/fleet.ts:62; schema fleet.ts:FleetOutputsV2:repositioning-blocks; field value.nextPickup,value.nextPickup,ZodObject,False,False,supabase-v2/supabase/migrations/20261004042259_hac40_fleet.sql:44,repositioning-blocks,"[{""file"":""roundtrips.json"",""row"":16,""id"":""15df12f1-885e-40e1-8909-754a32869656"",""state"":""VALUE"",""inputState"":""VALUE"",""inputEqualsRead"":true,""value"":{""label"":""Synthetic Lima"",""countryCode"":""PE"",""region"":""LIM"",""city"":""Lima"",""lat"":-12,""lng"":-77}}]",PARCIAL,Nullable physical column requires field-specific command proof,HAC-40 / Cristhian,29c385fe0ee501eb4b8b989b0a247c8fdeda62ad,POST /api/v2/carriers/:carrierId/repositioning-blocks; POST /api/v2/carriers/:carrierId/repositioning-blocks/:id/revisions,GET /api/v2/carriers/:carrierId/repositioning-blocks; GET /api/v2/carriers/:carrierId/repositioning-blocks/:id,logs/class-matrix.json: RepositioningBlock (catalog grants/policies/table ACL); logs/independent-rls-result.json; logs/auth-controls.json
307,RepositioningBlock,estimatedTravel,Duration,False,PARCIAL,repositioning_blocks.estimated_travel_seconds,333,repositioning_blocks.estimated_travel_seconds,repositioning_blocks.estimated_travel_seconds,integer,YES,None,repositioning_blocks_estimated_travel_seconds_check: CHECK ((estimated_travel_seconds > 0)),,cargomesh/src/shared/schemas/v2/catalog.ts:1; schema catalog.ts:CatalogInputsV2:repositioning-blocks; field estimatedTravelSeconds,estimatedTravelSeconds,ZodNumber,False,False,"{""type"":""ZodNumber"",""optional"":false,""nullable"":false,""checks"":[{""kind"":""int""},{""kind"":""min"",""value"":0,""inclusive"":false}]}",cargomesh/src/shared/schemas/v2/fleet.ts:62; schema fleet.ts:FleetOutputsV2:repositioning-blocks; field value.estimatedTravelSeconds,value.estimatedTravelSeconds,ZodNumber,False,False,supabase-v2/supabase/migrations/20261004042259_hac40_fleet.sql:44,repositioning-blocks,"[{""file"":""roundtrips.json"",""row"":16,""id"":""15df12f1-885e-40e1-8909-754a32869656"",""state"":""VALUE"",""inputState"":""VALUE"",""inputEqualsRead"":true,""value"":3600}]",PARCIAL,Nullable physical column requires field-specific command proof,HAC-40 / Cristhian,29c385fe0ee501eb4b8b989b0a247c8fdeda62ad,POST /api/v2/carriers/:carrierId/repositioning-blocks; POST /api/v2/carriers/:carrierId/repositioning-blocks/:id/revisions,GET /api/v2/carriers/:carrierId/repositioning-blocks; GET /api/v2/carriers/:carrierId/repositioning-blocks/:id,logs/class-matrix.json: RepositioningBlock (catalog grants/policies/table ACL); logs/independent-rls-result.json; logs/auth-controls.json
308,RepositioningBlock,status,BlockStatus,False,COMPLETO,repositioning_blocks.status,334,repositioning_blocks.status,repositioning_blocks.status,text,NO,'PLANNED'::text,"repositioning_blocks_status_check: CHECK ((status = ANY (ARRAY['PLANNED'::text, 'IN_PROGRESS'::text, 'COMPLETED'::text, 'CANCELLED'::text])))",,cargomesh/src/shared/schemas/v2/catalog.ts:1; schema catalog.ts:CatalogInputsV2:repositioning-blocks; field status,status,ZodEnum,False,False,"{""type"":""ZodEnum"",""optional"":false,""nullable"":false,""values"":[""PLANNED"",""IN_PROGRESS"",""COMPLETED"",""CANCELLED""]}",cargomesh/src/shared/schemas/v2/fleet.ts:62; schema fleet.ts:FleetOutputsV2:repositioning-blocks; field value.status,value.status,ZodEnum,False,False,supabase-v2/supabase/migrations/20261004042259_hac40_fleet.sql:44,repositioning-blocks,"[{""file"":""roundtrips.json"",""row"":16,""id"":""15df12f1-885e-40e1-8909-754a32869656"",""state"":""VALUE"",""inputState"":""VALUE"",""inputEqualsRead"":true,""value"":""PLANNED""}]",COMPLETO,Resolved storage and current typed output agree with a concrete POST/GET or measured read projection,HAC-40 / Cristhian,29c385fe0ee501eb4b8b989b0a247c8fdeda62ad,POST /api/v2/carriers/:carrierId/repositioning-blocks; POST /api/v2/carriers/:carrierId/repositioning-blocks/:id/revisions,GET /api/v2/carriers/:carrierId/repositioning-blocks; GET /api/v2/carriers/:carrierId/repositioning-blocks/:id,logs/class-matrix.json: RepositioningBlock (catalog grants/policies/table ACL); logs/independent-rls-result.json; logs/auth-controls.json
309,RepositioningBlock,source,DataSource,False,DIVERGENTE,repositioning_blocks.source,335,repositioning_blocks.source,repositioning_blocks.source,text,YES,None,,,cargomesh/src/shared/schemas/v2/catalog.ts:1; schema catalog.ts:CatalogInputsV2:repositioning-blocks; field source,source,ZodString,False,False,"{""type"":""ZodString"",""optional"":false,""nullable"":false,""checks"":[{""kind"":""trim""},{""kind"":""min"",""value"":1},{""kind"":""max"",""value"":500}]}",cargomesh/src/shared/schemas/v2/fleet.ts:62; schema fleet.ts:FleetOutputsV2:repositioning-blocks; field value.source,value.source,ZodString,False,False,supabase-v2/supabase/migrations/20261004042259_hac40_fleet.sql:44,repositioning-blocks,"[{""file"":""roundtrips.json"",""row"":16,""id"":""15df12f1-885e-40e1-8909-754a32869656"",""state"":""VALUE"",""inputState"":""VALUE"",""inputEqualsRead"":true,""value"":""fixture:dispatch""}]",PARCIAL,Nullable physical column requires field-specific command proof,HAC-40 / Cristhian,29c385fe0ee501eb4b8b989b0a247c8fdeda62ad,POST /api/v2/carriers/:carrierId/repositioning-blocks; POST /api/v2/carriers/:carrierId/repositioning-blocks/:id/revisions,GET /api/v2/carriers/:carrierId/repositioning-blocks; GET /api/v2/carriers/:carrierId/repositioning-blocks/:id,logs/class-matrix.json: RepositioningBlock (catalog grants/policies/table ACL); logs/independent-rls-result.json; logs/auth-controls.json
310,OrganizationPreferences,objective,RankingObjective,True,COMPLETO,organization_preferences.objective,336,organization_preferences.objective,organization_preferences.objective,text,YES,None,"organization_preferences_objective_check: CHECK ((objective = ANY (ARRAY['LOWEST_COST'::text, 'FASTEST'::text, 'WEIGHTED'::text])))",,cargomesh/src/shared/schemas/v2/catalog.ts:44; schema catalog.ts:CatalogInputsV2:preferences; field objective,objective,ZodEnum,False,True,"{""type"":""ZodEnum"",""optional"":false,""nullable"":true,""values"":[""LOWEST_COST"",""FASTEST"",""WEIGHTED""]}",cargomesh/src/shared/schemas/v2/catalog.ts:44; schema catalog.ts:CatalogInputsV2:preferences; field value.objective,value.objective,ZodEnum,False,True,supabase-v2/supabase/migrations/20261004032151_hac40_catalog.sql:23,preferences,"[{""file"":""roundtrips.json"",""row"":1,""id"":""727c8bc8-fae0-4133-afdc-c24facc1d10c"",""state"":""VALUE"",""inputState"":""VALUE"",""inputEqualsRead"":true,""value"":""WEIGHTED""}]",COMPLETO,Resolved storage and current typed output agree with a concrete POST/GET or measured read projection,HAC-40 / Cristhian,29c385fe0ee501eb4b8b989b0a247c8fdeda62ad,POST /api/v2/organizations/current/preferences; POST /api/v2/organizations/current/preferences/:id/revisions,GET /api/v2/organizations/current/preferences; GET /api/v2/organizations/current/preferences/:id,logs/class-matrix.json: OrganizationPreferences (catalog grants/policies/table ACL); logs/independent-rls-result.json; logs/auth-controls.json
311,OrganizationPreferences,maximumWait,Duration,True,COMPLETO,organization_preferences.maximum_wait_minutes,337,organization_preferences.maximum_wait_minutes,organization_preferences.maximum_wait_minutes,integer,YES,None,organization_preferences_maximum_wait_minutes_check: CHECK (((maximum_wait_minutes >= 0) AND (maximum_wait_minutes <= 525600))),,cargomesh/src/shared/schemas/v2/catalog.ts:44; schema catalog.ts:CatalogInputsV2:preferences; field maximumWaitMinutes,maximumWaitMinutes,ZodNumber,False,True,"{""type"":""ZodNumber"",""optional"":false,""nullable"":true,""checks"":[{""kind"":""int""},{""kind"":""min"",""value"":0,""inclusive"":true},{""kind"":""max"",""value"":525600,""inclusive"":true}]}",cargomesh/src/shared/schemas/v2/catalog.ts:44; schema catalog.ts:CatalogInputsV2:preferences; field value.maximumWaitMinutes,value.maximumWaitMinutes,ZodNumber,False,True,supabase-v2/supabase/migrations/20261004032151_hac40_catalog.sql:23,preferences,"[{""file"":""roundtrips.json"",""row"":1,""id"":""727c8bc8-fae0-4133-afdc-c24facc1d10c"",""state"":""VALUE"",""inputState"":""VALUE"",""inputEqualsRead"":true,""value"":180}]",COMPLETO,Resolved storage and current typed output agree with a concrete POST/GET or measured read projection,HAC-40 / Cristhian,29c385fe0ee501eb4b8b989b0a247c8fdeda62ad,POST /api/v2/organizations/current/preferences; POST /api/v2/organizations/current/preferences/:id/revisions,GET /api/v2/organizations/current/preferences; GET /api/v2/organizations/current/preferences/:id,logs/class-matrix.json: OrganizationPreferences (catalog grants/policies/table ACL); logs/independent-rls-result.json; logs/auth-controls.json
312,OrganizationPreferences,preferredMode,TransportMode,True,COMPLETO,organization_preferences.preferred_mode,338,organization_preferences.preferred_mode,organization_preferences.preferred_mode,text,YES,None,"organization_preferences_preferred_mode_check: CHECK ((preferred_mode = ANY (ARRAY['ROAD'::text, 'RAIL'::text, 'SEA'::text, 'AIR'::text])))",,cargomesh/src/shared/schemas/v2/catalog.ts:44; schema catalog.ts:CatalogInputsV2:preferences; field preferredMode,preferredMode,ZodEnum,False,True,"{""type"":""ZodEnum"",""optional"":false,""nullable"":true,""values"":[""ROAD"",""RAIL"",""SEA"",""AIR""]}",cargomesh/src/shared/schemas/v2/catalog.ts:44; schema catalog.ts:CatalogInputsV2:preferences; field value.preferredMode,value.preferredMode,ZodEnum,False,True,supabase-v2/supabase/migrations/20261004032151_hac40_catalog.sql:23,preferences,"[{""file"":""roundtrips.json"",""row"":1,""id"":""727c8bc8-fae0-4133-afdc-c24facc1d10c"",""state"":""VALUE"",""inputState"":""VALUE"",""inputEqualsRead"":true,""value"":""ROAD""}]",COMPLETO,Resolved storage and current typed output agree with a concrete POST/GET or measured read projection,HAC-40 / Cristhian,29c385fe0ee501eb4b8b989b0a247c8fdeda62ad,POST /api/v2/organizations/current/preferences; POST /api/v2/organizations/current/preferences/:id/revisions,GET /api/v2/organizations/current/preferences; GET /api/v2/organizations/current/preferences/:id,logs/class-matrix.json: OrganizationPreferences (catalog grants/policies/table ACL); logs/independent-rls-result.json; logs/auth-controls.json
313,OrganizationPreferences,preferredEquipment,EquipmentType,True,COMPLETO,organization_preferences.preferred_equipment,339,organization_preferences.preferred_equipment,organization_preferences.preferred_equipment,text,YES,None,,,cargomesh/src/shared/schemas/v2/catalog.ts:44; schema catalog.ts:CatalogInputsV2:preferences; field preferredEquipment,preferredEquipment,ZodEnum,False,True,"{""type"":""ZodEnum"",""optional"":false,""nullable"":true,""values"":[""BOX_TRUCK"",""REEFER_TRUCK"",""FLATBED"",""TANKER_TRUCK"",""TRACTOR_TRAILER"",""ISO_CONTAINER"",""RAIL_WAGON"",""AIR_ULD""]}",cargomesh/src/shared/schemas/v2/catalog.ts:44; schema catalog.ts:CatalogInputsV2:preferences; field value.preferredEquipment,value.preferredEquipment,ZodEnum,False,True,supabase-v2/supabase/migrations/20261004032151_hac40_catalog.sql:23,preferences,"[{""file"":""roundtrips.json"",""row"":1,""id"":""727c8bc8-fae0-4133-afdc-c24facc1d10c"",""state"":""VALUE"",""inputState"":""VALUE"",""inputEqualsRead"":true,""value"":""REEFER_TRUCK""}]",COMPLETO,Resolved storage and current typed output agree with a concrete POST/GET or measured read projection,HAC-40 / Cristhian,29c385fe0ee501eb4b8b989b0a247c8fdeda62ad,POST /api/v2/organizations/current/preferences; POST /api/v2/organizations/current/preferences/:id/revisions,GET /api/v2/organizations/current/preferences; GET /api/v2/organizations/current/preferences/:id,logs/class-matrix.json: OrganizationPreferences (catalog grants/policies/table ACL); logs/independent-rls-result.json; logs/auth-controls.json
314,OrganizationPreferences,usualBudget,Money,True,COMPLETO,organization_preferences.usual_budget,340,organization_preferences.usual_budget,organization_preferences.usual_budget,jsonb,YES,None,,,cargomesh/src/shared/schemas/v2/catalog.ts:44; schema catalog.ts:CatalogInputsV2:preferences; field usualBudget,usualBudget,ZodObject,False,True,"{""type"":""ZodObject"",""optional"":false,""nullable"":true,""fields"":{""amount"":{""type"":""ZodNumber"",""optional"":false,""nullable"":false,""checks"":[{""kind"":""min"",""value"":0,""inclusive"":false}]},""currency"":{""type"":""ZodLiteral"",""optional"":false,""nullable"":false,""value"":""USD""}},""unknownKeys"":""strict""}",cargomesh/src/shared/schemas/v2/catalog.ts:44; schema catalog.ts:CatalogInputsV2:preferences; field value.usualBudget,value.usualBudget,ZodObject,False,True,supabase-v2/supabase/migrations/20261004032151_hac40_catalog.sql:23,preferences,"[{""file"":""roundtrips.json"",""row"":1,""id"":""727c8bc8-fae0-4133-afdc-c24facc1d10c"",""state"":""VALUE"",""inputState"":""VALUE"",""inputEqualsRead"":true,""value"":{""amount"":1000,""currency"":""USD""}}]",COMPLETO,Resolved storage and current typed output agree with a concrete POST/GET or measured read projection,HAC-40 / Cristhian,29c385fe0ee501eb4b8b989b0a247c8fdeda62ad,POST /api/v2/organizations/current/preferences; POST /api/v2/organizations/current/preferences/:id/revisions,GET /api/v2/organizations/current/preferences; GET /api/v2/organizations/current/preferences/:id,logs/class-matrix.json: OrganizationPreferences (catalog grants/policies/table ACL); logs/independent-rls-result.json; logs/auth-controls.json
315,OrganizationPreferences,validUntil,Instant,True,PARCIAL,organization_preferences.valid_until,341,organization_preferences.valid_until,organization_preferences.valid_until,timestamp with time zone,YES,None,,,cargomesh/src/shared/schemas/v2/catalog.ts:44; schema catalog.ts:CatalogInputsV2:preferences; field validUntil,validUntil,ZodString,False,True,"{""type"":""ZodString"",""optional"":false,""nullable"":true,""checks"":[{""kind"":""datetime"",""precision"":null,""offset"":true,""local"":false}]}",cargomesh/src/shared/schemas/v2/catalog.ts:44; schema catalog.ts:CatalogInputsV2:preferences; field value.validUntil,value.validUntil,ZodString,False,True,supabase-v2/supabase/migrations/20261004032151_hac40_catalog.sql:23,preferences,"[{""file"":""roundtrips.json"",""row"":1,""id"":""727c8bc8-fae0-4133-afdc-c24facc1d10c"",""state"":""NULL"",""inputState"":""NULL"",""inputEqualsRead"":true,""value"":null}]",PARCIAL,No concrete non-null field value or measured read projection in this cut,HAC-40 / Cristhian,29c385fe0ee501eb4b8b989b0a247c8fdeda62ad,POST /api/v2/organizations/current/preferences; POST /api/v2/organizations/current/preferences/:id/revisions,GET /api/v2/organizations/current/preferences; GET /api/v2/organizations/current/preferences/:id,logs/class-matrix.json: OrganizationPreferences (catalog grants/policies/table ACL); logs/independent-rls-result.json; logs/auth-controls.json
316,CarrierMetric,period,TimeWindow,False,COMPLETO,v2_carrier_metrics.data.period,342,v2_carrier_metrics.data.period,v2_carrier_metrics.data.period,jsonb,NO,None,v2_carrier_metrics_data_check: CHECK ((jsonb_typeof(data) = 'object'::text)),,cargomesh/src/shared/schemas/v2/workflow.ts:51; schema workflow.ts:WorkflowInputsV2:metrics.publish; field period,period,ZodObject,False,False,"{""type"":""ZodObject"",""optional"":false,""nullable"":false,""fields"":{""startsAt"":{""type"":""ZodString"",""optional"":false,""nullable"":false,""checks"":[{""kind"":""datetime"",""precision"":null,""offset"":true,""local"":false}]},""endsAt"":{""type"":""ZodString"",""optional"":false,""nullable"":false,""checks"":[{""kind"":""datetime"",""precision"":null,""offset"":true,""local"":false}]}},""unknownKeys"":""strict""}",cargomesh/src/shared/schemas/v2/workflow.ts:157; schema workflow.ts:WorkflowRecordV2Schema; field data.period,data.period,ZodObject,False,False,supabase-v2/supabase/migrations/20261004154048_hac40_workflow.sql:127,metrics,"[{""file"":""extended-roundtrips.json"",""row"":14,""id"":""3d3e17fa-4f72-431b-9e1e-aeb73441a07e"",""state"":""VALUE"",""inputState"":""VALUE"",""inputEqualsRead"":true,""value"":{""startsAt"":""2020-01-01T00:00:00Z"",""endsAt"":""2026-01-01T00:00:00Z""}}]",COMPLETO,Resolved storage and current typed output agree with a concrete POST/GET or measured read projection,HAC-40 / Cristhian,29c385fe0ee501eb4b8b989b0a247c8fdeda62ad,POST /api/v2/carriers/:carrierId/metrics; POST /api/v2/carriers/:carrierId/metrics/:id/revisions,GET /api/v2/carriers/:carrierId/metrics; GET /api/v2/carriers/:carrierId/metrics/:id,logs/class-matrix.json: CarrierMetric (catalog grants/policies/table ACL); logs/independent-rls-result.json; logs/auth-controls.json
317,CarrierMetric,corridorRef,CorridorId,True,COMPLETO,v2_carrier_metrics.data.corridorId,343,v2_carrier_metrics.data.corridorId,v2_carrier_metrics.data.corridorId,jsonb,NO,None,v2_carrier_metrics_data_check: CHECK ((jsonb_typeof(data) = 'object'::text)),,cargomesh/src/shared/schemas/v2/workflow.ts:51; schema workflow.ts:WorkflowInputsV2:metrics.publish; field corridorId,corridorId,ZodString,False,True,"{""type"":""ZodString"",""optional"":false,""nullable"":true,""checks"":[{""kind"":""uuid""}]}",cargomesh/src/shared/schemas/v2/workflow.ts:157; schema workflow.ts:WorkflowRecordV2Schema; field data.corridorId,data.corridorId,ZodString,False,True,supabase-v2/supabase/migrations/20261004154048_hac40_workflow.sql:127,metrics,"[{""file"":""extended-roundtrips.json"",""row"":14,""id"":""3d3e17fa-4f72-431b-9e1e-aeb73441a07e"",""state"":""VALUE"",""inputState"":""VALUE"",""inputEqualsRead"":true,""value"":""13909c38-6780-479b-93c3-1ed75caa1c24""}]",COMPLETO,Resolved storage and current typed output agree with a concrete POST/GET or measured read projection,HAC-40 / Cristhian,29c385fe0ee501eb4b8b989b0a247c8fdeda62ad,POST /api/v2/carriers/:carrierId/metrics; POST /api/v2/carriers/:carrierId/metrics/:id/revisions,GET /api/v2/carriers/:carrierId/metrics; GET /api/v2/carriers/:carrierId/metrics/:id,logs/class-matrix.json: CarrierMetric (catalog grants/policies/table ACL); logs/independent-rls-result.json; logs/auth-controls.json
318,CarrierMetric,mode,TransportMode,True,COMPLETO,v2_carrier_metrics.data.mode,344,v2_carrier_metrics.data.mode,v2_carrier_metrics.data.mode,jsonb,NO,None,v2_carrier_metrics_data_check: CHECK ((jsonb_typeof(data) = 'object'::text)),,cargomesh/src/shared/schemas/v2/workflow.ts:51; schema workflow.ts:WorkflowInputsV2:metrics.publish; field mode,mode,ZodEnum,False,True,"{""type"":""ZodEnum"",""optional"":false,""nullable"":true,""values"":[""ROAD"",""RAIL"",""SEA"",""AIR""]}",cargomesh/src/shared/schemas/v2/workflow.ts:157; schema workflow.ts:WorkflowRecordV2Schema; field data.mode,data.mode,ZodEnum,False,True,supabase-v2/supabase/migrations/20261004154048_hac40_workflow.sql:127,metrics,"[{""file"":""extended-roundtrips.json"",""row"":14,""id"":""3d3e17fa-4f72-431b-9e1e-aeb73441a07e"",""state"":""VALUE"",""inputState"":""VALUE"",""inputEqualsRead"":true,""value"":""ROAD""}]",COMPLETO,Resolved storage and current typed output agree with a concrete POST/GET or measured read projection,HAC-40 / Cristhian,29c385fe0ee501eb4b8b989b0a247c8fdeda62ad,POST /api/v2/carriers/:carrierId/metrics; POST /api/v2/carriers/:carrierId/metrics/:id/revisions,GET /api/v2/carriers/:carrierId/metrics; GET /api/v2/carriers/:carrierId/metrics/:id,logs/class-matrix.json: CarrierMetric (catalog grants/policies/table ACL); logs/independent-rls-result.json; logs/auth-controls.json
319,CarrierMetric,sampleSize,number,False,COMPLETO,v2_carrier_metrics.data.sampleSize,345,v2_carrier_metrics.data.sampleSize,v2_carrier_metrics.data.sampleSize,jsonb,NO,None,v2_carrier_metrics_data_check: CHECK ((jsonb_typeof(data) = 'object'::text)),,cargomesh/src/shared/schemas/v2/workflow.ts:51; schema workflow.ts:WorkflowInputsV2:metrics.publish; field sampleSize,sampleSize,ZodNumber,False,False,"{""type"":""ZodNumber"",""optional"":false,""nullable"":false,""checks"":[{""kind"":""int""},{""kind"":""min"",""value"":0,""inclusive"":false}]}",cargomesh/src/shared/schemas/v2/workflow.ts:157; schema workflow.ts:WorkflowRecordV2Schema; field data.sampleSize,data.sampleSize,ZodNumber,False,False,supabase-v2/supabase/migrations/20261004154048_hac40_workflow.sql:127,metrics,"[{""file"":""extended-roundtrips.json"",""row"":14,""id"":""3d3e17fa-4f72-431b-9e1e-aeb73441a07e"",""state"":""VALUE"",""inputState"":""VALUE"",""inputEqualsRead"":true,""value"":50}]",COMPLETO,Resolved storage and current typed output agree with a concrete POST/GET or measured read projection,HAC-40 / Cristhian,29c385fe0ee501eb4b8b989b0a247c8fdeda62ad,POST /api/v2/carriers/:carrierId/metrics; POST /api/v2/carriers/:carrierId/metrics/:id/revisions,GET /api/v2/carriers/:carrierId/metrics; GET /api/v2/carriers/:carrierId/metrics/:id,logs/class-matrix.json: CarrierMetric (catalog grants/policies/table ACL); logs/independent-rls-result.json; logs/auth-controls.json
320,CarrierMetric,onTimeRate,number,True,COMPLETO,v2_carrier_metrics.data.onTimeRate,346,v2_carrier_metrics.data.onTimeRate,v2_carrier_metrics.data.onTimeRate,jsonb,NO,None,v2_carrier_metrics_data_check: CHECK ((jsonb_typeof(data) = 'object'::text)),,cargomesh/src/shared/schemas/v2/workflow.ts:51; schema workflow.ts:WorkflowInputsV2:metrics.publish; field onTimeRate,onTimeRate,ZodNumber,False,True,"{""type"":""ZodNumber"",""optional"":false,""nullable"":true,""checks"":[{""kind"":""min"",""value"":0,""inclusive"":true},{""kind"":""max"",""value"":1,""inclusive"":true}]}",cargomesh/src/shared/schemas/v2/workflow.ts:157; schema workflow.ts:WorkflowRecordV2Schema; field data.onTimeRate,data.onTimeRate,ZodNumber,False,True,supabase-v2/supabase/migrations/20261004154048_hac40_workflow.sql:127,metrics,"[{""file"":""extended-roundtrips.json"",""row"":14,""id"":""3d3e17fa-4f72-431b-9e1e-aeb73441a07e"",""state"":""VALUE"",""inputState"":""VALUE"",""inputEqualsRead"":true,""value"":0.9}]",COMPLETO,Resolved storage and current typed output agree with a concrete POST/GET or measured read projection,HAC-40 / Cristhian,29c385fe0ee501eb4b8b989b0a247c8fdeda62ad,POST /api/v2/carriers/:carrierId/metrics; POST /api/v2/carriers/:carrierId/metrics/:id/revisions,GET /api/v2/carriers/:carrierId/metrics; GET /api/v2/carriers/:carrierId/metrics/:id,logs/class-matrix.json: CarrierMetric (catalog grants/policies/table ACL); logs/independent-rls-result.json; logs/auth-controls.json
321,CarrierMetric,successfulDeliveryRate,number,True,COMPLETO,v2_carrier_metrics.data.successfulDeliveryRate,347,v2_carrier_metrics.data.successfulDeliveryRate,v2_carrier_metrics.data.successfulDeliveryRate,jsonb,NO,None,v2_carrier_metrics_data_check: CHECK ((jsonb_typeof(data) = 'object'::text)),,cargomesh/src/shared/schemas/v2/workflow.ts:51; schema workflow.ts:WorkflowInputsV2:metrics.publish; field successfulDeliveryRate,successfulDeliveryRate,ZodNumber,False,True,"{""type"":""ZodNumber"",""optional"":false,""nullable"":true,""checks"":[{""kind"":""min"",""value"":0,""inclusive"":true},{""kind"":""max"",""value"":1,""inclusive"":true}]}",cargomesh/src/shared/schemas/v2/workflow.ts:157; schema workflow.ts:WorkflowRecordV2Schema; field data.successfulDeliveryRate,data.successfulDeliveryRate,ZodNumber,False,True,supabase-v2/supabase/migrations/20261004154048_hac40_workflow.sql:127,metrics,"[{""file"":""extended-roundtrips.json"",""row"":14,""id"":""3d3e17fa-4f72-431b-9e1e-aeb73441a07e"",""state"":""VALUE"",""inputState"":""VALUE"",""inputEqualsRead"":true,""value"":0.98}]",COMPLETO,Resolved storage and current typed output agree with a concrete POST/GET or measured read projection,HAC-40 / Cristhian,29c385fe0ee501eb4b8b989b0a247c8fdeda62ad,POST /api/v2/carriers/:carrierId/metrics; POST /api/v2/carriers/:carrierId/metrics/:id/revisions,GET /api/v2/carriers/:carrierId/metrics; GET /api/v2/carriers/:carrierId/metrics/:id,logs/class-matrix.json: CarrierMetric (catalog grants/policies/table ACL); logs/independent-rls-result.json; logs/auth-controls.json
322,CarrierMetric,source,DataSource,False,COMPLETO,v2_carrier_metrics.data.source,348,v2_carrier_metrics.data.source,v2_carrier_metrics.data.source,jsonb,NO,None,v2_carrier_metrics_data_check: CHECK ((jsonb_typeof(data) = 'object'::text)),,cargomesh/src/shared/schemas/v2/workflow.ts:51; schema workflow.ts:WorkflowInputsV2:metrics.publish; field source,source,ZodObject,False,False,"{""type"":""ZodObject"",""optional"":false,""nullable"":false,""fields"":{""reference"":{""type"":""ZodString"",""optional"":false,""nullable"":false,""checks"":[{""kind"":""trim""},{""kind"":""min"",""value"":1},{""kind"":""max"",""value"":500}]},""provider"":{""type"":""ZodString"",""optional"":false,""nullable"":false,""checks"":[{""kind"":""trim""},{""kind"":""min"",""value"":1},{""kind"":""max"",""value"":150}]},""observedAt"":{""type"":""ZodString"",""optional"":false,""nullable"":false,""checks"":[{""kind"":""datetime"",""precision"":null,""offset"":true,""local"":false}]},""validUntil"":{""type"":""ZodString"",""optional"":false,""nullable"":true,""checks"":[{""kind"":""datetime"",""precision"":null,""offset"":true,""local"":false}]},""provenanceStatus"":{""type"":""ZodEnum"",""optional"":false,""nullable"":false,""values"":[""VERIFIED"",""ESTIMATED"",""SIMULATED"",""UNKNOWN""]}},""unknownKeys"":""strict""}",cargomesh/src/shared/schemas/v2/workflow.ts:157; schema workflow.ts:WorkflowRecordV2Schema; field data.source,data.source,ZodObject,False,False,supabase-v2/supabase/migrations/20261004154048_hac40_workflow.sql:127,metrics,"[{""file"":""extended-roundtrips.json"",""row"":14,""id"":""3d3e17fa-4f72-431b-9e1e-aeb73441a07e"",""state"":""VALUE"",""inputState"":""VALUE"",""inputEqualsRead"":true,""value"":{""reference"":""fixture:workflow"",""provider"":""Synthetic QA"",""observedAt"":""2020-01-01T00:00:00Z"",""validUntil"":""2030-01-01T00:00:00Z"",""provenanceStatus"":""SIMULATED""}}]",COMPLETO,Resolved storage and current typed output agree with a concrete POST/GET or measured read projection,HAC-40 / Cristhian,29c385fe0ee501eb4b8b989b0a247c8fdeda62ad,POST /api/v2/carriers/:carrierId/metrics; POST /api/v2/carriers/:carrierId/metrics/:id/revisions,GET /api/v2/carriers/:carrierId/metrics; GET /api/v2/carriers/:carrierId/metrics/:id,logs/class-matrix.json: CarrierMetric (catalog grants/policies/table ACL); logs/independent-rls-result.json; logs/auth-controls.json
323,VehicleCombination,id,UUID,False,COMPLETO,vehicle_combinations.id,349,vehicle_combinations.id,vehicle_combinations.id,uuid,NO,gen_random_uuid(),"vehicle_combinations_carrier_id_fkey: FOREIGN KEY (carrier_id) REFERENCES carriers(id); vehicle_combinations_carrier_service_id_carrier_id_fkey: FOREIGN KEY (carrier_service_id, carrier_id) REFERENCES carrier_services(id, carrier_id); vehicle_combinations_id_carrier_id_carrier_service_id_key: UNIQUE (id, carrier_id, carrier_service_id); vehicle_combinations_pkey: PRIMARY KEY (id)","CREATE INDEX vehicle_combinations_crew_scope_idx ON public.vehicle_combinations USING btree (carrier_id, created_at, id); CREATE INDEX vehicle_combinations_crew_service_idx ON public.vehicle_combinations USING btree (carrier_service_id); CREATE UNIQUE INDEX vehicle_combinations_id_carrier_id_carrier_service_id_key ON public.vehicle_combinations USING btree (id, carrier_id, carrier_service_id); CREATE UNIQUE INDEX vehicle_combinations_pkey ON public.vehicle_combinations USING btree (id)",NO_WRITABLE_DTO,—,—,—,—,—,cargomesh/src/shared/schemas/v2/catalog.ts:104; schema catalog.ts:CatalogRecordV2Schema; field id,id,ZodString,False,False,supabase-v2/supabase/migrations/20261004080506_hac40_crew_assignments.sql:34,vehicle-combinations,"[{""file"":""roundtrips.json"",""row"":18,""id"":""708097a7-88b8-4f3d-9047-d81dd215b045"",""state"":""VALUE"",""inputState"":""MISSING"",""inputEqualsRead"":null,""value"":""708097a7-88b8-4f3d-9047-d81dd215b045""}]",COMPLETO,Resolved storage and current typed output agree with a concrete POST/GET or measured read projection,HAC-40 / Cristhian,29c385fe0ee501eb4b8b989b0a247c8fdeda62ad,POST /api/v2/carriers/:carrierId/vehicle-combinations; POST /api/v2/carriers/:carrierId/vehicle-combinations/:id/revisions,GET /api/v2/carriers/:carrierId/vehicle-combinations; GET /api/v2/carriers/:carrierId/vehicle-combinations/:id,logs/class-matrix.json: VehicleCombination (catalog grants/policies/table ACL); logs/independent-rls-result.json; logs/auth-controls.json
324,VehicleCombination,kind,CombinationType,False,COMPLETO,vehicle_combinations.kind,350,vehicle_combinations.kind,vehicle_combinations.kind,text,NO,None,,,cargomesh/src/shared/schemas/v2/catalog.ts:1; schema catalog.ts:CatalogInputsV2:vehicle-combinations; field kind,kind,ZodString,False,False,"{""type"":""ZodString"",""optional"":false,""nullable"":false,""checks"":[{""kind"":""trim""},{""kind"":""min"",""value"":1},{""kind"":""max"",""value"":500}]}",cargomesh/src/shared/schemas/v2/catalog.ts:1; schema catalog.ts:CatalogInputsV2:vehicle-combinations; field value.kind,value.kind,ZodString,False,False,supabase-v2/supabase/migrations/20261004080506_hac40_crew_assignments.sql:35,vehicle-combinations,"[{""file"":""roundtrips.json"",""row"":18,""id"":""708097a7-88b8-4f3d-9047-d81dd215b045"",""state"":""VALUE"",""inputState"":""VALUE"",""inputEqualsRead"":true,""value"":""QA_COUPLING""}]",COMPLETO,Resolved storage and current typed output agree with a concrete POST/GET or measured read projection,HAC-40 / Cristhian,29c385fe0ee501eb4b8b989b0a247c8fdeda62ad,POST /api/v2/carriers/:carrierId/vehicle-combinations; POST /api/v2/carriers/:carrierId/vehicle-combinations/:id/revisions,GET /api/v2/carriers/:carrierId/vehicle-combinations; GET /api/v2/carriers/:carrierId/vehicle-combinations/:id,logs/class-matrix.json: VehicleCombination (catalog grants/policies/table ACL); logs/independent-rls-result.json; logs/auth-controls.json
325,VehicleCombination,configuration,string,False,COMPLETO,vehicle_combinations.configuration,351,vehicle_combinations.configuration,vehicle_combinations.configuration,text,NO,None,,,cargomesh/src/shared/schemas/v2/catalog.ts:1; schema catalog.ts:CatalogInputsV2:vehicle-combinations; field configuration,configuration,ZodString,False,False,"{""type"":""ZodString"",""optional"":false,""nullable"":false,""checks"":[{""kind"":""trim""},{""kind"":""min"",""value"":1},{""kind"":""max"",""value"":500}]}",cargomesh/src/shared/schemas/v2/catalog.ts:1; schema catalog.ts:CatalogInputsV2:vehicle-combinations; field value.configuration,value.configuration,ZodString,False,False,supabase-v2/supabase/migrations/20261004080506_hac40_crew_assignments.sql:35,vehicle-combinations,"[{""file"":""roundtrips.json"",""row"":18,""id"":""708097a7-88b8-4f3d-9047-d81dd215b045"",""state"":""VALUE"",""inputState"":""VALUE"",""inputEqualsRead"":true,""value"":""Synthetic pair""}]",COMPLETO,Resolved storage and current typed output agree with a concrete POST/GET or measured read projection,HAC-40 / Cristhian,29c385fe0ee501eb4b8b989b0a247c8fdeda62ad,POST /api/v2/carriers/:carrierId/vehicle-combinations; POST /api/v2/carriers/:carrierId/vehicle-combinations/:id/revisions,GET /api/v2/carriers/:carrierId/vehicle-combinations; GET /api/v2/carriers/:carrierId/vehicle-combinations/:id,logs/class-matrix.json: VehicleCombination (catalog grants/policies/table ACL); logs/independent-rls-result.json; logs/auth-controls.json
326,VehicleCombination,coupledWindow,TimeWindow,True,COMPLETO,vehicle_combinations.starts_at; vehicle_combinations.ends_at,352,vehicle_combinations.starts_at; vehicle_combinations.ends_at,vehicle_combinations.starts_at; vehicle_combinations.ends_at,timestamp with time zone; timestamp with time zone,YES; YES,None; None,vehicle_combinations_check: CHECK ((((starts_at IS NULL) AND (ends_at IS NULL)) OR (ends_at > starts_at))); vehicle_combinations_check1: CHECK (((status <> 'COUPLED'::text) OR ((starts_at IS NOT NULL) AND (ends_at IS NOT NULL)))),,cargomesh/src/shared/schemas/v2/catalog.ts:1; schema catalog.ts:CatalogInputsV2:vehicle-combinations; field coupledWindow,coupledWindow,ZodObject,False,True,"{""type"":""ZodObject"",""optional"":false,""nullable"":true,""fields"":{""startsAt"":{""type"":""ZodString"",""optional"":false,""nullable"":false,""checks"":[{""kind"":""datetime"",""precision"":null,""offset"":true,""local"":false}]},""endsAt"":{""type"":""ZodString"",""optional"":false,""nullable"":false,""checks"":[{""kind"":""datetime"",""precision"":null,""offset"":true,""local"":false}]}},""unknownKeys"":""strict""}",cargomesh/src/shared/schemas/v2/catalog.ts:1; schema catalog.ts:CatalogInputsV2:vehicle-combinations; field value.coupledWindow,value.coupledWindow,ZodObject,False,True,supabase-v2/supabase/migrations/20261004080506_hac40_crew_assignments.sql:33 (generic DDL/dispatch; see catalog); supabase-v2/supabase/migrations/20261004080506_hac40_crew_assignments.sql:33 (generic DDL/dispatch; see catalog),vehicle-combinations,"[{""file"":""roundtrips.json"",""row"":18,""id"":""708097a7-88b8-4f3d-9047-d81dd215b045"",""state"":""VALUE"",""inputState"":""VALUE"",""inputEqualsRead"":false,""value"":{""startsAt"":""2027-01-15T08:00:00+00:00"",""endsAt"":""2027-01-15T12:00:00+00:00""}}]",COMPLETO,Resolved storage and current typed output agree with a concrete POST/GET or measured read projection,HAC-40 / Cristhian,29c385fe0ee501eb4b8b989b0a247c8fdeda62ad,POST /api/v2/carriers/:carrierId/vehicle-combinations; POST /api/v2/carriers/:carrierId/vehicle-combinations/:id/revisions,GET /api/v2/carriers/:carrierId/vehicle-combinations; GET /api/v2/carriers/:carrierId/vehicle-combinations/:id,logs/class-matrix.json: VehicleCombination (catalog grants/policies/table ACL); logs/independent-rls-result.json; logs/auth-controls.json
327,VehicleCombination,evidence,EvidenceRef[],False,COMPLETO,vehicle_combinations.evidence,353,vehicle_combinations.evidence,vehicle_combinations.evidence,jsonb,NO,None,vehicle_combinations_evidence_check: CHECK ((jsonb_typeof(evidence) = 'array'::text)),,cargomesh/src/shared/schemas/v2/catalog.ts:1; schema catalog.ts:CatalogInputsV2:vehicle-combinations; field evidence,evidence,ZodArray,False,False,"{""type"":""ZodArray"",""optional"":false,""nullable"":false,""element"":{""type"":""ZodObject"",""optional"":false,""nullable"":false,""fields"":{""reference"":{""type"":""ZodString"",""optional"":false,""nullable"":false,""checks"":[{""kind"":""trim""},{""kind"":""min"",""value"":1},{""kind"":""max"",""value"":500}]},""verifiedAt"":{""type"":""ZodString"",""optional"":false,""nullable"":false,""checks"":[{""kind"":""datetime"",""precision"":null,""offset"":true,""local"":false}]},""validUntil"":{""type"":""ZodString"",""optional"":false,""nullable"":false,""checks"":[{""kind"":""datetime"",""precision"":null,""offset"":true,""local"":false}]},""provenanceStatus"":{""type"":""ZodEnum"",""optional"":false,""nullable"":false,""values"":[""VERIFIED"",""ESTIMATED"",""SIMULATED"",""UNKNOWN""]}},""unknownKeys"":""strict""},""maxLength"":{""value"":100}}",cargomesh/src/shared/schemas/v2/catalog.ts:1; schema catalog.ts:CatalogInputsV2:vehicle-combinations; field value.evidence,value.evidence,ZodArray,False,False,supabase-v2/supabase/migrations/20261004080506_hac40_crew_assignments.sql:35,vehicle-combinations,"[{""file"":""roundtrips.json"",""row"":18,""id"":""708097a7-88b8-4f3d-9047-d81dd215b045"",""state"":""VALUE"",""inputState"":""VALUE"",""inputEqualsRead"":true,""value"":[{""reference"":""fixture:crew"",""verifiedAt"":""2026-01-01T00:00:00Z"",""validUntil"":""2027-03-01T00:00:00Z"",""provenanceStatus"":""SIMULATED""}]}]",COMPLETO,Resolved storage and current typed output agree with a concrete POST/GET or measured read projection,HAC-40 / Cristhian,29c385fe0ee501eb4b8b989b0a247c8fdeda62ad,POST /api/v2/carriers/:carrierId/vehicle-combinations; POST /api/v2/carriers/:carrierId/vehicle-combinations/:id/revisions,GET /api/v2/carriers/:carrierId/vehicle-combinations; GET /api/v2/carriers/:carrierId/vehicle-combinations/:id,logs/class-matrix.json: VehicleCombination (catalog grants/policies/table ACL); logs/independent-rls-result.json; logs/auth-controls.json
328,VehicleCombination,combinedTareKg,number,True,COMPLETO,vehicle_combinations.combined_tare_kg,354,vehicle_combinations.combined_tare_kg,vehicle_combinations.combined_tare_kg,numeric,YES,None,vehicle_combinations_check2: CHECK (((combined_tare_kg IS NULL) OR (gross_weight_limit_kg IS NULL) OR (combined_tare_kg < gross_weight_limit_kg))); vehicle_combinations_combined_tare_kg_check: CHECK ((combined_tare_kg >= (0)::numeric)),,cargomesh/src/shared/schemas/v2/catalog.ts:1; schema catalog.ts:CatalogInputsV2:vehicle-combinations; field combinedTareKg,combinedTareKg,ZodNumber,False,True,"{""type"":""ZodNumber"",""optional"":false,""nullable"":true,""checks"":[{""kind"":""finite""},{""kind"":""min"",""value"":0,""inclusive"":true}]}",cargomesh/src/shared/schemas/v2/catalog.ts:1; schema catalog.ts:CatalogInputsV2:vehicle-combinations; field value.combinedTareKg,value.combinedTareKg,ZodNumber,False,True,supabase-v2/supabase/migrations/20261004080506_hac40_crew_assignments.sql:36,vehicle-combinations,"[{""file"":""roundtrips.json"",""row"":18,""id"":""708097a7-88b8-4f3d-9047-d81dd215b045"",""state"":""VALUE"",""inputState"":""VALUE"",""inputEqualsRead"":true,""value"":5000}]",COMPLETO,Resolved storage and current typed output agree with a concrete POST/GET or measured read projection,HAC-40 / Cristhian,29c385fe0ee501eb4b8b989b0a247c8fdeda62ad,POST /api/v2/carriers/:carrierId/vehicle-combinations; POST /api/v2/carriers/:carrierId/vehicle-combinations/:id/revisions,GET /api/v2/carriers/:carrierId/vehicle-combinations; GET /api/v2/carriers/:carrierId/vehicle-combinations/:id,logs/class-matrix.json: VehicleCombination (catalog grants/policies/table ACL); logs/independent-rls-result.json; logs/auth-controls.json
329,VehicleCombination,grossWeightLimitKg,number,True,COMPLETO,vehicle_combinations.gross_weight_limit_kg,355,vehicle_combinations.gross_weight_limit_kg,vehicle_combinations.gross_weight_limit_kg,numeric,YES,None,vehicle_combinations_check2: CHECK (((combined_tare_kg IS NULL) OR (gross_weight_limit_kg IS NULL) OR (combined_tare_kg < gross_weight_limit_kg))); vehicle_combinations_gross_weight_limit_kg_check: CHECK ((gross_weight_limit_kg > (0)::numeric)),,cargomesh/src/shared/schemas/v2/catalog.ts:1; schema catalog.ts:CatalogInputsV2:vehicle-combinations; field grossWeightLimitKg,grossWeightLimitKg,ZodNumber,False,True,"{""type"":""ZodNumber"",""optional"":false,""nullable"":true,""checks"":[{""kind"":""finite""},{""kind"":""min"",""value"":0,""inclusive"":false}]}",cargomesh/src/shared/schemas/v2/catalog.ts:1; schema catalog.ts:CatalogInputsV2:vehicle-combinations; field value.grossWeightLimitKg,value.grossWeightLimitKg,ZodNumber,False,True,supabase-v2/supabase/migrations/20261004080506_hac40_crew_assignments.sql:36,vehicle-combinations,"[{""file"":""roundtrips.json"",""row"":18,""id"":""708097a7-88b8-4f3d-9047-d81dd215b045"",""state"":""VALUE"",""inputState"":""VALUE"",""inputEqualsRead"":true,""value"":15000}]",COMPLETO,Resolved storage and current typed output agree with a concrete POST/GET or measured read projection,HAC-40 / Cristhian,29c385fe0ee501eb4b8b989b0a247c8fdeda62ad,POST /api/v2/carriers/:carrierId/vehicle-combinations; POST /api/v2/carriers/:carrierId/vehicle-combinations/:id/revisions,GET /api/v2/carriers/:carrierId/vehicle-combinations; GET /api/v2/carriers/:carrierId/vehicle-combinations/:id,logs/class-matrix.json: VehicleCombination (catalog grants/policies/table ACL); logs/independent-rls-result.json; logs/auth-controls.json
330,VehicleCombination,status,CombinationStatus,False,COMPLETO,vehicle_combinations.status,356,vehicle_combinations.status,vehicle_combinations.status,text,NO,None,"vehicle_combinations_check1: CHECK (((status <> 'COUPLED'::text) OR ((starts_at IS NOT NULL) AND (ends_at IS NOT NULL)))); vehicle_combinations_status_check: CHECK ((status = ANY (ARRAY['PROPOSED'::text, 'COUPLED'::text, 'RELEASED'::text, 'CANCELLED'::text])))",,cargomesh/src/shared/schemas/v2/catalog.ts:1; schema catalog.ts:CatalogInputsV2:vehicle-combinations; field status,status,ZodEnum,False,False,"{""type"":""ZodEnum"",""optional"":false,""nullable"":false,""values"":[""PROPOSED"",""COUPLED"",""RELEASED"",""CANCELLED""]}",cargomesh/src/shared/schemas/v2/catalog.ts:1; schema catalog.ts:CatalogInputsV2:vehicle-combinations; field value.status,value.status,ZodEnum,False,False,supabase-v2/supabase/migrations/20261004080506_hac40_crew_assignments.sql:37,vehicle-combinations,"[{""file"":""roundtrips.json"",""row"":18,""id"":""708097a7-88b8-4f3d-9047-d81dd215b045"",""state"":""VALUE"",""inputState"":""VALUE"",""inputEqualsRead"":true,""value"":""PROPOSED""}]",COMPLETO,Resolved storage and current typed output agree with a concrete POST/GET or measured read projection,HAC-40 / Cristhian,29c385fe0ee501eb4b8b989b0a247c8fdeda62ad,POST /api/v2/carriers/:carrierId/vehicle-combinations; POST /api/v2/carriers/:carrierId/vehicle-combinations/:id/revisions,GET /api/v2/carriers/:carrierId/vehicle-combinations; GET /api/v2/carriers/:carrierId/vehicle-combinations/:id,logs/class-matrix.json: VehicleCombination (catalog grants/policies/table ACL); logs/independent-rls-result.json; logs/auth-controls.json
331,ServiceArea,role,PICKUP | DELIVERY,False,COMPLETO,service_areas.area_role,357,service_areas.area_role,service_areas.area_role,text,NO,None,"service_areas_area_role_check: CHECK ((area_role = ANY (ARRAY['PICKUP'::text, 'DELIVERY'::text])))","CREATE INDEX service_areas_service_role_active_idx ON public.service_areas USING btree (carrier_service_id, area_role, active)",cargomesh/src/shared/schemas/v2/catalog.ts:71; schema catalog.ts:CatalogInputsV2:areas; field role,role,ZodEnum,False,False,"{""type"":""ZodEnum"",""optional"":false,""nullable"":false,""values"":[""PICKUP"",""DELIVERY""]}",cargomesh/src/shared/schemas/v2/catalog.ts:71; schema catalog.ts:CatalogInputsV2:areas; field value.role,value.role,ZodEnum,False,False,supabase-v2/supabase/migrations/20260927042808_v2_schema_baseline.sql:3292,areas,"[{""file"":""roundtrips.json"",""row"":8,""id"":""e9433281-9471-44d0-897d-a1ce4bbebea0"",""state"":""VALUE"",""inputState"":""VALUE"",""inputEqualsRead"":true,""value"":""PICKUP""}]",COMPLETO,Resolved storage and current typed output agree with a concrete POST/GET or measured read projection,HAC-40 / Cristhian,29c385fe0ee501eb4b8b989b0a247c8fdeda62ad,POST /api/v2/carriers/:carrierId/services/:serviceId/areas; POST /api/v2/carriers/:carrierId/services/:serviceId/areas/:id/revisions,GET /api/v2/carriers/:carrierId/services/:serviceId/areas; GET /api/v2/carriers/:carrierId/services/:serviceId/areas/:id,logs/class-matrix.json: ServiceArea (catalog grants/policies/table ACL); logs/independent-rls-result.json; logs/auth-controls.json
332,ServiceArea,inclusion,INCLUDE | EXCLUDE,False,COMPLETO,service_areas.coverage,358,service_areas.coverage,service_areas.coverage,text,NO,None,"service_areas_coverage_check: CHECK ((coverage = ANY (ARRAY['INCLUDE'::text, 'EXCLUDE'::text])))",,cargomesh/src/shared/schemas/v2/catalog.ts:71; schema catalog.ts:CatalogInputsV2:areas; field inclusion,inclusion,ZodEnum,False,False,"{""type"":""ZodEnum"",""optional"":false,""nullable"":false,""values"":[""INCLUDE"",""EXCLUDE""]}",cargomesh/src/shared/schemas/v2/catalog.ts:71; schema catalog.ts:CatalogInputsV2:areas; field value.inclusion,value.inclusion,ZodEnum,False,False,supabase-v2/supabase/migrations/20260927042808_v2_schema_baseline.sql:3293,areas,"[{""file"":""roundtrips.json"",""row"":8,""id"":""e9433281-9471-44d0-897d-a1ce4bbebea0"",""state"":""VALUE"",""inputState"":""VALUE"",""inputEqualsRead"":true,""value"":""INCLUDE""}]",COMPLETO,Resolved storage and current typed output agree with a concrete POST/GET or measured read projection,HAC-40 / Cristhian,29c385fe0ee501eb4b8b989b0a247c8fdeda62ad,POST /api/v2/carriers/:carrierId/services/:serviceId/areas; POST /api/v2/carriers/:carrierId/services/:serviceId/areas/:id/revisions,GET /api/v2/carriers/:carrierId/services/:serviceId/areas; GET /api/v2/carriers/:carrierId/services/:serviceId/areas/:id,logs/class-matrix.json: ServiceArea (catalog grants/policies/table ACL); logs/independent-rls-result.json; logs/auth-controls.json
333,ServiceArea,geography,Geography,False,COMPLETO,service_areas.granularity; service_areas.country_code; service_areas.region_code; service_areas.city; service_areas.postal_code; service_areas.geometry,359,service_areas.granularity; service_areas.country_code; service_areas.region_code; service_areas.city; service_areas.postal_code; service_areas.geometry,service_areas.granularity; service_areas.country_code; service_areas.region_code; service_areas.city; service_areas.postal_code; service_areas.geometry,text; text; text; text; text; jsonb,NO; NO; YES; YES; YES; YES,None; None; None; None; None; None,"service_areas_country_code_check: CHECK ((country_code ~ '^[A-Z]{2}$'::text)); service_areas_geometry_shape: CHECK (private.validate_v2_catalog_geometry(geometry)); service_areas_granularity_check: CHECK ((granularity = ANY (ARRAY['COUNTRY'::text, 'REGION'::text, 'CITY'::text, 'POSTAL_CODE'::text, 'POLYGON'::text, 'POINTS'::text]))); service_areas_location_shape: CHECK ((((granularity = 'COUNTRY'::text) AND (region_code IS NULL) AND (city IS NULL) AND (postal_code IS NULL) AND (geometry IS NULL)) OR ((granularity = 'REGION'::text) AND (region_code IS NOT NULL) AND (city IS NULL) AND (postal_code IS NULL) AND (geometry IS NULL)) OR ((granularity = 'CITY'::text) AND (city IS NOT NULL) AND (postal_code IS NULL) AND (geometry IS NULL)) OR ((granularity = 'POSTAL_CODE'::text) AND (postal_code IS NOT NULL) AND (geometry IS NULL)) OR ((granularity = ANY (ARRAY['POLYGON'::text, 'POINTS'::text])) AND (region_code IS NULL) AND (city IS NULL) AND (postal_code IS NULL) AND (geometry IS NOT NULL) AND ((geometry ->> 'type'::text) =
CASE granularity
    WHEN 'POLYGON'::text THEN 'Polygon'::text
    ELSE 'MultiPoint'::text
END))))","CREATE INDEX service_areas_geography_idx ON public.service_areas USING btree (country_code, region_code, city, postal_code)",cargomesh/src/shared/schemas/v2/catalog.ts:71; schema catalog.ts:CatalogInputsV2:areas; field geography,geography,ZodObject,False,False,"{""type"":""ZodObject"",""optional"":false,""nullable"":false,""fields"":{""granularity"":{""type"":""ZodEnum"",""optional"":false,""nullable"":false,""values"":[""COUNTRY"",""REGION"",""CITY"",""POSTAL_CODE"",""POLYGON"",""POINTS""]},""countryCode"":{""type"":""ZodString"",""optional"":false,""nullable"":false,""checks"":[{""kind"":""regex"",""regex"":{""source"":""^[A-Z]{2}$"",""flags"":""""}}]},""region"":{""type"":""ZodString"",""optional"":false,""nullable"":true,""checks"":[{""kind"":""trim""},{""kind"":""min"",""value"":1},{""kind"":""max"",""value"":500}]},""city"":{""type"":""ZodString"",""optional"":false,""nullable"":true,""checks"":[{""kind"":""trim""},{""kind"":""min"",""value"":1},{""kind"":""max"",""value"":500}]},""postalCode"":{""type"":""ZodString"",""optional"":false,""nullable"":true,""checks"":[{""kind"":""trim""},{""kind"":""min"",""value"":1},{""kind"":""max"",""value"":500}]},""geometry"":{""type"":""ZodDiscriminatedUnion"",""optional"":true,""nullable"":true,""options"":[{""type"":""ZodObject"",""optional"":false,""nullable"":false,""fields"":{""type"":{""type"":""ZodLiteral"",""optional"":false,""nullable"":false,""value"":""MultiPoint""},""coordinates"":{""type"":""ZodArray"",""optional"":false,""nullable"":false,""element"":{""type"":""ZodTuple"",""optional"":false,""nullable"":false,""items"":[{""type"":""ZodNumber"",""optional"":false,""nullable"":false,""checks"":[{""kind"":""min"",""value"":-180,""inclusive"":true},{""kind"":""max"",""value"":180,""inclusive"":true}]},{""type"":""ZodNumber"",""optional"":false,""nullable"":false,""checks"":[{""kind"":""min"",""value"":-90,""inclusive"":true},{""kind"":""max"",""value"":90,""inclusive"":true}]}]},""minLength"":{""value"":1},""maxLength"":{""value"":1000}}},""unknownKeys"":""strict""},{""type"":""ZodObject"",""optional"":false,""nullable"":false,""fields"":{""type"":{""type"":""ZodLiteral"",""optional"":false,""nullable"":false,""value"":""Polygon""},""coordinates"":{""type"":""ZodArray"",""optional"":false,""nullable"":false,""element"":{""type"":""ZodArray"",""optional"":false,""nullable"":false,""element"":{""type"":""ZodTuple"",""optional"":false,""nullable"":false,""items"":[{""type"":""ZodNumber"",""optional"":false,""nullable"":false,""checks"":[{""kind"":""min"",""value"":-180,""inclusive"":true},{""kind"":""max"",""value"":180,""inclusive"":true}]},{""type"":""ZodNumber"",""optional"":false,""nullable"":false,""checks"":[{""kind"":""min"",""value"":-90,""inclusive"":true},{""kind"":""max"",""value"":90,""inclusive"":true}]}]},""minLength"":{""value"":4},""maxLength"":{""value"":1000}},""minLength"":{""value"":1},""maxLength"":{""value"":20}}},""unknownKeys"":""strict""}]}},""unknownKeys"":""strict""}",cargomesh/src/shared/schemas/v2/catalog.ts:71; schema catalog.ts:CatalogInputsV2:areas; field value.geography,value.geography,ZodObject,False,False,supabase-v2/supabase/migrations/20260927042808_v2_schema_baseline.sql:3294; supabase-v2/supabase/migrations/20260927042808_v2_schema_baseline.sql:3295; supabase-v2/supabase/migrations/20260927042808_v2_schema_baseline.sql:3296; supabase-v2/supabase/migrations/20260927042808_v2_schema_baseline.sql:3297; supabase-v2/supabase/migrations/20260927042808_v2_schema_baseline.sql:3298; supabase-v2/supabase/migrations/20261004032151_hac40_catalog.sql:66,areas,"[{""file"":""roundtrips.json"",""row"":8,""id"":""e9433281-9471-44d0-897d-a1ce4bbebea0"",""state"":""VALUE"",""inputState"":""VALUE"",""inputEqualsRead"":false,""value"":{""granularity"":""CITY"",""countryCode"":""PE"",""region"":""LIM"",""city"":""Lima"",""postalCode"":null,""geometry"":null}}]",COMPLETO,Resolved storage and current typed output agree with a concrete POST/GET or measured read projection,HAC-40 / Cristhian,29c385fe0ee501eb4b8b989b0a247c8fdeda62ad,POST /api/v2/carriers/:carrierId/services/:serviceId/areas; POST /api/v2/carriers/:carrierId/services/:serviceId/areas/:id/revisions,GET /api/v2/carriers/:carrierId/services/:serviceId/areas; GET /api/v2/carriers/:carrierId/services/:serviceId/areas/:id,logs/class-matrix.json: ServiceArea (catalog grants/policies/table ACL); logs/independent-rls-result.json; logs/auth-controls.json
334,ServiceArea,source,CoverageSource,False,COMPLETO,service_areas.fulfilment_source; service_areas.fulfilment_partner_id,360,service_areas.fulfilment_source; service_areas.fulfilment_partner_id,service_areas.fulfilment_source; service_areas.fulfilment_partner_id,text; uuid,NO; YES,None; None,"service_areas_fulfilment_partner_id_fkey: FOREIGN KEY (fulfilment_partner_id) REFERENCES fulfilment_partners(id); service_areas_fulfilment_source_check: CHECK ((fulfilment_source = ANY (ARRAY['OWN'::text, 'PARTNER'::text]))); service_areas_partner_reference: CHECK ((((fulfilment_source = 'OWN'::text) AND (partner_reference IS NULL)) OR ((fulfilment_source = 'PARTNER'::text) AND (COALESCE(length(btrim(partner_reference)), 0) > 0))))",CREATE INDEX service_areas_partner_idx ON public.service_areas USING btree (fulfilment_partner_id),cargomesh/src/shared/schemas/v2/catalog.ts:71; schema catalog.ts:CatalogInputsV2:areas; field source,source,ZodEnum,False,False,"{""type"":""ZodEnum"",""optional"":false,""nullable"":false,""values"":[""OWN"",""PARTNER""]}",cargomesh/src/shared/schemas/v2/catalog.ts:71; schema catalog.ts:CatalogInputsV2:areas; field value.source,value.source,ZodEnum,False,False,supabase-v2/supabase/migrations/20260927042808_v2_schema_baseline.sql:3299; supabase-v2/supabase/migrations/20261004032151_hac40_catalog.sql:58,areas,"[{""file"":""roundtrips.json"",""row"":8,""id"":""e9433281-9471-44d0-897d-a1ce4bbebea0"",""state"":""VALUE"",""inputState"":""VALUE"",""inputEqualsRead"":true,""value"":""OWN""}]",COMPLETO,Resolved storage and current typed output agree with a concrete POST/GET or measured read projection,HAC-40 / Cristhian,29c385fe0ee501eb4b8b989b0a247c8fdeda62ad,POST /api/v2/carriers/:carrierId/services/:serviceId/areas; POST /api/v2/carriers/:carrierId/services/:serviceId/areas/:id/revisions,GET /api/v2/carriers/:carrierId/services/:serviceId/areas; GET /api/v2/carriers/:carrierId/services/:serviceId/areas/:id,logs/class-matrix.json: ServiceArea (catalog grants/policies/table ACL); logs/independent-rls-result.json; logs/auth-controls.json
335,ServiceArea,evidence,EvidenceRef,True,COMPLETO,service_areas.evidence_reference,361,service_areas.evidence_reference,service_areas.evidence_reference,text,YES,None,service_areas_evidence_nonblank: CHECK ((length(btrim(evidence_reference)) > 0)),,cargomesh/src/shared/schemas/v2/catalog.ts:71; schema catalog.ts:CatalogInputsV2:areas; field evidence,evidence,ZodString,False,True,"{""type"":""ZodString"",""optional"":false,""nullable"":true,""checks"":[{""kind"":""trim""},{""kind"":""min"",""value"":1},{""kind"":""max"",""value"":500}]}",cargomesh/src/shared/schemas/v2/catalog.ts:71; schema catalog.ts:CatalogInputsV2:areas; field value.evidence,value.evidence,ZodString,False,True,supabase-v2/supabase/migrations/20260927042808_v2_schema_baseline.sql:3301,areas,"[{""file"":""roundtrips.json"",""row"":8,""id"":""e9433281-9471-44d0-897d-a1ce4bbebea0"",""state"":""VALUE"",""inputState"":""VALUE"",""inputEqualsRead"":true,""value"":""coverage:qa""}]",COMPLETO,Resolved storage and current typed output agree with a concrete POST/GET or measured read projection,HAC-40 / Cristhian,29c385fe0ee501eb4b8b989b0a247c8fdeda62ad,POST /api/v2/carriers/:carrierId/services/:serviceId/areas; POST /api/v2/carriers/:carrierId/services/:serviceId/areas/:id/revisions,GET /api/v2/carriers/:carrierId/services/:serviceId/areas; GET /api/v2/carriers/:carrierId/services/:serviceId/areas/:id,logs/class-matrix.json: ServiceArea (catalog grants/policies/table ACL); logs/independent-rls-result.json; logs/auth-controls.json
336,ServiceArea,validUntil,Instant,True,COMPLETO,service_areas.valid_until,362,service_areas.valid_until,service_areas.valid_until,timestamp with time zone,YES,None,service_areas_valid_window: CHECK (((valid_until IS NULL) OR (valid_until > valid_from))),,cargomesh/src/shared/schemas/v2/catalog.ts:71; schema catalog.ts:CatalogInputsV2:areas; field validUntil,validUntil,ZodString,False,True,"{""type"":""ZodString"",""optional"":false,""nullable"":true,""checks"":[{""kind"":""datetime"",""precision"":null,""offset"":true,""local"":false}]}",cargomesh/src/shared/schemas/v2/catalog.ts:71; schema catalog.ts:CatalogInputsV2:areas; field value.validUntil,value.validUntil,ZodString,False,True,supabase-v2/supabase/migrations/20260927042808_v2_schema_baseline.sql:3304,areas,"[{""file"":""roundtrips.json"",""row"":8,""id"":""e9433281-9471-44d0-897d-a1ce4bbebea0"",""state"":""VALUE"",""inputState"":""VALUE"",""inputEqualsRead"":false,""value"":""2027-01-01T00:00:00+00:00""}]",COMPLETO,Resolved storage and current typed output agree with a concrete POST/GET or measured read projection,HAC-40 / Cristhian,29c385fe0ee501eb4b8b989b0a247c8fdeda62ad,POST /api/v2/carriers/:carrierId/services/:serviceId/areas; POST /api/v2/carriers/:carrierId/services/:serviceId/areas/:id/revisions,GET /api/v2/carriers/:carrierId/services/:serviceId/areas; GET /api/v2/carriers/:carrierId/services/:serviceId/areas/:id,logs/class-matrix.json: ServiceArea (catalog grants/policies/table ACL); logs/independent-rls-result.json; logs/auth-controls.json
337,ServiceArea,verifiedAt,Instant,True,COMPLETO,service_areas.verified_at,363,service_areas.verified_at,service_areas.verified_at,timestamp with time zone,YES,None,,,cargomesh/src/shared/schemas/v2/catalog.ts:71; schema catalog.ts:CatalogInputsV2:areas; field verifiedAt,verifiedAt,ZodString,False,True,"{""type"":""ZodString"",""optional"":false,""nullable"":true,""checks"":[{""kind"":""datetime"",""precision"":null,""offset"":true,""local"":false}]}",cargomesh/src/shared/schemas/v2/catalog.ts:71; schema catalog.ts:CatalogInputsV2:areas; field value.verifiedAt,value.verifiedAt,ZodString,False,True,supabase-v2/supabase/migrations/20260927042808_v2_schema_baseline.sql:3302,areas,"[{""file"":""roundtrips.json"",""row"":8,""id"":""e9433281-9471-44d0-897d-a1ce4bbebea0"",""state"":""VALUE"",""inputState"":""VALUE"",""inputEqualsRead"":false,""value"":""2026-01-01T00:00:00+00:00""}]",COMPLETO,Resolved storage and current typed output agree with a concrete POST/GET or measured read projection,HAC-40 / Cristhian,29c385fe0ee501eb4b8b989b0a247c8fdeda62ad,POST /api/v2/carriers/:carrierId/services/:serviceId/areas; POST /api/v2/carriers/:carrierId/services/:serviceId/areas/:id/revisions,GET /api/v2/carriers/:carrierId/services/:serviceId/areas; GET /api/v2/carriers/:carrierId/services/:serviceId/areas/:id,logs/class-matrix.json: ServiceArea (catalog grants/policies/table ACL); logs/independent-rls-result.json; logs/auth-controls.json
338,ServiceArea,validFrom,Instant,True,COMPLETO,service_areas.valid_from,364,service_areas.valid_from,service_areas.valid_from,timestamp with time zone,YES,None,service_areas_valid_window: CHECK (((valid_until IS NULL) OR (valid_until > valid_from))),,cargomesh/src/shared/schemas/v2/catalog.ts:71; schema catalog.ts:CatalogInputsV2:areas; field validFrom,validFrom,ZodString,False,True,"{""type"":""ZodString"",""optional"":false,""nullable"":true,""checks"":[{""kind"":""datetime"",""precision"":null,""offset"":true,""local"":false}]}",cargomesh/src/shared/schemas/v2/catalog.ts:71; schema catalog.ts:CatalogInputsV2:areas; field value.validFrom,value.validFrom,ZodString,False,True,supabase-v2/supabase/migrations/20260927042808_v2_schema_baseline.sql:3303,areas,"[{""file"":""roundtrips.json"",""row"":8,""id"":""e9433281-9471-44d0-897d-a1ce4bbebea0"",""state"":""VALUE"",""inputState"":""VALUE"",""inputEqualsRead"":false,""value"":""2026-01-01T00:00:00+00:00""}]",COMPLETO,Resolved storage and current typed output agree with a concrete POST/GET or measured read projection,HAC-40 / Cristhian,29c385fe0ee501eb4b8b989b0a247c8fdeda62ad,POST /api/v2/carriers/:carrierId/services/:serviceId/areas; POST /api/v2/carriers/:carrierId/services/:serviceId/areas/:id/revisions,GET /api/v2/carriers/:carrierId/services/:serviceId/areas; GET /api/v2/carriers/:carrierId/services/:serviceId/areas/:id,logs/class-matrix.json: ServiceArea (catalog grants/policies/table ACL); logs/independent-rls-result.json; logs/auth-controls.json
339,FulfilmentPartner,id,UUID,False,COMPLETO,fulfilment_partners.id,365,fulfilment_partners.id,fulfilment_partners.id,uuid,NO,gen_random_uuid(),"fulfilment_partners_carrier_id_fkey: FOREIGN KEY (carrier_id) REFERENCES carriers(id); fulfilment_partners_id_carrier_id_key: UNIQUE (id, carrier_id); fulfilment_partners_partner_carrier_ref_fkey: FOREIGN KEY (partner_carrier_ref) REFERENCES carriers(id); fulfilment_partners_pkey: PRIMARY KEY (id)","CREATE INDEX fulfilment_partners_carrier_idx ON public.fulfilment_partners USING btree (carrier_id, status); CREATE UNIQUE INDEX fulfilment_partners_id_carrier_id_key ON public.fulfilment_partners USING btree (id, carrier_id); CREATE INDEX fulfilment_partners_partner_idx ON public.fulfilment_partners USING btree (partner_carrier_ref); CREATE UNIQUE INDEX fulfilment_partners_pkey ON public.fulfilment_partners USING btree (id)",NO_WRITABLE_DTO,—,—,—,—,—,cargomesh/src/shared/schemas/v2/catalog.ts:104; schema catalog.ts:CatalogRecordV2Schema; field id,id,ZodString,False,False,supabase-v2/supabase/migrations/20261004032151_hac40_catalog.sql:44,partners,"[{""file"":""roundtrips.json"",""row"":7,""id"":""bba21233-399b-4847-bd1b-67e25abd0427"",""state"":""VALUE"",""inputState"":""MISSING"",""inputEqualsRead"":null,""value"":""bba21233-399b-4847-bd1b-67e25abd0427""},{""file"":""extended-roundtrips.json"",""row"":11,""id"":""cb835cd2-8f3d-41cb-bf64-ade7742fde6a"",""state"":""VALUE"",""inputState"":""MISSING"",""inputEqualsRead"":null,""value"":""cb835cd2-8f3d-41cb-bf64-ade7742fde6a""}]",COMPLETO,Resolved storage and current typed output agree with a concrete POST/GET or measured read projection,HAC-40 / Cristhian,29c385fe0ee501eb4b8b989b0a247c8fdeda62ad,POST /api/v2/carriers/:carrierId/partners; POST /api/v2/carriers/:carrierId/partners/:id/revisions,GET /api/v2/carriers/:carrierId/partners; GET /api/v2/carriers/:carrierId/partners/:id,logs/class-matrix.json: FulfilmentPartner (catalog grants/policies/table ACL); logs/independent-rls-result.json; logs/auth-controls.json
340,FulfilmentPartner,registeredName,string,False,COMPLETO,fulfilment_partners.registered_name,366,fulfilment_partners.registered_name,fulfilment_partners.registered_name,text,NO,None,fulfilment_partners_registered_name_check: CHECK ((length(btrim(registered_name)) > 0)),,cargomesh/src/shared/schemas/v2/catalog.ts:93; schema catalog.ts:CatalogInputsV2:partners; field registeredName,registeredName,ZodString,False,False,"{""type"":""ZodString"",""optional"":false,""nullable"":false,""checks"":[{""kind"":""trim""},{""kind"":""min"",""value"":1},{""kind"":""max"",""value"":200}]}",cargomesh/src/shared/schemas/v2/catalog.ts:93; schema catalog.ts:CatalogInputsV2:partners; field value.registeredName,value.registeredName,ZodString,False,False,supabase-v2/supabase/migrations/20261004032151_hac40_catalog.sql:45,partners,"[{""file"":""roundtrips.json"",""row"":7,""id"":""bba21233-399b-4847-bd1b-67e25abd0427"",""state"":""VALUE"",""inputState"":""VALUE"",""inputEqualsRead"":true,""value"":""Last mile partner""},{""file"":""extended-roundtrips.json"",""row"":11,""id"":""cb835cd2-8f3d-41cb-bf64-ade7742fde6a"",""state"":""VALUE"",""inputState"":""VALUE"",""inputEqualsRead"":true,""value"":""HAC44 model partner""}]",COMPLETO,Resolved storage and current typed output agree with a concrete POST/GET or measured read projection,HAC-40 / Cristhian,29c385fe0ee501eb4b8b989b0a247c8fdeda62ad,POST /api/v2/carriers/:carrierId/partners; POST /api/v2/carriers/:carrierId/partners/:id/revisions,GET /api/v2/carriers/:carrierId/partners; GET /api/v2/carriers/:carrierId/partners/:id,logs/class-matrix.json: FulfilmentPartner (catalog grants/policies/table ACL); logs/independent-rls-result.json; logs/auth-controls.json
341,FulfilmentPartner,partnerCarrierRef,UUID,True,PARCIAL,fulfilment_partners.partner_carrier_ref,367,fulfilment_partners.partner_carrier_ref,fulfilment_partners.partner_carrier_ref,uuid,YES,None,fulfilment_partners_check1: CHECK ((partner_carrier_ref IS DISTINCT FROM carrier_id)); fulfilment_partners_partner_carrier_ref_fkey: FOREIGN KEY (partner_carrier_ref) REFERENCES carriers(id),CREATE INDEX fulfilment_partners_partner_idx ON public.fulfilment_partners USING btree (partner_carrier_ref),cargomesh/src/shared/schemas/v2/catalog.ts:93; schema catalog.ts:CatalogInputsV2:partners; field partnerCarrierRef,partnerCarrierRef,ZodString,False,True,"{""type"":""ZodString"",""optional"":false,""nullable"":true,""checks"":[{""kind"":""uuid""}]}",cargomesh/src/shared/schemas/v2/catalog.ts:93; schema catalog.ts:CatalogInputsV2:partners; field value.partnerCarrierRef,value.partnerCarrierRef,ZodString,False,True,supabase-v2/supabase/migrations/20261004032151_hac40_catalog.sql:45,partners,"[{""file"":""roundtrips.json"",""row"":7,""id"":""bba21233-399b-4847-bd1b-67e25abd0427"",""state"":""NULL"",""inputState"":""NULL"",""inputEqualsRead"":true,""value"":null},{""file"":""extended-roundtrips.json"",""row"":11,""id"":""cb835cd2-8f3d-41cb-bf64-ade7742fde6a"",""state"":""NULL"",""inputState"":""NULL"",""inputEqualsRead"":true,""value"":null}]",PARCIAL,No concrete non-null field value or measured read projection in this cut,HAC-40 / Cristhian,29c385fe0ee501eb4b8b989b0a247c8fdeda62ad,POST /api/v2/carriers/:carrierId/partners; POST /api/v2/carriers/:carrierId/partners/:id/revisions,GET /api/v2/carriers/:carrierId/partners; GET /api/v2/carriers/:carrierId/partners/:id,logs/class-matrix.json: FulfilmentPartner (catalog grants/policies/table ACL); logs/independent-rls-result.json; logs/auth-controls.json
342,FulfilmentPartner,agreementValidFrom,Instant,False,COMPLETO,fulfilment_partners.agreement_valid_from,368,fulfilment_partners.agreement_valid_from,fulfilment_partners.agreement_valid_from,timestamp with time zone,NO,None,fulfilment_partners_check: CHECK ((agreement_valid_until > agreement_valid_from)),,cargomesh/src/shared/schemas/v2/catalog.ts:93; schema catalog.ts:CatalogInputsV2:partners; field agreementValidFrom,agreementValidFrom,ZodString,False,False,"{""type"":""ZodString"",""optional"":false,""nullable"":false,""checks"":[{""kind"":""datetime"",""precision"":null,""offset"":true,""local"":false}]}",cargomesh/src/shared/schemas/v2/catalog.ts:93; schema catalog.ts:CatalogInputsV2:partners; field value.agreementValidFrom,value.agreementValidFrom,ZodString,False,False,supabase-v2/supabase/migrations/20261004032151_hac40_catalog.sql:46,partners,"[{""file"":""roundtrips.json"",""row"":7,""id"":""bba21233-399b-4847-bd1b-67e25abd0427"",""state"":""VALUE"",""inputState"":""VALUE"",""inputEqualsRead"":false,""value"":""2026-01-01T00:00:00+00:00""},{""file"":""extended-roundtrips.json"",""row"":11,""id"":""cb835cd2-8f3d-41cb-bf64-ade7742fde6a"",""state"":""VALUE"",""inputState"":""VALUE"",""inputEqualsRead"":false,""value"":""2020-01-01T00:00:00+00:00""}]",COMPLETO,Resolved storage and current typed output agree with a concrete POST/GET or measured read projection,HAC-40 / Cristhian,29c385fe0ee501eb4b8b989b0a247c8fdeda62ad,POST /api/v2/carriers/:carrierId/partners; POST /api/v2/carriers/:carrierId/partners/:id/revisions,GET /api/v2/carriers/:carrierId/partners; GET /api/v2/carriers/:carrierId/partners/:id,logs/class-matrix.json: FulfilmentPartner (catalog grants/policies/table ACL); logs/independent-rls-result.json; logs/auth-controls.json
343,FulfilmentPartner,agreementValidUntil,Instant,False,COMPLETO,fulfilment_partners.agreement_valid_until,369,fulfilment_partners.agreement_valid_until,fulfilment_partners.agreement_valid_until,timestamp with time zone,NO,None,fulfilment_partners_check: CHECK ((agreement_valid_until > agreement_valid_from)),,cargomesh/src/shared/schemas/v2/catalog.ts:93; schema catalog.ts:CatalogInputsV2:partners; field agreementValidUntil,agreementValidUntil,ZodString,False,False,"{""type"":""ZodString"",""optional"":false,""nullable"":false,""checks"":[{""kind"":""datetime"",""precision"":null,""offset"":true,""local"":false}]}",cargomesh/src/shared/schemas/v2/catalog.ts:93; schema catalog.ts:CatalogInputsV2:partners; field value.agreementValidUntil,value.agreementValidUntil,ZodString,False,False,supabase-v2/supabase/migrations/20261004032151_hac40_catalog.sql:43 (generic DDL/dispatch; see catalog),partners,"[{""file"":""roundtrips.json"",""row"":7,""id"":""bba21233-399b-4847-bd1b-67e25abd0427"",""state"":""VALUE"",""inputState"":""VALUE"",""inputEqualsRead"":false,""value"":""2027-01-01T00:00:00+00:00""},{""file"":""extended-roundtrips.json"",""row"":11,""id"":""cb835cd2-8f3d-41cb-bf64-ade7742fde6a"",""state"":""VALUE"",""inputState"":""VALUE"",""inputEqualsRead"":false,""value"":""2035-01-01T00:00:00+00:00""}]",COMPLETO,Resolved storage and current typed output agree with a concrete POST/GET or measured read projection,HAC-40 / Cristhian,29c385fe0ee501eb4b8b989b0a247c8fdeda62ad,POST /api/v2/carriers/:carrierId/partners; POST /api/v2/carriers/:carrierId/partners/:id/revisions,GET /api/v2/carriers/:carrierId/partners; GET /api/v2/carriers/:carrierId/partners/:id,logs/class-matrix.json: FulfilmentPartner (catalog grants/policies/table ACL); logs/independent-rls-result.json; logs/auth-controls.json
344,FulfilmentPartner,status,PartnerStatus,False,COMPLETO,fulfilment_partners.status,370,fulfilment_partners.status,fulfilment_partners.status,text,NO,None,"fulfilment_partners_status_check: CHECK ((status = ANY (ARRAY['ACTIVE'::text, 'INACTIVE'::text])))","CREATE INDEX fulfilment_partners_carrier_idx ON public.fulfilment_partners USING btree (carrier_id, status)",cargomesh/src/shared/schemas/v2/catalog.ts:93; schema catalog.ts:CatalogInputsV2:partners; field status,status,ZodEnum,False,False,"{""type"":""ZodEnum"",""optional"":false,""nullable"":false,""values"":[""ACTIVE"",""INACTIVE""]}",cargomesh/src/shared/schemas/v2/catalog.ts:93; schema catalog.ts:CatalogInputsV2:partners; field value.status,value.status,ZodEnum,False,False,supabase-v2/supabase/migrations/20261004032151_hac40_catalog.sql:47,partners,"[{""file"":""roundtrips.json"",""row"":7,""id"":""bba21233-399b-4847-bd1b-67e25abd0427"",""state"":""VALUE"",""inputState"":""VALUE"",""inputEqualsRead"":true,""value"":""ACTIVE""},{""file"":""extended-roundtrips.json"",""row"":11,""id"":""cb835cd2-8f3d-41cb-bf64-ade7742fde6a"",""state"":""VALUE"",""inputState"":""VALUE"",""inputEqualsRead"":true,""value"":""ACTIVE""}]",COMPLETO,Resolved storage and current typed output agree with a concrete POST/GET or measured read projection,HAC-40 / Cristhian,29c385fe0ee501eb4b8b989b0a247c8fdeda62ad,POST /api/v2/carriers/:carrierId/partners; POST /api/v2/carriers/:carrierId/partners/:id/revisions,GET /api/v2/carriers/:carrierId/partners; GET /api/v2/carriers/:carrierId/partners/:id,logs/class-matrix.json: FulfilmentPartner (catalog grants/policies/table ACL); logs/independent-rls-result.json; logs/auth-controls.json
345,FulfilmentPartner,coverageEvidence,EvidenceRef,False,COMPLETO,fulfilment_partners.coverage_evidence,371,fulfilment_partners.coverage_evidence,fulfilment_partners.coverage_evidence,text,NO,None,fulfilment_partners_coverage_evidence_check: CHECK ((length(btrim(coverage_evidence)) > 0)),,cargomesh/src/shared/schemas/v2/catalog.ts:93; schema catalog.ts:CatalogInputsV2:partners; field coverageEvidence,coverageEvidence,ZodString,False,False,"{""type"":""ZodString"",""optional"":false,""nullable"":false,""checks"":[{""kind"":""trim""},{""kind"":""min"",""value"":1},{""kind"":""max"",""value"":500}]}",cargomesh/src/shared/schemas/v2/catalog.ts:93; schema catalog.ts:CatalogInputsV2:partners; field value.coverageEvidence,value.coverageEvidence,ZodString,False,False,supabase-v2/supabase/migrations/20261004032151_hac40_catalog.sql:47,partners,"[{""file"":""roundtrips.json"",""row"":7,""id"":""bba21233-399b-4847-bd1b-67e25abd0427"",""state"":""VALUE"",""inputState"":""VALUE"",""inputEqualsRead"":true,""value"":""contract:qa""},{""file"":""extended-roundtrips.json"",""row"":11,""id"":""cb835cd2-8f3d-41cb-bf64-ade7742fde6a"",""state"":""VALUE"",""inputState"":""VALUE"",""inputEqualsRead"":true,""value"":""fixture:hac44-model-agreement""}]",COMPLETO,Resolved storage and current typed output agree with a concrete POST/GET or measured read projection,HAC-40 / Cristhian,29c385fe0ee501eb4b8b989b0a247c8fdeda62ad,POST /api/v2/carriers/:carrierId/partners; POST /api/v2/carriers/:carrierId/partners/:id/revisions,GET /api/v2/carriers/:carrierId/partners; GET /api/v2/carriers/:carrierId/partners/:id,logs/class-matrix.json: FulfilmentPartner (catalog grants/policies/table ACL); logs/independent-rls-result.json; logs/auth-controls.json
346,PlanLegAssignment,sequence,number,False,COMPLETO,plan_leg_assignments.sequence,372,plan_leg_assignments.sequence,plan_leg_assignments.sequence,integer,NO,None,plan_leg_assignments_sequence_check1: CHECK ((sequence > 0)),,GENERATED_BY_PARENT_COMMAND,—,—,—,—,—,cargomesh/src/shared/schemas/v2/workflow.ts:157; schema workflow.ts:WorkflowRecordV2Schema; field data.legAssignments[].sequence,data.legAssignments[].sequence,ZodNumber,False,False,supabase-v2/supabase/migrations/20261004154048_hac40_workflow.sql:315,plans,"[{""file"":""extended-roundtrips.json"",""row"":10,""id"":""baab5007-d56d-4315-bf1a-2191a09288be"",""state"":""VALUE"",""inputState"":""MISSING"",""inputEqualsRead"":null,""value"":1}]",COMPLETO,Resolved storage and current typed output agree with a concrete POST/GET or measured read projection,HAC-40 / Cristhian,29c385fe0ee501eb4b8b989b0a247c8fdeda62ad,POST /api/v2/freight/requests/:requestId/plans,GET /api/v2/freight/requests/:requestId/plans; GET /api/v2/freight/requests/:requestId/plans/:id,logs/class-matrix.json: PlanLegAssignment (catalog grants/policies/table ACL); logs/independent-rls-result.json; logs/auth-controls.json
347,PlanLegAssignment,window,TimeWindow,False,COMPLETO,plan_leg_assignments.data.window,373,plan_leg_assignments.data.window,plan_leg_assignments.data.window,jsonb,NO,'{}'::jsonb,,,GENERATED_BY_PARENT_COMMAND,—,—,—,—,—,cargomesh/src/shared/schemas/v2/workflow.ts:157; schema workflow.ts:WorkflowRecordV2Schema; field data.legAssignments[].window,data.legAssignments[].window,ZodObject,False,False,supabase-v2/supabase/migrations/20261004154048_hac40_workflow.sql:315,plans,"[{""file"":""extended-roundtrips.json"",""row"":10,""id"":""baab5007-d56d-4315-bf1a-2191a09288be"",""state"":""VALUE"",""inputState"":""MISSING"",""inputEqualsRead"":null,""value"":{""startsAt"":""2026-10-09T16:51:05.286166+00:00"",""endsAt"":""2026-10-10T01:51:05.286166+00:00""}}]",COMPLETO,Resolved storage and current typed output agree with a concrete POST/GET or measured read projection,HAC-40 / Cristhian,29c385fe0ee501eb4b8b989b0a247c8fdeda62ad,POST /api/v2/freight/requests/:requestId/plans,GET /api/v2/freight/requests/:requestId/plans; GET /api/v2/freight/requests/:requestId/plans/:id,logs/class-matrix.json: PlanLegAssignment (catalog grants/policies/table ACL); logs/independent-rls-result.json; logs/auth-controls.json
348,PlanLegAssignment,responsibility,Responsibility,False,COMPLETO,plan_leg_assignments.data.responsibility,374,plan_leg_assignments.data.responsibility,plan_leg_assignments.data.responsibility,jsonb,NO,'{}'::jsonb,,,GENERATED_BY_PARENT_COMMAND,—,—,—,—,—,cargomesh/src/shared/schemas/v2/workflow.ts:157; schema workflow.ts:WorkflowRecordV2Schema; field data.legAssignments[].responsibility,data.legAssignments[].responsibility,ZodObject,False,False,supabase-v2/supabase/migrations/20261004154048_hac40_workflow.sql:315,plans,"[{""file"":""extended-roundtrips.json"",""row"":10,""id"":""baab5007-d56d-4315-bf1a-2191a09288be"",""state"":""VALUE"",""inputState"":""MISSING"",""inputEqualsRead"":null,""value"":{""carrierId"":""d4440000-0000-4000-8000-000000000001"",""serviceId"":""d4460000-0000-4000-8000-000000000001""}}]",COMPLETO,Resolved storage and current typed output agree with a concrete POST/GET or measured read projection,HAC-40 / Cristhian,29c385fe0ee501eb4b8b989b0a247c8fdeda62ad,POST /api/v2/freight/requests/:requestId/plans,GET /api/v2/freight/requests/:requestId/plans; GET /api/v2/freight/requests/:requestId/plans/:id,logs/class-matrix.json: PlanLegAssignment (catalog grants/policies/table ACL); logs/independent-rls-result.json; logs/auth-controls.json
349,PlanLegAssignment,coverage,EvidenceStatus,False,COMPLETO,plan_leg_assignments.data.coverage,375,plan_leg_assignments.data.coverage,plan_leg_assignments.data.coverage,jsonb,NO,'{}'::jsonb,,,GENERATED_BY_PARENT_COMMAND,—,—,—,—,—,cargomesh/src/shared/schemas/v2/workflow.ts:157; schema workflow.ts:WorkflowRecordV2Schema; field data.legAssignments[].coverage,data.legAssignments[].coverage,ZodEnum,False,False,supabase-v2/supabase/migrations/20261004154048_hac40_workflow.sql:315,plans,"[{""file"":""extended-roundtrips.json"",""row"":10,""id"":""baab5007-d56d-4315-bf1a-2191a09288be"",""state"":""VALUE"",""inputState"":""MISSING"",""inputEqualsRead"":null,""value"":""SIMULATED""}]",COMPLETO,Resolved storage and current typed output agree with a concrete POST/GET or measured read projection,HAC-40 / Cristhian,29c385fe0ee501eb4b8b989b0a247c8fdeda62ad,POST /api/v2/freight/requests/:requestId/plans,GET /api/v2/freight/requests/:requestId/plans; GET /api/v2/freight/requests/:requestId/plans/:id,logs/class-matrix.json: PlanLegAssignment (catalog grants/policies/table ACL); logs/independent-rls-result.json; logs/auth-controls.json
350,PlanLegAssignment,availability,EvidenceStatus,False,COMPLETO,plan_leg_assignments.data.availability,376,plan_leg_assignments.data.availability,plan_leg_assignments.data.availability,jsonb,NO,'{}'::jsonb,,,GENERATED_BY_PARENT_COMMAND,—,—,—,—,—,cargomesh/src/shared/schemas/v2/workflow.ts:157; schema workflow.ts:WorkflowRecordV2Schema; field data.legAssignments[].availability,data.legAssignments[].availability,ZodEnum,False,False,supabase-v2/supabase/migrations/20261004154048_hac40_workflow.sql:315,plans,"[{""file"":""extended-roundtrips.json"",""row"":10,""id"":""baab5007-d56d-4315-bf1a-2191a09288be"",""state"":""VALUE"",""inputState"":""MISSING"",""inputEqualsRead"":null,""value"":""SIMULATED""}]",COMPLETO,Resolved storage and current typed output agree with a concrete POST/GET or measured read projection,HAC-40 / Cristhian,29c385fe0ee501eb4b8b989b0a247c8fdeda62ad,POST /api/v2/freight/requests/:requestId/plans,GET /api/v2/freight/requests/:requestId/plans; GET /api/v2/freight/requests/:requestId/plans/:id,logs/class-matrix.json: PlanLegAssignment (catalog grants/policies/table ACL); logs/independent-rls-result.json; logs/auth-controls.json
351,PlanLegAssignment,capacityNeeded,Capacity,False,COMPLETO,plan_leg_assignments.data.capacityNeeded,377,plan_leg_assignments.data.capacityNeeded,plan_leg_assignments.data.capacityNeeded,jsonb,NO,'{}'::jsonb,,,GENERATED_BY_PARENT_COMMAND,—,—,—,—,—,cargomesh/src/shared/schemas/v2/workflow.ts:157; schema workflow.ts:WorkflowRecordV2Schema; field data.legAssignments[].capacityNeeded,data.legAssignments[].capacityNeeded,ZodObject,False,False,supabase-v2/supabase/migrations/20261004154048_hac40_workflow.sql:315,plans,"[{""file"":""extended-roundtrips.json"",""row"":10,""id"":""baab5007-d56d-4315-bf1a-2191a09288be"",""state"":""VALUE"",""inputState"":""MISSING"",""inputEqualsRead"":null,""value"":{""weightKg"":1000,""volumeM3"":2}}]",COMPLETO,Resolved storage and current typed output agree with a concrete POST/GET or measured read projection,HAC-40 / Cristhian,29c385fe0ee501eb4b8b989b0a247c8fdeda62ad,POST /api/v2/freight/requests/:requestId/plans,GET /api/v2/freight/requests/:requestId/plans; GET /api/v2/freight/requests/:requestId/plans/:id,logs/class-matrix.json: PlanLegAssignment (catalog grants/policies/table ACL); logs/independent-rls-result.json; logs/auth-controls.json
352,PlanLegAssignment,evidence,EvidenceRef[],False,PARCIAL,plan_leg_assignments.data.evidence,378,plan_leg_assignments.data.evidence,plan_leg_assignments.data.evidence,jsonb,NO,'{}'::jsonb,,,GENERATED_BY_PARENT_COMMAND,—,—,—,—,—,cargomesh/src/shared/schemas/v2/workflow.ts:157; schema workflow.ts:WorkflowRecordV2Schema; field data.legAssignments[].evidence,data.legAssignments[].evidence,ZodArray,False,False,supabase-v2/supabase/migrations/20261004154048_hac40_workflow.sql:315,plans,[],PARCIAL,No concrete non-null field value or measured read projection in this cut,HAC-40 / Cristhian,29c385fe0ee501eb4b8b989b0a247c8fdeda62ad,POST /api/v2/freight/requests/:requestId/plans,GET /api/v2/freight/requests/:requestId/plans; GET /api/v2/freight/requests/:requestId/plans/:id,logs/class-matrix.json: PlanLegAssignment (catalog grants/policies/table ACL); logs/independent-rls-result.json; logs/auth-controls.json
353,PlanLegAssignment,id,UUID,False,COMPLETO,plan_leg_assignments.id,379,plan_leg_assignments.id,plan_leg_assignments.id,uuid,NO,None,"plan_leg_assignments_carrier_service_id_fkey1: FOREIGN KEY (carrier_service_id) REFERENCES carrier_services(id); plan_leg_assignments_fulfilment_partner_id_fkey: FOREIGN KEY (fulfilment_partner_id) REFERENCES fulfilment_partners(id); plan_leg_assignments_id_plan_id_key: UNIQUE (id, plan_id); plan_leg_assignments_lane_id_fkey1: FOREIGN KEY (lane_id) REFERENCES service_lanes(id); plan_leg_assignments_pkey: PRIMARY KEY (id); plan_leg_assignments_plan_id_fkey1: FOREIGN KEY (plan_id) REFERENCES transport_plan_candidates(id); plan_leg_assignments_route_leg_id_fkey1: FOREIGN KEY (route_leg_id) REFERENCES route_legs(id)","CREATE INDEX leg_assignment_lane_idx ON public.plan_leg_assignments USING btree (lane_id); CREATE INDEX leg_assignment_partner_idx ON public.plan_leg_assignments USING btree (fulfilment_partner_id); CREATE INDEX leg_assignment_plan_idx ON public.plan_leg_assignments USING btree (plan_id); CREATE INDEX leg_assignment_route_idx ON public.plan_leg_assignments USING btree (route_leg_id); CREATE INDEX leg_assignment_service_idx ON public.plan_leg_assignments USING btree (carrier_service_id); CREATE UNIQUE INDEX plan_leg_assignments_id_plan_id_key ON public.plan_leg_assignments USING btree (id, plan_id); CREATE UNIQUE INDEX plan_leg_assignments_pkey ON public.plan_leg_assignments USING btree (id)",GENERATED_BY_PARENT_COMMAND,—,—,—,—,—,cargomesh/src/shared/schemas/v2/workflow.ts:157; schema workflow.ts:WorkflowRecordV2Schema; field data.legAssignments[].id,data.legAssignments[].id,ZodString,False,False,supabase-v2/supabase/migrations/20261004154048_hac40_workflow.sql:315,plans,"[{""file"":""extended-roundtrips.json"",""row"":10,""id"":""baab5007-d56d-4315-bf1a-2191a09288be"",""state"":""VALUE"",""inputState"":""MISSING"",""inputEqualsRead"":null,""value"":""a20e7a1b-fca8-4925-8780-fe7d750b3eba""}]",COMPLETO,Resolved storage and current typed output agree with a concrete POST/GET or measured read projection,HAC-40 / Cristhian,29c385fe0ee501eb4b8b989b0a247c8fdeda62ad,POST /api/v2/freight/requests/:requestId/plans,GET /api/v2/freight/requests/:requestId/plans; GET /api/v2/freight/requests/:requestId/plans/:id,logs/class-matrix.json: PlanLegAssignment (catalog grants/policies/table ACL); logs/independent-rls-result.json; logs/auth-controls.json
354,OfferCostComponent,kind,CostKind,False,COMPLETO,v2_carrier_offers.data.breakdown[].kind,380,v2_carrier_offers.data.breakdown[].kind,v2_carrier_offers.data.breakdown[].kind,jsonb,NO,None,"offer_opportunity_fk: FOREIGN KEY (parent_id) REFERENCES carrier_opportunities(id); v2_carrier_offers_carrier_id_fkey: FOREIGN KEY (carrier_id) REFERENCES carriers(id); v2_carrier_offers_data_check: CHECK ((jsonb_typeof(data) = 'object'::text)); v2_carrier_offers_freight_request_id_fkey: FOREIGN KEY (freight_request_id) REFERENCES freight_requests(id); v2_carrier_offers_id_carrier_id_key: UNIQUE (id, carrier_id); v2_carrier_offers_id_organization_id_key: UNIQUE (id, organization_id); v2_carrier_offers_issuer_auth_user_id_fkey: FOREIGN KEY (issuer_auth_user_id) REFERENCES auth.users(id); v2_carrier_offers_issuer_member_id_fkey: FOREIGN KEY (issuer_member_id) REFERENCES organization_members(id); v2_carrier_offers_issuer_operator_id_carrier_id_fkey: FOREIGN KEY (issuer_operator_id, carrier_id) REFERENCES carrier_operators(id, carrier_id); v2_carrier_offers_kind_check: CHECK ((kind = 'offers'::text)); v2_carrier_offers_organization_id_fkey: FOREIGN KEY (organization_id) REFERENCES organizations(id); v2_carrier_offers_pkey: PRIMARY KEY (id); v2_carrier_offers_plan_id_fkey: FOREIGN KEY (plan_id) REFERENCES transport_plan_candidates(id); v2_carrier_offers_supersedes_offer_id_fkey: FOREIGN KEY (supersedes_offer_id) REFERENCES v2_carrier_offers(id); v2_carrier_offers_version_check: CHECK ((version > 0))","CREATE INDEX v2_carrier_offers_carrier_idx ON public.v2_carrier_offers USING btree (carrier_id, created_at, id) WHERE (carrier_id IS NOT NULL); CREATE UNIQUE INDEX v2_carrier_offers_id_carrier_id_key ON public.v2_carrier_offers USING btree (id, carrier_id); CREATE UNIQUE INDEX v2_carrier_offers_id_organization_id_key ON public.v2_carrier_offers USING btree (id, organization_id); CREATE INDEX v2_carrier_offers_issuer_auth_idx ON public.v2_carrier_offers USING btree (issuer_auth_user_id); CREATE INDEX v2_carrier_offers_issuer_idx ON public.v2_carrier_offers USING btree (issuer_operator_id); CREATE INDEX v2_carrier_offers_issuer_member_idx ON public.v2_carrier_offers USING btree (issuer_member_id); CREATE INDEX v2_carrier_offers_parent_idx ON public.v2_carrier_offers USING btree (parent_id) WHERE (parent_id IS NOT NULL); CREATE UNIQUE INDEX v2_carrier_offers_pkey ON public.v2_carrier_offers USING btree (id); CREATE INDEX v2_carrier_offers_plan_id_fkey_fk_idx ON public.v2_carrier_offers USING btree (plan_id); CREATE INDEX v2_carrier_offers_request_idx ON public.v2_carrier_offers USING btree (freight_request_id) WHERE (freight_request_id IS NOT NULL); CREATE INDEX v2_carrier_offers_supersedes_offer_id_fkey_fk_idx ON public.v2_carrier_offers USING btree (supersedes_offer_id); CREATE INDEX v2_carrier_offers_tenant_idx ON public.v2_carrier_offers USING btree (organization_id, created_at, id)",cargomesh/src/shared/schemas/v2/workflow.ts:64; schema workflow.ts:WorkflowInputsV2:offers.create; field breakdown[].kind,breakdown[].kind,ZodEnum,False,False,"{""type"":""ZodEnum"",""optional"":false,""nullable"":false,""values"":[""TRANSPORT"",""FUEL"",""TOLL"",""HANDLING"",""SPECIAL_EQUIPMENT"",""BORDER"",""TAX"",""DISCOUNT"",""OTHER""]}",cargomesh/src/shared/schemas/v2/workflow.ts:157; schema workflow.ts:WorkflowRecordV2Schema; field data.breakdown[].kind,data.breakdown[].kind,ZodEnum,False,False,supabase-v2/supabase/migrations/20261004154048_hac40_workflow.sql:179,offers,"[{""file"":""extended-roundtrips.json"",""row"":13,""id"":""d11f905f-bed6-4220-8aa0-d4da5e42a4ee"",""state"":""VALUE"",""inputState"":""VALUE"",""inputEqualsRead"":true,""value"":""TRANSPORT""}]",COMPLETO,Resolved storage and current typed output agree with a concrete POST/GET or measured read projection,HAC-40 / Cristhian,29c385fe0ee501eb4b8b989b0a247c8fdeda62ad,POST /api/v2/carriers/:carrierId/offers/:id/withdrawals,GET /api/v2/carriers/:carrierId/offers; GET /api/v2/carriers/:carrierId/offers/:id; GET /api/v2/freight/requests/:requestId/offers; GET /api/v2/freight/requests/:requestId/offers/:id,logs/class-matrix.json: OfferCostComponent (catalog grants/policies/table ACL); logs/independent-rls-result.json; logs/auth-controls.json
355,OfferCostComponent,amount,Money,True,COMPLETO,v2_carrier_offers.data.breakdown[].amount,381,v2_carrier_offers.data.breakdown[].amount,v2_carrier_offers.data.breakdown[].amount,jsonb,NO,None,"offer_opportunity_fk: FOREIGN KEY (parent_id) REFERENCES carrier_opportunities(id); v2_carrier_offers_carrier_id_fkey: FOREIGN KEY (carrier_id) REFERENCES carriers(id); v2_carrier_offers_data_check: CHECK ((jsonb_typeof(data) = 'object'::text)); v2_carrier_offers_freight_request_id_fkey: FOREIGN KEY (freight_request_id) REFERENCES freight_requests(id); v2_carrier_offers_id_carrier_id_key: UNIQUE (id, carrier_id); v2_carrier_offers_id_organization_id_key: UNIQUE (id, organization_id); v2_carrier_offers_issuer_auth_user_id_fkey: FOREIGN KEY (issuer_auth_user_id) REFERENCES auth.users(id); v2_carrier_offers_issuer_member_id_fkey: FOREIGN KEY (issuer_member_id) REFERENCES organization_members(id); v2_carrier_offers_issuer_operator_id_carrier_id_fkey: FOREIGN KEY (issuer_operator_id, carrier_id) REFERENCES carrier_operators(id, carrier_id); v2_carrier_offers_kind_check: CHECK ((kind = 'offers'::text)); v2_carrier_offers_organization_id_fkey: FOREIGN KEY (organization_id) REFERENCES organizations(id); v2_carrier_offers_pkey: PRIMARY KEY (id); v2_carrier_offers_plan_id_fkey: FOREIGN KEY (plan_id) REFERENCES transport_plan_candidates(id); v2_carrier_offers_supersedes_offer_id_fkey: FOREIGN KEY (supersedes_offer_id) REFERENCES v2_carrier_offers(id); v2_carrier_offers_version_check: CHECK ((version > 0))","CREATE INDEX v2_carrier_offers_carrier_idx ON public.v2_carrier_offers USING btree (carrier_id, created_at, id) WHERE (carrier_id IS NOT NULL); CREATE UNIQUE INDEX v2_carrier_offers_id_carrier_id_key ON public.v2_carrier_offers USING btree (id, carrier_id); CREATE UNIQUE INDEX v2_carrier_offers_id_organization_id_key ON public.v2_carrier_offers USING btree (id, organization_id); CREATE INDEX v2_carrier_offers_issuer_auth_idx ON public.v2_carrier_offers USING btree (issuer_auth_user_id); CREATE INDEX v2_carrier_offers_issuer_idx ON public.v2_carrier_offers USING btree (issuer_operator_id); CREATE INDEX v2_carrier_offers_issuer_member_idx ON public.v2_carrier_offers USING btree (issuer_member_id); CREATE INDEX v2_carrier_offers_parent_idx ON public.v2_carrier_offers USING btree (parent_id) WHERE (parent_id IS NOT NULL); CREATE UNIQUE INDEX v2_carrier_offers_pkey ON public.v2_carrier_offers USING btree (id); CREATE INDEX v2_carrier_offers_plan_id_fkey_fk_idx ON public.v2_carrier_offers USING btree (plan_id); CREATE INDEX v2_carrier_offers_request_idx ON public.v2_carrier_offers USING btree (freight_request_id) WHERE (freight_request_id IS NOT NULL); CREATE INDEX v2_carrier_offers_supersedes_offer_id_fkey_fk_idx ON public.v2_carrier_offers USING btree (supersedes_offer_id); CREATE INDEX v2_carrier_offers_tenant_idx ON public.v2_carrier_offers USING btree (organization_id, created_at, id)",cargomesh/src/shared/schemas/v2/workflow.ts:64; schema workflow.ts:WorkflowInputsV2:offers.create; field breakdown[].amount,breakdown[].amount,ZodObject,False,True,"{""type"":""ZodObject"",""optional"":false,""nullable"":true,""fields"":{""amount"":{""type"":""ZodNumber"",""optional"":false,""nullable"":false,""checks"":[{""kind"":""finite""},{""kind"":""min"",""value"":0,""inclusive"":true},{""kind"":""max"",""value"":10000000000,""inclusive"":true}]},""currency"":{""type"":""ZodLiteral"",""optional"":false,""nullable"":false,""value"":""USD""}},""unknownKeys"":""strict""}",cargomesh/src/shared/schemas/v2/workflow.ts:157; schema workflow.ts:WorkflowRecordV2Schema; field data.breakdown[].amount,data.breakdown[].amount,ZodObject,False,True,supabase-v2/supabase/migrations/20261004154048_hac40_workflow.sql:179,offers,"[{""file"":""extended-roundtrips.json"",""row"":13,""id"":""d11f905f-bed6-4220-8aa0-d4da5e42a4ee"",""state"":""VALUE"",""inputState"":""VALUE"",""inputEqualsRead"":true,""value"":{""amount"":100,""currency"":""USD""}}]",COMPLETO,Resolved storage and current typed output agree with a concrete POST/GET or measured read projection,HAC-40 / Cristhian,29c385fe0ee501eb4b8b989b0a247c8fdeda62ad,POST /api/v2/carriers/:carrierId/offers/:id/withdrawals,GET /api/v2/carriers/:carrierId/offers; GET /api/v2/carriers/:carrierId/offers/:id; GET /api/v2/freight/requests/:requestId/offers; GET /api/v2/freight/requests/:requestId/offers/:id,logs/class-matrix.json: OfferCostComponent (catalog grants/policies/table ACL); logs/independent-rls-result.json; logs/auth-controls.json
356,OfferCostComponent,treatment,INCLUDED | QUOTED | ESTIMATED | EXCLUDED | UNKNOWN,False,COMPLETO,v2_carrier_offers.data.breakdown[].treatment,382,v2_carrier_offers.data.breakdown[].treatment,v2_carrier_offers.data.breakdown[].treatment,jsonb,NO,None,"offer_opportunity_fk: FOREIGN KEY (parent_id) REFERENCES carrier_opportunities(id); v2_carrier_offers_carrier_id_fkey: FOREIGN KEY (carrier_id) REFERENCES carriers(id); v2_carrier_offers_data_check: CHECK ((jsonb_typeof(data) = 'object'::text)); v2_carrier_offers_freight_request_id_fkey: FOREIGN KEY (freight_request_id) REFERENCES freight_requests(id); v2_carrier_offers_id_carrier_id_key: UNIQUE (id, carrier_id); v2_carrier_offers_id_organization_id_key: UNIQUE (id, organization_id); v2_carrier_offers_issuer_auth_user_id_fkey: FOREIGN KEY (issuer_auth_user_id) REFERENCES auth.users(id); v2_carrier_offers_issuer_member_id_fkey: FOREIGN KEY (issuer_member_id) REFERENCES organization_members(id); v2_carrier_offers_issuer_operator_id_carrier_id_fkey: FOREIGN KEY (issuer_operator_id, carrier_id) REFERENCES carrier_operators(id, carrier_id); v2_carrier_offers_kind_check: CHECK ((kind = 'offers'::text)); v2_carrier_offers_organization_id_fkey: FOREIGN KEY (organization_id) REFERENCES organizations(id); v2_carrier_offers_pkey: PRIMARY KEY (id); v2_carrier_offers_plan_id_fkey: FOREIGN KEY (plan_id) REFERENCES transport_plan_candidates(id); v2_carrier_offers_supersedes_offer_id_fkey: FOREIGN KEY (supersedes_offer_id) REFERENCES v2_carrier_offers(id); v2_carrier_offers_version_check: CHECK ((version > 0))","CREATE INDEX v2_carrier_offers_carrier_idx ON public.v2_carrier_offers USING btree (carrier_id, created_at, id) WHERE (carrier_id IS NOT NULL); CREATE UNIQUE INDEX v2_carrier_offers_id_carrier_id_key ON public.v2_carrier_offers USING btree (id, carrier_id); CREATE UNIQUE INDEX v2_carrier_offers_id_organization_id_key ON public.v2_carrier_offers USING btree (id, organization_id); CREATE INDEX v2_carrier_offers_issuer_auth_idx ON public.v2_carrier_offers USING btree (issuer_auth_user_id); CREATE INDEX v2_carrier_offers_issuer_idx ON public.v2_carrier_offers USING btree (issuer_operator_id); CREATE INDEX v2_carrier_offers_issuer_member_idx ON public.v2_carrier_offers USING btree (issuer_member_id); CREATE INDEX v2_carrier_offers_parent_idx ON public.v2_carrier_offers USING btree (parent_id) WHERE (parent_id IS NOT NULL); CREATE UNIQUE INDEX v2_carrier_offers_pkey ON public.v2_carrier_offers USING btree (id); CREATE INDEX v2_carrier_offers_plan_id_fkey_fk_idx ON public.v2_carrier_offers USING btree (plan_id); CREATE INDEX v2_carrier_offers_request_idx ON public.v2_carrier_offers USING btree (freight_request_id) WHERE (freight_request_id IS NOT NULL); CREATE INDEX v2_carrier_offers_supersedes_offer_id_fkey_fk_idx ON public.v2_carrier_offers USING btree (supersedes_offer_id); CREATE INDEX v2_carrier_offers_tenant_idx ON public.v2_carrier_offers USING btree (organization_id, created_at, id)",cargomesh/src/shared/schemas/v2/workflow.ts:64; schema workflow.ts:WorkflowInputsV2:offers.create; field breakdown[].treatment,breakdown[].treatment,ZodEnum,False,False,"{""type"":""ZodEnum"",""optional"":false,""nullable"":false,""values"":[""INCLUDED"",""QUOTED"",""ESTIMATED"",""EXCLUDED"",""UNKNOWN""]}",cargomesh/src/shared/schemas/v2/workflow.ts:157; schema workflow.ts:WorkflowRecordV2Schema; field data.breakdown[].treatment,data.breakdown[].treatment,ZodEnum,False,False,supabase-v2/supabase/migrations/20261004154048_hac40_workflow.sql:179,offers,"[{""file"":""extended-roundtrips.json"",""row"":13,""id"":""d11f905f-bed6-4220-8aa0-d4da5e42a4ee"",""state"":""VALUE"",""inputState"":""VALUE"",""inputEqualsRead"":true,""value"":""QUOTED""}]",COMPLETO,Resolved storage and current typed output agree with a concrete POST/GET or measured read projection,HAC-40 / Cristhian,29c385fe0ee501eb4b8b989b0a247c8fdeda62ad,POST /api/v2/carriers/:carrierId/offers/:id/withdrawals,GET /api/v2/carriers/:carrierId/offers; GET /api/v2/carriers/:carrierId/offers/:id; GET /api/v2/freight/requests/:requestId/offers; GET /api/v2/freight/requests/:requestId/offers/:id,logs/class-matrix.json: OfferCostComponent (catalog grants/policies/table ACL); logs/independent-rls-result.json; logs/auth-controls.json
357,OfferCostComponent,source,DataSource,False,COMPLETO,v2_carrier_offers.data.breakdown[].source,383,v2_carrier_offers.data.breakdown[].source,v2_carrier_offers.data.breakdown[].source,jsonb,NO,None,"offer_opportunity_fk: FOREIGN KEY (parent_id) REFERENCES carrier_opportunities(id); v2_carrier_offers_carrier_id_fkey: FOREIGN KEY (carrier_id) REFERENCES carriers(id); v2_carrier_offers_data_check: CHECK ((jsonb_typeof(data) = 'object'::text)); v2_carrier_offers_freight_request_id_fkey: FOREIGN KEY (freight_request_id) REFERENCES freight_requests(id); v2_carrier_offers_id_carrier_id_key: UNIQUE (id, carrier_id); v2_carrier_offers_id_organization_id_key: UNIQUE (id, organization_id); v2_carrier_offers_issuer_auth_user_id_fkey: FOREIGN KEY (issuer_auth_user_id) REFERENCES auth.users(id); v2_carrier_offers_issuer_member_id_fkey: FOREIGN KEY (issuer_member_id) REFERENCES organization_members(id); v2_carrier_offers_issuer_operator_id_carrier_id_fkey: FOREIGN KEY (issuer_operator_id, carrier_id) REFERENCES carrier_operators(id, carrier_id); v2_carrier_offers_kind_check: CHECK ((kind = 'offers'::text)); v2_carrier_offers_organization_id_fkey: FOREIGN KEY (organization_id) REFERENCES organizations(id); v2_carrier_offers_pkey: PRIMARY KEY (id); v2_carrier_offers_plan_id_fkey: FOREIGN KEY (plan_id) REFERENCES transport_plan_candidates(id); v2_carrier_offers_supersedes_offer_id_fkey: FOREIGN KEY (supersedes_offer_id) REFERENCES v2_carrier_offers(id); v2_carrier_offers_version_check: CHECK ((version > 0))","CREATE INDEX v2_carrier_offers_carrier_idx ON public.v2_carrier_offers USING btree (carrier_id, created_at, id) WHERE (carrier_id IS NOT NULL); CREATE UNIQUE INDEX v2_carrier_offers_id_carrier_id_key ON public.v2_carrier_offers USING btree (id, carrier_id); CREATE UNIQUE INDEX v2_carrier_offers_id_organization_id_key ON public.v2_carrier_offers USING btree (id, organization_id); CREATE INDEX v2_carrier_offers_issuer_auth_idx ON public.v2_carrier_offers USING btree (issuer_auth_user_id); CREATE INDEX v2_carrier_offers_issuer_idx ON public.v2_carrier_offers USING btree (issuer_operator_id); CREATE INDEX v2_carrier_offers_issuer_member_idx ON public.v2_carrier_offers USING btree (issuer_member_id); CREATE INDEX v2_carrier_offers_parent_idx ON public.v2_carrier_offers USING btree (parent_id) WHERE (parent_id IS NOT NULL); CREATE UNIQUE INDEX v2_carrier_offers_pkey ON public.v2_carrier_offers USING btree (id); CREATE INDEX v2_carrier_offers_plan_id_fkey_fk_idx ON public.v2_carrier_offers USING btree (plan_id); CREATE INDEX v2_carrier_offers_request_idx ON public.v2_carrier_offers USING btree (freight_request_id) WHERE (freight_request_id IS NOT NULL); CREATE INDEX v2_carrier_offers_supersedes_offer_id_fkey_fk_idx ON public.v2_carrier_offers USING btree (supersedes_offer_id); CREATE INDEX v2_carrier_offers_tenant_idx ON public.v2_carrier_offers USING btree (organization_id, created_at, id)",cargomesh/src/shared/schemas/v2/workflow.ts:64; schema workflow.ts:WorkflowInputsV2:offers.create; field breakdown[].source,breakdown[].source,ZodObject,False,False,"{""type"":""ZodObject"",""optional"":false,""nullable"":false,""fields"":{""reference"":{""type"":""ZodString"",""optional"":false,""nullable"":false,""checks"":[{""kind"":""trim""},{""kind"":""min"",""value"":1},{""kind"":""max"",""value"":500}]},""provider"":{""type"":""ZodString"",""optional"":false,""nullable"":false,""checks"":[{""kind"":""trim""},{""kind"":""min"",""value"":1},{""kind"":""max"",""value"":150}]},""observedAt"":{""type"":""ZodString"",""optional"":false,""nullable"":false,""checks"":[{""kind"":""datetime"",""precision"":null,""offset"":true,""local"":false}]},""validUntil"":{""type"":""ZodString"",""optional"":false,""nullable"":true,""checks"":[{""kind"":""datetime"",""precision"":null,""offset"":true,""local"":false}]},""provenanceStatus"":{""type"":""ZodEnum"",""optional"":false,""nullable"":false,""values"":[""VERIFIED"",""ESTIMATED"",""SIMULATED"",""UNKNOWN""]}},""unknownKeys"":""strict""}",cargomesh/src/shared/schemas/v2/workflow.ts:157; schema workflow.ts:WorkflowRecordV2Schema; field data.breakdown[].source,data.breakdown[].source,ZodObject,False,False,supabase-v2/supabase/migrations/20261004154048_hac40_workflow.sql:179,offers,"[{""file"":""extended-roundtrips.json"",""row"":13,""id"":""d11f905f-bed6-4220-8aa0-d4da5e42a4ee"",""state"":""VALUE"",""inputState"":""VALUE"",""inputEqualsRead"":true,""value"":{""reference"":""fixture:workflow"",""provider"":""Synthetic QA"",""observedAt"":""2020-01-01T00:00:00Z"",""validUntil"":""2030-01-01T00:00:00Z"",""provenanceStatus"":""SIMULATED""}}]",COMPLETO,Resolved storage and current typed output agree with a concrete POST/GET or measured read projection,HAC-40 / Cristhian,29c385fe0ee501eb4b8b989b0a247c8fdeda62ad,POST /api/v2/carriers/:carrierId/offers/:id/withdrawals,GET /api/v2/carriers/:carrierId/offers; GET /api/v2/carriers/:carrierId/offers/:id; GET /api/v2/freight/requests/:requestId/offers; GET /api/v2/freight/requests/:requestId/offers/:id,logs/class-matrix.json: OfferCostComponent (catalog grants/policies/table ACL); logs/independent-rls-result.json; logs/auth-controls.json
358,OfferCostComponent,observedAt,Instant,False,COMPLETO,v2_carrier_offers.data.breakdown[].observedAt,384,v2_carrier_offers.data.breakdown[].observedAt,v2_carrier_offers.data.breakdown[].observedAt,jsonb,NO,None,"offer_opportunity_fk: FOREIGN KEY (parent_id) REFERENCES carrier_opportunities(id); v2_carrier_offers_carrier_id_fkey: FOREIGN KEY (carrier_id) REFERENCES carriers(id); v2_carrier_offers_data_check: CHECK ((jsonb_typeof(data) = 'object'::text)); v2_carrier_offers_freight_request_id_fkey: FOREIGN KEY (freight_request_id) REFERENCES freight_requests(id); v2_carrier_offers_id_carrier_id_key: UNIQUE (id, carrier_id); v2_carrier_offers_id_organization_id_key: UNIQUE (id, organization_id); v2_carrier_offers_issuer_auth_user_id_fkey: FOREIGN KEY (issuer_auth_user_id) REFERENCES auth.users(id); v2_carrier_offers_issuer_member_id_fkey: FOREIGN KEY (issuer_member_id) REFERENCES organization_members(id); v2_carrier_offers_issuer_operator_id_carrier_id_fkey: FOREIGN KEY (issuer_operator_id, carrier_id) REFERENCES carrier_operators(id, carrier_id); v2_carrier_offers_kind_check: CHECK ((kind = 'offers'::text)); v2_carrier_offers_organization_id_fkey: FOREIGN KEY (organization_id) REFERENCES organizations(id); v2_carrier_offers_pkey: PRIMARY KEY (id); v2_carrier_offers_plan_id_fkey: FOREIGN KEY (plan_id) REFERENCES transport_plan_candidates(id); v2_carrier_offers_supersedes_offer_id_fkey: FOREIGN KEY (supersedes_offer_id) REFERENCES v2_carrier_offers(id); v2_carrier_offers_version_check: CHECK ((version > 0))","CREATE INDEX v2_carrier_offers_carrier_idx ON public.v2_carrier_offers USING btree (carrier_id, created_at, id) WHERE (carrier_id IS NOT NULL); CREATE UNIQUE INDEX v2_carrier_offers_id_carrier_id_key ON public.v2_carrier_offers USING btree (id, carrier_id); CREATE UNIQUE INDEX v2_carrier_offers_id_organization_id_key ON public.v2_carrier_offers USING btree (id, organization_id); CREATE INDEX v2_carrier_offers_issuer_auth_idx ON public.v2_carrier_offers USING btree (issuer_auth_user_id); CREATE INDEX v2_carrier_offers_issuer_idx ON public.v2_carrier_offers USING btree (issuer_operator_id); CREATE INDEX v2_carrier_offers_issuer_member_idx ON public.v2_carrier_offers USING btree (issuer_member_id); CREATE INDEX v2_carrier_offers_parent_idx ON public.v2_carrier_offers USING btree (parent_id) WHERE (parent_id IS NOT NULL); CREATE UNIQUE INDEX v2_carrier_offers_pkey ON public.v2_carrier_offers USING btree (id); CREATE INDEX v2_carrier_offers_plan_id_fkey_fk_idx ON public.v2_carrier_offers USING btree (plan_id); CREATE INDEX v2_carrier_offers_request_idx ON public.v2_carrier_offers USING btree (freight_request_id) WHERE (freight_request_id IS NOT NULL); CREATE INDEX v2_carrier_offers_supersedes_offer_id_fkey_fk_idx ON public.v2_carrier_offers USING btree (supersedes_offer_id); CREATE INDEX v2_carrier_offers_tenant_idx ON public.v2_carrier_offers USING btree (organization_id, created_at, id)",cargomesh/src/shared/schemas/v2/workflow.ts:64; schema workflow.ts:WorkflowInputsV2:offers.create; field breakdown[].observedAt,breakdown[].observedAt,ZodString,False,False,"{""type"":""ZodString"",""optional"":false,""nullable"":false,""checks"":[{""kind"":""datetime"",""precision"":null,""offset"":true,""local"":false}]}",cargomesh/src/shared/schemas/v2/workflow.ts:157; schema workflow.ts:WorkflowRecordV2Schema; field data.breakdown[].observedAt,data.breakdown[].observedAt,ZodString,False,False,supabase-v2/supabase/migrations/20261004154048_hac40_workflow.sql:179,offers,"[{""file"":""extended-roundtrips.json"",""row"":13,""id"":""d11f905f-bed6-4220-8aa0-d4da5e42a4ee"",""state"":""VALUE"",""inputState"":""VALUE"",""inputEqualsRead"":true,""value"":""2020-01-01T00:00:00Z""}]",COMPLETO,Resolved storage and current typed output agree with a concrete POST/GET or measured read projection,HAC-40 / Cristhian,29c385fe0ee501eb4b8b989b0a247c8fdeda62ad,POST /api/v2/carriers/:carrierId/offers/:id/withdrawals,GET /api/v2/carriers/:carrierId/offers; GET /api/v2/carriers/:carrierId/offers/:id; GET /api/v2/freight/requests/:requestId/offers; GET /api/v2/freight/requests/:requestId/offers/:id,logs/class-matrix.json: OfferCostComponent (catalog grants/policies/table ACL); logs/independent-rls-result.json; logs/auth-controls.json
359,OfferCostComponent,details,string,True,PARCIAL,v2_carrier_offers.data.breakdown[].details,385,v2_carrier_offers.data.breakdown[].details,v2_carrier_offers.data.breakdown[].details,jsonb,NO,None,"offer_opportunity_fk: FOREIGN KEY (parent_id) REFERENCES carrier_opportunities(id); v2_carrier_offers_carrier_id_fkey: FOREIGN KEY (carrier_id) REFERENCES carriers(id); v2_carrier_offers_data_check: CHECK ((jsonb_typeof(data) = 'object'::text)); v2_carrier_offers_freight_request_id_fkey: FOREIGN KEY (freight_request_id) REFERENCES freight_requests(id); v2_carrier_offers_id_carrier_id_key: UNIQUE (id, carrier_id); v2_carrier_offers_id_organization_id_key: UNIQUE (id, organization_id); v2_carrier_offers_issuer_auth_user_id_fkey: FOREIGN KEY (issuer_auth_user_id) REFERENCES auth.users(id); v2_carrier_offers_issuer_member_id_fkey: FOREIGN KEY (issuer_member_id) REFERENCES organization_members(id); v2_carrier_offers_issuer_operator_id_carrier_id_fkey: FOREIGN KEY (issuer_operator_id, carrier_id) REFERENCES carrier_operators(id, carrier_id); v2_carrier_offers_kind_check: CHECK ((kind = 'offers'::text)); v2_carrier_offers_organization_id_fkey: FOREIGN KEY (organization_id) REFERENCES organizations(id); v2_carrier_offers_pkey: PRIMARY KEY (id); v2_carrier_offers_plan_id_fkey: FOREIGN KEY (plan_id) REFERENCES transport_plan_candidates(id); v2_carrier_offers_supersedes_offer_id_fkey: FOREIGN KEY (supersedes_offer_id) REFERENCES v2_carrier_offers(id); v2_carrier_offers_version_check: CHECK ((version > 0))","CREATE INDEX v2_carrier_offers_carrier_idx ON public.v2_carrier_offers USING btree (carrier_id, created_at, id) WHERE (carrier_id IS NOT NULL); CREATE UNIQUE INDEX v2_carrier_offers_id_carrier_id_key ON public.v2_carrier_offers USING btree (id, carrier_id); CREATE UNIQUE INDEX v2_carrier_offers_id_organization_id_key ON public.v2_carrier_offers USING btree (id, organization_id); CREATE INDEX v2_carrier_offers_issuer_auth_idx ON public.v2_carrier_offers USING btree (issuer_auth_user_id); CREATE INDEX v2_carrier_offers_issuer_idx ON public.v2_carrier_offers USING btree (issuer_operator_id); CREATE INDEX v2_carrier_offers_issuer_member_idx ON public.v2_carrier_offers USING btree (issuer_member_id); CREATE INDEX v2_carrier_offers_parent_idx ON public.v2_carrier_offers USING btree (parent_id) WHERE (parent_id IS NOT NULL); CREATE UNIQUE INDEX v2_carrier_offers_pkey ON public.v2_carrier_offers USING btree (id); CREATE INDEX v2_carrier_offers_plan_id_fkey_fk_idx ON public.v2_carrier_offers USING btree (plan_id); CREATE INDEX v2_carrier_offers_request_idx ON public.v2_carrier_offers USING btree (freight_request_id) WHERE (freight_request_id IS NOT NULL); CREATE INDEX v2_carrier_offers_supersedes_offer_id_fkey_fk_idx ON public.v2_carrier_offers USING btree (supersedes_offer_id); CREATE INDEX v2_carrier_offers_tenant_idx ON public.v2_carrier_offers USING btree (organization_id, created_at, id)",cargomesh/src/shared/schemas/v2/workflow.ts:64; schema workflow.ts:WorkflowInputsV2:offers.create; field breakdown[].details,breakdown[].details,ZodString,False,True,"{""type"":""ZodString"",""optional"":false,""nullable"":true,""checks"":[{""kind"":""max"",""value"":1000}]}",cargomesh/src/shared/schemas/v2/workflow.ts:157; schema workflow.ts:WorkflowRecordV2Schema; field data.breakdown[].details,data.breakdown[].details,ZodString,False,True,supabase-v2/supabase/migrations/20261004154048_hac40_workflow.sql:179,offers,"[{""file"":""extended-roundtrips.json"",""row"":13,""id"":""d11f905f-bed6-4220-8aa0-d4da5e42a4ee"",""state"":""NULL"",""inputState"":""NULL"",""inputEqualsRead"":true,""value"":null}]",PARCIAL,No concrete non-null field value or measured read projection in this cut,HAC-40 / Cristhian,29c385fe0ee501eb4b8b989b0a247c8fdeda62ad,POST /api/v2/carriers/:carrierId/offers/:id/withdrawals,GET /api/v2/carriers/:carrierId/offers; GET /api/v2/carriers/:carrierId/offers/:id; GET /api/v2/freight/requests/:requestId/offers; GET /api/v2/freight/requests/:requestId/offers/:id,logs/class-matrix.json: OfferCostComponent (catalog grants/policies/table ACL); logs/independent-rls-result.json; logs/auth-controls.json
360,ShipmentContact,role,PICKUP | RECIPIENT,False,PARCIAL,"freight_requests.v2_snapshot.contacts.{pickup,recipient}",386,"freight_requests.v2_snapshot.contacts.{pickup,recipient}","freight_requests.v2_snapshot.contacts.{pickup,recipient}",jsonb,YES,None,freight_requests_v2_snapshot_shape: CHECK (((v2_snapshot IS NULL) OR ((jsonb_typeof(v2_snapshot) = 'object'::text) AND (jsonb_typeof(v2_creation_payload) = 'object'::text) AND (v2_contract_version = '2.0'::text) AND ((v2_snapshot ->> 'schemaVersion'::text) = '2.0'::text) AND (v2_snapshot ? 'cargoSpecification'::text) AND (v2_snapshot ? 'contacts'::text) AND (budget_currency IS DISTINCT FROM 'PEN'::text)))),,NO_WRITABLE_DTO,—,—,—,—,—,NO_TYPED_OUTPUT,contacts.pickup.role,—,—,—,supabase-v2/supabase/migrations/20260927064713_hac12_road_vertical.sql:4,request,[],PARCIAL,Derived/scenario/container representation; exact field semantics not certified,HAC-40 / Cristhian,29c385fe0ee501eb4b8b989b0a247c8fdeda62ad,POST /api/v2/freight/requests/:id/revisions; POST /api/v2/freight/requests/:id/submissions; POST /api/v2/freight/requests; POST /api/v2/freight/requests/:requestId/route-alternatives; POST /api/v2/freight/requests/:requestId/routes; POST /api/v2/freight/requests/:requestId/plans; POST /api/v2/freight/requests/:requestId/opportunities; POST /api/v2/freight/requests/:requestId/ranking; POST /api/v2/freight/requests/:requestId/decisions; POST /api/v2/freight/requests/:requestId/decisions/:id/revocations,GET /api/v2/freight/requests; GET /api/v2/freight/requests/:id/serviceability; GET /api/v2/freight/requests/:id; GET /api/v2/freight/requests/:requestId/routes; GET /api/v2/freight/requests/:requestId/routes/:id; GET /api/v2/freight/requests/:requestId/plans; GET /api/v2/freight/requests/:requestId/plans/:id; GET /api/v2/freight/requests/:requestId/opportunities; GET /api/v2/freight/requests/:requestId/opportunities/:id; GET /api/v2/freight/requests/:requestId/offers; GET /api/v2/freight/requests/:requestId/offers/:id; GET /api/v2/freight/requests/:requestId/ranking; GET /api/v2/freight/requests/:requestId/ranking/:id; GET /api/v2/freight/requests/:requestId/decisions; GET /api/v2/freight/requests/:requestId/decisions/:id,logs/class-matrix.json: ShipmentContact (catalog grants/policies/table ACL); logs/independent-rls-result.json; logs/auth-controls.json
361,ShipmentContact,name,string,False,COMPLETO,freight_requests.v2_snapshot.contacts.pickup.name,387,freight_requests.v2_snapshot.contacts.pickup.name,freight_requests.v2_snapshot.contacts.pickup.name,jsonb,YES,None,"freight_requests_budget_positive: CHECK (((budget_max IS NULL) OR (budget_max > (0)::numeric))); freight_requests_cargo_category_id_fkey: FOREIGN KEY (cargo_category_id) REFERENCES cargo_categories(id); freight_requests_cargo_entry_method_check: CHECK ((cargo_entry_method = ANY (ARRAY['TOTAL_WEIGHT'::text, 'UNITS'::text, 'PACKAGES'::text, 'PALLETS'::text, 'LOTS'::text, 'SACKS'::text]))); freight_requests_cargo_specifications_object: CHECK ((jsonb_typeof(cargo_specifications) = 'object'::text)); freight_requests_code_key: UNIQUE (code); freight_requests_confirmed_by_member_id_fkey: FOREIGN KEY (confirmed_by_member_id) REFERENCES organization_members(id); freight_requests_creation_receipt_check: CHECK ((((creation_idempotency_key IS NULL) AND (creation_payload_hash IS NULL)) OR ((creation_idempotency_key IS NOT NULL) AND (creation_payload_hash IS NOT NULL) AND (requested_by_member_id IS NOT NULL) AND (creation_payload_hash ~ '^[0-9a-f]{64}$'::text)))); freight_requests_destination_facility_same_org: FOREIGN KEY (destination_facility_id, organization_id) REFERENCES facilities(id, organization_id); freight_requests_destination_region_not_blank: CHECK (((destination_region IS NULL) OR (length(btrim(destination_region)) > 0))); freight_requests_draft_version_positive: CHECK ((draft_version >= 1)); freight_requests_entry_dimensions_positive: CHECK ((((entry_length_cm IS NULL) OR (entry_length_cm > (0)::numeric)) AND ((entry_width_cm IS NULL) OR (entry_width_cm > (0)::numeric)) AND ((entry_height_cm IS NULL) OR (entry_height_cm > (0)::numeric)))); freight_requests_entry_quantity_positive: CHECK (((entry_quantity IS NULL) OR (entry_quantity > (0)::numeric))); freight_requests_entry_unit_weight_positive: CHECK (((entry_unit_weight_kg IS NULL) OR (entry_unit_weight_kg > (0)::numeric))); freight_requests_organization_cargo_profile_fkey: FOREIGN KEY (organization_id, cargo_profile_id) REFERENCES organization_cargo_profiles(organization_id, id); freight_requests_organization_id_fkey: FOREIGN KEY (organization_id) REFERENCES organizations(id) ON DELETE CASCADE; freight_requests_origin_facility_same_org: FOREIGN KEY (origin_facility_id, organization_id) REFERENCES facilities(id, organization_id); freight_requests_origin_region_not_blank: CHECK (((origin_region IS NULL) OR (length(btrim(origin_region)) > 0))); freight_requests_pickup_mode_check: CHECK ((pickup_mode = ANY (ARRAY['ASAP'::text, 'SCHEDULED'::text]))); freight_requests_pickup_window_check: CHECK (((pickup_window_end IS NULL) OR (pickup_window_start IS NULL) OR (pickup_window_end > pickup_window_start))); freight_requests_pkey: PRIMARY KEY (id); freight_requests_requested_by_member_id_fkey: FOREIGN KEY (requested_by_member_id) REFERENCES organization_members(id); freight_requests_selection_objective_check: CHECK ((selection_objective = ANY (ARRAY['LOWEST_COST'::text, 'FASTEST'::text, 'WEIGHTED'::text]))); freight_requests_status_check: CHECK ((status = ANY (ARRAY['DRAFT'::text, 'PENDING'::text, 'ORCHESTRATING'::text, 'AWAITING_SELECTION'::text, 'BOOKING'::text, 'BOOKED'::text, 'FAILED'::text, 'CANCELLED'::text]))); freight_requests_unitized_intake_complete: CHECK (((status = 'DRAFT'::text) OR (cargo_entry_method = 'TOTAL_WEIGHT'::text) OR ((entry_quantity IS NOT NULL) AND (entry_unit_weight_kg IS NOT NULL) AND (units_per_entry IS NOT NULL)))); freight_requests_unitized_volume_matches_total: CHECK (((cargo_volume_m3 IS NULL) OR (entry_quantity IS NULL) OR (units_per_entry IS NULL) OR (entry_length_cm IS NULL) OR (entry_width_cm IS NULL) OR (entry_height_cm IS NULL) OR (abs((cargo_volume_m3 - (((((entry_quantity * (units_per_entry)::numeric) * entry_length_cm) * entry_width_cm) * entry_height_cm) / (1000000)::numeric))) <= 0.01))); freight_requests_unitized_weight_matches_total: CHECK (((cargo_entry_method = 'TOTAL_WEIGHT'::text) OR (entry_quantity IS NULL) OR (entry_unit_weight_kg IS NULL) OR (units_per_entry IS NULL) OR (abs((cargo_weight_kg - ((entry_quantity * entry_unit_weight_kg) * (units_per_entry)::numeric))) <= 0.01))); freight_requests_units_per_entry_positive: CHECK (((units_per_entry IS NULL) OR (units_per_entry > 0))); freight_requests_v2_budget_currency: CHECK (((budget_currency IS NULL) OR (budget_currency = 'USD'::text))); freight_requests_v2_delivery_window: CHECK (((delivery_window_start IS NULL) OR ((delivery_window_end IS NOT NULL) AND (delivery_window_end > delivery_window_start)))); freight_requests_v2_snapshot_shape: CHECK (((v2_snapshot IS NULL) OR ((jsonb_typeof(v2_snapshot) = 'object'::text) AND (jsonb_typeof(v2_creation_payload) = 'object'::text) AND (v2_contract_version = '2.0'::text) AND ((v2_snapshot ->> 'schemaVersion'::text) = '2.0'::text) AND (v2_snapshot ? 'cargoSpecification'::text) AND (v2_snapshot ? 'contacts'::text) AND (budget_currency IS DISTINCT FROM 'PEN'::text)))); freight_requests_weight_positive: CHECK ((cargo_weight_kg > (0)::numeric))","CREATE INDEX freight_requests_cargo_category_idx ON public.freight_requests USING btree (cargo_category_id); CREATE INDEX freight_requests_cargo_profile_idx ON public.freight_requests USING btree (cargo_profile_id) WHERE (cargo_profile_id IS NOT NULL); CREATE UNIQUE INDEX freight_requests_code_key ON public.freight_requests USING btree (code); CREATE INDEX freight_requests_confirmed_by_idx ON public.freight_requests USING btree (confirmed_by_member_id) WHERE (confirmed_by_member_id IS NOT NULL); CREATE UNIQUE INDEX freight_requests_creation_idempotency_idx ON public.freight_requests USING btree (organization_id, requested_by_member_id, creation_idempotency_key) WHERE (creation_idempotency_key IS NOT NULL); CREATE INDEX freight_requests_destination_facility_idx ON public.freight_requests USING btree (destination_facility_id) WHERE (destination_facility_id IS NOT NULL); CREATE INDEX freight_requests_org_cargo_profile_idx ON public.freight_requests USING btree (organization_id, cargo_profile_id) WHERE (cargo_profile_id IS NOT NULL); CREATE INDEX freight_requests_org_draft_version_idx ON public.freight_requests USING btree (organization_id, draft_version); CREATE INDEX freight_requests_org_status_created_idx ON public.freight_requests USING btree (organization_id, status, created_at DESC); CREATE INDEX freight_requests_origin_facility_idx ON public.freight_requests USING btree (origin_facility_id) WHERE (origin_facility_id IS NOT NULL); CREATE UNIQUE INDEX freight_requests_pkey ON public.freight_requests USING btree (id); CREATE INDEX freight_requests_requester_idx ON public.freight_requests USING btree (requested_by_member_id) WHERE (requested_by_member_id IS NOT NULL); CREATE INDEX freight_requests_v2_org_created_idx ON public.freight_requests USING btree (organization_id, created_at DESC) WHERE (v2_contract_version = '2.0'::text)",cargomesh/src/shared/schemas/v2/freight-request.ts:126; schema freight-request.ts:CreateFreightRequestV2InputSchema; field contacts.pickup.name,contacts.pickup.name,ZodString,False,False,"{""type"":""ZodString"",""optional"":false,""nullable"":false,""checks"":[{""kind"":""trim""},{""kind"":""min"",""value"":1},{""kind"":""max"",""value"":150}]}",cargomesh/src/shared/schemas/v2/freight-request.ts:148; schema freight-request.ts:FreightRequestV2ResponseSchema; field contacts.pickup.name,contacts.pickup.name,ZodString,False,False,supabase-v2/supabase/migrations/20260927064713_hac12_road_vertical.sql:4,request,"[{""file"":""roundtrips.json"",""row"":21,""id"":""a8085b64-73e5-4704-b81a-f4262131f95c"",""state"":""VALUE"",""inputState"":""VALUE"",""inputEqualsRead"":true,""value"":""Elena Vargas""},{""file"":""extended-roundtrips.json"",""row"":5,""id"":""82f5d33a-d482-46b8-b2c3-53fcc4e8a88d"",""state"":""VALUE"",""inputState"":""VALUE"",""inputEqualsRead"":true,""value"":""Elena Vargas""}]",COMPLETO,Resolved storage and current typed output agree with a concrete POST/GET or measured read projection,HAC-40 / Cristhian,29c385fe0ee501eb4b8b989b0a247c8fdeda62ad,POST /api/v2/freight/requests/:id/revisions; POST /api/v2/freight/requests/:id/submissions; POST /api/v2/freight/requests; POST /api/v2/freight/requests/:requestId/route-alternatives; POST /api/v2/freight/requests/:requestId/routes; POST /api/v2/freight/requests/:requestId/plans; POST /api/v2/freight/requests/:requestId/opportunities; POST /api/v2/freight/requests/:requestId/ranking; POST /api/v2/freight/requests/:requestId/decisions; POST /api/v2/freight/requests/:requestId/decisions/:id/revocations,GET /api/v2/freight/requests; GET /api/v2/freight/requests/:id/serviceability; GET /api/v2/freight/requests/:id; GET /api/v2/freight/requests/:requestId/routes; GET /api/v2/freight/requests/:requestId/routes/:id; GET /api/v2/freight/requests/:requestId/plans; GET /api/v2/freight/requests/:requestId/plans/:id; GET /api/v2/freight/requests/:requestId/opportunities; GET /api/v2/freight/requests/:requestId/opportunities/:id; GET /api/v2/freight/requests/:requestId/offers; GET /api/v2/freight/requests/:requestId/offers/:id; GET /api/v2/freight/requests/:requestId/ranking; GET /api/v2/freight/requests/:requestId/ranking/:id; GET /api/v2/freight/requests/:requestId/decisions; GET /api/v2/freight/requests/:requestId/decisions/:id,logs/class-matrix.json: ShipmentContact (catalog grants/policies/table ACL); logs/independent-rls-result.json; logs/auth-controls.json
362,ShipmentContact,company,string,True,PARCIAL,freight_requests.v2_snapshot.contacts.pickup.company,388,freight_requests.v2_snapshot.contacts.pickup.company,freight_requests.v2_snapshot.contacts.pickup.company,jsonb,YES,None,"freight_requests_budget_positive: CHECK (((budget_max IS NULL) OR (budget_max > (0)::numeric))); freight_requests_cargo_category_id_fkey: FOREIGN KEY (cargo_category_id) REFERENCES cargo_categories(id); freight_requests_cargo_entry_method_check: CHECK ((cargo_entry_method = ANY (ARRAY['TOTAL_WEIGHT'::text, 'UNITS'::text, 'PACKAGES'::text, 'PALLETS'::text, 'LOTS'::text, 'SACKS'::text]))); freight_requests_cargo_specifications_object: CHECK ((jsonb_typeof(cargo_specifications) = 'object'::text)); freight_requests_code_key: UNIQUE (code); freight_requests_confirmed_by_member_id_fkey: FOREIGN KEY (confirmed_by_member_id) REFERENCES organization_members(id); freight_requests_creation_receipt_check: CHECK ((((creation_idempotency_key IS NULL) AND (creation_payload_hash IS NULL)) OR ((creation_idempotency_key IS NOT NULL) AND (creation_payload_hash IS NOT NULL) AND (requested_by_member_id IS NOT NULL) AND (creation_payload_hash ~ '^[0-9a-f]{64}$'::text)))); freight_requests_destination_facility_same_org: FOREIGN KEY (destination_facility_id, organization_id) REFERENCES facilities(id, organization_id); freight_requests_destination_region_not_blank: CHECK (((destination_region IS NULL) OR (length(btrim(destination_region)) > 0))); freight_requests_draft_version_positive: CHECK ((draft_version >= 1)); freight_requests_entry_dimensions_positive: CHECK ((((entry_length_cm IS NULL) OR (entry_length_cm > (0)::numeric)) AND ((entry_width_cm IS NULL) OR (entry_width_cm > (0)::numeric)) AND ((entry_height_cm IS NULL) OR (entry_height_cm > (0)::numeric)))); freight_requests_entry_quantity_positive: CHECK (((entry_quantity IS NULL) OR (entry_quantity > (0)::numeric))); freight_requests_entry_unit_weight_positive: CHECK (((entry_unit_weight_kg IS NULL) OR (entry_unit_weight_kg > (0)::numeric))); freight_requests_organization_cargo_profile_fkey: FOREIGN KEY (organization_id, cargo_profile_id) REFERENCES organization_cargo_profiles(organization_id, id); freight_requests_organization_id_fkey: FOREIGN KEY (organization_id) REFERENCES organizations(id) ON DELETE CASCADE; freight_requests_origin_facility_same_org: FOREIGN KEY (origin_facility_id, organization_id) REFERENCES facilities(id, organization_id); freight_requests_origin_region_not_blank: CHECK (((origin_region IS NULL) OR (length(btrim(origin_region)) > 0))); freight_requests_pickup_mode_check: CHECK ((pickup_mode = ANY (ARRAY['ASAP'::text, 'SCHEDULED'::text]))); freight_requests_pickup_window_check: CHECK (((pickup_window_end IS NULL) OR (pickup_window_start IS NULL) OR (pickup_window_end > pickup_window_start))); freight_requests_pkey: PRIMARY KEY (id); freight_requests_requested_by_member_id_fkey: FOREIGN KEY (requested_by_member_id) REFERENCES organization_members(id); freight_requests_selection_objective_check: CHECK ((selection_objective = ANY (ARRAY['LOWEST_COST'::text, 'FASTEST'::text, 'WEIGHTED'::text]))); freight_requests_status_check: CHECK ((status = ANY (ARRAY['DRAFT'::text, 'PENDING'::text, 'ORCHESTRATING'::text, 'AWAITING_SELECTION'::text, 'BOOKING'::text, 'BOOKED'::text, 'FAILED'::text, 'CANCELLED'::text]))); freight_requests_unitized_intake_complete: CHECK (((status = 'DRAFT'::text) OR (cargo_entry_method = 'TOTAL_WEIGHT'::text) OR ((entry_quantity IS NOT NULL) AND (entry_unit_weight_kg IS NOT NULL) AND (units_per_entry IS NOT NULL)))); freight_requests_unitized_volume_matches_total: CHECK (((cargo_volume_m3 IS NULL) OR (entry_quantity IS NULL) OR (units_per_entry IS NULL) OR (entry_length_cm IS NULL) OR (entry_width_cm IS NULL) OR (entry_height_cm IS NULL) OR (abs((cargo_volume_m3 - (((((entry_quantity * (units_per_entry)::numeric) * entry_length_cm) * entry_width_cm) * entry_height_cm) / (1000000)::numeric))) <= 0.01))); freight_requests_unitized_weight_matches_total: CHECK (((cargo_entry_method = 'TOTAL_WEIGHT'::text) OR (entry_quantity IS NULL) OR (entry_unit_weight_kg IS NULL) OR (units_per_entry IS NULL) OR (abs((cargo_weight_kg - ((entry_quantity * entry_unit_weight_kg) * (units_per_entry)::numeric))) <= 0.01))); freight_requests_units_per_entry_positive: CHECK (((units_per_entry IS NULL) OR (units_per_entry > 0))); freight_requests_v2_budget_currency: CHECK (((budget_currency IS NULL) OR (budget_currency = 'USD'::text))); freight_requests_v2_delivery_window: CHECK (((delivery_window_start IS NULL) OR ((delivery_window_end IS NOT NULL) AND (delivery_window_end > delivery_window_start)))); freight_requests_v2_snapshot_shape: CHECK (((v2_snapshot IS NULL) OR ((jsonb_typeof(v2_snapshot) = 'object'::text) AND (jsonb_typeof(v2_creation_payload) = 'object'::text) AND (v2_contract_version = '2.0'::text) AND ((v2_snapshot ->> 'schemaVersion'::text) = '2.0'::text) AND (v2_snapshot ? 'cargoSpecification'::text) AND (v2_snapshot ? 'contacts'::text) AND (budget_currency IS DISTINCT FROM 'PEN'::text)))); freight_requests_weight_positive: CHECK ((cargo_weight_kg > (0)::numeric))","CREATE INDEX freight_requests_cargo_category_idx ON public.freight_requests USING btree (cargo_category_id); CREATE INDEX freight_requests_cargo_profile_idx ON public.freight_requests USING btree (cargo_profile_id) WHERE (cargo_profile_id IS NOT NULL); CREATE UNIQUE INDEX freight_requests_code_key ON public.freight_requests USING btree (code); CREATE INDEX freight_requests_confirmed_by_idx ON public.freight_requests USING btree (confirmed_by_member_id) WHERE (confirmed_by_member_id IS NOT NULL); CREATE UNIQUE INDEX freight_requests_creation_idempotency_idx ON public.freight_requests USING btree (organization_id, requested_by_member_id, creation_idempotency_key) WHERE (creation_idempotency_key IS NOT NULL); CREATE INDEX freight_requests_destination_facility_idx ON public.freight_requests USING btree (destination_facility_id) WHERE (destination_facility_id IS NOT NULL); CREATE INDEX freight_requests_org_cargo_profile_idx ON public.freight_requests USING btree (organization_id, cargo_profile_id) WHERE (cargo_profile_id IS NOT NULL); CREATE INDEX freight_requests_org_draft_version_idx ON public.freight_requests USING btree (organization_id, draft_version); CREATE INDEX freight_requests_org_status_created_idx ON public.freight_requests USING btree (organization_id, status, created_at DESC); CREATE INDEX freight_requests_origin_facility_idx ON public.freight_requests USING btree (origin_facility_id) WHERE (origin_facility_id IS NOT NULL); CREATE UNIQUE INDEX freight_requests_pkey ON public.freight_requests USING btree (id); CREATE INDEX freight_requests_requester_idx ON public.freight_requests USING btree (requested_by_member_id) WHERE (requested_by_member_id IS NOT NULL); CREATE INDEX freight_requests_v2_org_created_idx ON public.freight_requests USING btree (organization_id, created_at DESC) WHERE (v2_contract_version = '2.0'::text)",cargomesh/src/shared/schemas/v2/freight-request.ts:126; schema freight-request.ts:CreateFreightRequestV2InputSchema; field contacts.pickup.company,contacts.pickup.company,ZodString,True,True,"{""type"":""ZodString"",""optional"":true,""nullable"":true,""checks"":[{""kind"":""trim""},{""kind"":""min"",""value"":1},{""kind"":""max"",""value"":200}]}",cargomesh/src/shared/schemas/v2/freight-request.ts:148; schema freight-request.ts:FreightRequestV2ResponseSchema; field contacts.pickup.company,contacts.pickup.company,ZodString,True,True,supabase-v2/supabase/migrations/20260927064713_hac12_road_vertical.sql:4,request,[],PARCIAL,No concrete non-null field value or measured read projection in this cut,HAC-40 / Cristhian,29c385fe0ee501eb4b8b989b0a247c8fdeda62ad,POST /api/v2/freight/requests/:id/revisions; POST /api/v2/freight/requests/:id/submissions; POST /api/v2/freight/requests; POST /api/v2/freight/requests/:requestId/route-alternatives; POST /api/v2/freight/requests/:requestId/routes; POST /api/v2/freight/requests/:requestId/plans; POST /api/v2/freight/requests/:requestId/opportunities; POST /api/v2/freight/requests/:requestId/ranking; POST /api/v2/freight/requests/:requestId/decisions; POST /api/v2/freight/requests/:requestId/decisions/:id/revocations,GET /api/v2/freight/requests; GET /api/v2/freight/requests/:id/serviceability; GET /api/v2/freight/requests/:id; GET /api/v2/freight/requests/:requestId/routes; GET /api/v2/freight/requests/:requestId/routes/:id; GET /api/v2/freight/requests/:requestId/plans; GET /api/v2/freight/requests/:requestId/plans/:id; GET /api/v2/freight/requests/:requestId/opportunities; GET /api/v2/freight/requests/:requestId/opportunities/:id; GET /api/v2/freight/requests/:requestId/offers; GET /api/v2/freight/requests/:requestId/offers/:id; GET /api/v2/freight/requests/:requestId/ranking; GET /api/v2/freight/requests/:requestId/ranking/:id; GET /api/v2/freight/requests/:requestId/decisions; GET /api/v2/freight/requests/:requestId/decisions/:id,logs/class-matrix.json: ShipmentContact (catalog grants/policies/table ACL); logs/independent-rls-result.json; logs/auth-controls.json
363,ShipmentContact,phone,E164Phone,False,COMPLETO,freight_requests.v2_snapshot.contacts.pickup.phoneE164,389,freight_requests.v2_snapshot.contacts.pickup.phoneE164,freight_requests.v2_snapshot.contacts.pickup.phoneE164,jsonb,YES,None,"freight_requests_budget_positive: CHECK (((budget_max IS NULL) OR (budget_max > (0)::numeric))); freight_requests_cargo_category_id_fkey: FOREIGN KEY (cargo_category_id) REFERENCES cargo_categories(id); freight_requests_cargo_entry_method_check: CHECK ((cargo_entry_method = ANY (ARRAY['TOTAL_WEIGHT'::text, 'UNITS'::text, 'PACKAGES'::text, 'PALLETS'::text, 'LOTS'::text, 'SACKS'::text]))); freight_requests_cargo_specifications_object: CHECK ((jsonb_typeof(cargo_specifications) = 'object'::text)); freight_requests_code_key: UNIQUE (code); freight_requests_confirmed_by_member_id_fkey: FOREIGN KEY (confirmed_by_member_id) REFERENCES organization_members(id); freight_requests_creation_receipt_check: CHECK ((((creation_idempotency_key IS NULL) AND (creation_payload_hash IS NULL)) OR ((creation_idempotency_key IS NOT NULL) AND (creation_payload_hash IS NOT NULL) AND (requested_by_member_id IS NOT NULL) AND (creation_payload_hash ~ '^[0-9a-f]{64}$'::text)))); freight_requests_destination_facility_same_org: FOREIGN KEY (destination_facility_id, organization_id) REFERENCES facilities(id, organization_id); freight_requests_destination_region_not_blank: CHECK (((destination_region IS NULL) OR (length(btrim(destination_region)) > 0))); freight_requests_draft_version_positive: CHECK ((draft_version >= 1)); freight_requests_entry_dimensions_positive: CHECK ((((entry_length_cm IS NULL) OR (entry_length_cm > (0)::numeric)) AND ((entry_width_cm IS NULL) OR (entry_width_cm > (0)::numeric)) AND ((entry_height_cm IS NULL) OR (entry_height_cm > (0)::numeric)))); freight_requests_entry_quantity_positive: CHECK (((entry_quantity IS NULL) OR (entry_quantity > (0)::numeric))); freight_requests_entry_unit_weight_positive: CHECK (((entry_unit_weight_kg IS NULL) OR (entry_unit_weight_kg > (0)::numeric))); freight_requests_organization_cargo_profile_fkey: FOREIGN KEY (organization_id, cargo_profile_id) REFERENCES organization_cargo_profiles(organization_id, id); freight_requests_organization_id_fkey: FOREIGN KEY (organization_id) REFERENCES organizations(id) ON DELETE CASCADE; freight_requests_origin_facility_same_org: FOREIGN KEY (origin_facility_id, organization_id) REFERENCES facilities(id, organization_id); freight_requests_origin_region_not_blank: CHECK (((origin_region IS NULL) OR (length(btrim(origin_region)) > 0))); freight_requests_pickup_mode_check: CHECK ((pickup_mode = ANY (ARRAY['ASAP'::text, 'SCHEDULED'::text]))); freight_requests_pickup_window_check: CHECK (((pickup_window_end IS NULL) OR (pickup_window_start IS NULL) OR (pickup_window_end > pickup_window_start))); freight_requests_pkey: PRIMARY KEY (id); freight_requests_requested_by_member_id_fkey: FOREIGN KEY (requested_by_member_id) REFERENCES organization_members(id); freight_requests_selection_objective_check: CHECK ((selection_objective = ANY (ARRAY['LOWEST_COST'::text, 'FASTEST'::text, 'WEIGHTED'::text]))); freight_requests_status_check: CHECK ((status = ANY (ARRAY['DRAFT'::text, 'PENDING'::text, 'ORCHESTRATING'::text, 'AWAITING_SELECTION'::text, 'BOOKING'::text, 'BOOKED'::text, 'FAILED'::text, 'CANCELLED'::text]))); freight_requests_unitized_intake_complete: CHECK (((status = 'DRAFT'::text) OR (cargo_entry_method = 'TOTAL_WEIGHT'::text) OR ((entry_quantity IS NOT NULL) AND (entry_unit_weight_kg IS NOT NULL) AND (units_per_entry IS NOT NULL)))); freight_requests_unitized_volume_matches_total: CHECK (((cargo_volume_m3 IS NULL) OR (entry_quantity IS NULL) OR (units_per_entry IS NULL) OR (entry_length_cm IS NULL) OR (entry_width_cm IS NULL) OR (entry_height_cm IS NULL) OR (abs((cargo_volume_m3 - (((((entry_quantity * (units_per_entry)::numeric) * entry_length_cm) * entry_width_cm) * entry_height_cm) / (1000000)::numeric))) <= 0.01))); freight_requests_unitized_weight_matches_total: CHECK (((cargo_entry_method = 'TOTAL_WEIGHT'::text) OR (entry_quantity IS NULL) OR (entry_unit_weight_kg IS NULL) OR (units_per_entry IS NULL) OR (abs((cargo_weight_kg - ((entry_quantity * entry_unit_weight_kg) * (units_per_entry)::numeric))) <= 0.01))); freight_requests_units_per_entry_positive: CHECK (((units_per_entry IS NULL) OR (units_per_entry > 0))); freight_requests_v2_budget_currency: CHECK (((budget_currency IS NULL) OR (budget_currency = 'USD'::text))); freight_requests_v2_delivery_window: CHECK (((delivery_window_start IS NULL) OR ((delivery_window_end IS NOT NULL) AND (delivery_window_end > delivery_window_start)))); freight_requests_v2_snapshot_shape: CHECK (((v2_snapshot IS NULL) OR ((jsonb_typeof(v2_snapshot) = 'object'::text) AND (jsonb_typeof(v2_creation_payload) = 'object'::text) AND (v2_contract_version = '2.0'::text) AND ((v2_snapshot ->> 'schemaVersion'::text) = '2.0'::text) AND (v2_snapshot ? 'cargoSpecification'::text) AND (v2_snapshot ? 'contacts'::text) AND (budget_currency IS DISTINCT FROM 'PEN'::text)))); freight_requests_weight_positive: CHECK ((cargo_weight_kg > (0)::numeric))","CREATE INDEX freight_requests_cargo_category_idx ON public.freight_requests USING btree (cargo_category_id); CREATE INDEX freight_requests_cargo_profile_idx ON public.freight_requests USING btree (cargo_profile_id) WHERE (cargo_profile_id IS NOT NULL); CREATE UNIQUE INDEX freight_requests_code_key ON public.freight_requests USING btree (code); CREATE INDEX freight_requests_confirmed_by_idx ON public.freight_requests USING btree (confirmed_by_member_id) WHERE (confirmed_by_member_id IS NOT NULL); CREATE UNIQUE INDEX freight_requests_creation_idempotency_idx ON public.freight_requests USING btree (organization_id, requested_by_member_id, creation_idempotency_key) WHERE (creation_idempotency_key IS NOT NULL); CREATE INDEX freight_requests_destination_facility_idx ON public.freight_requests USING btree (destination_facility_id) WHERE (destination_facility_id IS NOT NULL); CREATE INDEX freight_requests_org_cargo_profile_idx ON public.freight_requests USING btree (organization_id, cargo_profile_id) WHERE (cargo_profile_id IS NOT NULL); CREATE INDEX freight_requests_org_draft_version_idx ON public.freight_requests USING btree (organization_id, draft_version); CREATE INDEX freight_requests_org_status_created_idx ON public.freight_requests USING btree (organization_id, status, created_at DESC); CREATE INDEX freight_requests_origin_facility_idx ON public.freight_requests USING btree (origin_facility_id) WHERE (origin_facility_id IS NOT NULL); CREATE UNIQUE INDEX freight_requests_pkey ON public.freight_requests USING btree (id); CREATE INDEX freight_requests_requester_idx ON public.freight_requests USING btree (requested_by_member_id) WHERE (requested_by_member_id IS NOT NULL); CREATE INDEX freight_requests_v2_org_created_idx ON public.freight_requests USING btree (organization_id, created_at DESC) WHERE (v2_contract_version = '2.0'::text)",cargomesh/src/shared/schemas/v2/freight-request.ts:126; schema freight-request.ts:CreateFreightRequestV2InputSchema; field contacts.pickup.phoneE164,contacts.pickup.phoneE164,ZodString,False,False,"{""type"":""ZodString"",""optional"":false,""nullable"":false,""checks"":[{""kind"":""regex"",""regex"":{""source"":""^\\+[1-9]\\d{6,14}$"",""flags"":""""}}]}",cargomesh/src/shared/schemas/v2/freight-request.ts:148; schema freight-request.ts:FreightRequestV2ResponseSchema; field contacts.pickup.phoneE164,contacts.pickup.phoneE164,ZodString,False,False,supabase-v2/supabase/migrations/20260927064713_hac12_road_vertical.sql:4,request,"[{""file"":""roundtrips.json"",""row"":21,""id"":""a8085b64-73e5-4704-b81a-f4262131f95c"",""state"":""VALUE"",""inputState"":""VALUE"",""inputEqualsRead"":true,""value"":""+51987654321""},{""file"":""extended-roundtrips.json"",""row"":5,""id"":""82f5d33a-d482-46b8-b2c3-53fcc4e8a88d"",""state"":""VALUE"",""inputState"":""VALUE"",""inputEqualsRead"":true,""value"":""+51987654321""}]",COMPLETO,Resolved storage and current typed output agree with a concrete POST/GET or measured read projection,HAC-40 / Cristhian,29c385fe0ee501eb4b8b989b0a247c8fdeda62ad,POST /api/v2/freight/requests/:id/revisions; POST /api/v2/freight/requests/:id/submissions; POST /api/v2/freight/requests; POST /api/v2/freight/requests/:requestId/route-alternatives; POST /api/v2/freight/requests/:requestId/routes; POST /api/v2/freight/requests/:requestId/plans; POST /api/v2/freight/requests/:requestId/opportunities; POST /api/v2/freight/requests/:requestId/ranking; POST /api/v2/freight/requests/:requestId/decisions; POST /api/v2/freight/requests/:requestId/decisions/:id/revocations,GET /api/v2/freight/requests; GET /api/v2/freight/requests/:id/serviceability; GET /api/v2/freight/requests/:id; GET /api/v2/freight/requests/:requestId/routes; GET /api/v2/freight/requests/:requestId/routes/:id; GET /api/v2/freight/requests/:requestId/plans; GET /api/v2/freight/requests/:requestId/plans/:id; GET /api/v2/freight/requests/:requestId/opportunities; GET /api/v2/freight/requests/:requestId/opportunities/:id; GET /api/v2/freight/requests/:requestId/offers; GET /api/v2/freight/requests/:requestId/offers/:id; GET /api/v2/freight/requests/:requestId/ranking; GET /api/v2/freight/requests/:requestId/ranking/:id; GET /api/v2/freight/requests/:requestId/decisions; GET /api/v2/freight/requests/:requestId/decisions/:id,logs/class-matrix.json: ShipmentContact (catalog grants/policies/table ACL); logs/independent-rls-result.json; logs/auth-controls.json
364,ShipmentContact,email,EmailAddress,True,COMPLETO,freight_requests.v2_snapshot.contacts.pickup.email,390,freight_requests.v2_snapshot.contacts.pickup.email,freight_requests.v2_snapshot.contacts.pickup.email,jsonb,YES,None,"freight_requests_budget_positive: CHECK (((budget_max IS NULL) OR (budget_max > (0)::numeric))); freight_requests_cargo_category_id_fkey: FOREIGN KEY (cargo_category_id) REFERENCES cargo_categories(id); freight_requests_cargo_entry_method_check: CHECK ((cargo_entry_method = ANY (ARRAY['TOTAL_WEIGHT'::text, 'UNITS'::text, 'PACKAGES'::text, 'PALLETS'::text, 'LOTS'::text, 'SACKS'::text]))); freight_requests_cargo_specifications_object: CHECK ((jsonb_typeof(cargo_specifications) = 'object'::text)); freight_requests_code_key: UNIQUE (code); freight_requests_confirmed_by_member_id_fkey: FOREIGN KEY (confirmed_by_member_id) REFERENCES organization_members(id); freight_requests_creation_receipt_check: CHECK ((((creation_idempotency_key IS NULL) AND (creation_payload_hash IS NULL)) OR ((creation_idempotency_key IS NOT NULL) AND (creation_payload_hash IS NOT NULL) AND (requested_by_member_id IS NOT NULL) AND (creation_payload_hash ~ '^[0-9a-f]{64}$'::text)))); freight_requests_destination_facility_same_org: FOREIGN KEY (destination_facility_id, organization_id) REFERENCES facilities(id, organization_id); freight_requests_destination_region_not_blank: CHECK (((destination_region IS NULL) OR (length(btrim(destination_region)) > 0))); freight_requests_draft_version_positive: CHECK ((draft_version >= 1)); freight_requests_entry_dimensions_positive: CHECK ((((entry_length_cm IS NULL) OR (entry_length_cm > (0)::numeric)) AND ((entry_width_cm IS NULL) OR (entry_width_cm > (0)::numeric)) AND ((entry_height_cm IS NULL) OR (entry_height_cm > (0)::numeric)))); freight_requests_entry_quantity_positive: CHECK (((entry_quantity IS NULL) OR (entry_quantity > (0)::numeric))); freight_requests_entry_unit_weight_positive: CHECK (((entry_unit_weight_kg IS NULL) OR (entry_unit_weight_kg > (0)::numeric))); freight_requests_organization_cargo_profile_fkey: FOREIGN KEY (organization_id, cargo_profile_id) REFERENCES organization_cargo_profiles(organization_id, id); freight_requests_organization_id_fkey: FOREIGN KEY (organization_id) REFERENCES organizations(id) ON DELETE CASCADE; freight_requests_origin_facility_same_org: FOREIGN KEY (origin_facility_id, organization_id) REFERENCES facilities(id, organization_id); freight_requests_origin_region_not_blank: CHECK (((origin_region IS NULL) OR (length(btrim(origin_region)) > 0))); freight_requests_pickup_mode_check: CHECK ((pickup_mode = ANY (ARRAY['ASAP'::text, 'SCHEDULED'::text]))); freight_requests_pickup_window_check: CHECK (((pickup_window_end IS NULL) OR (pickup_window_start IS NULL) OR (pickup_window_end > pickup_window_start))); freight_requests_pkey: PRIMARY KEY (id); freight_requests_requested_by_member_id_fkey: FOREIGN KEY (requested_by_member_id) REFERENCES organization_members(id); freight_requests_selection_objective_check: CHECK ((selection_objective = ANY (ARRAY['LOWEST_COST'::text, 'FASTEST'::text, 'WEIGHTED'::text]))); freight_requests_status_check: CHECK ((status = ANY (ARRAY['DRAFT'::text, 'PENDING'::text, 'ORCHESTRATING'::text, 'AWAITING_SELECTION'::text, 'BOOKING'::text, 'BOOKED'::text, 'FAILED'::text, 'CANCELLED'::text]))); freight_requests_unitized_intake_complete: CHECK (((status = 'DRAFT'::text) OR (cargo_entry_method = 'TOTAL_WEIGHT'::text) OR ((entry_quantity IS NOT NULL) AND (entry_unit_weight_kg IS NOT NULL) AND (units_per_entry IS NOT NULL)))); freight_requests_unitized_volume_matches_total: CHECK (((cargo_volume_m3 IS NULL) OR (entry_quantity IS NULL) OR (units_per_entry IS NULL) OR (entry_length_cm IS NULL) OR (entry_width_cm IS NULL) OR (entry_height_cm IS NULL) OR (abs((cargo_volume_m3 - (((((entry_quantity * (units_per_entry)::numeric) * entry_length_cm) * entry_width_cm) * entry_height_cm) / (1000000)::numeric))) <= 0.01))); freight_requests_unitized_weight_matches_total: CHECK (((cargo_entry_method = 'TOTAL_WEIGHT'::text) OR (entry_quantity IS NULL) OR (entry_unit_weight_kg IS NULL) OR (units_per_entry IS NULL) OR (abs((cargo_weight_kg - ((entry_quantity * entry_unit_weight_kg) * (units_per_entry)::numeric))) <= 0.01))); freight_requests_units_per_entry_positive: CHECK (((units_per_entry IS NULL) OR (units_per_entry > 0))); freight_requests_v2_budget_currency: CHECK (((budget_currency IS NULL) OR (budget_currency = 'USD'::text))); freight_requests_v2_delivery_window: CHECK (((delivery_window_start IS NULL) OR ((delivery_window_end IS NOT NULL) AND (delivery_window_end > delivery_window_start)))); freight_requests_v2_snapshot_shape: CHECK (((v2_snapshot IS NULL) OR ((jsonb_typeof(v2_snapshot) = 'object'::text) AND (jsonb_typeof(v2_creation_payload) = 'object'::text) AND (v2_contract_version = '2.0'::text) AND ((v2_snapshot ->> 'schemaVersion'::text) = '2.0'::text) AND (v2_snapshot ? 'cargoSpecification'::text) AND (v2_snapshot ? 'contacts'::text) AND (budget_currency IS DISTINCT FROM 'PEN'::text)))); freight_requests_weight_positive: CHECK ((cargo_weight_kg > (0)::numeric))","CREATE INDEX freight_requests_cargo_category_idx ON public.freight_requests USING btree (cargo_category_id); CREATE INDEX freight_requests_cargo_profile_idx ON public.freight_requests USING btree (cargo_profile_id) WHERE (cargo_profile_id IS NOT NULL); CREATE UNIQUE INDEX freight_requests_code_key ON public.freight_requests USING btree (code); CREATE INDEX freight_requests_confirmed_by_idx ON public.freight_requests USING btree (confirmed_by_member_id) WHERE (confirmed_by_member_id IS NOT NULL); CREATE UNIQUE INDEX freight_requests_creation_idempotency_idx ON public.freight_requests USING btree (organization_id, requested_by_member_id, creation_idempotency_key) WHERE (creation_idempotency_key IS NOT NULL); CREATE INDEX freight_requests_destination_facility_idx ON public.freight_requests USING btree (destination_facility_id) WHERE (destination_facility_id IS NOT NULL); CREATE INDEX freight_requests_org_cargo_profile_idx ON public.freight_requests USING btree (organization_id, cargo_profile_id) WHERE (cargo_profile_id IS NOT NULL); CREATE INDEX freight_requests_org_draft_version_idx ON public.freight_requests USING btree (organization_id, draft_version); CREATE INDEX freight_requests_org_status_created_idx ON public.freight_requests USING btree (organization_id, status, created_at DESC); CREATE INDEX freight_requests_origin_facility_idx ON public.freight_requests USING btree (origin_facility_id) WHERE (origin_facility_id IS NOT NULL); CREATE UNIQUE INDEX freight_requests_pkey ON public.freight_requests USING btree (id); CREATE INDEX freight_requests_requester_idx ON public.freight_requests USING btree (requested_by_member_id) WHERE (requested_by_member_id IS NOT NULL); CREATE INDEX freight_requests_v2_org_created_idx ON public.freight_requests USING btree (organization_id, created_at DESC) WHERE (v2_contract_version = '2.0'::text)",cargomesh/src/shared/schemas/v2/freight-request.ts:126; schema freight-request.ts:CreateFreightRequestV2InputSchema; field contacts.pickup.email,contacts.pickup.email,ZodString,True,True,"{""type"":""ZodString"",""optional"":true,""nullable"":true,""checks"":[{""kind"":""email""}]}",cargomesh/src/shared/schemas/v2/freight-request.ts:148; schema freight-request.ts:FreightRequestV2ResponseSchema; field contacts.pickup.email,contacts.pickup.email,ZodString,True,True,supabase-v2/supabase/migrations/20260927064713_hac12_road_vertical.sql:4,request,"[{""file"":""roundtrips.json"",""row"":21,""id"":""a8085b64-73e5-4704-b81a-f4262131f95c"",""state"":""VALUE"",""inputState"":""VALUE"",""inputEqualsRead"":true,""value"":""despachos.callao@shipper-v2.example""},{""file"":""extended-roundtrips.json"",""row"":5,""id"":""82f5d33a-d482-46b8-b2c3-53fcc4e8a88d"",""state"":""VALUE"",""inputState"":""VALUE"",""inputEqualsRead"":true,""value"":""despachos.callao@shipper-v2.example""}]",COMPLETO,Resolved storage and current typed output agree with a concrete POST/GET or measured read projection,HAC-40 / Cristhian,29c385fe0ee501eb4b8b989b0a247c8fdeda62ad,POST /api/v2/freight/requests/:id/revisions; POST /api/v2/freight/requests/:id/submissions; POST /api/v2/freight/requests; POST /api/v2/freight/requests/:requestId/route-alternatives; POST /api/v2/freight/requests/:requestId/routes; POST /api/v2/freight/requests/:requestId/plans; POST /api/v2/freight/requests/:requestId/opportunities; POST /api/v2/freight/requests/:requestId/ranking; POST /api/v2/freight/requests/:requestId/decisions; POST /api/v2/freight/requests/:requestId/decisions/:id/revocations,GET /api/v2/freight/requests; GET /api/v2/freight/requests/:id/serviceability; GET /api/v2/freight/requests/:id; GET /api/v2/freight/requests/:requestId/routes; GET /api/v2/freight/requests/:requestId/routes/:id; GET /api/v2/freight/requests/:requestId/plans; GET /api/v2/freight/requests/:requestId/plans/:id; GET /api/v2/freight/requests/:requestId/opportunities; GET /api/v2/freight/requests/:requestId/opportunities/:id; GET /api/v2/freight/requests/:requestId/offers; GET /api/v2/freight/requests/:requestId/offers/:id; GET /api/v2/freight/requests/:requestId/ranking; GET /api/v2/freight/requests/:requestId/ranking/:id; GET /api/v2/freight/requests/:requestId/decisions; GET /api/v2/freight/requests/:requestId/decisions/:id,logs/class-matrix.json: ShipmentContact (catalog grants/policies/table ACL); logs/independent-rls-result.json; logs/auth-controls.json
365,ShipmentContact,addressDetail,string,True,PARCIAL,freight_requests.v2_snapshot.contacts.pickup.addressDetail,391,freight_requests.v2_snapshot.contacts.pickup.addressDetail,freight_requests.v2_snapshot.contacts.pickup.addressDetail,jsonb,YES,None,"freight_requests_budget_positive: CHECK (((budget_max IS NULL) OR (budget_max > (0)::numeric))); freight_requests_cargo_category_id_fkey: FOREIGN KEY (cargo_category_id) REFERENCES cargo_categories(id); freight_requests_cargo_entry_method_check: CHECK ((cargo_entry_method = ANY (ARRAY['TOTAL_WEIGHT'::text, 'UNITS'::text, 'PACKAGES'::text, 'PALLETS'::text, 'LOTS'::text, 'SACKS'::text]))); freight_requests_cargo_specifications_object: CHECK ((jsonb_typeof(cargo_specifications) = 'object'::text)); freight_requests_code_key: UNIQUE (code); freight_requests_confirmed_by_member_id_fkey: FOREIGN KEY (confirmed_by_member_id) REFERENCES organization_members(id); freight_requests_creation_receipt_check: CHECK ((((creation_idempotency_key IS NULL) AND (creation_payload_hash IS NULL)) OR ((creation_idempotency_key IS NOT NULL) AND (creation_payload_hash IS NOT NULL) AND (requested_by_member_id IS NOT NULL) AND (creation_payload_hash ~ '^[0-9a-f]{64}$'::text)))); freight_requests_destination_facility_same_org: FOREIGN KEY (destination_facility_id, organization_id) REFERENCES facilities(id, organization_id); freight_requests_destination_region_not_blank: CHECK (((destination_region IS NULL) OR (length(btrim(destination_region)) > 0))); freight_requests_draft_version_positive: CHECK ((draft_version >= 1)); freight_requests_entry_dimensions_positive: CHECK ((((entry_length_cm IS NULL) OR (entry_length_cm > (0)::numeric)) AND ((entry_width_cm IS NULL) OR (entry_width_cm > (0)::numeric)) AND ((entry_height_cm IS NULL) OR (entry_height_cm > (0)::numeric)))); freight_requests_entry_quantity_positive: CHECK (((entry_quantity IS NULL) OR (entry_quantity > (0)::numeric))); freight_requests_entry_unit_weight_positive: CHECK (((entry_unit_weight_kg IS NULL) OR (entry_unit_weight_kg > (0)::numeric))); freight_requests_organization_cargo_profile_fkey: FOREIGN KEY (organization_id, cargo_profile_id) REFERENCES organization_cargo_profiles(organization_id, id); freight_requests_organization_id_fkey: FOREIGN KEY (organization_id) REFERENCES organizations(id) ON DELETE CASCADE; freight_requests_origin_facility_same_org: FOREIGN KEY (origin_facility_id, organization_id) REFERENCES facilities(id, organization_id); freight_requests_origin_region_not_blank: CHECK (((origin_region IS NULL) OR (length(btrim(origin_region)) > 0))); freight_requests_pickup_mode_check: CHECK ((pickup_mode = ANY (ARRAY['ASAP'::text, 'SCHEDULED'::text]))); freight_requests_pickup_window_check: CHECK (((pickup_window_end IS NULL) OR (pickup_window_start IS NULL) OR (pickup_window_end > pickup_window_start))); freight_requests_pkey: PRIMARY KEY (id); freight_requests_requested_by_member_id_fkey: FOREIGN KEY (requested_by_member_id) REFERENCES organization_members(id); freight_requests_selection_objective_check: CHECK ((selection_objective = ANY (ARRAY['LOWEST_COST'::text, 'FASTEST'::text, 'WEIGHTED'::text]))); freight_requests_status_check: CHECK ((status = ANY (ARRAY['DRAFT'::text, 'PENDING'::text, 'ORCHESTRATING'::text, 'AWAITING_SELECTION'::text, 'BOOKING'::text, 'BOOKED'::text, 'FAILED'::text, 'CANCELLED'::text]))); freight_requests_unitized_intake_complete: CHECK (((status = 'DRAFT'::text) OR (cargo_entry_method = 'TOTAL_WEIGHT'::text) OR ((entry_quantity IS NOT NULL) AND (entry_unit_weight_kg IS NOT NULL) AND (units_per_entry IS NOT NULL)))); freight_requests_unitized_volume_matches_total: CHECK (((cargo_volume_m3 IS NULL) OR (entry_quantity IS NULL) OR (units_per_entry IS NULL) OR (entry_length_cm IS NULL) OR (entry_width_cm IS NULL) OR (entry_height_cm IS NULL) OR (abs((cargo_volume_m3 - (((((entry_quantity * (units_per_entry)::numeric) * entry_length_cm) * entry_width_cm) * entry_height_cm) / (1000000)::numeric))) <= 0.01))); freight_requests_unitized_weight_matches_total: CHECK (((cargo_entry_method = 'TOTAL_WEIGHT'::text) OR (entry_quantity IS NULL) OR (entry_unit_weight_kg IS NULL) OR (units_per_entry IS NULL) OR (abs((cargo_weight_kg - ((entry_quantity * entry_unit_weight_kg) * (units_per_entry)::numeric))) <= 0.01))); freight_requests_units_per_entry_positive: CHECK (((units_per_entry IS NULL) OR (units_per_entry > 0))); freight_requests_v2_budget_currency: CHECK (((budget_currency IS NULL) OR (budget_currency = 'USD'::text))); freight_requests_v2_delivery_window: CHECK (((delivery_window_start IS NULL) OR ((delivery_window_end IS NOT NULL) AND (delivery_window_end > delivery_window_start)))); freight_requests_v2_snapshot_shape: CHECK (((v2_snapshot IS NULL) OR ((jsonb_typeof(v2_snapshot) = 'object'::text) AND (jsonb_typeof(v2_creation_payload) = 'object'::text) AND (v2_contract_version = '2.0'::text) AND ((v2_snapshot ->> 'schemaVersion'::text) = '2.0'::text) AND (v2_snapshot ? 'cargoSpecification'::text) AND (v2_snapshot ? 'contacts'::text) AND (budget_currency IS DISTINCT FROM 'PEN'::text)))); freight_requests_weight_positive: CHECK ((cargo_weight_kg > (0)::numeric))","CREATE INDEX freight_requests_cargo_category_idx ON public.freight_requests USING btree (cargo_category_id); CREATE INDEX freight_requests_cargo_profile_idx ON public.freight_requests USING btree (cargo_profile_id) WHERE (cargo_profile_id IS NOT NULL); CREATE UNIQUE INDEX freight_requests_code_key ON public.freight_requests USING btree (code); CREATE INDEX freight_requests_confirmed_by_idx ON public.freight_requests USING btree (confirmed_by_member_id) WHERE (confirmed_by_member_id IS NOT NULL); CREATE UNIQUE INDEX freight_requests_creation_idempotency_idx ON public.freight_requests USING btree (organization_id, requested_by_member_id, creation_idempotency_key) WHERE (creation_idempotency_key IS NOT NULL); CREATE INDEX freight_requests_destination_facility_idx ON public.freight_requests USING btree (destination_facility_id) WHERE (destination_facility_id IS NOT NULL); CREATE INDEX freight_requests_org_cargo_profile_idx ON public.freight_requests USING btree (organization_id, cargo_profile_id) WHERE (cargo_profile_id IS NOT NULL); CREATE INDEX freight_requests_org_draft_version_idx ON public.freight_requests USING btree (organization_id, draft_version); CREATE INDEX freight_requests_org_status_created_idx ON public.freight_requests USING btree (organization_id, status, created_at DESC); CREATE INDEX freight_requests_origin_facility_idx ON public.freight_requests USING btree (origin_facility_id) WHERE (origin_facility_id IS NOT NULL); CREATE UNIQUE INDEX freight_requests_pkey ON public.freight_requests USING btree (id); CREATE INDEX freight_requests_requester_idx ON public.freight_requests USING btree (requested_by_member_id) WHERE (requested_by_member_id IS NOT NULL); CREATE INDEX freight_requests_v2_org_created_idx ON public.freight_requests USING btree (organization_id, created_at DESC) WHERE (v2_contract_version = '2.0'::text)",cargomesh/src/shared/schemas/v2/freight-request.ts:126; schema freight-request.ts:CreateFreightRequestV2InputSchema; field contacts.pickup.addressDetail,contacts.pickup.addressDetail,ZodString,True,True,"{""type"":""ZodString"",""optional"":true,""nullable"":true,""checks"":[{""kind"":""trim""},{""kind"":""min"",""value"":1},{""kind"":""max"",""value"":1000}]}",cargomesh/src/shared/schemas/v2/freight-request.ts:148; schema freight-request.ts:FreightRequestV2ResponseSchema; field contacts.pickup.addressDetail,contacts.pickup.addressDetail,ZodString,True,True,supabase-v2/supabase/migrations/20260927064713_hac12_road_vertical.sql:4,request,[],PARCIAL,No concrete non-null field value or measured read projection in this cut,HAC-40 / Cristhian,29c385fe0ee501eb4b8b989b0a247c8fdeda62ad,POST /api/v2/freight/requests/:id/revisions; POST /api/v2/freight/requests/:id/submissions; POST /api/v2/freight/requests; POST /api/v2/freight/requests/:requestId/route-alternatives; POST /api/v2/freight/requests/:requestId/routes; POST /api/v2/freight/requests/:requestId/plans; POST /api/v2/freight/requests/:requestId/opportunities; POST /api/v2/freight/requests/:requestId/ranking; POST /api/v2/freight/requests/:requestId/decisions; POST /api/v2/freight/requests/:requestId/decisions/:id/revocations,GET /api/v2/freight/requests; GET /api/v2/freight/requests/:id/serviceability; GET /api/v2/freight/requests/:id; GET /api/v2/freight/requests/:requestId/routes; GET /api/v2/freight/requests/:requestId/routes/:id; GET /api/v2/freight/requests/:requestId/plans; GET /api/v2/freight/requests/:requestId/plans/:id; GET /api/v2/freight/requests/:requestId/opportunities; GET /api/v2/freight/requests/:requestId/opportunities/:id; GET /api/v2/freight/requests/:requestId/offers; GET /api/v2/freight/requests/:requestId/offers/:id; GET /api/v2/freight/requests/:requestId/ranking; GET /api/v2/freight/requests/:requestId/ranking/:id; GET /api/v2/freight/requests/:requestId/decisions; GET /api/v2/freight/requests/:requestId/decisions/:id,logs/class-matrix.json: ShipmentContact (catalog grants/policies/table ACL); logs/independent-rls-result.json; logs/auth-controls.json
366,ShipmentContact,handlingInstructions,string,True,PARCIAL,freight_requests.v2_snapshot.contacts.pickup.handlingInstructions,392,freight_requests.v2_snapshot.contacts.pickup.handlingInstructions,freight_requests.v2_snapshot.contacts.pickup.handlingInstructions,jsonb,YES,None,"freight_requests_budget_positive: CHECK (((budget_max IS NULL) OR (budget_max > (0)::numeric))); freight_requests_cargo_category_id_fkey: FOREIGN KEY (cargo_category_id) REFERENCES cargo_categories(id); freight_requests_cargo_entry_method_check: CHECK ((cargo_entry_method = ANY (ARRAY['TOTAL_WEIGHT'::text, 'UNITS'::text, 'PACKAGES'::text, 'PALLETS'::text, 'LOTS'::text, 'SACKS'::text]))); freight_requests_cargo_specifications_object: CHECK ((jsonb_typeof(cargo_specifications) = 'object'::text)); freight_requests_code_key: UNIQUE (code); freight_requests_confirmed_by_member_id_fkey: FOREIGN KEY (confirmed_by_member_id) REFERENCES organization_members(id); freight_requests_creation_receipt_check: CHECK ((((creation_idempotency_key IS NULL) AND (creation_payload_hash IS NULL)) OR ((creation_idempotency_key IS NOT NULL) AND (creation_payload_hash IS NOT NULL) AND (requested_by_member_id IS NOT NULL) AND (creation_payload_hash ~ '^[0-9a-f]{64}$'::text)))); freight_requests_destination_facility_same_org: FOREIGN KEY (destination_facility_id, organization_id) REFERENCES facilities(id, organization_id); freight_requests_destination_region_not_blank: CHECK (((destination_region IS NULL) OR (length(btrim(destination_region)) > 0))); freight_requests_draft_version_positive: CHECK ((draft_version >= 1)); freight_requests_entry_dimensions_positive: CHECK ((((entry_length_cm IS NULL) OR (entry_length_cm > (0)::numeric)) AND ((entry_width_cm IS NULL) OR (entry_width_cm > (0)::numeric)) AND ((entry_height_cm IS NULL) OR (entry_height_cm > (0)::numeric)))); freight_requests_entry_quantity_positive: CHECK (((entry_quantity IS NULL) OR (entry_quantity > (0)::numeric))); freight_requests_entry_unit_weight_positive: CHECK (((entry_unit_weight_kg IS NULL) OR (entry_unit_weight_kg > (0)::numeric))); freight_requests_organization_cargo_profile_fkey: FOREIGN KEY (organization_id, cargo_profile_id) REFERENCES organization_cargo_profiles(organization_id, id); freight_requests_organization_id_fkey: FOREIGN KEY (organization_id) REFERENCES organizations(id) ON DELETE CASCADE; freight_requests_origin_facility_same_org: FOREIGN KEY (origin_facility_id, organization_id) REFERENCES facilities(id, organization_id); freight_requests_origin_region_not_blank: CHECK (((origin_region IS NULL) OR (length(btrim(origin_region)) > 0))); freight_requests_pickup_mode_check: CHECK ((pickup_mode = ANY (ARRAY['ASAP'::text, 'SCHEDULED'::text]))); freight_requests_pickup_window_check: CHECK (((pickup_window_end IS NULL) OR (pickup_window_start IS NULL) OR (pickup_window_end > pickup_window_start))); freight_requests_pkey: PRIMARY KEY (id); freight_requests_requested_by_member_id_fkey: FOREIGN KEY (requested_by_member_id) REFERENCES organization_members(id); freight_requests_selection_objective_check: CHECK ((selection_objective = ANY (ARRAY['LOWEST_COST'::text, 'FASTEST'::text, 'WEIGHTED'::text]))); freight_requests_status_check: CHECK ((status = ANY (ARRAY['DRAFT'::text, 'PENDING'::text, 'ORCHESTRATING'::text, 'AWAITING_SELECTION'::text, 'BOOKING'::text, 'BOOKED'::text, 'FAILED'::text, 'CANCELLED'::text]))); freight_requests_unitized_intake_complete: CHECK (((status = 'DRAFT'::text) OR (cargo_entry_method = 'TOTAL_WEIGHT'::text) OR ((entry_quantity IS NOT NULL) AND (entry_unit_weight_kg IS NOT NULL) AND (units_per_entry IS NOT NULL)))); freight_requests_unitized_volume_matches_total: CHECK (((cargo_volume_m3 IS NULL) OR (entry_quantity IS NULL) OR (units_per_entry IS NULL) OR (entry_length_cm IS NULL) OR (entry_width_cm IS NULL) OR (entry_height_cm IS NULL) OR (abs((cargo_volume_m3 - (((((entry_quantity * (units_per_entry)::numeric) * entry_length_cm) * entry_width_cm) * entry_height_cm) / (1000000)::numeric))) <= 0.01))); freight_requests_unitized_weight_matches_total: CHECK (((cargo_entry_method = 'TOTAL_WEIGHT'::text) OR (entry_quantity IS NULL) OR (entry_unit_weight_kg IS NULL) OR (units_per_entry IS NULL) OR (abs((cargo_weight_kg - ((entry_quantity * entry_unit_weight_kg) * (units_per_entry)::numeric))) <= 0.01))); freight_requests_units_per_entry_positive: CHECK (((units_per_entry IS NULL) OR (units_per_entry > 0))); freight_requests_v2_budget_currency: CHECK (((budget_currency IS NULL) OR (budget_currency = 'USD'::text))); freight_requests_v2_delivery_window: CHECK (((delivery_window_start IS NULL) OR ((delivery_window_end IS NOT NULL) AND (delivery_window_end > delivery_window_start)))); freight_requests_v2_snapshot_shape: CHECK (((v2_snapshot IS NULL) OR ((jsonb_typeof(v2_snapshot) = 'object'::text) AND (jsonb_typeof(v2_creation_payload) = 'object'::text) AND (v2_contract_version = '2.0'::text) AND ((v2_snapshot ->> 'schemaVersion'::text) = '2.0'::text) AND (v2_snapshot ? 'cargoSpecification'::text) AND (v2_snapshot ? 'contacts'::text) AND (budget_currency IS DISTINCT FROM 'PEN'::text)))); freight_requests_weight_positive: CHECK ((cargo_weight_kg > (0)::numeric))","CREATE INDEX freight_requests_cargo_category_idx ON public.freight_requests USING btree (cargo_category_id); CREATE INDEX freight_requests_cargo_profile_idx ON public.freight_requests USING btree (cargo_profile_id) WHERE (cargo_profile_id IS NOT NULL); CREATE UNIQUE INDEX freight_requests_code_key ON public.freight_requests USING btree (code); CREATE INDEX freight_requests_confirmed_by_idx ON public.freight_requests USING btree (confirmed_by_member_id) WHERE (confirmed_by_member_id IS NOT NULL); CREATE UNIQUE INDEX freight_requests_creation_idempotency_idx ON public.freight_requests USING btree (organization_id, requested_by_member_id, creation_idempotency_key) WHERE (creation_idempotency_key IS NOT NULL); CREATE INDEX freight_requests_destination_facility_idx ON public.freight_requests USING btree (destination_facility_id) WHERE (destination_facility_id IS NOT NULL); CREATE INDEX freight_requests_org_cargo_profile_idx ON public.freight_requests USING btree (organization_id, cargo_profile_id) WHERE (cargo_profile_id IS NOT NULL); CREATE INDEX freight_requests_org_draft_version_idx ON public.freight_requests USING btree (organization_id, draft_version); CREATE INDEX freight_requests_org_status_created_idx ON public.freight_requests USING btree (organization_id, status, created_at DESC); CREATE INDEX freight_requests_origin_facility_idx ON public.freight_requests USING btree (origin_facility_id) WHERE (origin_facility_id IS NOT NULL); CREATE UNIQUE INDEX freight_requests_pkey ON public.freight_requests USING btree (id); CREATE INDEX freight_requests_requester_idx ON public.freight_requests USING btree (requested_by_member_id) WHERE (requested_by_member_id IS NOT NULL); CREATE INDEX freight_requests_v2_org_created_idx ON public.freight_requests USING btree (organization_id, created_at DESC) WHERE (v2_contract_version = '2.0'::text)",cargomesh/src/shared/schemas/v2/freight-request.ts:126; schema freight-request.ts:CreateFreightRequestV2InputSchema; field contacts.pickup.handlingInstructions,contacts.pickup.handlingInstructions,ZodString,True,True,"{""type"":""ZodString"",""optional"":true,""nullable"":true,""checks"":[{""kind"":""trim""},{""kind"":""min"",""value"":1},{""kind"":""max"",""value"":2000}]}",cargomesh/src/shared/schemas/v2/freight-request.ts:148; schema freight-request.ts:FreightRequestV2ResponseSchema; field contacts.pickup.handlingInstructions,contacts.pickup.handlingInstructions,ZodString,True,True,supabase-v2/supabase/migrations/20260927064713_hac12_road_vertical.sql:4,request,[],PARCIAL,No concrete non-null field value or measured read projection in this cut,HAC-40 / Cristhian,29c385fe0ee501eb4b8b989b0a247c8fdeda62ad,POST /api/v2/freight/requests/:id/revisions; POST /api/v2/freight/requests/:id/submissions; POST /api/v2/freight/requests; POST /api/v2/freight/requests/:requestId/route-alternatives; POST /api/v2/freight/requests/:requestId/routes; POST /api/v2/freight/requests/:requestId/plans; POST /api/v2/freight/requests/:requestId/opportunities; POST /api/v2/freight/requests/:requestId/ranking; POST /api/v2/freight/requests/:requestId/decisions; POST /api/v2/freight/requests/:requestId/decisions/:id/revocations,GET /api/v2/freight/requests; GET /api/v2/freight/requests/:id/serviceability; GET /api/v2/freight/requests/:id; GET /api/v2/freight/requests/:requestId/routes; GET /api/v2/freight/requests/:requestId/routes/:id; GET /api/v2/freight/requests/:requestId/plans; GET /api/v2/freight/requests/:requestId/plans/:id; GET /api/v2/freight/requests/:requestId/opportunities; GET /api/v2/freight/requests/:requestId/opportunities/:id; GET /api/v2/freight/requests/:requestId/offers; GET /api/v2/freight/requests/:requestId/offers/:id; GET /api/v2/freight/requests/:requestId/ranking; GET /api/v2/freight/requests/:requestId/ranking/:id; GET /api/v2/freight/requests/:requestId/decisions; GET /api/v2/freight/requests/:requestId/decisions/:id,logs/class-matrix.json: ShipmentContact (catalog grants/policies/table ACL); logs/independent-rls-result.json; logs/auth-controls.json
367,CarrierOperator,id,UUID,False,PARCIAL,carrier_operators.id,393,carrier_operators.id,carrier_operators.id,uuid,NO,gen_random_uuid(),"carrier_operators_auth_user_id_fkey: FOREIGN KEY (auth_user_id) REFERENCES auth.users(id); carrier_operators_carrier_id_fkey: FOREIGN KEY (carrier_id) REFERENCES carriers(id); carrier_operators_id_carrier_id_key: UNIQUE (id, carrier_id); carrier_operators_pkey: PRIMARY KEY (id)","CREATE UNIQUE INDEX carrier_operators_carrier_id_auth_user_id_key ON public.carrier_operators USING btree (carrier_id, auth_user_id); CREATE UNIQUE INDEX carrier_operators_id_carrier_id_key ON public.carrier_operators USING btree (id, carrier_id); CREATE UNIQUE INDEX carrier_operators_pkey ON public.carrier_operators USING btree (id); CREATE INDEX crew_operator_user_idx ON public.carrier_operators USING btree (auth_user_id)",NO_WRITABLE_DTO,—,—,—,—,—,cargomesh/src/shared/schemas/v2/identity.ts:12; schema identity.ts:CarrierOperatorV2Schema; field id,id,ZodString,False,False,supabase-v2/supabase/migrations/20261004080506_hac40_crew_assignments.sql:4,operators,"[{""file"":""identity-roundtrips.json"",""row"":4,""id"":""678e937d-102d-4f43-a30d-4e8371523661"",""state"":""VALUE"",""inputState"":""MISSING"",""inputEqualsRead"":null,""value"":""678e937d-102d-4f43-a30d-4e8371523661""},{""file"":""identity-roundtrips.json"",""row"":5,""id"":""678e937d-102d-4f43-a30d-4e8371523661"",""state"":""VALUE"",""inputState"":""MISSING"",""inputEqualsRead"":null,""value"":""678e937d-102d-4f43-a30d-4e8371523661""},{""file"":""identity-roundtrips.json"",""row"":6,""id"":""678e937d-102d-4f43-a30d-4e8371523661"",""state"":""VALUE"",""inputState"":""MISSING"",""inputEqualsRead"":null,""value"":""678e937d-102d-4f43-a30d-4e8371523661""}]",COMPLETO,Resolved storage and current typed output agree with a concrete POST/GET or measured read projection,HAC-41 / Axel,29c385fe0ee501eb4b8b989b0a247c8fdeda62ad,POST /api/v2/carriers/:carrierId/operators/invitations; POST /api/v2/carriers/:carrierId/operators/:id/revisions; POST /api/v2/carriers/:carrierId/operators/:id/acceptance,GET /api/v2/carriers/:carrierId/operators,logs/class-matrix.json: CarrierOperator (catalog grants/policies/table ACL); logs/independent-rls-result.json; logs/auth-controls.json
368,CarrierOperator,displayName,string,False,PARCIAL,carrier_operators.display_name,394,carrier_operators.display_name,carrier_operators.display_name,text,NO,None,carrier_operators_display_name_check: CHECK ((length(TRIM(BOTH FROM display_name)) > 0)),,cargomesh/src/shared/schemas/v2/identity.ts:49; schema identity.ts:OperatorInvitationV2Schema; field displayName,displayName,ZodString,False,False,"{""type"":""ZodString"",""optional"":false,""nullable"":false,""checks"":[{""kind"":""trim""},{""kind"":""min"",""value"":1},{""kind"":""max"",""value"":200}]}",cargomesh/src/shared/schemas/v2/identity.ts:12; schema identity.ts:CarrierOperatorV2Schema; field displayName,displayName,ZodString,False,False,supabase-v2/supabase/migrations/20261004080506_hac40_crew_assignments.sql:5,operators,"[{""file"":""identity-roundtrips.json"",""row"":4,""id"":""678e937d-102d-4f43-a30d-4e8371523661"",""state"":""VALUE"",""inputState"":""VALUE"",""inputEqualsRead"":true,""value"":""[SYNTHETIC] measured operator""},{""file"":""identity-roundtrips.json"",""row"":5,""id"":""678e937d-102d-4f43-a30d-4e8371523661"",""state"":""VALUE"",""inputState"":""MISSING"",""inputEqualsRead"":null,""value"":""[SYNTHETIC] measured operator""},{""file"":""identity-roundtrips.json"",""row"":6,""id"":""678e937d-102d-4f43-a30d-4e8371523661"",""state"":""VALUE"",""inputState"":""MISSING"",""inputEqualsRead"":null,""value"":""[SYNTHETIC] measured operator""}]",COMPLETO,Resolved storage and current typed output agree with a concrete POST/GET or measured read projection,HAC-41 / Axel,29c385fe0ee501eb4b8b989b0a247c8fdeda62ad,POST /api/v2/carriers/:carrierId/operators/invitations; POST /api/v2/carriers/:carrierId/operators/:id/revisions; POST /api/v2/carriers/:carrierId/operators/:id/acceptance,GET /api/v2/carriers/:carrierId/operators,logs/class-matrix.json: CarrierOperator (catalog grants/policies/table ACL); logs/independent-rls-result.json; logs/auth-controls.json
369,CarrierOperator,role,CarrierRole,False,PARCIAL,carrier_operators.role,395,carrier_operators.role,carrier_operators.role,text,NO,None,,,cargomesh/src/shared/schemas/v2/identity.ts:49; schema identity.ts:OperatorInvitationV2Schema; field role,role,ZodEnum,False,False,"{""type"":""ZodEnum"",""optional"":false,""nullable"":false,""values"":[""ADMIN"",""OPERATOR"",""DISPATCHER""]}",cargomesh/src/shared/schemas/v2/identity.ts:12; schema identity.ts:CarrierOperatorV2Schema; field role,role,ZodEnum,False,False,supabase-v2/supabase/migrations/20261004080506_hac40_crew_assignments.sql:6,operators,"[{""file"":""identity-roundtrips.json"",""row"":4,""id"":""678e937d-102d-4f43-a30d-4e8371523661"",""state"":""VALUE"",""inputState"":""VALUE"",""inputEqualsRead"":true,""value"":""OPERATOR""},{""file"":""identity-roundtrips.json"",""row"":5,""id"":""678e937d-102d-4f43-a30d-4e8371523661"",""state"":""VALUE"",""inputState"":""MISSING"",""inputEqualsRead"":null,""value"":""OPERATOR""},{""file"":""identity-roundtrips.json"",""row"":6,""id"":""678e937d-102d-4f43-a30d-4e8371523661"",""state"":""VALUE"",""inputState"":""VALUE"",""inputEqualsRead"":true,""value"":""DISPATCHER""}]",COMPLETO,Resolved storage and current typed output agree with a concrete POST/GET or measured read projection,HAC-41 / Axel,29c385fe0ee501eb4b8b989b0a247c8fdeda62ad,POST /api/v2/carriers/:carrierId/operators/invitations; POST /api/v2/carriers/:carrierId/operators/:id/revisions; POST /api/v2/carriers/:carrierId/operators/:id/acceptance,GET /api/v2/carriers/:carrierId/operators,logs/class-matrix.json: CarrierOperator (catalog grants/policies/table ACL); logs/independent-rls-result.json; logs/auth-controls.json
370,CarrierOperator,email,EmailAddress,True,PARCIAL,carrier_operators.email,396,carrier_operators.email,carrier_operators.email,text,YES,None,,,cargomesh/src/shared/schemas/v2/identity.ts:49; schema identity.ts:OperatorInvitationV2Schema; field email,email,ZodString,False,False,"{""type"":""ZodString"",""optional"":false,""nullable"":false,""checks"":[{""kind"":""email""}]}",cargomesh/src/shared/schemas/v2/identity.ts:12; schema identity.ts:CarrierOperatorV2Schema; field email,email,ZodString,False,True,supabase-v2/supabase/migrations/20261004080506_hac40_crew_assignments.sql:6,operators,"[{""file"":""identity-roundtrips.json"",""row"":4,""id"":""678e937d-102d-4f43-a30d-4e8371523661"",""state"":""VALUE"",""inputState"":""VALUE"",""inputEqualsRead"":true,""value"":""identity-evidence-f13182f3-6f07-4764-9fe6-50e3c60f7891@cargomesh.test""},{""file"":""identity-roundtrips.json"",""row"":5,""id"":""678e937d-102d-4f43-a30d-4e8371523661"",""state"":""VALUE"",""inputState"":""MISSING"",""inputEqualsRead"":null,""value"":""identity-evidence-f13182f3-6f07-4764-9fe6-50e3c60f7891@cargomesh.test""},{""file"":""identity-roundtrips.json"",""row"":6,""id"":""678e937d-102d-4f43-a30d-4e8371523661"",""state"":""VALUE"",""inputState"":""MISSING"",""inputEqualsRead"":null,""value"":""identity-evidence-f13182f3-6f07-4764-9fe6-50e3c60f7891@cargomesh.test""}]",COMPLETO,Resolved storage and current typed output agree with a concrete POST/GET or measured read projection,HAC-41 / Axel,29c385fe0ee501eb4b8b989b0a247c8fdeda62ad,POST /api/v2/carriers/:carrierId/operators/invitations; POST /api/v2/carriers/:carrierId/operators/:id/revisions; POST /api/v2/carriers/:carrierId/operators/:id/acceptance,GET /api/v2/carriers/:carrierId/operators,logs/class-matrix.json: CarrierOperator (catalog grants/policies/table ACL); logs/independent-rls-result.json; logs/auth-controls.json
371,CarrierOperator,phone,E164Phone,True,PARCIAL,carrier_operators.phone,397,carrier_operators.phone,carrier_operators.phone,text,YES,None,,,NO_WRITABLE_DTO,—,—,—,—,—,cargomesh/src/shared/schemas/v2/identity.ts:12; schema identity.ts:CarrierOperatorV2Schema; field phone,phone,ZodString,False,True,supabase-v2/supabase/migrations/20261004080506_hac40_crew_assignments.sql:6,operators,"[{""file"":""identity-roundtrips.json"",""row"":4,""id"":""678e937d-102d-4f43-a30d-4e8371523661"",""state"":""NULL"",""inputState"":""MISSING"",""inputEqualsRead"":null,""value"":null},{""file"":""identity-roundtrips.json"",""row"":5,""id"":""678e937d-102d-4f43-a30d-4e8371523661"",""state"":""NULL"",""inputState"":""MISSING"",""inputEqualsRead"":null,""value"":null},{""file"":""identity-roundtrips.json"",""row"":6,""id"":""678e937d-102d-4f43-a30d-4e8371523661"",""state"":""NULL"",""inputState"":""MISSING"",""inputEqualsRead"":null,""value"":null}]",PARCIAL,No concrete non-null field value or measured read projection in this cut,HAC-41 / Axel,29c385fe0ee501eb4b8b989b0a247c8fdeda62ad,POST /api/v2/carriers/:carrierId/operators/invitations; POST /api/v2/carriers/:carrierId/operators/:id/revisions; POST /api/v2/carriers/:carrierId/operators/:id/acceptance,GET /api/v2/carriers/:carrierId/operators,logs/class-matrix.json: CarrierOperator (catalog grants/policies/table ACL); logs/independent-rls-result.json; logs/auth-controls.json
372,CarrierOperator,status,MemberStatus,False,PARCIAL,carrier_operators.status,398,carrier_operators.status,carrier_operators.status,text,NO,None,"carrier_operators_status_check: CHECK ((status = ANY (ARRAY['ACTIVE'::text, 'INACTIVE'::text, 'INVITED'::text])))",,NO_WRITABLE_DTO,—,—,—,—,—,cargomesh/src/shared/schemas/v2/identity.ts:12; schema identity.ts:CarrierOperatorV2Schema; field status,status,ZodEnum,False,False,supabase-v2/supabase/migrations/20261004080506_hac40_crew_assignments.sql:6,operators,"[{""file"":""identity-roundtrips.json"",""row"":4,""id"":""678e937d-102d-4f43-a30d-4e8371523661"",""state"":""VALUE"",""inputState"":""MISSING"",""inputEqualsRead"":null,""value"":""INVITED""},{""file"":""identity-roundtrips.json"",""row"":5,""id"":""678e937d-102d-4f43-a30d-4e8371523661"",""state"":""VALUE"",""inputState"":""MISSING"",""inputEqualsRead"":null,""value"":""ACTIVE""},{""file"":""identity-roundtrips.json"",""row"":6,""id"":""678e937d-102d-4f43-a30d-4e8371523661"",""state"":""VALUE"",""inputState"":""VALUE"",""inputEqualsRead"":true,""value"":""ACTIVE""}]",COMPLETO,Resolved storage and current typed output agree with a concrete POST/GET or measured read projection,HAC-41 / Axel,29c385fe0ee501eb4b8b989b0a247c8fdeda62ad,POST /api/v2/carriers/:carrierId/operators/invitations; POST /api/v2/carriers/:carrierId/operators/:id/revisions; POST /api/v2/carriers/:carrierId/operators/:id/acceptance,GET /api/v2/carriers/:carrierId/operators,logs/class-matrix.json: CarrierOperator (catalog grants/policies/table ACL); logs/independent-rls-result.json; logs/auth-controls.json
373,CarrierOperator,verifiedAt,Instant,True,PARCIAL,carrier_operators.verified_at,399,carrier_operators.verified_at,carrier_operators.verified_at,timestamp with time zone,YES,None,,,NO_WRITABLE_DTO,—,—,—,—,—,cargomesh/src/shared/schemas/v2/identity.ts:12; schema identity.ts:CarrierOperatorV2Schema; field verifiedAt,verifiedAt,ZodString,False,True,supabase-v2/supabase/migrations/20261004080506_hac40_crew_assignments.sql:7,operators,"[{""file"":""identity-roundtrips.json"",""row"":4,""id"":""678e937d-102d-4f43-a30d-4e8371523661"",""state"":""NULL"",""inputState"":""MISSING"",""inputEqualsRead"":null,""value"":null},{""file"":""identity-roundtrips.json"",""row"":5,""id"":""678e937d-102d-4f43-a30d-4e8371523661"",""state"":""VALUE"",""inputState"":""MISSING"",""inputEqualsRead"":null,""value"":""2026-10-09T18:01:59.937836+00:00""},{""file"":""identity-roundtrips.json"",""row"":6,""id"":""678e937d-102d-4f43-a30d-4e8371523661"",""state"":""VALUE"",""inputState"":""MISSING"",""inputEqualsRead"":null,""value"":""2026-10-09T18:01:59.937836+00:00""}]",COMPLETO,Resolved storage and current typed output agree with a concrete POST/GET or measured read projection,HAC-41 / Axel,29c385fe0ee501eb4b8b989b0a247c8fdeda62ad,POST /api/v2/carriers/:carrierId/operators/invitations; POST /api/v2/carriers/:carrierId/operators/:id/revisions; POST /api/v2/carriers/:carrierId/operators/:id/acceptance,GET /api/v2/carriers/:carrierId/operators,logs/class-matrix.json: CarrierOperator (catalog grants/policies/table ACL); logs/independent-rls-result.json; logs/auth-controls.json
374,AssetCargoCapability,requirements,CargoRequirement[],False,PARCIAL,cargo_capability_definitions.requirements,400,cargo_capability_definitions.requirements,cargo_capability_definitions.requirements,jsonb,NO,None,cargo_capability_definitions_requirements_check: CHECK ((jsonb_typeof(requirements) = 'array'::text)),,cargomesh/src/shared/schemas/v2/catalog.ts:1; schema catalog.ts:CatalogInputsV2:capability-definitions; field requirements,requirements,ZodArray,False,False,"{""type"":""ZodArray"",""optional"":false,""nullable"":false,""element"":{""type"":""ZodString"",""optional"":false,""nullable"":false,""checks"":[{""kind"":""trim""},{""kind"":""min"",""value"":1},{""kind"":""max"",""value"":500}]},""maxLength"":{""value"":100}}",cargomesh/src/shared/schemas/v2/fleet.ts:27; schema fleet.ts:FleetOutputsV2:capability-definitions; field value.requirements,value.requirements,ZodArray,False,False,supabase-v2/supabase/migrations/20261004042259_hac40_fleet.sql:5,capability-definitions,[],PARCIAL,No concrete non-null field value or measured read projection in this cut,HAC-40 / Cristhian,29c385fe0ee501eb4b8b989b0a247c8fdeda62ad,POST /api/v2/carriers/:carrierId/capability-definitions; POST /api/v2/carriers/:carrierId/capability-definitions/:id/revisions,GET /api/v2/carriers/:carrierId/capability-definitions; GET /api/v2/carriers/:carrierId/capability-definitions/:id,logs/class-matrix.json: AssetCargoCapability (catalog grants/policies/table ACL); logs/independent-rls-result.json; logs/auth-controls.json
375,AssetCargoCapability,maxWeightKg,number,True,COMPLETO,cargo_capability_definitions.max_weight_kg,401,cargo_capability_definitions.max_weight_kg,cargo_capability_definitions.max_weight_kg,numeric,YES,None,cargo_capability_definitions_max_weight_kg_check: CHECK ((max_weight_kg > (0)::numeric)),,cargomesh/src/shared/schemas/v2/catalog.ts:1; schema catalog.ts:CatalogInputsV2:capability-definitions; field maxWeightKg,maxWeightKg,ZodNumber,False,True,"{""type"":""ZodNumber"",""optional"":false,""nullable"":true,""checks"":[{""kind"":""min"",""value"":0,""inclusive"":false}]}",cargomesh/src/shared/schemas/v2/fleet.ts:27; schema fleet.ts:FleetOutputsV2:capability-definitions; field value.maxWeightKg,value.maxWeightKg,ZodNumber,False,True,supabase-v2/supabase/migrations/20261004042259_hac40_fleet.sql:5,capability-definitions,"[{""file"":""roundtrips.json"",""row"":12,""id"":""7af6053a-a69e-48ff-9822-8553b4ff3b4a"",""state"":""VALUE"",""inputState"":""VALUE"",""inputEqualsRead"":true,""value"":8000}]",COMPLETO,Resolved storage and current typed output agree with a concrete POST/GET or measured read projection,HAC-40 / Cristhian,29c385fe0ee501eb4b8b989b0a247c8fdeda62ad,POST /api/v2/carriers/:carrierId/capability-definitions; POST /api/v2/carriers/:carrierId/capability-definitions/:id/revisions,GET /api/v2/carriers/:carrierId/capability-definitions; GET /api/v2/carriers/:carrierId/capability-definitions/:id,logs/class-matrix.json: AssetCargoCapability (catalog grants/policies/table ACL); logs/independent-rls-result.json; logs/auth-controls.json
376,AssetCargoCapability,temperatureRange,TemperatureRange,True,PARCIAL,cargo_capability_definitions.temperature_range,402,cargo_capability_definitions.temperature_range,cargo_capability_definitions.temperature_range,jsonb,YES,None,,,cargomesh/src/shared/schemas/v2/catalog.ts:1; schema catalog.ts:CatalogInputsV2:capability-definitions; field temperatureRange,temperatureRange,ZodObject,False,True,"{""type"":""ZodObject"",""optional"":false,""nullable"":true,""fields"":{""minCelsius"":{""type"":""ZodNumber"",""optional"":false,""nullable"":false,""checks"":[{""kind"":""finite""}]},""maxCelsius"":{""type"":""ZodNumber"",""optional"":false,""nullable"":false,""checks"":[{""kind"":""finite""}]}},""unknownKeys"":""strict""}",cargomesh/src/shared/schemas/v2/fleet.ts:27; schema fleet.ts:FleetOutputsV2:capability-definitions; field value.temperatureRange,value.temperatureRange,ZodObject,False,True,supabase-v2/supabase/migrations/20261004042259_hac40_fleet.sql:6,capability-definitions,"[{""file"":""roundtrips.json"",""row"":12,""id"":""7af6053a-a69e-48ff-9822-8553b4ff3b4a"",""state"":""NULL"",""inputState"":""NULL"",""inputEqualsRead"":true,""value"":null}]",PARCIAL,No concrete non-null field value or measured read projection in this cut,HAC-40 / Cristhian,29c385fe0ee501eb4b8b989b0a247c8fdeda62ad,POST /api/v2/carriers/:carrierId/capability-definitions; POST /api/v2/carriers/:carrierId/capability-definitions/:id/revisions,GET /api/v2/carriers/:carrierId/capability-definitions; GET /api/v2/carriers/:carrierId/capability-definitions/:id,logs/class-matrix.json: AssetCargoCapability (catalog grants/policies/table ACL); logs/independent-rls-result.json; logs/auth-controls.json
377,AssetCargoCapability,evidence,EvidenceRef,True,COMPLETO,cargo_capability_definitions.evidence,403,cargo_capability_definitions.evidence,cargo_capability_definitions.evidence,text,YES,None,,,cargomesh/src/shared/schemas/v2/catalog.ts:1; schema catalog.ts:CatalogInputsV2:capability-definitions; field evidence,evidence,ZodString,False,True,"{""type"":""ZodString"",""optional"":false,""nullable"":true,""checks"":[{""kind"":""trim""},{""kind"":""min"",""value"":1},{""kind"":""max"",""value"":500}]}",cargomesh/src/shared/schemas/v2/fleet.ts:27; schema fleet.ts:FleetOutputsV2:capability-definitions; field value.evidence,value.evidence,ZodString,False,True,supabase-v2/supabase/migrations/20261004042259_hac40_fleet.sql:7,capability-definitions,"[{""file"":""roundtrips.json"",""row"":12,""id"":""7af6053a-a69e-48ff-9822-8553b4ff3b4a"",""state"":""VALUE"",""inputState"":""VALUE"",""inputEqualsRead"":true,""value"":""fixture:inspection""}]",COMPLETO,Resolved storage and current typed output agree with a concrete POST/GET or measured read projection,HAC-40 / Cristhian,29c385fe0ee501eb4b8b989b0a247c8fdeda62ad,POST /api/v2/carriers/:carrierId/capability-definitions; POST /api/v2/carriers/:carrierId/capability-definitions/:id/revisions,GET /api/v2/carriers/:carrierId/capability-definitions; GET /api/v2/carriers/:carrierId/capability-definitions/:id,logs/class-matrix.json: AssetCargoCapability (catalog grants/policies/table ACL); logs/independent-rls-result.json; logs/auth-controls.json
378,AssetCargoCapability,validUntil,Instant,True,COMPLETO,cargo_capability_definitions.valid_until,404,cargo_capability_definitions.valid_until,cargo_capability_definitions.valid_until,timestamp with time zone,YES,None,cargo_capability_definitions_check: CHECK (((valid_until IS NULL) OR (verified_at IS NULL) OR (valid_until > verified_at))),,cargomesh/src/shared/schemas/v2/catalog.ts:1; schema catalog.ts:CatalogInputsV2:capability-definitions; field validUntil,validUntil,ZodString,False,True,"{""type"":""ZodString"",""optional"":false,""nullable"":true,""checks"":[{""kind"":""datetime"",""precision"":null,""offset"":true,""local"":false}]}",cargomesh/src/shared/schemas/v2/fleet.ts:27; schema fleet.ts:FleetOutputsV2:capability-definitions; field value.validUntil,value.validUntil,ZodString,False,True,supabase-v2/supabase/migrations/20261004042259_hac40_fleet.sql:2 (generic DDL/dispatch; see catalog),capability-definitions,"[{""file"":""roundtrips.json"",""row"":12,""id"":""7af6053a-a69e-48ff-9822-8553b4ff3b4a"",""state"":""VALUE"",""inputState"":""VALUE"",""inputEqualsRead"":false,""value"":""2027-03-01T00:00:00+00:00""}]",COMPLETO,Resolved storage and current typed output agree with a concrete POST/GET or measured read projection,HAC-40 / Cristhian,29c385fe0ee501eb4b8b989b0a247c8fdeda62ad,POST /api/v2/carriers/:carrierId/capability-definitions; POST /api/v2/carriers/:carrierId/capability-definitions/:id/revisions,GET /api/v2/carriers/:carrierId/capability-definitions; GET /api/v2/carriers/:carrierId/capability-definitions/:id,logs/class-matrix.json: AssetCargoCapability (catalog grants/policies/table ACL); logs/independent-rls-result.json; logs/auth-controls.json
379,RouteSimulationScenario,id,ScenarioId,False,PARCIAL,/scenario_files.id,405,|scenario_files.id,|scenario_files.id,NO_COLUMN,N/A,N/A,,,NO_WRITABLE_DTO,—,—,—,—,—,NO_TYPED_OUTPUT,—,—,—,—,NO_DEFINITION,RouteSimulationScenario,[],PARCIAL,Derived/scenario/container representation; exact field semantics not certified,HAC-40 / Cristhian,29c385fe0ee501eb4b8b989b0a247c8fdeda62ad,NO_HONO_OPERATION; see service/port/identity evidence,NO_HONO_OPERATION; see service/port/identity evidence,logs/class-matrix.json: RouteSimulationScenario (catalog grants/policies/table ACL); logs/independent-rls-result.json; logs/auth-controls.json
380,RouteSimulationScenario,label,string,False,PARCIAL,/scenario_files.label,406,|scenario_files.label,|scenario_files.label,NO_COLUMN,N/A,N/A,,,NO_WRITABLE_DTO,—,—,—,—,—,NO_TYPED_OUTPUT,—,—,—,—,NO_DEFINITION,RouteSimulationScenario,[],PARCIAL,Derived/scenario/container representation; exact field semantics not certified,HAC-40 / Cristhian,29c385fe0ee501eb4b8b989b0a247c8fdeda62ad,NO_HONO_OPERATION; see service/port/identity evidence,NO_HONO_OPERATION; see service/port/identity evidence,logs/class-matrix.json: RouteSimulationScenario (catalog grants/policies/table ACL); logs/independent-rls-result.json; logs/auth-controls.json
381,RouteSimulationScenario,seed,string,False,PARCIAL,/scenario_files.seed,407,|scenario_files.seed,|scenario_files.seed,NO_COLUMN,N/A,N/A,,,NO_WRITABLE_DTO,—,—,—,—,—,NO_TYPED_OUTPUT,—,—,—,—,NO_DEFINITION,RouteSimulationScenario,[],PARCIAL,Derived/scenario/container representation; exact field semantics not certified,HAC-40 / Cristhian,29c385fe0ee501eb4b8b989b0a247c8fdeda62ad,NO_HONO_OPERATION; see service/port/identity evidence,NO_HONO_OPERATION; see service/port/identity evidence,logs/class-matrix.json: RouteSimulationScenario (catalog grants/policies/table ACL); logs/independent-rls-result.json; logs/auth-controls.json
382,RouteSimulationScenario,networkVersion,string,False,PARCIAL,/scenario_files.networkVersion,408,|scenario_files.networkVersion,|scenario_files.networkVersion,NO_COLUMN,N/A,N/A,,,NO_WRITABLE_DTO,—,—,—,—,—,NO_TYPED_OUTPUT,—,—,—,—,NO_DEFINITION,RouteSimulationScenario,[],PARCIAL,Derived/scenario/container representation; exact field semantics not certified,HAC-40 / Cristhian,29c385fe0ee501eb4b8b989b0a247c8fdeda62ad,NO_HONO_OPERATION; see service/port/identity evidence,NO_HONO_OPERATION; see service/port/identity evidence,logs/class-matrix.json: RouteSimulationScenario (catalog grants/policies/table ACL); logs/independent-rls-result.json; logs/auth-controls.json
383,RouteSimulationScenario,clock,Instant,False,PARCIAL,/scenario_files.clock,409,|scenario_files.clock,|scenario_files.clock,NO_COLUMN,N/A,N/A,,,NO_WRITABLE_DTO,—,—,—,—,—,NO_TYPED_OUTPUT,—,—,—,—,NO_DEFINITION,RouteSimulationScenario,[],PARCIAL,Derived/scenario/container representation; exact field semantics not certified,HAC-40 / Cristhian,29c385fe0ee501eb4b8b989b0a247c8fdeda62ad,NO_HONO_OPERATION; see service/port/identity evidence,NO_HONO_OPERATION; see service/port/identity evidence,logs/class-matrix.json: RouteSimulationScenario (catalog grants/policies/table ACL); logs/independent-rls-result.json; logs/auth-controls.json
384,RouteSimulationScenario,source,SYNTHETIC,False,PARCIAL,/scenario_files.source,410,|scenario_files.source,|scenario_files.source,NO_COLUMN,N/A,N/A,,,NO_WRITABLE_DTO,—,—,—,—,—,NO_TYPED_OUTPUT,—,—,—,—,NO_DEFINITION,RouteSimulationScenario,[],PARCIAL,Derived/scenario/container representation; exact field semantics not certified,HAC-40 / Cristhian,29c385fe0ee501eb4b8b989b0a247c8fdeda62ad,NO_HONO_OPERATION; see service/port/identity evidence,NO_HONO_OPERATION; see service/port/identity evidence,logs/class-matrix.json: RouteSimulationScenario (catalog grants/policies/table ACL); logs/independent-rls-result.json; logs/auth-controls.json
385,RouteSimulationScenario,expectedOutcome,RouteDecision,False,PARCIAL,/scenario_files.expectedOutcome,411,|scenario_files.expectedOutcome,|scenario_files.expectedOutcome,NO_COLUMN,N/A,N/A,,,NO_WRITABLE_DTO,—,—,—,—,—,NO_TYPED_OUTPUT,—,—,—,—,NO_DEFINITION,RouteSimulationScenario,[],PARCIAL,Derived/scenario/container representation; exact field semantics not certified,HAC-40 / Cristhian,29c385fe0ee501eb4b8b989b0a247c8fdeda62ad,NO_HONO_OPERATION; see service/port/identity evidence,NO_HONO_OPERATION; see service/port/identity evidence,logs/class-matrix.json: RouteSimulationScenario (catalog grants/policies/table ACL); logs/independent-rls-result.json; logs/auth-controls.json
386,RoutePlanner,algorithmVersion,string,False,FALTANTE,/route_planner_port.algorithmVersion,412,|route_planner_port.algorithmVersion,route_plans.data.planner.algorithmVersion,jsonb,NO,None,"route_plans_carrier_id_fkey: FOREIGN KEY (carrier_id) REFERENCES carriers(id); route_plans_data_check: CHECK ((jsonb_typeof(data) = 'object'::text)); route_plans_freight_request_id_fkey: FOREIGN KEY (freight_request_id) REFERENCES freight_requests(id); route_plans_id_carrier_id_key: UNIQUE (id, carrier_id); route_plans_id_organization_id_key: UNIQUE (id, organization_id); route_plans_kind_check: CHECK ((kind = 'routes'::text)); route_plans_organization_id_fkey: FOREIGN KEY (organization_id) REFERENCES organizations(id); route_plans_pkey: PRIMARY KEY (id); route_plans_policy_id_fkey: FOREIGN KEY (policy_id) REFERENCES route_planning_policies(id); route_plans_version_check: CHECK ((version > 0))","CREATE INDEX route_plans_carrier_idx ON public.route_plans USING btree (carrier_id, created_at, id) WHERE (carrier_id IS NOT NULL); CREATE UNIQUE INDEX route_plans_id_carrier_id_key ON public.route_plans USING btree (id, carrier_id); CREATE UNIQUE INDEX route_plans_id_organization_id_key ON public.route_plans USING btree (id, organization_id); CREATE INDEX route_plans_parent_idx ON public.route_plans USING btree (parent_id) WHERE (parent_id IS NOT NULL); CREATE UNIQUE INDEX route_plans_pkey ON public.route_plans USING btree (id); CREATE INDEX route_plans_policy_id_fkey_fk_idx ON public.route_plans USING btree (policy_id); CREATE INDEX route_plans_request_idx ON public.route_plans USING btree (freight_request_id) WHERE (freight_request_id IS NOT NULL); CREATE INDEX route_plans_tenant_idx ON public.route_plans USING btree (organization_id, created_at, id)",GENERATED_BY_PARENT_COMMAND,—,—,—,—,—,cargomesh/src/shared/schemas/v2/workflow.ts:157; schema workflow.ts:WorkflowRecordV2Schema; field data.planner.algorithmVersion,data.planner.algorithmVersion,ZodLiteral,False,False,supabase-v2/supabase/migrations/20261004154048_hac40_workflow.sql:140,routes,"[{""file"":""extended-roundtrips.json"",""row"":9,""id"":""ab6c5731-d4dc-406c-a792-afa77ecc7149"",""state"":""VALUE"",""inputState"":""MISSING"",""inputEqualsRead"":null,""value"":""PUBLISHED_ITINERARY_VALIDATOR_V1""}]",COMPLETO,Resolved storage and current typed output agree with a concrete POST/GET or measured read projection; DER names a separate column; actual is typed JSON; documentary reconciliation remains,HAC-40 / Cristhian,29c385fe0ee501eb4b8b989b0a247c8fdeda62ad,POST /api/v2/freight/requests/:requestId/route-alternatives; POST /api/v2/routes/:id/replans,GET /api/v2/routes/:id/explanation,logs/class-matrix.json: RoutePlanner (catalog grants/policies/table ACL); logs/independent-rls-result.json; logs/auth-controls.json
387,RoutePlanner,graphVersion,string,False,FALTANTE,/route_planner_port.graphVersion,413,|route_planner_port.graphVersion,route_plans.data.planner.graphVersion,jsonb,NO,None,"route_plans_carrier_id_fkey: FOREIGN KEY (carrier_id) REFERENCES carriers(id); route_plans_data_check: CHECK ((jsonb_typeof(data) = 'object'::text)); route_plans_freight_request_id_fkey: FOREIGN KEY (freight_request_id) REFERENCES freight_requests(id); route_plans_id_carrier_id_key: UNIQUE (id, carrier_id); route_plans_id_organization_id_key: UNIQUE (id, organization_id); route_plans_kind_check: CHECK ((kind = 'routes'::text)); route_plans_organization_id_fkey: FOREIGN KEY (organization_id) REFERENCES organizations(id); route_plans_pkey: PRIMARY KEY (id); route_plans_policy_id_fkey: FOREIGN KEY (policy_id) REFERENCES route_planning_policies(id); route_plans_version_check: CHECK ((version > 0))","CREATE INDEX route_plans_carrier_idx ON public.route_plans USING btree (carrier_id, created_at, id) WHERE (carrier_id IS NOT NULL); CREATE UNIQUE INDEX route_plans_id_carrier_id_key ON public.route_plans USING btree (id, carrier_id); CREATE UNIQUE INDEX route_plans_id_organization_id_key ON public.route_plans USING btree (id, organization_id); CREATE INDEX route_plans_parent_idx ON public.route_plans USING btree (parent_id) WHERE (parent_id IS NOT NULL); CREATE UNIQUE INDEX route_plans_pkey ON public.route_plans USING btree (id); CREATE INDEX route_plans_policy_id_fkey_fk_idx ON public.route_plans USING btree (policy_id); CREATE INDEX route_plans_request_idx ON public.route_plans USING btree (freight_request_id) WHERE (freight_request_id IS NOT NULL); CREATE INDEX route_plans_tenant_idx ON public.route_plans USING btree (organization_id, created_at, id)",GENERATED_BY_PARENT_COMMAND,—,—,—,—,—,cargomesh/src/shared/schemas/v2/workflow.ts:157; schema workflow.ts:WorkflowRecordV2Schema; field data.planner.graphVersion,data.planner.graphVersion,ZodString,False,False,supabase-v2/supabase/migrations/20261004154048_hac40_workflow.sql:140,routes,"[{""file"":""extended-roundtrips.json"",""row"":9,""id"":""ab6c5731-d4dc-406c-a792-afa77ecc7149"",""state"":""VALUE"",""inputState"":""MISSING"",""inputEqualsRead"":null,""value"":""34266c485a22971609c8204fda6a76fbc592364b3d9058d58c92fbd0aebf4ad6""}]",COMPLETO,Resolved storage and current typed output agree with a concrete POST/GET or measured read projection; DER names a separate column; actual is typed JSON; documentary reconciliation remains,HAC-40 / Cristhian,29c385fe0ee501eb4b8b989b0a247c8fdeda62ad,POST /api/v2/freight/requests/:requestId/route-alternatives; POST /api/v2/routes/:id/replans,GET /api/v2/routes/:id/explanation,logs/class-matrix.json: RoutePlanner (catalog grants/policies/table ACL); logs/independent-rls-result.json; logs/auth-controls.json
388,RoutePlanner,source,DataSource,False,FALTANTE,/route_planner_port.source,414,|route_planner_port.source,route_plans.data.planner.source,jsonb,NO,None,"route_plans_carrier_id_fkey: FOREIGN KEY (carrier_id) REFERENCES carriers(id); route_plans_data_check: CHECK ((jsonb_typeof(data) = 'object'::text)); route_plans_freight_request_id_fkey: FOREIGN KEY (freight_request_id) REFERENCES freight_requests(id); route_plans_id_carrier_id_key: UNIQUE (id, carrier_id); route_plans_id_organization_id_key: UNIQUE (id, organization_id); route_plans_kind_check: CHECK ((kind = 'routes'::text)); route_plans_organization_id_fkey: FOREIGN KEY (organization_id) REFERENCES organizations(id); route_plans_pkey: PRIMARY KEY (id); route_plans_policy_id_fkey: FOREIGN KEY (policy_id) REFERENCES route_planning_policies(id); route_plans_version_check: CHECK ((version > 0))","CREATE INDEX route_plans_carrier_idx ON public.route_plans USING btree (carrier_id, created_at, id) WHERE (carrier_id IS NOT NULL); CREATE UNIQUE INDEX route_plans_id_carrier_id_key ON public.route_plans USING btree (id, carrier_id); CREATE UNIQUE INDEX route_plans_id_organization_id_key ON public.route_plans USING btree (id, organization_id); CREATE INDEX route_plans_parent_idx ON public.route_plans USING btree (parent_id) WHERE (parent_id IS NOT NULL); CREATE UNIQUE INDEX route_plans_pkey ON public.route_plans USING btree (id); CREATE INDEX route_plans_policy_id_fkey_fk_idx ON public.route_plans USING btree (policy_id); CREATE INDEX route_plans_request_idx ON public.route_plans USING btree (freight_request_id) WHERE (freight_request_id IS NOT NULL); CREATE INDEX route_plans_tenant_idx ON public.route_plans USING btree (organization_id, created_at, id)",GENERATED_BY_PARENT_COMMAND,—,—,—,—,—,cargomesh/src/shared/schemas/v2/workflow.ts:157; schema workflow.ts:WorkflowRecordV2Schema; field data.planner.source,data.planner.source,ZodObject,False,False,supabase-v2/supabase/migrations/20261004154048_hac40_workflow.sql:140,routes,"[{""file"":""extended-roundtrips.json"",""row"":9,""id"":""ab6c5731-d4dc-406c-a792-afa77ecc7149"",""state"":""VALUE"",""inputState"":""MISSING"",""inputEqualsRead"":null,""value"":{""kind"":""PUBLISHED_CORRIDORS"",""scope"":""SELECTED_ITINERARY_SNAPSHOT"",""references"":[""13909c38-6780-479b-93c3-1ed75caa1c24""]}}]",COMPLETO,Resolved storage and current typed output agree with a concrete POST/GET or measured read projection; DER names a separate column; actual is typed JSON; documentary reconciliation remains,HAC-40 / Cristhian,29c385fe0ee501eb4b8b989b0a247c8fdeda62ad,POST /api/v2/freight/requests/:requestId/route-alternatives; POST /api/v2/routes/:id/replans,GET /api/v2/routes/:id/explanation,logs/class-matrix.json: RoutePlanner (catalog grants/policies/table ACL); logs/independent-rls-result.json; logs/auth-controls.json
389,SelectionDecision,id,UUID,False,COMPLETO,selection_decisions.id,415,selection_decisions.id,selection_decisions.id,uuid,NO,gen_random_uuid(),"selection_decisions_carrier_id_fkey: FOREIGN KEY (carrier_id) REFERENCES carriers(id); selection_decisions_freight_request_id_fkey: FOREIGN KEY (freight_request_id) REFERENCES freight_requests(id); selection_decisions_id_carrier_id_key: UNIQUE (id, carrier_id); selection_decisions_id_organization_id_key: UNIQUE (id, organization_id); selection_decisions_organization_id_fkey: FOREIGN KEY (organization_id) REFERENCES organizations(id); selection_decisions_pkey: PRIMARY KEY (id); selection_decisions_plan_id_fkey: FOREIGN KEY (plan_id) REFERENCES transport_plan_candidates(id); selection_decisions_selected_by_fkey: FOREIGN KEY (selected_by) REFERENCES organization_members(id)","CREATE INDEX selection_decisions_carrier_idx ON public.selection_decisions USING btree (carrier_id, created_at, id) WHERE (carrier_id IS NOT NULL); CREATE UNIQUE INDEX selection_decisions_id_carrier_id_key ON public.selection_decisions USING btree (id, carrier_id); CREATE UNIQUE INDEX selection_decisions_id_organization_id_key ON public.selection_decisions USING btree (id, organization_id); CREATE INDEX selection_decisions_parent_idx ON public.selection_decisions USING btree (parent_id) WHERE (parent_id IS NOT NULL); CREATE UNIQUE INDEX selection_decisions_pkey ON public.selection_decisions USING btree (id); CREATE INDEX selection_decisions_plan_id_fkey_fk_idx ON public.selection_decisions USING btree (plan_id); CREATE INDEX selection_decisions_request_idx ON public.selection_decisions USING btree (freight_request_id) WHERE (freight_request_id IS NOT NULL); CREATE INDEX selection_decisions_selected_by_fkey_fk_idx ON public.selection_decisions USING btree (selected_by); CREATE INDEX selection_decisions_tenant_idx ON public.selection_decisions USING btree (organization_id, created_at, id)",GENERATED_BY_PARENT_COMMAND,—,—,—,—,—,cargomesh/src/shared/schemas/v2/workflow.ts:157; schema workflow.ts:WorkflowRecordV2Schema; field id,id,ZodString,False,False,supabase-v2/supabase/migrations/20261004154048_hac40_workflow.sql:202,decisions,"[{""file"":""extended-roundtrips.json"",""row"":17,""id"":""287d23d7-723b-4848-a7ab-5c4f094b891d"",""state"":""VALUE"",""inputState"":""MISSING"",""inputEqualsRead"":null,""value"":""287d23d7-723b-4848-a7ab-5c4f094b891d""}]",COMPLETO,Resolved storage and current typed output agree with a concrete POST/GET or measured read projection,HAC-40 / Cristhian,29c385fe0ee501eb4b8b989b0a247c8fdeda62ad,POST /api/v2/freight/requests/:requestId/decisions; POST /api/v2/freight/requests/:requestId/decisions/:id/revocations,GET /api/v2/freight/requests/:requestId/decisions; GET /api/v2/freight/requests/:requestId/decisions/:id,logs/class-matrix.json: SelectionDecision (catalog grants/policies/table ACL); logs/independent-rls-result.json; logs/auth-controls.json
390,SelectionDecision,selectedAt,Instant,False,COMPLETO,selection_decisions.data.selectedAt,416,selection_decisions.data.selectedAt,selection_decisions.data.selectedAt,jsonb,NO,None,selection_decisions_data_check: CHECK ((jsonb_typeof(data) = 'object'::text)),,GENERATED_BY_PARENT_COMMAND,—,—,—,—,—,cargomesh/src/shared/schemas/v2/workflow.ts:157; schema workflow.ts:WorkflowRecordV2Schema; field data.selectedAt,data.selectedAt,ZodString,False,False,supabase-v2/supabase/migrations/20261004154048_hac40_workflow.sql:205,decisions,"[{""file"":""extended-roundtrips.json"",""row"":17,""id"":""287d23d7-723b-4848-a7ab-5c4f094b891d"",""state"":""VALUE"",""inputState"":""MISSING"",""inputEqualsRead"":null,""value"":""2026-10-09T17:52:16.331811+00:00""}]",COMPLETO,Resolved storage and current typed output agree with a concrete POST/GET or measured read projection,HAC-40 / Cristhian,29c385fe0ee501eb4b8b989b0a247c8fdeda62ad,POST /api/v2/freight/requests/:requestId/decisions; POST /api/v2/freight/requests/:requestId/decisions/:id/revocations,GET /api/v2/freight/requests/:requestId/decisions; GET /api/v2/freight/requests/:requestId/decisions/:id,logs/class-matrix.json: SelectionDecision (catalog grants/policies/table ACL); logs/independent-rls-result.json; logs/auth-controls.json
391,SelectionDecision,rationale,Explanation,False,COMPLETO,selection_decisions.data.rationale,417,selection_decisions.data.rationale,selection_decisions.data.rationale,jsonb,NO,None,selection_decisions_data_check: CHECK ((jsonb_typeof(data) = 'object'::text)),,cargomesh/src/shared/schemas/v2/workflow.ts:76; schema workflow.ts:WorkflowInputsV2:decisions.create; field rationale,rationale,ZodString,False,False,"{""type"":""ZodString"",""optional"":false,""nullable"":false,""checks"":[{""kind"":""trim""},{""kind"":""min"",""value"":1},{""kind"":""max"",""value"":2000}]}",cargomesh/src/shared/schemas/v2/workflow.ts:157; schema workflow.ts:WorkflowRecordV2Schema; field data.rationale,data.rationale,ZodString,False,False,supabase-v2/supabase/migrations/20261004154048_hac40_workflow.sql:205,decisions,"[{""file"":""extended-roundtrips.json"",""row"":17,""id"":""287d23d7-723b-4848-a7ab-5c4f094b891d"",""state"":""VALUE"",""inputState"":""VALUE"",""inputEqualsRead"":true,""value"":""HAC44 synthetic authorization""}]",COMPLETO,Resolved storage and current typed output agree with a concrete POST/GET or measured read projection,HAC-40 / Cristhian,29c385fe0ee501eb4b8b989b0a247c8fdeda62ad,POST /api/v2/freight/requests/:requestId/decisions; POST /api/v2/freight/requests/:requestId/decisions/:id/revocations,GET /api/v2/freight/requests/:requestId/decisions; GET /api/v2/freight/requests/:requestId/decisions/:id,logs/class-matrix.json: SelectionDecision (catalog grants/policies/table ACL); logs/independent-rls-result.json; logs/auth-controls.json
392,SelectionDecision,policyVersion,string,True,COMPLETO,selection_decisions.data.policyVersion,418,selection_decisions.data.policyVersion,selection_decisions.data.policyVersion,jsonb,NO,None,selection_decisions_data_check: CHECK ((jsonb_typeof(data) = 'object'::text)),,GENERATED_BY_PARENT_COMMAND,—,—,—,—,—,cargomesh/src/shared/schemas/v2/workflow.ts:157; schema workflow.ts:WorkflowRecordV2Schema; field data.policyVersion,data.policyVersion,ZodString,False,True,supabase-v2/supabase/migrations/20261004154048_hac40_workflow.sql:205,decisions,"[{""file"":""extended-roundtrips.json"",""row"":17,""id"":""287d23d7-723b-4848-a7ab-5c4f094b891d"",""state"":""VALUE"",""inputState"":""MISSING"",""inputEqualsRead"":null,""value"":""HAC44_HTTP_SCORE_1791568335148""}]",COMPLETO,Resolved storage and current typed output agree with a concrete POST/GET or measured read projection,HAC-40 / Cristhian,29c385fe0ee501eb4b8b989b0a247c8fdeda62ad,POST /api/v2/freight/requests/:requestId/decisions; POST /api/v2/freight/requests/:requestId/decisions/:id/revocations,GET /api/v2/freight/requests/:requestId/decisions; GET /api/v2/freight/requests/:requestId/decisions/:id,logs/class-matrix.json: SelectionDecision (catalog grants/policies/table ACL); logs/independent-rls-result.json; logs/auth-controls.json
393,SelectionDecision,consideredOptions,OptionRef[],False,COMPLETO,selection_decisions.data.consideredOfferIds,419,selection_decisions.data.consideredOfferIds,selection_decisions.data.consideredOfferIds,jsonb,NO,None,selection_decisions_data_check: CHECK ((jsonb_typeof(data) = 'object'::text)),,cargomesh/src/shared/schemas/v2/workflow.ts:76; schema workflow.ts:WorkflowInputsV2:decisions.create; field consideredOfferIds,consideredOfferIds,ZodArray,False,False,"{""type"":""ZodArray"",""optional"":false,""nullable"":false,""element"":{""type"":""ZodString"",""optional"":false,""nullable"":false,""checks"":[{""kind"":""uuid""}]},""maxLength"":{""value"":100}}",cargomesh/src/shared/schemas/v2/workflow.ts:157; schema workflow.ts:WorkflowRecordV2Schema; field data.consideredOfferIds,data.consideredOfferIds,ZodArray,False,False,supabase-v2/supabase/migrations/20261004154048_hac40_workflow.sql:205,decisions,"[{""file"":""extended-roundtrips.json"",""row"":17,""id"":""287d23d7-723b-4848-a7ab-5c4f094b891d"",""state"":""VALUE"",""inputState"":""VALUE"",""inputEqualsRead"":true,""value"":[""d11f905f-bed6-4220-8aa0-d4da5e42a4ee""]}]",COMPLETO,Resolved storage and current typed output agree with a concrete POST/GET or measured read projection,HAC-40 / Cristhian,29c385fe0ee501eb4b8b989b0a247c8fdeda62ad,POST /api/v2/freight/requests/:requestId/decisions; POST /api/v2/freight/requests/:requestId/decisions/:id/revocations,GET /api/v2/freight/requests/:requestId/decisions; GET /api/v2/freight/requests/:requestId/decisions/:id,logs/class-matrix.json: SelectionDecision (catalog grants/policies/table ACL); logs/independent-rls-result.json; logs/auth-controls.json
394,SelectionDecision,status,DecisionStatus,False,COMPLETO,selection_decisions.status,420,selection_decisions.status,selection_decisions.status,text,NO,None,,,GENERATED_BY_PARENT_COMMAND,—,—,—,—,—,cargomesh/src/shared/schemas/v2/workflow.ts:157; schema workflow.ts:WorkflowRecordV2Schema; field status,status,ZodString,False,False,supabase-v2/supabase/migrations/20261004154048_hac40_workflow.sql:204,decisions,"[{""file"":""extended-roundtrips.json"",""row"":17,""id"":""287d23d7-723b-4848-a7ab-5c4f094b891d"",""state"":""VALUE"",""inputState"":""MISSING"",""inputEqualsRead"":null,""value"":""SELECTED""}]",COMPLETO,Resolved storage and current typed output agree with a concrete POST/GET or measured read projection,HAC-40 / Cristhian,29c385fe0ee501eb4b8b989b0a247c8fdeda62ad,POST /api/v2/freight/requests/:requestId/decisions; POST /api/v2/freight/requests/:requestId/decisions/:id/revocations,GET /api/v2/freight/requests/:requestId/decisions; GET /api/v2/freight/requests/:requestId/decisions/:id,logs/class-matrix.json: SelectionDecision (catalog grants/policies/table ACL); logs/independent-rls-result.json; logs/auth-controls.json
395,SelectionDecision,evidence,EvidenceRef[],False,COMPLETO,selection_decisions.data.evidence,421,selection_decisions.data.evidence,selection_decisions.data.evidence,jsonb,NO,None,selection_decisions_data_check: CHECK ((jsonb_typeof(data) = 'object'::text)),,cargomesh/src/shared/schemas/v2/workflow.ts:76; schema workflow.ts:WorkflowInputsV2:decisions.create; field evidence,evidence,ZodArray,False,False,"{""type"":""ZodArray"",""optional"":false,""nullable"":false,""element"":{""type"":""ZodObject"",""optional"":false,""nullable"":false,""fields"":{""reference"":{""type"":""ZodString"",""optional"":false,""nullable"":false,""checks"":[{""kind"":""trim""},{""kind"":""min"",""value"":1},{""kind"":""max"",""value"":500}]},""provider"":{""type"":""ZodString"",""optional"":false,""nullable"":false,""checks"":[{""kind"":""trim""},{""kind"":""min"",""value"":1},{""kind"":""max"",""value"":150}]},""observedAt"":{""type"":""ZodString"",""optional"":false,""nullable"":false,""checks"":[{""kind"":""datetime"",""precision"":null,""offset"":true,""local"":false}]},""validUntil"":{""type"":""ZodString"",""optional"":false,""nullable"":true,""checks"":[{""kind"":""datetime"",""precision"":null,""offset"":true,""local"":false}]},""provenanceStatus"":{""type"":""ZodEnum"",""optional"":false,""nullable"":false,""values"":[""VERIFIED"",""ESTIMATED"",""SIMULATED"",""UNKNOWN""]}},""unknownKeys"":""strict""},""minLength"":{""value"":1},""maxLength"":{""value"":100}}",cargomesh/src/shared/schemas/v2/workflow.ts:157; schema workflow.ts:WorkflowRecordV2Schema; field data.evidence,data.evidence,ZodArray,False,False,supabase-v2/supabase/migrations/20261004154048_hac40_workflow.sql:205,decisions,"[{""file"":""extended-roundtrips.json"",""row"":17,""id"":""287d23d7-723b-4848-a7ab-5c4f094b891d"",""state"":""VALUE"",""inputState"":""VALUE"",""inputEqualsRead"":true,""value"":[{""reference"":""fixture:workflow"",""provider"":""Synthetic QA"",""observedAt"":""2020-01-01T00:00:00Z"",""validUntil"":""2030-01-01T00:00:00Z"",""provenanceStatus"":""SIMULATED""}]}]",COMPLETO,Resolved storage and current typed output agree with a concrete POST/GET or measured read projection,HAC-40 / Cristhian,29c385fe0ee501eb4b8b989b0a247c8fdeda62ad,POST /api/v2/freight/requests/:requestId/decisions; POST /api/v2/freight/requests/:requestId/decisions/:id/revocations,GET /api/v2/freight/requests/:requestId/decisions; GET /api/v2/freight/requests/:requestId/decisions/:id,logs/class-matrix.json: SelectionDecision (catalog grants/policies/table ACL); logs/independent-rls-result.json; logs/auth-controls.json
396,SelectionDecision,selectedPlanId,UUID,False,COMPLETO,selection_decisions.plan_id,422,selection_decisions.plan_id,selection_decisions.plan_id,uuid,NO,None,selection_decisions_plan_id_fkey: FOREIGN KEY (plan_id) REFERENCES transport_plan_candidates(id),CREATE INDEX selection_decisions_plan_id_fkey_fk_idx ON public.selection_decisions USING btree (plan_id),GENERATED_BY_PARENT_COMMAND,—,—,—,—,—,cargomesh/src/shared/schemas/v2/workflow.ts:157; schema workflow.ts:WorkflowRecordV2Schema; field data.selectedPlanId,data.selectedPlanId,ZodString,False,False,supabase-v2/supabase/migrations/20261004154048_hac40_workflow.sql:302,decisions,"[{""file"":""extended-roundtrips.json"",""row"":17,""id"":""287d23d7-723b-4848-a7ab-5c4f094b891d"",""state"":""VALUE"",""inputState"":""MISSING"",""inputEqualsRead"":null,""value"":""baab5007-d56d-4315-bf1a-2191a09288be""}]",COMPLETO,Resolved storage and current typed output agree with a concrete POST/GET or measured read projection,HAC-40 / Cristhian,29c385fe0ee501eb4b8b989b0a247c8fdeda62ad,POST /api/v2/freight/requests/:requestId/decisions; POST /api/v2/freight/requests/:requestId/decisions/:id/revocations,GET /api/v2/freight/requests/:requestId/decisions; GET /api/v2/freight/requests/:requestId/decisions/:id,logs/class-matrix.json: SelectionDecision (catalog grants/policies/table ACL); logs/independent-rls-result.json; logs/auth-controls.json
397,SelectionDecision,selectedOfferIds,UUID[],False,COMPLETO,selection_decisions.data.selectedOfferIds,423,selection_decisions.data.selectedOfferIds,selection_decisions.data.selectedOfferIds,jsonb,NO,None,selection_decisions_data_check: CHECK ((jsonb_typeof(data) = 'object'::text)),,cargomesh/src/shared/schemas/v2/workflow.ts:76; schema workflow.ts:WorkflowInputsV2:decisions.create; field selectedOfferIds,selectedOfferIds,ZodArray,False,False,"{""type"":""ZodArray"",""optional"":false,""nullable"":false,""element"":{""type"":""ZodString"",""optional"":false,""nullable"":false,""checks"":[{""kind"":""uuid""}]},""minLength"":{""value"":1},""maxLength"":{""value"":100}}",cargomesh/src/shared/schemas/v2/workflow.ts:157; schema workflow.ts:WorkflowRecordV2Schema; field data.selectedOfferIds,data.selectedOfferIds,ZodArray,False,False,supabase-v2/supabase/migrations/20261004154048_hac40_workflow.sql:205,decisions,"[{""file"":""extended-roundtrips.json"",""row"":17,""id"":""287d23d7-723b-4848-a7ab-5c4f094b891d"",""state"":""VALUE"",""inputState"":""VALUE"",""inputEqualsRead"":true,""value"":[""d11f905f-bed6-4220-8aa0-d4da5e42a4ee""]}]",COMPLETO,Resolved storage and current typed output agree with a concrete POST/GET or measured read projection,HAC-40 / Cristhian,29c385fe0ee501eb4b8b989b0a247c8fdeda62ad,POST /api/v2/freight/requests/:requestId/decisions; POST /api/v2/freight/requests/:requestId/decisions/:id/revocations,GET /api/v2/freight/requests/:requestId/decisions; GET /api/v2/freight/requests/:requestId/decisions/:id,logs/class-matrix.json: SelectionDecision (catalog grants/policies/table ACL); logs/independent-rls-result.json; logs/auth-controls.json
