method,path,estado,ruta_codigo,ruta_runtime,llamadas,positivos,anon_401,http_probe,evidencia,limite
GET,/api/v2/bookings,IMPLEMENTADO,True,"[""/api/v2/bookings""]",6,2,1,[200],"[{""file"":""api-results.json"",""row"":167,""label"":""workflow-booking-list"",""http"":200},{""file"":""api-results.json"",""row"":575,""label"":""inventory-probe"",""http"":200},{""file"":""api-results.json"",""row"":576,""label"":""inventory-auth-control"",""http"":401},{""file"":""extended-api-results.json"",""row"":104,""label"":""extended-bookings-list"",""http"":200},{""file"":""auth-api-results.json"",""row"":406,""label"":""active-auth-control"",""http"":200},{""file"":""auth-api-results.json"",""row"":407,""label"":""invalid-credential-auth-negative"",""http"":401}]",IMPLEMENTADO means business-positive HTTP + anonymous negative at this route; does not certify every field or transition. PARCIAL can mean validation/auth exercised but no independent valid positive.
POST,/api/v2/bookings,IMPLEMENTADO,True,"[""/api/v2/bookings""]",6,2,1,[400],"[{""file"":""api-results.json"",""row"":579,""label"":""inventory-probe"",""http"":400},{""file"":""api-results.json"",""row"":580,""label"":""inventory-auth-control"",""http"":401},{""file"":""extended-api-results.json"",""row"":102,""label"":""extended-bookings-create"",""http"":201},{""file"":""extended-api-results.json"",""row"":105,""label"":""extended-bookings-replay"",""http"":200},{""file"":""auth-api-results.json"",""row"":410,""label"":""active-auth-control"",""http"":400},{""file"":""auth-api-results.json"",""row"":411,""label"":""invalid-credential-auth-negative"",""http"":401}]",IMPLEMENTADO means business-positive HTTP + anonymous negative at this route; does not certify every field or transition. PARCIAL can mean validation/auth exercised but no independent valid positive.
GET,/api/v2/bookings/:id,IMPLEMENTADO,True,"[""/api/v2/bookings/:id""]",8,2,1,[200],"[{""file"":""api-results.json"",""row"":166,""label"":""workflow-booking-read"",""http"":200},{""file"":""api-results.json"",""row"":170,""label"":""booking-foreign"",""http"":404},{""file"":""api-results.json"",""row"":577,""label"":""inventory-probe"",""http"":200},{""file"":""api-results.json"",""row"":578,""label"":""inventory-auth-control"",""http"":401},{""file"":""extended-api-results.json"",""row"":103,""label"":""extended-bookings-read"",""http"":200},{""file"":""extended-api-results.json"",""row"":106,""label"":""extended-bookings-foreign"",""http"":404},{""file"":""auth-api-results.json"",""row"":408,""label"":""active-auth-control"",""http"":200},{""file"":""auth-api-results.json"",""row"":409,""label"":""invalid-credential-auth-negative"",""http"":401}]",IMPLEMENTADO means business-positive HTTP + anonymous negative at this route; does not certify every field or transition. PARCIAL can mean validation/auth exercised but no independent valid positive.
POST,/api/v2/bookings/:id/cancellations,IMPLEMENTADO,True,"[""/api/v2/bookings/:id/cancellations""]",6,1,1,[400],"[{""file"":""api-results.json"",""row"":177,""label"":""booking-cancel"",""http"":200},{""file"":""api-results.json"",""row"":625,""label"":""inventory-probe"",""http"":400},{""file"":""api-results.json"",""row"":626,""label"":""inventory-auth-control"",""http"":401},{""file"":""extended-api-results.json"",""row"":163,""label"":""extended-cancel-booking"",""http"":409},{""file"":""auth-api-results.json"",""row"":456,""label"":""active-auth-control"",""http"":400},{""file"":""auth-api-results.json"",""row"":457,""label"":""invalid-credential-auth-negative"",""http"":401}]",IMPLEMENTADO means business-positive HTTP + anonymous negative at this route; does not certify every field or transition. PARCIAL can mean validation/auth exercised but no independent valid positive.
GET,/api/v2/bookings/:parentId/execution,IMPLEMENTADO,True,"[""/api/v2/bookings/:parentId/execution""]",8,1,2,[200],"[{""file"":""api-results.json"",""row"":609,""label"":""inventory-probe"",""http"":200},{""file"":""api-results.json"",""row"":610,""label"":""inventory-auth-control"",""http"":401},{""file"":""auth-api-results.json"",""row"":440,""label"":""active-auth-control"",""http"":200},{""file"":""auth-api-results.json"",""row"":441,""label"":""invalid-credential-auth-negative"",""http"":401},{""file"":""pending-api-results.json"",""row"":3,""label"":""pending-anonymous-or-revoked"",""http"":401},{""file"":""pending-api-results.json"",""row"":4,""label"":""pending-anonymous-or-revoked"",""http"":403},{""file"":""pending-api-results.json"",""row"":5,""label"":""pending-foreign"",""http"":404},{""file"":""pending-api-results.json"",""row"":6,""label"":""pending-functional-positive"",""http"":200}]",IMPLEMENTADO means business-positive HTTP + anonymous negative at this route; does not certify every field or transition. PARCIAL can mean validation/auth exercised but no independent valid positive.
GET,/api/v2/bookings/:parentId/execution/:id,IMPLEMENTADO,True,"[""/api/v2/bookings/:parentId/execution/:id""]",8,1,2,[200],"[{""file"":""api-results.json"",""row"":611,""label"":""inventory-probe"",""http"":200},{""file"":""api-results.json"",""row"":612,""label"":""inventory-auth-control"",""http"":401},{""file"":""auth-api-results.json"",""row"":442,""label"":""active-auth-control"",""http"":200},{""file"":""auth-api-results.json"",""row"":443,""label"":""invalid-credential-auth-negative"",""http"":401},{""file"":""pending-api-results.json"",""row"":7,""label"":""pending-anonymous-or-revoked"",""http"":401},{""file"":""pending-api-results.json"",""row"":8,""label"":""pending-anonymous-or-revoked"",""http"":403},{""file"":""pending-api-results.json"",""row"":9,""label"":""pending-foreign"",""http"":404},{""file"":""pending-api-results.json"",""row"":10,""label"":""pending-functional-positive"",""http"":200}]",IMPLEMENTADO means business-positive HTTP + anonymous negative at this route; does not certify every field or transition. PARCIAL can mean validation/auth exercised but no independent valid positive.
GET,/api/v2/bookings/:parentId/reservations,IMPLEMENTADO,True,"[""/api/v2/bookings/:parentId/reservations""]",8,1,2,[200],"[{""file"":""api-results.json"",""row"":605,""label"":""inventory-probe"",""http"":200},{""file"":""api-results.json"",""row"":606,""label"":""inventory-auth-control"",""http"":401},{""file"":""auth-api-results.json"",""row"":436,""label"":""active-auth-control"",""http"":200},{""file"":""auth-api-results.json"",""row"":437,""label"":""invalid-credential-auth-negative"",""http"":401},{""file"":""pending-api-results.json"",""row"":11,""label"":""pending-anonymous-or-revoked"",""http"":401},{""file"":""pending-api-results.json"",""row"":12,""label"":""pending-anonymous-or-revoked"",""http"":403},{""file"":""pending-api-results.json"",""row"":13,""label"":""pending-foreign"",""http"":404},{""file"":""pending-api-results.json"",""row"":14,""label"":""pending-functional-positive"",""http"":200}]",IMPLEMENTADO means business-positive HTTP + anonymous negative at this route; does not certify every field or transition. PARCIAL can mean validation/auth exercised but no independent valid positive.
GET,/api/v2/bookings/:parentId/reservations/:id,IMPLEMENTADO,True,"[""/api/v2/bookings/:parentId/reservations/:id""]",8,1,2,[200],"[{""file"":""api-results.json"",""row"":607,""label"":""inventory-probe"",""http"":200},{""file"":""api-results.json"",""row"":608,""label"":""inventory-auth-control"",""http"":401},{""file"":""auth-api-results.json"",""row"":438,""label"":""active-auth-control"",""http"":200},{""file"":""auth-api-results.json"",""row"":439,""label"":""invalid-credential-auth-negative"",""http"":401},{""file"":""pending-api-results.json"",""row"":15,""label"":""pending-anonymous-or-revoked"",""http"":401},{""file"":""pending-api-results.json"",""row"":16,""label"":""pending-anonymous-or-revoked"",""http"":403},{""file"":""pending-api-results.json"",""row"":17,""label"":""pending-foreign"",""http"":404},{""file"":""pending-api-results.json"",""row"":18,""label"":""pending-functional-positive"",""http"":200}]",IMPLEMENTADO means business-positive HTTP + anonymous negative at this route; does not certify every field or transition. PARCIAL can mean validation/auth exercised but no independent valid positive.
GET,/api/v2/capacity/holds,IMPLEMENTADO,True,"[""/api/v2/capacity/holds""]",6,2,1,[200],"[{""file"":""api-results.json"",""row"":581,""label"":""inventory-probe"",""http"":200},{""file"":""api-results.json"",""row"":582,""label"":""inventory-auth-control"",""http"":401},{""file"":""extended-api-results.json"",""row"":114,""label"":""extended-holds-list"",""http"":200},{""file"":""ltl-api-results.json"",""row"":5,""label"":""ltl-holds-list"",""http"":200},{""file"":""auth-api-results.json"",""row"":412,""label"":""active-auth-control"",""http"":200},{""file"":""auth-api-results.json"",""row"":413,""label"":""invalid-credential-auth-negative"",""http"":401}]",IMPLEMENTADO means business-positive HTTP + anonymous negative at this route; does not certify every field or transition. PARCIAL can mean validation/auth exercised but no independent valid positive.
POST,/api/v2/capacity/holds,IMPLEMENTADO,True,"[""/api/v2/capacity/holds""]",12,8,1,[400],"[{""file"":""api-results.json"",""row"":171,""label"":""hold-create"",""http"":201},{""file"":""api-results.json"",""row"":585,""label"":""inventory-probe"",""http"":400},{""file"":""api-results.json"",""row"":586,""label"":""inventory-auth-control"",""http"":401},{""file"":""extended-api-results.json"",""row"":112,""label"":""extended-holds-create"",""http"":201},{""file"":""extended-api-results.json"",""row"":115,""label"":""extended-holds-replay"",""http"":200},{""file"":""ltl-api-results.json"",""row"":3,""label"":""ltl-holds-create"",""http"":201},{""file"":""ltl-api-results.json"",""row"":6,""label"":""ltl-holds-replay"",""http"":200},{""file"":""auth-api-results.json"",""row"":416,""label"":""active-auth-control"",""http"":400},{""file"":""auth-api-results.json"",""row"":417,""label"":""invalid-credential-auth-negative"",""http"":401},{""file"":""pending-api-results.json"",""row"":2,""label"":""pending-hold-create"",""http"":201},{""file"":""pending-api-results.json"",""row"":181,""label"":""pending-second-hold-control"",""http"":201},{""file"":""pending-api-results.json"",""row"":213,""label"":""pending-batch-member-control"",""http"":201}]",IMPLEMENTADO means business-positive HTTP + anonymous negative at this route; does not certify every field or transition. PARCIAL can mean validation/auth exercised but no independent valid positive.
GET,/api/v2/capacity/holds/:id,IMPLEMENTADO,True,"[""/api/v2/capacity/holds/:id""]",9,4,1,[200],"[{""file"":""api-results.json"",""row"":172,""label"":""hold-read"",""http"":200},{""file"":""api-results.json"",""row"":178,""label"":""hold-release-observed"",""http"":200},{""file"":""api-results.json"",""row"":583,""label"":""inventory-probe"",""http"":200},{""file"":""api-results.json"",""row"":584,""label"":""inventory-auth-control"",""http"":401},{""file"":""extended-api-results.json"",""row"":113,""label"":""extended-holds-read"",""http"":200},{""file"":""extended-api-results.json"",""row"":116,""label"":""extended-holds-foreign"",""http"":404},{""file"":""ltl-api-results.json"",""row"":4,""label"":""ltl-holds-read"",""http"":200},{""file"":""auth-api-results.json"",""row"":414,""label"":""active-auth-control"",""http"":200},{""file"":""auth-api-results.json"",""row"":415,""label"":""invalid-credential-auth-negative"",""http"":401}]",IMPLEMENTADO means business-positive HTTP + anonymous negative at this route; does not certify every field or transition. PARCIAL can mean validation/auth exercised but no independent valid positive.
POST,/api/v2/capacity/holds/:id/releases,IMPLEMENTADO,True,"[""/api/v2/capacity/holds/:id/releases""]",11,1,2,[400],"[{""file"":""api-results.json"",""row"":176,""label"":""hold-invalid-release"",""http"":409},{""file"":""api-results.json"",""row"":627,""label"":""inventory-probe"",""http"":400},{""file"":""api-results.json"",""row"":628,""label"":""inventory-auth-control"",""http"":401},{""file"":""auth-api-results.json"",""row"":458,""label"":""active-auth-control"",""http"":400},{""file"":""auth-api-results.json"",""row"":459,""label"":""invalid-credential-auth-negative"",""http"":401},{""file"":""pending-api-results.json"",""row"":175,""label"":""pending-anonymous-or-revoked"",""http"":401},{""file"":""pending-api-results.json"",""row"":176,""label"":""pending-anonymous-or-revoked"",""http"":403},{""file"":""pending-api-results.json"",""row"":177,""label"":""pending-foreign"",""http"":404},{""file"":""pending-api-results.json"",""row"":178,""label"":""pending-invalid-version"",""http"":409},{""file"":""pending-api-results.json"",""row"":179,""label"":""pending-functional-positive"",""http"":200},{""file"":""pending-api-results.json"",""row"":180,""label"":""pending-stale-after-positive"",""http"":409}]",IMPLEMENTADO means business-positive HTTP + anonymous negative at this route; does not certify every field or transition. PARCIAL can mean validation/auth exercised but no independent valid positive.
GET,/api/v2/cargo-categories,IMPLEMENTADO,True,"[""/api/v2/cargo-categories""]",7,3,1,[200],"[{""file"":""api-results.json"",""row"":17,""label"":""cargo-categories-list"",""http"":200},{""file"":""api-results.json"",""row"":351,""label"":""inventory-probe"",""http"":200},{""file"":""api-results.json"",""row"":352,""label"":""inventory-auth-control"",""http"":401},{""file"":""extended-api-results.json"",""row"":172,""label"":""new-category-positive"",""http"":200},{""file"":""auth-api-results.json"",""row"":182,""label"":""active-auth-control"",""http"":200},{""file"":""auth-api-results.json"",""row"":183,""label"":""invalid-credential-auth-negative"",""http"":401},{""file"":""contract-api-results.json"",""row"":8,""label"":""category-version-read-control"",""http"":200}]",IMPLEMENTADO means business-positive HTTP + anonymous negative at this route; does not certify every field or transition. PARCIAL can mean validation/auth exercised but no independent valid positive.
POST,/api/v2/cargo-categories,IMPLEMENTADO,True,"[""/api/v2/cargo-categories""]",6,2,1,[400],"[{""file"":""api-results.json"",""row"":14,""label"":""cargo-categories-create"",""http"":201},{""file"":""api-results.json"",""row"":15,""label"":""cargo-categories-replay"",""http"":200},{""file"":""api-results.json"",""row"":355,""label"":""inventory-probe"",""http"":400},{""file"":""api-results.json"",""row"":356,""label"":""inventory-auth-control"",""http"":401},{""file"":""auth-api-results.json"",""row"":186,""label"":""active-auth-control"",""http"":400},{""file"":""auth-api-results.json"",""row"":187,""label"":""invalid-credential-auth-negative"",""http"":401}]",IMPLEMENTADO means business-positive HTTP + anonymous negative at this route; does not certify every field or transition. PARCIAL can mean validation/auth exercised but no independent valid positive.
GET,/api/v2/cargo-categories/:id,IMPLEMENTADO,True,"[""/api/v2/cargo-categories/:id""]",5,1,1,[200],"[{""file"":""api-results.json"",""row"":16,""label"":""cargo-categories-read"",""http"":200},{""file"":""api-results.json"",""row"":353,""label"":""inventory-probe"",""http"":200},{""file"":""api-results.json"",""row"":354,""label"":""inventory-auth-control"",""http"":401},{""file"":""auth-api-results.json"",""row"":184,""label"":""active-auth-control"",""http"":200},{""file"":""auth-api-results.json"",""row"":185,""label"":""invalid-credential-auth-negative"",""http"":401}]",IMPLEMENTADO means business-positive HTTP + anonymous negative at this route; does not certify every field or transition. PARCIAL can mean validation/auth exercised but no independent valid positive.
POST,/api/v2/cargo-categories/:id/revisions,IMPLEMENTADO,True,"[""/api/v2/cargo-categories/:id/revisions""]",6,1,1,[400],"[{""file"":""api-results.json"",""row"":18,""label"":""cargo-categories-revision"",""http"":200},{""file"":""api-results.json"",""row"":19,""label"":""cargo-categories-stale"",""http"":409},{""file"":""api-results.json"",""row"":357,""label"":""inventory-probe"",""http"":400},{""file"":""api-results.json"",""row"":358,""label"":""inventory-auth-control"",""http"":401},{""file"":""auth-api-results.json"",""row"":188,""label"":""active-auth-control"",""http"":400},{""file"":""auth-api-results.json"",""row"":189,""label"":""invalid-credential-auth-negative"",""http"":401}]",IMPLEMENTADO means business-positive HTTP + anonymous negative at this route; does not certify every field or transition. PARCIAL can mean validation/auth exercised but no independent valid positive.
GET,/api/v2/cargo-profiles,IMPLEMENTADO,True,"[""/api/v2/cargo-profiles""]",5,1,1,[200],"[{""file"":""api-results.json"",""row"":23,""label"":""cargo-profiles-list"",""http"":200},{""file"":""api-results.json"",""row"":343,""label"":""inventory-probe"",""http"":200},{""file"":""api-results.json"",""row"":344,""label"":""inventory-auth-control"",""http"":401},{""file"":""auth-api-results.json"",""row"":174,""label"":""active-auth-control"",""http"":200},{""file"":""auth-api-results.json"",""row"":175,""label"":""invalid-credential-auth-negative"",""http"":401}]",IMPLEMENTADO means business-positive HTTP + anonymous negative at this route; does not certify every field or transition. PARCIAL can mean validation/auth exercised but no independent valid positive.
POST,/api/v2/cargo-profiles,IMPLEMENTADO,True,"[""/api/v2/cargo-profiles""]",6,2,1,[400],"[{""file"":""api-results.json"",""row"":20,""label"":""cargo-profiles-create"",""http"":201},{""file"":""api-results.json"",""row"":21,""label"":""cargo-profiles-replay"",""http"":200},{""file"":""api-results.json"",""row"":347,""label"":""inventory-probe"",""http"":400},{""file"":""api-results.json"",""row"":348,""label"":""inventory-auth-control"",""http"":401},{""file"":""auth-api-results.json"",""row"":178,""label"":""active-auth-control"",""http"":400},{""file"":""auth-api-results.json"",""row"":179,""label"":""invalid-credential-auth-negative"",""http"":401}]",IMPLEMENTADO means business-positive HTTP + anonymous negative at this route; does not certify every field or transition. PARCIAL can mean validation/auth exercised but no independent valid positive.
GET,/api/v2/cargo-profiles/:id,IMPLEMENTADO,True,"[""/api/v2/cargo-profiles/:id""]",5,1,1,[200],"[{""file"":""api-results.json"",""row"":22,""label"":""cargo-profiles-read"",""http"":200},{""file"":""api-results.json"",""row"":345,""label"":""inventory-probe"",""http"":200},{""file"":""api-results.json"",""row"":346,""label"":""inventory-auth-control"",""http"":401},{""file"":""auth-api-results.json"",""row"":176,""label"":""active-auth-control"",""http"":200},{""file"":""auth-api-results.json"",""row"":177,""label"":""invalid-credential-auth-negative"",""http"":401}]",IMPLEMENTADO means business-positive HTTP + anonymous negative at this route; does not certify every field or transition. PARCIAL can mean validation/auth exercised but no independent valid positive.
POST,/api/v2/cargo-profiles/:id/revisions,IMPLEMENTADO,True,"[""/api/v2/cargo-profiles/:id/revisions""]",6,1,1,[400],"[{""file"":""api-results.json"",""row"":24,""label"":""cargo-profiles-revision"",""http"":200},{""file"":""api-results.json"",""row"":25,""label"":""cargo-profiles-stale"",""http"":409},{""file"":""api-results.json"",""row"":349,""label"":""inventory-probe"",""http"":400},{""file"":""api-results.json"",""row"":350,""label"":""inventory-auth-control"",""http"":401},{""file"":""auth-api-results.json"",""row"":180,""label"":""active-auth-control"",""http"":400},{""file"":""auth-api-results.json"",""row"":181,""label"":""invalid-credential-auth-negative"",""http"":401}]",IMPLEMENTADO means business-positive HTTP + anonymous negative at this route; does not certify every field or transition. PARCIAL can mean validation/auth exercised but no independent valid positive.
GET,/api/v2/carriers,IMPLEMENTADO,True,"[""/api/v2/carriers""]",5,1,1,[200],"[{""file"":""api-results.json"",""row"":29,""label"":""carriers-list"",""http"":200},{""file"":""api-results.json"",""row"":359,""label"":""inventory-probe"",""http"":200},{""file"":""api-results.json"",""row"":360,""label"":""inventory-auth-control"",""http"":401},{""file"":""auth-api-results.json"",""row"":190,""label"":""active-auth-control"",""http"":200},{""file"":""auth-api-results.json"",""row"":191,""label"":""invalid-credential-auth-negative"",""http"":401}]",IMPLEMENTADO means business-positive HTTP + anonymous negative at this route; does not certify every field or transition. PARCIAL can mean validation/auth exercised but no independent valid positive.
POST,/api/v2/carriers,IMPLEMENTADO,True,"[""/api/v2/carriers""]",6,2,1,[400],"[{""file"":""api-results.json"",""row"":26,""label"":""carriers-create"",""http"":201},{""file"":""api-results.json"",""row"":27,""label"":""carriers-replay"",""http"":200},{""file"":""api-results.json"",""row"":363,""label"":""inventory-probe"",""http"":400},{""file"":""api-results.json"",""row"":364,""label"":""inventory-auth-control"",""http"":401},{""file"":""auth-api-results.json"",""row"":194,""label"":""active-auth-control"",""http"":400},{""file"":""auth-api-results.json"",""row"":195,""label"":""invalid-credential-auth-negative"",""http"":401}]",IMPLEMENTADO means business-positive HTTP + anonymous negative at this route; does not certify every field or transition. PARCIAL can mean validation/auth exercised but no independent valid positive.
GET,/api/v2/carriers/:carrierId/asset-capabilities,IMPLEMENTADO,True,"[""/api/v2/carriers/:carrierId/asset-capabilities""]",6,2,1,[200],"[{""file"":""api-results.json"",""row"":84,""label"":""asset-capabilities-list"",""http"":200},{""file"":""api-results.json"",""row"":463,""label"":""inventory-probe"",""http"":200},{""file"":""api-results.json"",""row"":464,""label"":""inventory-auth-control"",""http"":401},{""file"":""extended-api-results.json"",""row"":9,""label"":""extended-asset-capabilities-list"",""http"":200},{""file"":""auth-api-results.json"",""row"":294,""label"":""active-auth-control"",""http"":200},{""file"":""auth-api-results.json"",""row"":295,""label"":""invalid-credential-auth-negative"",""http"":401}]",IMPLEMENTADO means business-positive HTTP + anonymous negative at this route; does not certify every field or transition. PARCIAL can mean validation/auth exercised but no independent valid positive.
POST,/api/v2/carriers/:carrierId/asset-capabilities,IMPLEMENTADO,True,"[""/api/v2/carriers/:carrierId/asset-capabilities""]",9,4,1,[400],"[{""file"":""api-results.json"",""row"":81,""label"":""asset-capabilities-create"",""http"":201},{""file"":""api-results.json"",""row"":82,""label"":""asset-capabilities-replay"",""http"":200},{""file"":""api-results.json"",""row"":467,""label"":""inventory-probe"",""http"":400},{""file"":""api-results.json"",""row"":468,""label"":""inventory-auth-control"",""http"":401},{""file"":""extended-api-results.json"",""row"":7,""label"":""extended-asset-capabilities-create"",""http"":201},{""file"":""extended-api-results.json"",""row"":10,""label"":""extended-asset-capabilities-replay"",""http"":200},{""file"":""extended-api-results.json"",""row"":12,""label"":""extended-asset-capabilities-foreign-write"",""http"":403},{""file"":""auth-api-results.json"",""row"":298,""label"":""active-auth-control"",""http"":400},{""file"":""auth-api-results.json"",""row"":299,""label"":""invalid-credential-auth-negative"",""http"":401}]",IMPLEMENTADO means business-positive HTTP + anonymous negative at this route; does not certify every field or transition. PARCIAL can mean validation/auth exercised but no independent valid positive.
GET,/api/v2/carriers/:carrierId/asset-capabilities/:id,IMPLEMENTADO,True,"[""/api/v2/carriers/:carrierId/asset-capabilities/:id""]",7,2,1,[200],"[{""file"":""api-results.json"",""row"":83,""label"":""asset-capabilities-read"",""http"":200},{""file"":""api-results.json"",""row"":465,""label"":""inventory-probe"",""http"":200},{""file"":""api-results.json"",""row"":466,""label"":""inventory-auth-control"",""http"":401},{""file"":""extended-api-results.json"",""row"":8,""label"":""extended-asset-capabilities-read"",""http"":200},{""file"":""extended-api-results.json"",""row"":11,""label"":""extended-asset-capabilities-foreign"",""http"":403},{""file"":""auth-api-results.json"",""row"":296,""label"":""active-auth-control"",""http"":200},{""file"":""auth-api-results.json"",""row"":297,""label"":""invalid-credential-auth-negative"",""http"":401}]",IMPLEMENTADO means business-positive HTTP + anonymous negative at this route; does not certify every field or transition. PARCIAL can mean validation/auth exercised but no independent valid positive.
POST,/api/v2/carriers/:carrierId/asset-capabilities/:id/revisions,IMPLEMENTADO,True,"[""/api/v2/carriers/:carrierId/asset-capabilities/:id/revisions""]",6,1,1,[400],"[{""file"":""api-results.json"",""row"":85,""label"":""asset-capabilities-revision"",""http"":200},{""file"":""api-results.json"",""row"":86,""label"":""asset-capabilities-stale"",""http"":409},{""file"":""api-results.json"",""row"":469,""label"":""inventory-probe"",""http"":400},{""file"":""api-results.json"",""row"":470,""label"":""inventory-auth-control"",""http"":401},{""file"":""auth-api-results.json"",""row"":300,""label"":""active-auth-control"",""http"":400},{""file"":""auth-api-results.json"",""row"":301,""label"":""invalid-credential-auth-negative"",""http"":401}]",IMPLEMENTADO means business-positive HTTP + anonymous negative at this route; does not certify every field or transition. PARCIAL can mean validation/auth exercised but no independent valid positive.
GET,/api/v2/carriers/:carrierId/assets,IMPLEMENTADO,True,"[""/api/v2/carriers/:carrierId/assets""]",6,2,1,[200],"[{""file"":""api-results.json"",""row"":66,""label"":""assets-list"",""http"":200},{""file"":""api-results.json"",""row"":423,""label"":""inventory-probe"",""http"":200},{""file"":""api-results.json"",""row"":424,""label"":""inventory-auth-control"",""http"":401},{""file"":""extended-api-results.json"",""row"":3,""label"":""extended-assets-list"",""http"":200},{""file"":""auth-api-results.json"",""row"":254,""label"":""active-auth-control"",""http"":200},{""file"":""auth-api-results.json"",""row"":255,""label"":""invalid-credential-auth-negative"",""http"":401}]",IMPLEMENTADO means business-positive HTTP + anonymous negative at this route; does not certify every field or transition. PARCIAL can mean validation/auth exercised but no independent valid positive.
POST,/api/v2/carriers/:carrierId/assets,IMPLEMENTADO,True,"[""/api/v2/carriers/:carrierId/assets""]",11,5,1,[400],"[{""file"":""api-results.json"",""row"":63,""label"":""assets-create"",""http"":201},{""file"":""api-results.json"",""row"":64,""label"":""assets-replay"",""http"":200},{""file"":""api-results.json"",""row"":427,""label"":""inventory-probe"",""http"":400},{""file"":""api-results.json"",""row"":428,""label"":""inventory-auth-control"",""http"":401},{""file"":""extended-api-results.json"",""row"":1,""label"":""extended-assets-create"",""http"":201},{""file"":""extended-api-results.json"",""row"":4,""label"":""extended-assets-replay"",""http"":200},{""file"":""extended-api-results.json"",""row"":6,""label"":""extended-assets-foreign-write"",""http"":403},{""file"":""auth-api-results.json"",""row"":258,""label"":""active-auth-control"",""http"":400},{""file"":""auth-api-results.json"",""row"":259,""label"":""invalid-credential-auth-negative"",""http"":401},{""file"":""contract-api-results.json"",""row"":1,""label"":""required-road-positive"",""http"":201},{""file"":""contract-api-results.json"",""row"":2,""label"":""required-road-null-bodytype"",""http"":400}]",IMPLEMENTADO means business-positive HTTP + anonymous negative at this route; does not certify every field or transition. PARCIAL can mean validation/auth exercised but no independent valid positive.
GET,/api/v2/carriers/:carrierId/assets/:id,IMPLEMENTADO,True,"[""/api/v2/carriers/:carrierId/assets/:id""]",8,3,1,[200],"[{""file"":""api-results.json"",""row"":65,""label"":""assets-read"",""http"":200},{""file"":""api-results.json"",""row"":425,""label"":""inventory-probe"",""http"":200},{""file"":""api-results.json"",""row"":426,""label"":""inventory-auth-control"",""http"":401},{""file"":""extended-api-results.json"",""row"":2,""label"":""extended-assets-read"",""http"":200},{""file"":""extended-api-results.json"",""row"":5,""label"":""extended-assets-foreign"",""http"":403},{""file"":""extended-api-results.json"",""row"":19,""label"":""asset-availability-control"",""http"":200},{""file"":""auth-api-results.json"",""row"":256,""label"":""active-auth-control"",""http"":200},{""file"":""auth-api-results.json"",""row"":257,""label"":""invalid-credential-auth-negative"",""http"":401}]",IMPLEMENTADO means business-positive HTTP + anonymous negative at this route; does not certify every field or transition. PARCIAL can mean validation/auth exercised but no independent valid positive.
POST,/api/v2/carriers/:carrierId/assets/:id/revisions,IMPLEMENTADO,True,"[""/api/v2/carriers/:carrierId/assets/:id/revisions""]",6,1,1,[400],"[{""file"":""api-results.json"",""row"":67,""label"":""assets-revision"",""http"":200},{""file"":""api-results.json"",""row"":68,""label"":""assets-stale"",""http"":409},{""file"":""api-results.json"",""row"":429,""label"":""inventory-probe"",""http"":400},{""file"":""api-results.json"",""row"":430,""label"":""inventory-auth-control"",""http"":401},{""file"":""auth-api-results.json"",""row"":260,""label"":""active-auth-control"",""http"":400},{""file"":""auth-api-results.json"",""row"":261,""label"":""invalid-credential-auth-negative"",""http"":401}]",IMPLEMENTADO means business-positive HTTP + anonymous negative at this route; does not certify every field or transition. PARCIAL can mean validation/auth exercised but no independent valid positive.
GET,/api/v2/carriers/:carrierId/assets/:parentId/events,IMPLEMENTADO,True,"[""/api/v2/carriers/:carrierId/assets/:parentId/events""]",8,1,2,[200],"[{""file"":""api-results.json"",""row"":263,""label"":""inventory-probe"",""http"":200},{""file"":""api-results.json"",""row"":264,""label"":""inventory-auth-control"",""http"":401},{""file"":""auth-api-results.json"",""row"":94,""label"":""active-auth-control"",""http"":200},{""file"":""auth-api-results.json"",""row"":95,""label"":""invalid-credential-auth-negative"",""http"":401},{""file"":""pending-api-results.json"",""row"":47,""label"":""pending-anonymous-or-revoked"",""http"":401},{""file"":""pending-api-results.json"",""row"":48,""label"":""pending-anonymous-or-revoked"",""http"":403},{""file"":""pending-api-results.json"",""row"":49,""label"":""pending-foreign"",""http"":403},{""file"":""pending-api-results.json"",""row"":50,""label"":""pending-functional-positive"",""http"":200}]",IMPLEMENTADO means business-positive HTTP + anonymous negative at this route; does not certify every field or transition. PARCIAL can mean validation/auth exercised but no independent valid positive.
POST,/api/v2/carriers/:carrierId/assets/:parentId/events,IMPLEMENTADO,True,"[""/api/v2/carriers/:carrierId/assets/:parentId/events""]",6,2,1,[400],"[{""file"":""api-results.json"",""row"":267,""label"":""inventory-probe"",""http"":400},{""file"":""api-results.json"",""row"":268,""label"":""inventory-auth-control"",""http"":401},{""file"":""extended-api-results.json"",""row"":166,""label"":""asset-event"",""http"":201},{""file"":""auth-api-results.json"",""row"":98,""label"":""active-auth-control"",""http"":400},{""file"":""auth-api-results.json"",""row"":99,""label"":""invalid-credential-auth-negative"",""http"":401},{""file"":""pending-api-results.json"",""row"":46,""label"":""pending-asset-event-create"",""http"":201}]",IMPLEMENTADO means business-positive HTTP + anonymous negative at this route; does not certify every field or transition. PARCIAL can mean validation/auth exercised but no independent valid positive.
GET,/api/v2/carriers/:carrierId/assets/:parentId/events/:id,IMPLEMENTADO,True,"[""/api/v2/carriers/:carrierId/assets/:parentId/events/:id""]",8,1,2,[404],"[{""file"":""api-results.json"",""row"":265,""label"":""inventory-probe"",""http"":404},{""file"":""api-results.json"",""row"":266,""label"":""inventory-auth-control"",""http"":401},{""file"":""auth-api-results.json"",""row"":96,""label"":""active-auth-control"",""http"":404},{""file"":""auth-api-results.json"",""row"":97,""label"":""invalid-credential-auth-negative"",""http"":401},{""file"":""pending-api-results.json"",""row"":51,""label"":""pending-anonymous-or-revoked"",""http"":401},{""file"":""pending-api-results.json"",""row"":52,""label"":""pending-anonymous-or-revoked"",""http"":403},{""file"":""pending-api-results.json"",""row"":53,""label"":""pending-foreign"",""http"":403},{""file"":""pending-api-results.json"",""row"":54,""label"":""pending-functional-positive"",""http"":200}]",IMPLEMENTADO means business-positive HTTP + anonymous negative at this route; does not certify every field or transition. PARCIAL can mean validation/auth exercised but no independent valid positive.
GET,/api/v2/carriers/:carrierId/bookings,IMPLEMENTADO,True,"[""/api/v2/carriers/:carrierId/bookings""]",8,1,2,[200],"[{""file"":""api-results.json"",""row"":215,""label"":""inventory-probe"",""http"":200},{""file"":""api-results.json"",""row"":216,""label"":""inventory-auth-control"",""http"":401},{""file"":""auth-api-results.json"",""row"":46,""label"":""active-auth-control"",""http"":200},{""file"":""auth-api-results.json"",""row"":47,""label"":""invalid-credential-auth-negative"",""http"":401},{""file"":""pending-api-results.json"",""row"":19,""label"":""pending-anonymous-or-revoked"",""http"":401},{""file"":""pending-api-results.json"",""row"":20,""label"":""pending-anonymous-or-revoked"",""http"":403},{""file"":""pending-api-results.json"",""row"":21,""label"":""pending-foreign"",""http"":403},{""file"":""pending-api-results.json"",""row"":22,""label"":""pending-functional-positive"",""http"":200}]",IMPLEMENTADO means business-positive HTTP + anonymous negative at this route; does not certify every field or transition. PARCIAL can mean validation/auth exercised but no independent valid positive.
GET,/api/v2/carriers/:carrierId/bookings/:id,IMPLEMENTADO,True,"[""/api/v2/carriers/:carrierId/bookings/:id""]",9,2,2,[200],"[{""file"":""api-results.json"",""row"":217,""label"":""inventory-probe"",""http"":200},{""file"":""api-results.json"",""row"":218,""label"":""inventory-auth-control"",""http"":401},{""file"":""auth-api-results.json"",""row"":48,""label"":""active-auth-control"",""http"":200},{""file"":""auth-api-results.json"",""row"":49,""label"":""invalid-credential-auth-negative"",""http"":401},{""file"":""pending-api-results.json"",""row"":23,""label"":""pending-anonymous-or-revoked"",""http"":401},{""file"":""pending-api-results.json"",""row"":24,""label"":""pending-anonymous-or-revoked"",""http"":403},{""file"":""pending-api-results.json"",""row"":25,""label"":""pending-foreign"",""http"":403},{""file"":""pending-api-results.json"",""row"":26,""label"":""pending-functional-positive"",""http"":200},{""file"":""pending-api-results.json"",""row"":194,""label"":""pending-booking-version-control"",""http"":200}]",IMPLEMENTADO means business-positive HTTP + anonymous negative at this route; does not certify every field or transition. PARCIAL can mean validation/auth exercised but no independent valid positive.
POST,/api/v2/carriers/:carrierId/bookings/:id/cancellations,IMPLEMENTADO,True,"[""/api/v2/carriers/:carrierId/bookings/:id/cancellations""]",10,1,2,[400],"[{""file"":""api-results.json"",""row"":277,""label"":""inventory-probe"",""http"":400},{""file"":""api-results.json"",""row"":278,""label"":""inventory-auth-control"",""http"":401},{""file"":""auth-api-results.json"",""row"":108,""label"":""active-auth-control"",""http"":400},{""file"":""auth-api-results.json"",""row"":109,""label"":""invalid-credential-auth-negative"",""http"":401},{""file"":""pending-api-results.json"",""row"":195,""label"":""pending-anonymous-or-revoked"",""http"":401},{""file"":""pending-api-results.json"",""row"":196,""label"":""pending-anonymous-or-revoked"",""http"":403},{""file"":""pending-api-results.json"",""row"":197,""label"":""pending-foreign"",""http"":403},{""file"":""pending-api-results.json"",""row"":198,""label"":""pending-invalid-version"",""http"":409},{""file"":""pending-api-results.json"",""row"":199,""label"":""pending-functional-positive"",""http"":200},{""file"":""pending-api-results.json"",""row"":200,""label"":""pending-stale-after-positive"",""http"":409}]",IMPLEMENTADO means business-positive HTTP + anonymous negative at this route; does not certify every field or transition. PARCIAL can mean validation/auth exercised but no independent valid positive.
POST,/api/v2/carriers/:carrierId/bookings/:id/confirmations,IMPLEMENTADO,True,"[""/api/v2/carriers/:carrierId/bookings/:id/confirmations""]",8,3,1,[400],"[{""file"":""api-results.json"",""row"":173,""label"":""booking-invalid-transition"",""http"":409},{""file"":""api-results.json"",""row"":175,""label"":""booking-confirm"",""http"":200},{""file"":""api-results.json"",""row"":275,""label"":""inventory-probe"",""http"":400},{""file"":""api-results.json"",""row"":276,""label"":""inventory-auth-control"",""http"":401},{""file"":""extended-api-results.json"",""row"":118,""label"":""extended-confirm-booking"",""http"":200},{""file"":""ltl-api-results.json"",""row"":9,""label"":""ltl-confirm-booking"",""http"":200},{""file"":""auth-api-results.json"",""row"":106,""label"":""active-auth-control"",""http"":400},{""file"":""auth-api-results.json"",""row"":107,""label"":""invalid-credential-auth-negative"",""http"":401}]",IMPLEMENTADO means business-positive HTTP + anonymous negative at this route; does not certify every field or transition. PARCIAL can mean validation/auth exercised but no independent valid positive.
GET,/api/v2/carriers/:carrierId/calendars,IMPLEMENTADO,True,"[""/api/v2/carriers/:carrierId/calendars""]",6,2,1,[200],"[{""file"":""api-results.json"",""row"":90,""label"":""calendars-list"",""http"":200},{""file"":""api-results.json"",""row"":439,""label"":""inventory-probe"",""http"":200},{""file"":""api-results.json"",""row"":440,""label"":""inventory-auth-control"",""http"":401},{""file"":""extended-api-results.json"",""row"":15,""label"":""extended-calendars-list"",""http"":200},{""file"":""auth-api-results.json"",""row"":270,""label"":""active-auth-control"",""http"":200},{""file"":""auth-api-results.json"",""row"":271,""label"":""invalid-credential-auth-negative"",""http"":401}]",IMPLEMENTADO means business-positive HTTP + anonymous negative at this route; does not certify every field or transition. PARCIAL can mean validation/auth exercised but no independent valid positive.
POST,/api/v2/carriers/:carrierId/calendars,IMPLEMENTADO,True,"[""/api/v2/carriers/:carrierId/calendars""]",9,4,1,[400],"[{""file"":""api-results.json"",""row"":87,""label"":""calendars-create"",""http"":201},{""file"":""api-results.json"",""row"":88,""label"":""calendars-replay"",""http"":200},{""file"":""api-results.json"",""row"":443,""label"":""inventory-probe"",""http"":400},{""file"":""api-results.json"",""row"":444,""label"":""inventory-auth-control"",""http"":401},{""file"":""extended-api-results.json"",""row"":13,""label"":""extended-calendars-create"",""http"":201},{""file"":""extended-api-results.json"",""row"":16,""label"":""extended-calendars-replay"",""http"":200},{""file"":""extended-api-results.json"",""row"":18,""label"":""extended-calendars-foreign-write"",""http"":403},{""file"":""auth-api-results.json"",""row"":274,""label"":""active-auth-control"",""http"":400},{""file"":""auth-api-results.json"",""row"":275,""label"":""invalid-credential-auth-negative"",""http"":401}]",IMPLEMENTADO means business-positive HTTP + anonymous negative at this route; does not certify every field or transition. PARCIAL can mean validation/auth exercised but no independent valid positive.
GET,/api/v2/carriers/:carrierId/calendars/:id,IMPLEMENTADO,True,"[""/api/v2/carriers/:carrierId/calendars/:id""]",7,2,1,[200],"[{""file"":""api-results.json"",""row"":89,""label"":""calendars-read"",""http"":200},{""file"":""api-results.json"",""row"":441,""label"":""inventory-probe"",""http"":200},{""file"":""api-results.json"",""row"":442,""label"":""inventory-auth-control"",""http"":401},{""file"":""extended-api-results.json"",""row"":14,""label"":""extended-calendars-read"",""http"":200},{""file"":""extended-api-results.json"",""row"":17,""label"":""extended-calendars-foreign"",""http"":403},{""file"":""auth-api-results.json"",""row"":272,""label"":""active-auth-control"",""http"":200},{""file"":""auth-api-results.json"",""row"":273,""label"":""invalid-credential-auth-negative"",""http"":401}]",IMPLEMENTADO means business-positive HTTP + anonymous negative at this route; does not certify every field or transition. PARCIAL can mean validation/auth exercised but no independent valid positive.
POST,/api/v2/carriers/:carrierId/calendars/:id/revisions,IMPLEMENTADO,True,"[""/api/v2/carriers/:carrierId/calendars/:id/revisions""]",6,1,1,[400],"[{""file"":""api-results.json"",""row"":91,""label"":""calendars-revision"",""http"":200},{""file"":""api-results.json"",""row"":92,""label"":""calendars-stale"",""http"":409},{""file"":""api-results.json"",""row"":445,""label"":""inventory-probe"",""http"":400},{""file"":""api-results.json"",""row"":446,""label"":""inventory-auth-control"",""http"":401},{""file"":""auth-api-results.json"",""row"":276,""label"":""active-auth-control"",""http"":400},{""file"":""auth-api-results.json"",""row"":277,""label"":""invalid-credential-auth-negative"",""http"":401}]",IMPLEMENTADO means business-positive HTTP + anonymous negative at this route; does not certify every field or transition. PARCIAL can mean validation/auth exercised but no independent valid positive.
GET,/api/v2/carriers/:carrierId/capability-definitions,IMPLEMENTADO,True,"[""/api/v2/carriers/:carrierId/capability-definitions""]",5,1,1,[200],"[{""file"":""api-results.json"",""row"":78,""label"":""capability-definitions-list"",""http"":200},{""file"":""api-results.json"",""row"":471,""label"":""inventory-probe"",""http"":200},{""file"":""api-results.json"",""row"":472,""label"":""inventory-auth-control"",""http"":401},{""file"":""auth-api-results.json"",""row"":302,""label"":""active-auth-control"",""http"":200},{""file"":""auth-api-results.json"",""row"":303,""label"":""invalid-credential-auth-negative"",""http"":401}]",IMPLEMENTADO means business-positive HTTP + anonymous negative at this route; does not certify every field or transition. PARCIAL can mean validation/auth exercised but no independent valid positive.
POST,/api/v2/carriers/:carrierId/capability-definitions,IMPLEMENTADO,True,"[""/api/v2/carriers/:carrierId/capability-definitions""]",6,2,1,[400],"[{""file"":""api-results.json"",""row"":75,""label"":""capability-definitions-create"",""http"":201},{""file"":""api-results.json"",""row"":76,""label"":""capability-definitions-replay"",""http"":200},{""file"":""api-results.json"",""row"":475,""label"":""inventory-probe"",""http"":400},{""file"":""api-results.json"",""row"":476,""label"":""inventory-auth-control"",""http"":401},{""file"":""auth-api-results.json"",""row"":306,""label"":""active-auth-control"",""http"":400},{""file"":""auth-api-results.json"",""row"":307,""label"":""invalid-credential-auth-negative"",""http"":401}]",IMPLEMENTADO means business-positive HTTP + anonymous negative at this route; does not certify every field or transition. PARCIAL can mean validation/auth exercised but no independent valid positive.
GET,/api/v2/carriers/:carrierId/capability-definitions/:id,IMPLEMENTADO,True,"[""/api/v2/carriers/:carrierId/capability-definitions/:id""]",5,1,1,[200],"[{""file"":""api-results.json"",""row"":77,""label"":""capability-definitions-read"",""http"":200},{""file"":""api-results.json"",""row"":473,""label"":""inventory-probe"",""http"":200},{""file"":""api-results.json"",""row"":474,""label"":""inventory-auth-control"",""http"":401},{""file"":""auth-api-results.json"",""row"":304,""label"":""active-auth-control"",""http"":200},{""file"":""auth-api-results.json"",""row"":305,""label"":""invalid-credential-auth-negative"",""http"":401}]",IMPLEMENTADO means business-positive HTTP + anonymous negative at this route; does not certify every field or transition. PARCIAL can mean validation/auth exercised but no independent valid positive.
POST,/api/v2/carriers/:carrierId/capability-definitions/:id/revisions,IMPLEMENTADO,True,"[""/api/v2/carriers/:carrierId/capability-definitions/:id/revisions""]",6,1,1,[400],"[{""file"":""api-results.json"",""row"":79,""label"":""capability-definitions-revision"",""http"":200},{""file"":""api-results.json"",""row"":80,""label"":""capability-definitions-stale"",""http"":409},{""file"":""api-results.json"",""row"":477,""label"":""inventory-probe"",""http"":400},{""file"":""api-results.json"",""row"":478,""label"":""inventory-auth-control"",""http"":401},{""file"":""auth-api-results.json"",""row"":308,""label"":""active-auth-control"",""http"":400},{""file"":""auth-api-results.json"",""row"":309,""label"":""invalid-credential-auth-negative"",""http"":401}]",IMPLEMENTADO means business-positive HTTP + anonymous negative at this route; does not certify every field or transition. PARCIAL can mean validation/auth exercised but no independent valid positive.
GET,/api/v2/carriers/:carrierId/capacity-pools,IMPLEMENTADO,True,"[""/api/v2/carriers/:carrierId/capacity-pools""]",5,1,1,[200],"[{""file"":""api-results.json"",""row"":72,""label"":""capacity-pools-list"",""http"":200},{""file"":""api-results.json"",""row"":431,""label"":""inventory-probe"",""http"":200},{""file"":""api-results.json"",""row"":432,""label"":""inventory-auth-control"",""http"":401},{""file"":""auth-api-results.json"",""row"":262,""label"":""active-auth-control"",""http"":200},{""file"":""auth-api-results.json"",""row"":263,""label"":""invalid-credential-auth-negative"",""http"":401}]",IMPLEMENTADO means business-positive HTTP + anonymous negative at this route; does not certify every field or transition. PARCIAL can mean validation/auth exercised but no independent valid positive.
POST,/api/v2/carriers/:carrierId/capacity-pools,IMPLEMENTADO,True,"[""/api/v2/carriers/:carrierId/capacity-pools""]",6,2,1,[400],"[{""file"":""api-results.json"",""row"":69,""label"":""capacity-pools-create"",""http"":201},{""file"":""api-results.json"",""row"":70,""label"":""capacity-pools-replay"",""http"":200},{""file"":""api-results.json"",""row"":435,""label"":""inventory-probe"",""http"":400},{""file"":""api-results.json"",""row"":436,""label"":""inventory-auth-control"",""http"":401},{""file"":""auth-api-results.json"",""row"":266,""label"":""active-auth-control"",""http"":400},{""file"":""auth-api-results.json"",""row"":267,""label"":""invalid-credential-auth-negative"",""http"":401}]",IMPLEMENTADO means business-positive HTTP + anonymous negative at this route; does not certify every field or transition. PARCIAL can mean validation/auth exercised but no independent valid positive.
GET,/api/v2/carriers/:carrierId/capacity-pools/:id,IMPLEMENTADO,True,"[""/api/v2/carriers/:carrierId/capacity-pools/:id""]",5,1,1,[200],"[{""file"":""api-results.json"",""row"":71,""label"":""capacity-pools-read"",""http"":200},{""file"":""api-results.json"",""row"":433,""label"":""inventory-probe"",""http"":200},{""file"":""api-results.json"",""row"":434,""label"":""inventory-auth-control"",""http"":401},{""file"":""auth-api-results.json"",""row"":264,""label"":""active-auth-control"",""http"":200},{""file"":""auth-api-results.json"",""row"":265,""label"":""invalid-credential-auth-negative"",""http"":401}]",IMPLEMENTADO means business-positive HTTP + anonymous negative at this route; does not certify every field or transition. PARCIAL can mean validation/auth exercised but no independent valid positive.
POST,/api/v2/carriers/:carrierId/capacity-pools/:id/revisions,IMPLEMENTADO,True,"[""/api/v2/carriers/:carrierId/capacity-pools/:id/revisions""]",6,1,1,[400],"[{""file"":""api-results.json"",""row"":73,""label"":""capacity-pools-revision"",""http"":200},{""file"":""api-results.json"",""row"":74,""label"":""capacity-pools-stale"",""http"":409},{""file"":""api-results.json"",""row"":437,""label"":""inventory-probe"",""http"":400},{""file"":""api-results.json"",""row"":438,""label"":""inventory-auth-control"",""http"":401},{""file"":""auth-api-results.json"",""row"":268,""label"":""active-auth-control"",""http"":400},{""file"":""auth-api-results.json"",""row"":269,""label"":""invalid-credential-auth-negative"",""http"":401}]",IMPLEMENTADO means business-positive HTTP + anonymous negative at this route; does not certify every field or transition. PARCIAL can mean validation/auth exercised but no independent valid positive.
GET,/api/v2/carriers/:carrierId/capacity/holds,IMPLEMENTADO,True,"[""/api/v2/carriers/:carrierId/capacity/holds""]",8,1,2,[200],"[{""file"":""api-results.json"",""row"":237,""label"":""inventory-probe"",""http"":200},{""file"":""api-results.json"",""row"":238,""label"":""inventory-auth-control"",""http"":401},{""file"":""auth-api-results.json"",""row"":68,""label"":""active-auth-control"",""http"":200},{""file"":""auth-api-results.json"",""row"":69,""label"":""invalid-credential-auth-negative"",""http"":401},{""file"":""pending-api-results.json"",""row"":27,""label"":""pending-anonymous-or-revoked"",""http"":401},{""file"":""pending-api-results.json"",""row"":28,""label"":""pending-anonymous-or-revoked"",""http"":403},{""file"":""pending-api-results.json"",""row"":29,""label"":""pending-foreign"",""http"":403},{""file"":""pending-api-results.json"",""row"":30,""label"":""pending-functional-positive"",""http"":200}]",IMPLEMENTADO means business-positive HTTP + anonymous negative at this route; does not certify every field or transition. PARCIAL can mean validation/auth exercised but no independent valid positive.
GET,/api/v2/carriers/:carrierId/capacity/holds/:id,IMPLEMENTADO,True,"[""/api/v2/carriers/:carrierId/capacity/holds/:id""]",8,1,2,[200],"[{""file"":""api-results.json"",""row"":239,""label"":""inventory-probe"",""http"":200},{""file"":""api-results.json"",""row"":240,""label"":""inventory-auth-control"",""http"":401},{""file"":""auth-api-results.json"",""row"":70,""label"":""active-auth-control"",""http"":200},{""file"":""auth-api-results.json"",""row"":71,""label"":""invalid-credential-auth-negative"",""http"":401},{""file"":""pending-api-results.json"",""row"":31,""label"":""pending-anonymous-or-revoked"",""http"":401},{""file"":""pending-api-results.json"",""row"":32,""label"":""pending-anonymous-or-revoked"",""http"":403},{""file"":""pending-api-results.json"",""row"":33,""label"":""pending-foreign"",""http"":403},{""file"":""pending-api-results.json"",""row"":34,""label"":""pending-functional-positive"",""http"":200}]",IMPLEMENTADO means business-positive HTTP + anonymous negative at this route; does not certify every field or transition. PARCIAL can mean validation/auth exercised but no independent valid positive.
POST,/api/v2/carriers/:carrierId/capacity/holds/:id/confirmations,IMPLEMENTADO,True,"[""/api/v2/carriers/:carrierId/capacity/holds/:id/confirmations""]",7,3,1,[400],"[{""file"":""api-results.json"",""row"":174,""label"":""hold-confirm"",""http"":200},{""file"":""api-results.json"",""row"":279,""label"":""inventory-probe"",""http"":400},{""file"":""api-results.json"",""row"":280,""label"":""inventory-auth-control"",""http"":401},{""file"":""extended-api-results.json"",""row"":117,""label"":""extended-confirm-hold"",""http"":200},{""file"":""ltl-api-results.json"",""row"":8,""label"":""ltl-confirm-hold"",""http"":200},{""file"":""auth-api-results.json"",""row"":110,""label"":""active-auth-control"",""http"":400},{""file"":""auth-api-results.json"",""row"":111,""label"":""invalid-credential-auth-negative"",""http"":401}]",IMPLEMENTADO means business-positive HTTP + anonymous negative at this route; does not certify every field or transition. PARCIAL can mean validation/auth exercised but no independent valid positive.
POST,/api/v2/carriers/:carrierId/capacity/holds/:id/releases,IMPLEMENTADO,True,"[""/api/v2/carriers/:carrierId/capacity/holds/:id/releases""]",10,1,2,[400],"[{""file"":""api-results.json"",""row"":281,""label"":""inventory-probe"",""http"":400},{""file"":""api-results.json"",""row"":282,""label"":""inventory-auth-control"",""http"":401},{""file"":""auth-api-results.json"",""row"":112,""label"":""active-auth-control"",""http"":400},{""file"":""auth-api-results.json"",""row"":113,""label"":""invalid-credential-auth-negative"",""http"":401},{""file"":""pending-api-results.json"",""row"":182,""label"":""pending-anonymous-or-revoked"",""http"":401},{""file"":""pending-api-results.json"",""row"":183,""label"":""pending-anonymous-or-revoked"",""http"":403},{""file"":""pending-api-results.json"",""row"":184,""label"":""pending-foreign"",""http"":403},{""file"":""pending-api-results.json"",""row"":185,""label"":""pending-invalid-version"",""http"":409},{""file"":""pending-api-results.json"",""row"":186,""label"":""pending-functional-positive"",""http"":200},{""file"":""pending-api-results.json"",""row"":187,""label"":""pending-stale-after-positive"",""http"":409}]",IMPLEMENTADO means business-positive HTTP + anonymous negative at this route; does not certify every field or transition. PARCIAL can mean validation/auth exercised but no independent valid positive.
GET,/api/v2/carriers/:carrierId/consolidations,IMPLEMENTADO,True,"[""/api/v2/carriers/:carrierId/consolidations""]",6,2,1,[200],"[{""file"":""api-results.json"",""row"":241,""label"":""inventory-probe"",""http"":200},{""file"":""api-results.json"",""row"":242,""label"":""inventory-auth-control"",""http"":401},{""file"":""ltl-api-results.json"",""row"":28,""label"":""ltl-consolidations-list"",""http"":200},{""file"":""ltl-api-results.json"",""row"":34,""label"":""ltl-consolidations-cancel-control-list"",""http"":200},{""file"":""auth-api-results.json"",""row"":72,""label"":""active-auth-control"",""http"":200},{""file"":""auth-api-results.json"",""row"":73,""label"":""invalid-credential-auth-negative"",""http"":401}]",IMPLEMENTADO means business-positive HTTP + anonymous negative at this route; does not certify every field or transition. PARCIAL can mean validation/auth exercised but no independent valid positive.
POST,/api/v2/carriers/:carrierId/consolidations,IMPLEMENTADO,True,"[""/api/v2/carriers/:carrierId/consolidations""]",8,4,1,[400],"[{""file"":""api-results.json"",""row"":245,""label"":""inventory-probe"",""http"":400},{""file"":""api-results.json"",""row"":246,""label"":""inventory-auth-control"",""http"":401},{""file"":""ltl-api-results.json"",""row"":26,""label"":""ltl-consolidations-create"",""http"":201},{""file"":""ltl-api-results.json"",""row"":29,""label"":""ltl-consolidations-replay"",""http"":200},{""file"":""ltl-api-results.json"",""row"":32,""label"":""ltl-consolidations-cancel-control-create"",""http"":201},{""file"":""ltl-api-results.json"",""row"":35,""label"":""ltl-consolidations-cancel-control-replay"",""http"":200},{""file"":""auth-api-results.json"",""row"":76,""label"":""active-auth-control"",""http"":400},{""file"":""auth-api-results.json"",""row"":77,""label"":""invalid-credential-auth-negative"",""http"":401}]",IMPLEMENTADO means business-positive HTTP + anonymous negative at this route; does not certify every field or transition. PARCIAL can mean validation/auth exercised but no independent valid positive.
GET,/api/v2/carriers/:carrierId/consolidations/:id,IMPLEMENTADO,True,"[""/api/v2/carriers/:carrierId/consolidations/:id""]",12,4,2,[404],"[{""file"":""api-results.json"",""row"":243,""label"":""inventory-probe"",""http"":404},{""file"":""api-results.json"",""row"":244,""label"":""inventory-auth-control"",""http"":401},{""file"":""ltl-api-results.json"",""row"":1,""label"":""ltl-batch-read"",""http"":200},{""file"":""ltl-api-results.json"",""row"":2,""label"":""ltl-batch-foreign"",""http"":403},{""file"":""ltl-api-results.json"",""row"":27,""label"":""ltl-consolidations-read"",""http"":200},{""file"":""ltl-api-results.json"",""row"":33,""label"":""ltl-consolidations-cancel-control-read"",""http"":200},{""file"":""auth-api-results.json"",""row"":6,""label"":""ltl-auth-positive"",""http"":200},{""file"":""auth-api-results.json"",""row"":7,""label"":""ltl-auth-foreign"",""http"":403},{""file"":""auth-api-results.json"",""row"":8,""label"":""ltl-auth-anonymous"",""http"":401},{""file"":""auth-api-results.json"",""row"":9,""label"":""ltl-auth-revoked"",""http"":403},{""file"":""auth-api-results.json"",""row"":74,""label"":""active-auth-control"",""http"":404},{""file"":""auth-api-results.json"",""row"":75,""label"":""invalid-credential-auth-negative"",""http"":401}]",IMPLEMENTADO means business-positive HTTP + anonymous negative at this route; does not certify every field or transition. PARCIAL can mean validation/auth exercised but no independent valid positive.
POST,/api/v2/carriers/:carrierId/consolidations/:id/cancellations,IMPLEMENTADO,True,"[""/api/v2/carriers/:carrierId/consolidations/:id/cancellations""]",11,1,2,[400],"[{""file"":""api-results.json"",""row"":301,""label"":""inventory-probe"",""http"":400},{""file"":""api-results.json"",""row"":302,""label"":""inventory-auth-control"",""http"":401},{""file"":""ltl-api-results.json"",""row"":36,""label"":""ltl-batch-cancel"",""http"":409},{""file"":""auth-api-results.json"",""row"":132,""label"":""active-auth-control"",""http"":400},{""file"":""auth-api-results.json"",""row"":133,""label"":""invalid-credential-auth-negative"",""http"":401},{""file"":""pending-api-results.json"",""row"":214,""label"":""pending-anonymous-or-revoked"",""http"":401},{""file"":""pending-api-results.json"",""row"":215,""label"":""pending-anonymous-or-revoked"",""http"":403},{""file"":""pending-api-results.json"",""row"":216,""label"":""pending-foreign"",""http"":403},{""file"":""pending-api-results.json"",""row"":217,""label"":""pending-invalid-version"",""http"":409},{""file"":""pending-api-results.json"",""row"":218,""label"":""pending-functional-positive"",""http"":200},{""file"":""pending-api-results.json"",""row"":219,""label"":""pending-stale-after-positive"",""http"":409}]",IMPLEMENTADO means business-positive HTTP + anonymous negative at this route; does not certify every field or transition. PARCIAL can mean validation/auth exercised but no independent valid positive.
POST,/api/v2/carriers/:carrierId/consolidations/:id/closures,IMPLEMENTADO,True,"[""/api/v2/carriers/:carrierId/consolidations/:id/closures""]",6,1,1,[400],"[{""file"":""api-results.json"",""row"":295,""label"":""inventory-probe"",""http"":400},{""file"":""api-results.json"",""row"":296,""label"":""inventory-auth-control"",""http"":401},{""file"":""ltl-api-results.json"",""row"":7,""label"":""ltl-close-invalid-commitment"",""http"":409},{""file"":""ltl-api-results.json"",""row"":31,""label"":""ltl-close-positive"",""http"":200},{""file"":""auth-api-results.json"",""row"":126,""label"":""active-auth-control"",""http"":400},{""file"":""auth-api-results.json"",""row"":127,""label"":""invalid-credential-auth-negative"",""http"":401}]",IMPLEMENTADO means business-positive HTTP + anonymous negative at this route; does not certify every field or transition. PARCIAL can mean validation/auth exercised but no independent valid positive.
POST,/api/v2/carriers/:carrierId/consolidations/:id/completions,IMPLEMENTADO,True,"[""/api/v2/carriers/:carrierId/consolidations/:id/completions""]",5,1,1,[400],"[{""file"":""api-results.json"",""row"":299,""label"":""inventory-probe"",""http"":400},{""file"":""api-results.json"",""row"":300,""label"":""inventory-auth-control"",""http"":401},{""file"":""ltl-api-results.json"",""row"":25,""label"":""ltl-batch-complete"",""http"":200},{""file"":""auth-api-results.json"",""row"":130,""label"":""active-auth-control"",""http"":400},{""file"":""auth-api-results.json"",""row"":131,""label"":""invalid-credential-auth-negative"",""http"":401}]",IMPLEMENTADO means business-positive HTTP + anonymous negative at this route; does not certify every field or transition. PARCIAL can mean validation/auth exercised but no independent valid positive.
POST,/api/v2/carriers/:carrierId/consolidations/:id/positions,IMPLEMENTADO,True,"[""/api/v2/carriers/:carrierId/consolidations/:id/positions""]",5,1,1,[400],"[{""file"":""api-results.json"",""row"":303,""label"":""inventory-probe"",""http"":400},{""file"":""api-results.json"",""row"":304,""label"":""inventory-auth-control"",""http"":401},{""file"":""ltl-api-results.json"",""row"":24,""label"":""ltl-batch-position"",""http"":200},{""file"":""auth-api-results.json"",""row"":134,""label"":""active-auth-control"",""http"":400},{""file"":""auth-api-results.json"",""row"":135,""label"":""invalid-credential-auth-negative"",""http"":401}]",IMPLEMENTADO means business-positive HTTP + anonymous negative at this route; does not certify every field or transition. PARCIAL can mean validation/auth exercised but no independent valid positive.
POST,/api/v2/carriers/:carrierId/consolidations/:id/starts,IMPLEMENTADO,True,"[""/api/v2/carriers/:carrierId/consolidations/:id/starts""]",6,1,1,[400],"[{""file"":""api-results.json"",""row"":297,""label"":""inventory-probe"",""http"":400},{""file"":""api-results.json"",""row"":298,""label"":""inventory-auth-control"",""http"":401},{""file"":""ltl-api-results.json"",""row"":23,""label"":""ltl-batch-start"",""http"":200},{""file"":""ltl-api-results.json"",""row"":30,""label"":""ltl-empty-start-invalid"",""http"":409},{""file"":""auth-api-results.json"",""row"":128,""label"":""active-auth-control"",""http"":400},{""file"":""auth-api-results.json"",""row"":129,""label"":""invalid-credential-auth-negative"",""http"":401}]",IMPLEMENTADO means business-positive HTTP + anonymous negative at this route; does not certify every field or transition. PARCIAL can mean validation/auth exercised but no independent valid positive.
GET,/api/v2/carriers/:carrierId/depots,IMPLEMENTADO,True,"[""/api/v2/carriers/:carrierId/depots""]",5,1,1,[200],"[{""file"":""api-results.json"",""row"":35,""label"":""depots-list"",""http"":200},{""file"":""api-results.json"",""row"":367,""label"":""inventory-probe"",""http"":200},{""file"":""api-results.json"",""row"":368,""label"":""inventory-auth-control"",""http"":401},{""file"":""auth-api-results.json"",""row"":198,""label"":""active-auth-control"",""http"":200},{""file"":""auth-api-results.json"",""row"":199,""label"":""invalid-credential-auth-negative"",""http"":401}]",IMPLEMENTADO means business-positive HTTP + anonymous negative at this route; does not certify every field or transition. PARCIAL can mean validation/auth exercised but no independent valid positive.
POST,/api/v2/carriers/:carrierId/depots,IMPLEMENTADO,True,"[""/api/v2/carriers/:carrierId/depots""]",8,3,1,[400],"[{""file"":""api-results.json"",""row"":32,""label"":""depots-create"",""http"":201},{""file"":""api-results.json"",""row"":33,""label"":""depots-replay"",""http"":200},{""file"":""api-results.json"",""row"":371,""label"":""inventory-probe"",""http"":400},{""file"":""api-results.json"",""row"":372,""label"":""inventory-auth-control"",""http"":401},{""file"":""auth-api-results.json"",""row"":202,""label"":""active-auth-control"",""http"":400},{""file"":""auth-api-results.json"",""row"":203,""label"":""invalid-credential-auth-negative"",""http"":401},{""file"":""contract-api-results.json"",""row"":9,""label"":""carrier-B-write-positive"",""http"":201},{""file"":""contract-api-results.json"",""row"":11,""label"":""carrier-B-write-foreign"",""http"":403}]",IMPLEMENTADO means business-positive HTTP + anonymous negative at this route; does not certify every field or transition. PARCIAL can mean validation/auth exercised but no independent valid positive.
GET,/api/v2/carriers/:carrierId/depots/:id,IMPLEMENTADO,True,"[""/api/v2/carriers/:carrierId/depots/:id""]",6,2,1,[200],"[{""file"":""api-results.json"",""row"":34,""label"":""depots-read"",""http"":200},{""file"":""api-results.json"",""row"":369,""label"":""inventory-probe"",""http"":200},{""file"":""api-results.json"",""row"":370,""label"":""inventory-auth-control"",""http"":401},{""file"":""auth-api-results.json"",""row"":200,""label"":""active-auth-control"",""http"":200},{""file"":""auth-api-results.json"",""row"":201,""label"":""invalid-credential-auth-negative"",""http"":401},{""file"":""contract-api-results.json"",""row"":10,""label"":""carrier-B-read-positive"",""http"":200}]",IMPLEMENTADO means business-positive HTTP + anonymous negative at this route; does not certify every field or transition. PARCIAL can mean validation/auth exercised but no independent valid positive.
POST,/api/v2/carriers/:carrierId/depots/:id/revisions,IMPLEMENTADO,True,"[""/api/v2/carriers/:carrierId/depots/:id/revisions""]",6,1,1,[400],"[{""file"":""api-results.json"",""row"":36,""label"":""depots-revision"",""http"":200},{""file"":""api-results.json"",""row"":37,""label"":""depots-stale"",""http"":409},{""file"":""api-results.json"",""row"":373,""label"":""inventory-probe"",""http"":400},{""file"":""api-results.json"",""row"":374,""label"":""inventory-auth-control"",""http"":401},{""file"":""auth-api-results.json"",""row"":204,""label"":""active-auth-control"",""http"":400},{""file"":""auth-api-results.json"",""row"":205,""label"":""invalid-credential-auth-negative"",""http"":401}]",IMPLEMENTADO means business-positive HTTP + anonymous negative at this route; does not certify every field or transition. PARCIAL can mean validation/auth exercised but no independent valid positive.
GET,/api/v2/carriers/:carrierId/driver-assignments,IMPLEMENTADO,True,"[""/api/v2/carriers/:carrierId/driver-assignments""]",7,3,1,[200],"[{""file"":""api-results.json"",""row"":120,""label"":""driver-assignments-list"",""http"":200},{""file"":""api-results.json"",""row"":407,""label"":""inventory-probe"",""http"":200},{""file"":""api-results.json"",""row"":408,""label"":""inventory-auth-control"",""http"":401},{""file"":""extended-api-results.json"",""row"":127,""label"":""extended-driver-assignments-list"",""http"":200},{""file"":""ltl-api-results.json"",""row"":16,""label"":""ltl-driver-assignments-list"",""http"":200},{""file"":""auth-api-results.json"",""row"":238,""label"":""active-auth-control"",""http"":200},{""file"":""auth-api-results.json"",""row"":239,""label"":""invalid-credential-auth-negative"",""http"":401}]",IMPLEMENTADO means business-positive HTTP + anonymous negative at this route; does not certify every field or transition. PARCIAL can mean validation/auth exercised but no independent valid positive.
POST,/api/v2/carriers/:carrierId/driver-assignments,IMPLEMENTADO,True,"[""/api/v2/carriers/:carrierId/driver-assignments""]",12,7,1,[400],"[{""file"":""api-results.json"",""row"":117,""label"":""driver-assignments-create"",""http"":201},{""file"":""api-results.json"",""row"":118,""label"":""driver-assignments-replay"",""http"":200},{""file"":""api-results.json"",""row"":411,""label"":""inventory-probe"",""http"":400},{""file"":""api-results.json"",""row"":412,""label"":""inventory-auth-control"",""http"":401},{""file"":""extended-api-results.json"",""row"":125,""label"":""extended-driver-assignments-create"",""http"":201},{""file"":""extended-api-results.json"",""row"":128,""label"":""extended-driver-assignments-replay"",""http"":200},{""file"":""extended-api-results.json"",""row"":130,""label"":""extended-driver-assignments-foreign-write"",""http"":403},{""file"":""ltl-api-results.json"",""row"":14,""label"":""ltl-driver-assignments-create"",""http"":201},{""file"":""ltl-api-results.json"",""row"":17,""label"":""ltl-driver-assignments-replay"",""http"":200},{""file"":""auth-api-results.json"",""row"":242,""label"":""active-auth-control"",""http"":400},{""file"":""auth-api-results.json"",""row"":243,""label"":""invalid-credential-auth-negative"",""http"":401},{""file"":""pending-api-results.json"",""row"":44,""label"":""pending-crew-control"",""http"":201}]",IMPLEMENTADO means business-positive HTTP + anonymous negative at this route; does not certify every field or transition. PARCIAL can mean validation/auth exercised but no independent valid positive.
GET,/api/v2/carriers/:carrierId/driver-assignments/:id,IMPLEMENTADO,True,"[""/api/v2/carriers/:carrierId/driver-assignments/:id""]",8,3,1,[200],"[{""file"":""api-results.json"",""row"":119,""label"":""driver-assignments-read"",""http"":200},{""file"":""api-results.json"",""row"":409,""label"":""inventory-probe"",""http"":200},{""file"":""api-results.json"",""row"":410,""label"":""inventory-auth-control"",""http"":401},{""file"":""extended-api-results.json"",""row"":126,""label"":""extended-driver-assignments-read"",""http"":200},{""file"":""extended-api-results.json"",""row"":129,""label"":""extended-driver-assignments-foreign"",""http"":403},{""file"":""ltl-api-results.json"",""row"":15,""label"":""ltl-driver-assignments-read"",""http"":200},{""file"":""auth-api-results.json"",""row"":240,""label"":""active-auth-control"",""http"":200},{""file"":""auth-api-results.json"",""row"":241,""label"":""invalid-credential-auth-negative"",""http"":401}]",IMPLEMENTADO means business-positive HTTP + anonymous negative at this route; does not certify every field or transition. PARCIAL can mean validation/auth exercised but no independent valid positive.
POST,/api/v2/carriers/:carrierId/driver-assignments/:id/revisions,IMPLEMENTADO,True,"[""/api/v2/carriers/:carrierId/driver-assignments/:id/revisions""]",12,2,2,[400],"[{""file"":""api-results.json"",""row"":121,""label"":""driver-assignments-revision"",""http"":200},{""file"":""api-results.json"",""row"":122,""label"":""driver-assignments-stale"",""http"":409},{""file"":""api-results.json"",""row"":413,""label"":""inventory-probe"",""http"":400},{""file"":""api-results.json"",""row"":414,""label"":""inventory-auth-control"",""http"":401},{""file"":""auth-api-results.json"",""row"":244,""label"":""active-auth-control"",""http"":400},{""file"":""auth-api-results.json"",""row"":245,""label"":""invalid-credential-auth-negative"",""http"":401},{""file"":""pending-api-results.json"",""row"":163,""label"":""pending-anonymous-or-revoked"",""http"":401},{""file"":""pending-api-results.json"",""row"":164,""label"":""pending-anonymous-or-revoked"",""http"":403},{""file"":""pending-api-results.json"",""row"":165,""label"":""pending-foreign"",""http"":403},{""file"":""pending-api-results.json"",""row"":166,""label"":""pending-invalid-version"",""http"":409},{""file"":""pending-api-results.json"",""row"":167,""label"":""pending-functional-positive"",""http"":200},{""file"":""pending-api-results.json"",""row"":168,""label"":""pending-stale-after-positive"",""http"":409}]",IMPLEMENTADO means business-positive HTTP + anonymous negative at this route; does not certify every field or transition. PARCIAL can mean validation/auth exercised but no independent valid positive.
GET,/api/v2/carriers/:carrierId/drivers,IMPLEMENTADO,True,"[""/api/v2/carriers/:carrierId/drivers""]",7,3,1,[200],"[{""file"":""api-results.json"",""row"":108,""label"":""drivers-list"",""http"":200},{""file"":""api-results.json"",""row"":391,""label"":""inventory-probe"",""http"":200},{""file"":""api-results.json"",""row"":392,""label"":""inventory-auth-control"",""http"":401},{""file"":""extended-api-results.json"",""row"":121,""label"":""extended-drivers-list"",""http"":200},{""file"":""ltl-api-results.json"",""row"":12,""label"":""ltl-drivers-list"",""http"":200},{""file"":""auth-api-results.json"",""row"":222,""label"":""active-auth-control"",""http"":200},{""file"":""auth-api-results.json"",""row"":223,""label"":""invalid-credential-auth-negative"",""http"":401}]",IMPLEMENTADO means business-positive HTTP + anonymous negative at this route; does not certify every field or transition. PARCIAL can mean validation/auth exercised but no independent valid positive.
POST,/api/v2/carriers/:carrierId/drivers,IMPLEMENTADO,True,"[""/api/v2/carriers/:carrierId/drivers""]",12,7,1,[400],"[{""file"":""api-results.json"",""row"":105,""label"":""drivers-create"",""http"":201},{""file"":""api-results.json"",""row"":106,""label"":""drivers-replay"",""http"":200},{""file"":""api-results.json"",""row"":395,""label"":""inventory-probe"",""http"":400},{""file"":""api-results.json"",""row"":396,""label"":""inventory-auth-control"",""http"":401},{""file"":""extended-api-results.json"",""row"":119,""label"":""extended-drivers-create"",""http"":201},{""file"":""extended-api-results.json"",""row"":122,""label"":""extended-drivers-replay"",""http"":200},{""file"":""extended-api-results.json"",""row"":124,""label"":""extended-drivers-foreign-write"",""http"":403},{""file"":""ltl-api-results.json"",""row"":10,""label"":""ltl-drivers-create"",""http"":201},{""file"":""ltl-api-results.json"",""row"":13,""label"":""ltl-drivers-replay"",""http"":200},{""file"":""auth-api-results.json"",""row"":226,""label"":""active-auth-control"",""http"":400},{""file"":""auth-api-results.json"",""row"":227,""label"":""invalid-credential-auth-negative"",""http"":401},{""file"":""pending-api-results.json"",""row"":43,""label"":""pending-driver-control"",""http"":201}]",IMPLEMENTADO means business-positive HTTP + anonymous negative at this route; does not certify every field or transition. PARCIAL can mean validation/auth exercised but no independent valid positive.
GET,/api/v2/carriers/:carrierId/drivers/:id,IMPLEMENTADO,True,"[""/api/v2/carriers/:carrierId/drivers/:id""]",8,3,1,[200],"[{""file"":""api-results.json"",""row"":107,""label"":""drivers-read"",""http"":200},{""file"":""api-results.json"",""row"":393,""label"":""inventory-probe"",""http"":200},{""file"":""api-results.json"",""row"":394,""label"":""inventory-auth-control"",""http"":401},{""file"":""extended-api-results.json"",""row"":120,""label"":""extended-drivers-read"",""http"":200},{""file"":""extended-api-results.json"",""row"":123,""label"":""extended-drivers-foreign"",""http"":403},{""file"":""ltl-api-results.json"",""row"":11,""label"":""ltl-drivers-read"",""http"":200},{""file"":""auth-api-results.json"",""row"":224,""label"":""active-auth-control"",""http"":200},{""file"":""auth-api-results.json"",""row"":225,""label"":""invalid-credential-auth-negative"",""http"":401}]",IMPLEMENTADO means business-positive HTTP + anonymous negative at this route; does not certify every field or transition. PARCIAL can mean validation/auth exercised but no independent valid positive.
POST,/api/v2/carriers/:carrierId/drivers/:id/revisions,IMPLEMENTADO,True,"[""/api/v2/carriers/:carrierId/drivers/:id/revisions""]",6,1,1,[400],"[{""file"":""api-results.json"",""row"":109,""label"":""drivers-revision"",""http"":200},{""file"":""api-results.json"",""row"":110,""label"":""drivers-stale"",""http"":409},{""file"":""api-results.json"",""row"":397,""label"":""inventory-probe"",""http"":400},{""file"":""api-results.json"",""row"":398,""label"":""inventory-auth-control"",""http"":401},{""file"":""auth-api-results.json"",""row"":228,""label"":""active-auth-control"",""http"":400},{""file"":""auth-api-results.json"",""row"":229,""label"":""invalid-credential-auth-negative"",""http"":401}]",IMPLEMENTADO means business-positive HTTP + anonymous negative at this route; does not certify every field or transition. PARCIAL can mean validation/auth exercised but no independent valid positive.
GET,/api/v2/carriers/:carrierId/executions,IMPLEMENTADO,True,"[""/api/v2/carriers/:carrierId/executions""]",8,1,2,[200],"[{""file"":""api-results.json"",""row"":219,""label"":""inventory-probe"",""http"":200},{""file"":""api-results.json"",""row"":220,""label"":""inventory-auth-control"",""http"":401},{""file"":""auth-api-results.json"",""row"":50,""label"":""active-auth-control"",""http"":200},{""file"":""auth-api-results.json"",""row"":51,""label"":""invalid-credential-auth-negative"",""http"":401},{""file"":""pending-api-results.json"",""row"":35,""label"":""pending-anonymous-or-revoked"",""http"":401},{""file"":""pending-api-results.json"",""row"":36,""label"":""pending-anonymous-or-revoked"",""http"":403},{""file"":""pending-api-results.json"",""row"":37,""label"":""pending-foreign"",""http"":403},{""file"":""pending-api-results.json"",""row"":38,""label"":""pending-functional-positive"",""http"":200}]",IMPLEMENTADO means business-positive HTTP + anonymous negative at this route; does not certify every field or transition. PARCIAL can mean validation/auth exercised but no independent valid positive.
GET,/api/v2/carriers/:carrierId/executions/:id,IMPLEMENTADO,True,"[""/api/v2/carriers/:carrierId/executions/:id""]",8,1,2,[200],"[{""file"":""api-results.json"",""row"":221,""label"":""inventory-probe"",""http"":200},{""file"":""api-results.json"",""row"":222,""label"":""inventory-auth-control"",""http"":401},{""file"":""auth-api-results.json"",""row"":52,""label"":""active-auth-control"",""http"":200},{""file"":""auth-api-results.json"",""row"":53,""label"":""invalid-credential-auth-negative"",""http"":401},{""file"":""pending-api-results.json"",""row"":39,""label"":""pending-anonymous-or-revoked"",""http"":401},{""file"":""pending-api-results.json"",""row"":40,""label"":""pending-anonymous-or-revoked"",""http"":403},{""file"":""pending-api-results.json"",""row"":41,""label"":""pending-foreign"",""http"":403},{""file"":""pending-api-results.json"",""row"":42,""label"":""pending-functional-positive"",""http"":200}]",IMPLEMENTADO means business-positive HTTP + anonymous negative at this route; does not certify every field or transition. PARCIAL can mean validation/auth exercised but no independent valid positive.
POST,/api/v2/carriers/:carrierId/executions/:id/cancellations,IMPLEMENTADO,True,"[""/api/v2/carriers/:carrierId/executions/:id/cancellations""]",10,1,2,[400],"[{""file"":""api-results.json"",""row"":291,""label"":""inventory-probe"",""http"":400},{""file"":""api-results.json"",""row"":292,""label"":""inventory-auth-control"",""http"":401},{""file"":""auth-api-results.json"",""row"":122,""label"":""active-auth-control"",""http"":400},{""file"":""auth-api-results.json"",""row"":123,""label"":""invalid-credential-auth-negative"",""http"":401},{""file"":""pending-api-results.json"",""row"":188,""label"":""pending-anonymous-or-revoked"",""http"":401},{""file"":""pending-api-results.json"",""row"":189,""label"":""pending-anonymous-or-revoked"",""http"":403},{""file"":""pending-api-results.json"",""row"":190,""label"":""pending-foreign"",""http"":403},{""file"":""pending-api-results.json"",""row"":191,""label"":""pending-invalid-version"",""http"":409},{""file"":""pending-api-results.json"",""row"":192,""label"":""pending-functional-positive"",""http"":200},{""file"":""pending-api-results.json"",""row"":193,""label"":""pending-stale-after-positive"",""http"":409}]",IMPLEMENTADO means business-positive HTTP + anonymous negative at this route; does not certify every field or transition. PARCIAL can mean validation/auth exercised but no independent valid positive.
POST,/api/v2/carriers/:carrierId/executions/:id/completions,IMPLEMENTADO,True,"[""/api/v2/carriers/:carrierId/executions/:id/completions""]",5,1,1,[400],"[{""file"":""api-results.json"",""row"":289,""label"":""inventory-probe"",""http"":400},{""file"":""api-results.json"",""row"":290,""label"":""inventory-auth-control"",""http"":401},{""file"":""extended-api-results.json"",""row"":157,""label"":""execution-complete"",""http"":200},{""file"":""auth-api-results.json"",""row"":120,""label"":""active-auth-control"",""http"":400},{""file"":""auth-api-results.json"",""row"":121,""label"":""invalid-credential-auth-negative"",""http"":401}]",IMPLEMENTADO means business-positive HTTP + anonymous negative at this route; does not certify every field or transition. PARCIAL can mean validation/auth exercised but no independent valid positive.
POST,/api/v2/carriers/:carrierId/executions/:id/positions,IMPLEMENTADO,True,"[""/api/v2/carriers/:carrierId/executions/:id/positions""]",6,1,1,[400],"[{""file"":""api-results.json"",""row"":293,""label"":""inventory-probe"",""http"":400},{""file"":""api-results.json"",""row"":294,""label"":""inventory-auth-control"",""http"":401},{""file"":""extended-api-results.json"",""row"":137,""label"":""execution-invalid-position"",""http"":409},{""file"":""extended-api-results.json"",""row"":139,""label"":""execution-position"",""http"":200},{""file"":""auth-api-results.json"",""row"":124,""label"":""active-auth-control"",""http"":400},{""file"":""auth-api-results.json"",""row"":125,""label"":""invalid-credential-auth-negative"",""http"":401}]",IMPLEMENTADO means business-positive HTTP + anonymous negative at this route; does not certify every field or transition. PARCIAL can mean validation/auth exercised but no independent valid positive.
POST,/api/v2/carriers/:carrierId/executions/:id/starts,IMPLEMENTADO,True,"[""/api/v2/carriers/:carrierId/executions/:id/starts""]",6,1,1,[400],"[{""file"":""api-results.json"",""row"":287,""label"":""inventory-probe"",""http"":400},{""file"":""api-results.json"",""row"":288,""label"":""inventory-auth-control"",""http"":401},{""file"":""extended-api-results.json"",""row"":138,""label"":""execution-start"",""http"":200},{""file"":""ltl-api-results.json"",""row"":22,""label"":""ltl-child-start-invalid"",""http"":409},{""file"":""auth-api-results.json"",""row"":118,""label"":""active-auth-control"",""http"":400},{""file"":""auth-api-results.json"",""row"":119,""label"":""invalid-credential-auth-negative"",""http"":401}]",IMPLEMENTADO means business-positive HTTP + anonymous negative at this route; does not certify every field or transition. PARCIAL can mean validation/auth exercised but no independent valid positive.
GET,/api/v2/carriers/:carrierId/executions/:parentId/events,IMPLEMENTADO,True,"[""/api/v2/carriers/:carrierId/executions/:parentId/events""]",8,1,2,[200],"[{""file"":""api-results.json"",""row"":233,""label"":""inventory-probe"",""http"":200},{""file"":""api-results.json"",""row"":234,""label"":""inventory-auth-control"",""http"":401},{""file"":""auth-api-results.json"",""row"":64,""label"":""active-auth-control"",""http"":200},{""file"":""auth-api-results.json"",""row"":65,""label"":""invalid-credential-auth-negative"",""http"":401},{""file"":""pending-api-results.json"",""row"":64,""label"":""pending-anonymous-or-revoked"",""http"":401},{""file"":""pending-api-results.json"",""row"":65,""label"":""pending-anonymous-or-revoked"",""http"":403},{""file"":""pending-api-results.json"",""row"":66,""label"":""pending-foreign"",""http"":403},{""file"":""pending-api-results.json"",""row"":67,""label"":""pending-functional-positive"",""http"":200}]",IMPLEMENTADO means business-positive HTTP + anonymous negative at this route; does not certify every field or transition. PARCIAL can mean validation/auth exercised but no independent valid positive.
GET,/api/v2/carriers/:carrierId/executions/:parentId/events/:id,IMPLEMENTADO,True,"[""/api/v2/carriers/:carrierId/executions/:parentId/events/:id""]",8,1,2,[404],"[{""file"":""api-results.json"",""row"":235,""label"":""inventory-probe"",""http"":404},{""file"":""api-results.json"",""row"":236,""label"":""inventory-auth-control"",""http"":401},{""file"":""auth-api-results.json"",""row"":66,""label"":""active-auth-control"",""http"":404},{""file"":""auth-api-results.json"",""row"":67,""label"":""invalid-credential-auth-negative"",""http"":401},{""file"":""pending-api-results.json"",""row"":68,""label"":""pending-anonymous-or-revoked"",""http"":401},{""file"":""pending-api-results.json"",""row"":69,""label"":""pending-anonymous-or-revoked"",""http"":403},{""file"":""pending-api-results.json"",""row"":70,""label"":""pending-foreign"",""http"":403},{""file"":""pending-api-results.json"",""row"":71,""label"":""pending-functional-positive"",""http"":200}]",IMPLEMENTADO means business-positive HTTP + anonymous negative at this route; does not certify every field or transition. PARCIAL can mean validation/auth exercised but no independent valid positive.
GET,/api/v2/carriers/:carrierId/executions/:parentId/incidents,IMPLEMENTADO,True,"[""/api/v2/carriers/:carrierId/executions/:parentId/incidents""]",5,1,1,[200],"[{""file"":""api-results.json"",""row"":223,""label"":""inventory-probe"",""http"":200},{""file"":""api-results.json"",""row"":224,""label"":""inventory-auth-control"",""http"":401},{""file"":""extended-api-results.json"",""row"":142,""label"":""extended-incidents-list"",""http"":200},{""file"":""auth-api-results.json"",""row"":54,""label"":""active-auth-control"",""http"":200},{""file"":""auth-api-results.json"",""row"":55,""label"":""invalid-credential-auth-negative"",""http"":401}]",IMPLEMENTADO means business-positive HTTP + anonymous negative at this route; does not certify every field or transition. PARCIAL can mean validation/auth exercised but no independent valid positive.
POST,/api/v2/carriers/:carrierId/executions/:parentId/incidents,IMPLEMENTADO,True,"[""/api/v2/carriers/:carrierId/executions/:parentId/incidents""]",7,2,1,[400],"[{""file"":""api-results.json"",""row"":227,""label"":""inventory-probe"",""http"":400},{""file"":""api-results.json"",""row"":228,""label"":""inventory-auth-control"",""http"":401},{""file"":""extended-api-results.json"",""row"":140,""label"":""extended-incidents-create"",""http"":201},{""file"":""extended-api-results.json"",""row"":143,""label"":""extended-incidents-replay"",""http"":200},{""file"":""extended-api-results.json"",""row"":145,""label"":""extended-incidents-foreign-write"",""http"":403},{""file"":""auth-api-results.json"",""row"":58,""label"":""active-auth-control"",""http"":400},{""file"":""auth-api-results.json"",""row"":59,""label"":""invalid-credential-auth-negative"",""http"":401}]",IMPLEMENTADO means business-positive HTTP + anonymous negative at this route; does not certify every field or transition. PARCIAL can mean validation/auth exercised but no independent valid positive.
GET,/api/v2/carriers/:carrierId/executions/:parentId/incidents/:id,IMPLEMENTADO,True,"[""/api/v2/carriers/:carrierId/executions/:parentId/incidents/:id""]",6,1,1,[404],"[{""file"":""api-results.json"",""row"":225,""label"":""inventory-probe"",""http"":404},{""file"":""api-results.json"",""row"":226,""label"":""inventory-auth-control"",""http"":401},{""file"":""extended-api-results.json"",""row"":141,""label"":""extended-incidents-read"",""http"":200},{""file"":""extended-api-results.json"",""row"":144,""label"":""extended-incidents-foreign"",""http"":403},{""file"":""auth-api-results.json"",""row"":56,""label"":""active-auth-control"",""http"":404},{""file"":""auth-api-results.json"",""row"":57,""label"":""invalid-credential-auth-negative"",""http"":401}]",IMPLEMENTADO means business-positive HTTP + anonymous negative at this route; does not certify every field or transition. PARCIAL can mean validation/auth exercised but no independent valid positive.
POST,/api/v2/carriers/:carrierId/incidents/:id/updates,IMPLEMENTADO,True,"[""/api/v2/carriers/:carrierId/incidents/:id/updates""]",5,1,1,[400],"[{""file"":""api-results.json"",""row"":283,""label"":""inventory-probe"",""http"":400},{""file"":""api-results.json"",""row"":284,""label"":""inventory-auth-control"",""http"":401},{""file"":""extended-api-results.json"",""row"":155,""label"":""incident-update"",""http"":200},{""file"":""auth-api-results.json"",""row"":114,""label"":""active-auth-control"",""http"":400},{""file"":""auth-api-results.json"",""row"":115,""label"":""invalid-credential-auth-negative"",""http"":401}]",IMPLEMENTADO means business-positive HTTP + anonymous negative at this route; does not certify every field or transition. PARCIAL can mean validation/auth exercised but no independent valid positive.
GET,/api/v2/carriers/:carrierId/incidents/:parentId/updates,IMPLEMENTADO,True,"[""/api/v2/carriers/:carrierId/incidents/:parentId/updates""]",5,1,1,[404],"[{""file"":""api-results.json"",""row"":229,""label"":""inventory-probe"",""http"":404},{""file"":""api-results.json"",""row"":230,""label"":""inventory-auth-control"",""http"":401},{""file"":""extended-api-results.json"",""row"":156,""label"":""incident-updates-read"",""http"":200},{""file"":""auth-api-results.json"",""row"":60,""label"":""active-auth-control"",""http"":404},{""file"":""auth-api-results.json"",""row"":61,""label"":""invalid-credential-auth-negative"",""http"":401}]",IMPLEMENTADO means business-positive HTTP + anonymous negative at this route; does not certify every field or transition. PARCIAL can mean validation/auth exercised but no independent valid positive.
GET,/api/v2/carriers/:carrierId/incidents/:parentId/updates/:id,IMPLEMENTADO,True,"[""/api/v2/carriers/:carrierId/incidents/:parentId/updates/:id""]",8,1,2,[404],"[{""file"":""api-results.json"",""row"":231,""label"":""inventory-probe"",""http"":404},{""file"":""api-results.json"",""row"":232,""label"":""inventory-auth-control"",""http"":401},{""file"":""auth-api-results.json"",""row"":62,""label"":""active-auth-control"",""http"":404},{""file"":""auth-api-results.json"",""row"":63,""label"":""invalid-credential-auth-negative"",""http"":401},{""file"":""pending-api-results.json"",""row"":89,""label"":""pending-anonymous-or-revoked"",""http"":401},{""file"":""pending-api-results.json"",""row"":90,""label"":""pending-anonymous-or-revoked"",""http"":403},{""file"":""pending-api-results.json"",""row"":91,""label"":""pending-foreign"",""http"":403},{""file"":""pending-api-results.json"",""row"":92,""label"":""pending-functional-positive"",""http"":200}]",IMPLEMENTADO means business-positive HTTP + anonymous negative at this route; does not certify every field or transition. PARCIAL can mean validation/auth exercised but no independent valid positive.
GET,/api/v2/carriers/:carrierId/maintenances,IMPLEMENTADO,True,"[""/api/v2/carriers/:carrierId/maintenances""]",5,1,1,[200],"[{""file"":""api-results.json"",""row"":96,""label"":""maintenances-list"",""http"":200},{""file"":""api-results.json"",""row"":447,""label"":""inventory-probe"",""http"":200},{""file"":""api-results.json"",""row"":448,""label"":""inventory-auth-control"",""http"":401},{""file"":""auth-api-results.json"",""row"":278,""label"":""active-auth-control"",""http"":200},{""file"":""auth-api-results.json"",""row"":279,""label"":""invalid-credential-auth-negative"",""http"":401}]",IMPLEMENTADO means business-positive HTTP + anonymous negative at this route; does not certify every field or transition. PARCIAL can mean validation/auth exercised but no independent valid positive.
POST,/api/v2/carriers/:carrierId/maintenances,IMPLEMENTADO,True,"[""/api/v2/carriers/:carrierId/maintenances""]",6,2,1,[400],"[{""file"":""api-results.json"",""row"":93,""label"":""maintenances-create"",""http"":201},{""file"":""api-results.json"",""row"":94,""label"":""maintenances-replay"",""http"":200},{""file"":""api-results.json"",""row"":451,""label"":""inventory-probe"",""http"":400},{""file"":""api-results.json"",""row"":452,""label"":""inventory-auth-control"",""http"":401},{""file"":""auth-api-results.json"",""row"":282,""label"":""active-auth-control"",""http"":400},{""file"":""auth-api-results.json"",""row"":283,""label"":""invalid-credential-auth-negative"",""http"":401}]",IMPLEMENTADO means business-positive HTTP + anonymous negative at this route; does not certify every field or transition. PARCIAL can mean validation/auth exercised but no independent valid positive.
GET,/api/v2/carriers/:carrierId/maintenances/:id,IMPLEMENTADO,True,"[""/api/v2/carriers/:carrierId/maintenances/:id""]",5,1,1,[200],"[{""file"":""api-results.json"",""row"":95,""label"":""maintenances-read"",""http"":200},{""file"":""api-results.json"",""row"":449,""label"":""inventory-probe"",""http"":200},{""file"":""api-results.json"",""row"":450,""label"":""inventory-auth-control"",""http"":401},{""file"":""auth-api-results.json"",""row"":280,""label"":""active-auth-control"",""http"":200},{""file"":""auth-api-results.json"",""row"":281,""label"":""invalid-credential-auth-negative"",""http"":401}]",IMPLEMENTADO means business-positive HTTP + anonymous negative at this route; does not certify every field or transition. PARCIAL can mean validation/auth exercised but no independent valid positive.
POST,/api/v2/carriers/:carrierId/maintenances/:id/revisions,IMPLEMENTADO,True,"[""/api/v2/carriers/:carrierId/maintenances/:id/revisions""]",6,1,1,[400],"[{""file"":""api-results.json"",""row"":97,""label"":""maintenances-revision"",""http"":200},{""file"":""api-results.json"",""row"":98,""label"":""maintenances-stale"",""http"":409},{""file"":""api-results.json"",""row"":453,""label"":""inventory-probe"",""http"":400},{""file"":""api-results.json"",""row"":454,""label"":""inventory-auth-control"",""http"":401},{""file"":""auth-api-results.json"",""row"":284,""label"":""active-auth-control"",""http"":400},{""file"":""auth-api-results.json"",""row"":285,""label"":""invalid-credential-auth-negative"",""http"":401}]",IMPLEMENTADO means business-positive HTTP + anonymous negative at this route; does not certify every field or transition. PARCIAL can mean validation/auth exercised but no independent valid positive.
GET,/api/v2/carriers/:carrierId/metrics,IMPLEMENTADO,True,"[""/api/v2/carriers/:carrierId/metrics""]",5,1,1,[200],"[{""file"":""api-results.json"",""row"":255,""label"":""inventory-probe"",""http"":200},{""file"":""api-results.json"",""row"":256,""label"":""inventory-auth-control"",""http"":401},{""file"":""extended-api-results.json"",""row"":83,""label"":""extended-metrics-list"",""http"":200},{""file"":""auth-api-results.json"",""row"":86,""label"":""active-auth-control"",""http"":200},{""file"":""auth-api-results.json"",""row"":87,""label"":""invalid-credential-auth-negative"",""http"":401}]",IMPLEMENTADO means business-positive HTTP + anonymous negative at this route; does not certify every field or transition. PARCIAL can mean validation/auth exercised but no independent valid positive.
POST,/api/v2/carriers/:carrierId/metrics,IMPLEMENTADO,True,"[""/api/v2/carriers/:carrierId/metrics""]",7,2,1,[400],"[{""file"":""api-results.json"",""row"":259,""label"":""inventory-probe"",""http"":400},{""file"":""api-results.json"",""row"":260,""label"":""inventory-auth-control"",""http"":401},{""file"":""extended-api-results.json"",""row"":81,""label"":""extended-metrics-create"",""http"":201},{""file"":""extended-api-results.json"",""row"":84,""label"":""extended-metrics-replay"",""http"":200},{""file"":""extended-api-results.json"",""row"":86,""label"":""extended-metrics-foreign-write"",""http"":403},{""file"":""auth-api-results.json"",""row"":90,""label"":""active-auth-control"",""http"":400},{""file"":""auth-api-results.json"",""row"":91,""label"":""invalid-credential-auth-negative"",""http"":401}]",IMPLEMENTADO means business-positive HTTP + anonymous negative at this route; does not certify every field or transition. PARCIAL can mean validation/auth exercised but no independent valid positive.
GET,/api/v2/carriers/:carrierId/metrics/:id,IMPLEMENTADO,True,"[""/api/v2/carriers/:carrierId/metrics/:id""]",7,2,1,[404],"[{""file"":""api-results.json"",""row"":257,""label"":""inventory-probe"",""http"":404},{""file"":""api-results.json"",""row"":258,""label"":""inventory-auth-control"",""http"":401},{""file"":""extended-api-results.json"",""row"":82,""label"":""extended-metrics-read"",""http"":200},{""file"":""extended-api-results.json"",""row"":85,""label"":""extended-metrics-foreign"",""http"":403},{""file"":""auth-api-results.json"",""row"":88,""label"":""active-auth-control"",""http"":404},{""file"":""auth-api-results.json"",""row"":89,""label"":""invalid-credential-auth-negative"",""http"":401},{""file"":""pending-api-results.json"",""row"":156,""label"":""pending-current-version-control"",""http"":200}]",IMPLEMENTADO means business-positive HTTP + anonymous negative at this route; does not certify every field or transition. PARCIAL can mean validation/auth exercised but no independent valid positive.
POST,/api/v2/carriers/:carrierId/metrics/:id/revisions,IMPLEMENTADO,True,"[""/api/v2/carriers/:carrierId/metrics/:id/revisions""]",10,1,2,[400],"[{""file"":""api-results.json"",""row"":261,""label"":""inventory-probe"",""http"":400},{""file"":""api-results.json"",""row"":262,""label"":""inventory-auth-control"",""http"":401},{""file"":""auth-api-results.json"",""row"":92,""label"":""active-auth-control"",""http"":400},{""file"":""auth-api-results.json"",""row"":93,""label"":""invalid-credential-auth-negative"",""http"":401},{""file"":""pending-api-results.json"",""row"":157,""label"":""pending-anonymous-or-revoked"",""http"":401},{""file"":""pending-api-results.json"",""row"":158,""label"":""pending-anonymous-or-revoked"",""http"":403},{""file"":""pending-api-results.json"",""row"":159,""label"":""pending-foreign"",""http"":403},{""file"":""pending-api-results.json"",""row"":160,""label"":""pending-invalid-version"",""http"":409},{""file"":""pending-api-results.json"",""row"":161,""label"":""pending-functional-positive"",""http"":200},{""file"":""pending-api-results.json"",""row"":162,""label"":""pending-stale-after-positive"",""http"":409}]",IMPLEMENTADO means business-positive HTTP + anonymous negative at this route; does not certify every field or transition. PARCIAL can mean validation/auth exercised but no independent valid positive.
GET,/api/v2/carriers/:carrierId/offers,IMPLEMENTADO,True,"[""/api/v2/carriers/:carrierId/offers""]",10,4,1,[200],"[{""file"":""api-results.json"",""row"":161,""label"":""workflow-offer-list"",""http"":200},{""file"":""api-results.json"",""row"":211,""label"":""inventory-probe"",""http"":200},{""file"":""api-results.json"",""row"":212,""label"":""inventory-auth-control"",""http"":401},{""file"":""extended-api-results.json"",""row"":77,""label"":""extended-offers-list"",""http"":200},{""file"":""auth-api-results.json"",""row"":1,""label"":""carrier-A-own-positive"",""http"":200},{""file"":""auth-api-results.json"",""row"":2,""label"":""carrier-B-own-positive"",""http"":200},{""file"":""auth-api-results.json"",""row"":3,""label"":""carrier-B-cannot-read-A"",""http"":403},{""file"":""auth-api-results.json"",""row"":5,""label"":""carrier-A-cannot-read-B-with-global-catalog-grant"",""http"":403},{""file"":""auth-api-results.json"",""row"":42,""label"":""active-auth-control"",""http"":200},{""file"":""auth-api-results.json"",""row"":43,""label"":""invalid-credential-auth-negative"",""http"":401}]",IMPLEMENTADO means business-positive HTTP + anonymous negative at this route; does not certify every field or transition. PARCIAL can mean validation/auth exercised but no independent valid positive.
GET,/api/v2/carriers/:carrierId/offers/:id,IMPLEMENTADO,True,"[""/api/v2/carriers/:carrierId/offers/:id""]",7,2,1,[200],"[{""file"":""api-results.json"",""row"":160,""label"":""workflow-offer-read"",""http"":200},{""file"":""api-results.json"",""row"":213,""label"":""inventory-probe"",""http"":200},{""file"":""api-results.json"",""row"":214,""label"":""inventory-auth-control"",""http"":401},{""file"":""extended-api-results.json"",""row"":76,""label"":""extended-offers-read"",""http"":200},{""file"":""extended-api-results.json"",""row"":79,""label"":""extended-offers-foreign"",""http"":403},{""file"":""auth-api-results.json"",""row"":44,""label"":""active-auth-control"",""http"":200},{""file"":""auth-api-results.json"",""row"":45,""label"":""invalid-credential-auth-negative"",""http"":401}]",IMPLEMENTADO means business-positive HTTP + anonymous negative at this route; does not certify every field or transition. PARCIAL can mean validation/auth exercised but no independent valid positive.
POST,/api/v2/carriers/:carrierId/offers/:id/withdrawals,IMPLEMENTADO,True,"[""/api/v2/carriers/:carrierId/offers/:id/withdrawals""]",11,1,2,[400],"[{""file"":""api-results.json"",""row"":273,""label"":""inventory-probe"",""http"":400},{""file"":""api-results.json"",""row"":274,""label"":""inventory-auth-control"",""http"":401},{""file"":""extended-api-results.json"",""row"":165,""label"":""extended-withdraw-offer"",""http"":409},{""file"":""auth-api-results.json"",""row"":104,""label"":""active-auth-control"",""http"":400},{""file"":""auth-api-results.json"",""row"":105,""label"":""invalid-credential-auth-negative"",""http"":401},{""file"":""pending-api-results.json"",""row"":207,""label"":""pending-anonymous-or-revoked"",""http"":401},{""file"":""pending-api-results.json"",""row"":208,""label"":""pending-anonymous-or-revoked"",""http"":403},{""file"":""pending-api-results.json"",""row"":209,""label"":""pending-foreign"",""http"":403},{""file"":""pending-api-results.json"",""row"":210,""label"":""pending-invalid-version"",""http"":409},{""file"":""pending-api-results.json"",""row"":211,""label"":""pending-functional-positive"",""http"":200},{""file"":""pending-api-results.json"",""row"":212,""label"":""pending-stale-after-positive"",""http"":409}]",IMPLEMENTADO means business-positive HTTP + anonymous negative at this route; does not certify every field or transition. PARCIAL can mean validation/auth exercised but no independent valid positive.
GET,/api/v2/carriers/:carrierId/opportunities,IMPLEMENTADO,True,"[""/api/v2/carriers/:carrierId/opportunities""]",5,1,1,[200],"[{""file"":""api-results.json"",""row"":159,""label"":""workflow-opportunity-list"",""http"":200},{""file"":""api-results.json"",""row"":207,""label"":""inventory-probe"",""http"":200},{""file"":""api-results.json"",""row"":208,""label"":""inventory-auth-control"",""http"":401},{""file"":""auth-api-results.json"",""row"":38,""label"":""active-auth-control"",""http"":200},{""file"":""auth-api-results.json"",""row"":39,""label"":""invalid-credential-auth-negative"",""http"":401}]",IMPLEMENTADO means business-positive HTTP + anonymous negative at this route; does not certify every field or transition. PARCIAL can mean validation/auth exercised but no independent valid positive.
GET,/api/v2/carriers/:carrierId/opportunities/:id,IMPLEMENTADO,True,"[""/api/v2/carriers/:carrierId/opportunities/:id""]",5,1,1,[200],"[{""file"":""api-results.json"",""row"":158,""label"":""workflow-opportunity-read"",""http"":200},{""file"":""api-results.json"",""row"":209,""label"":""inventory-probe"",""http"":200},{""file"":""api-results.json"",""row"":210,""label"":""inventory-auth-control"",""http"":401},{""file"":""auth-api-results.json"",""row"":40,""label"":""active-auth-control"",""http"":200},{""file"":""auth-api-results.json"",""row"":41,""label"":""invalid-credential-auth-negative"",""http"":401}]",IMPLEMENTADO means business-positive HTTP + anonymous negative at this route; does not certify every field or transition. PARCIAL can mean validation/auth exercised but no independent valid positive.
POST,/api/v2/carriers/:carrierId/opportunities/:id/responses,IMPLEMENTADO,True,"[""/api/v2/carriers/:carrierId/opportunities/:id/responses""]",5,1,1,[400],"[{""file"":""api-results.json"",""row"":269,""label"":""inventory-probe"",""http"":400},{""file"":""api-results.json"",""row"":270,""label"":""inventory-auth-control"",""http"":401},{""file"":""extended-api-results.json"",""row"":74,""label"":""opportunity-respond"",""http"":200},{""file"":""auth-api-results.json"",""row"":100,""label"":""active-auth-control"",""http"":400},{""file"":""auth-api-results.json"",""row"":101,""label"":""invalid-credential-auth-negative"",""http"":401}]",IMPLEMENTADO means business-positive HTTP + anonymous negative at this route; does not certify every field or transition. PARCIAL can mean validation/auth exercised but no independent valid positive.
POST,/api/v2/carriers/:carrierId/opportunities/:parentId/offers,IMPLEMENTADO,True,"[""/api/v2/carriers/:carrierId/opportunities/:parentId/offers""]",7,2,1,[400],"[{""file"":""api-results.json"",""row"":271,""label"":""inventory-probe"",""http"":400},{""file"":""api-results.json"",""row"":272,""label"":""inventory-auth-control"",""http"":401},{""file"":""extended-api-results.json"",""row"":75,""label"":""extended-offers-create"",""http"":201},{""file"":""extended-api-results.json"",""row"":78,""label"":""extended-offers-replay"",""http"":200},{""file"":""extended-api-results.json"",""row"":80,""label"":""extended-offers-foreign-write"",""http"":403},{""file"":""auth-api-results.json"",""row"":102,""label"":""active-auth-control"",""http"":400},{""file"":""auth-api-results.json"",""row"":103,""label"":""invalid-credential-auth-negative"",""http"":401}]",IMPLEMENTADO means business-positive HTTP + anonymous negative at this route; does not certify every field or transition. PARCIAL can mean validation/auth exercised but no independent valid positive.
GET,/api/v2/carriers/:carrierId/partners,IMPLEMENTADO,True,"[""/api/v2/carriers/:carrierId/partners""]",6,2,1,[200],"[{""file"":""api-results.json"",""row"":47,""label"":""partners-list"",""http"":200},{""file"":""api-results.json"",""row"":383,""label"":""inventory-probe"",""http"":200},{""file"":""api-results.json"",""row"":384,""label"":""inventory-auth-control"",""http"":401},{""file"":""extended-api-results.json"",""row"":61,""label"":""extended-partners-list"",""http"":200},{""file"":""auth-api-results.json"",""row"":214,""label"":""active-auth-control"",""http"":200},{""file"":""auth-api-results.json"",""row"":215,""label"":""invalid-credential-auth-negative"",""http"":401}]",IMPLEMENTADO means business-positive HTTP + anonymous negative at this route; does not certify every field or transition. PARCIAL can mean validation/auth exercised but no independent valid positive.
POST,/api/v2/carriers/:carrierId/partners,IMPLEMENTADO,True,"[""/api/v2/carriers/:carrierId/partners""]",9,4,1,[400],"[{""file"":""api-results.json"",""row"":44,""label"":""partners-create"",""http"":201},{""file"":""api-results.json"",""row"":45,""label"":""partners-replay"",""http"":200},{""file"":""api-results.json"",""row"":387,""label"":""inventory-probe"",""http"":400},{""file"":""api-results.json"",""row"":388,""label"":""inventory-auth-control"",""http"":401},{""file"":""extended-api-results.json"",""row"":59,""label"":""extended-partners-create"",""http"":201},{""file"":""extended-api-results.json"",""row"":62,""label"":""extended-partners-replay"",""http"":200},{""file"":""extended-api-results.json"",""row"":64,""label"":""extended-partners-foreign-write"",""http"":403},{""file"":""auth-api-results.json"",""row"":218,""label"":""active-auth-control"",""http"":400},{""file"":""auth-api-results.json"",""row"":219,""label"":""invalid-credential-auth-negative"",""http"":401}]",IMPLEMENTADO means business-positive HTTP + anonymous negative at this route; does not certify every field or transition. PARCIAL can mean validation/auth exercised but no independent valid positive.
GET,/api/v2/carriers/:carrierId/partners/:id,IMPLEMENTADO,True,"[""/api/v2/carriers/:carrierId/partners/:id""]",7,3,1,[200],"[{""file"":""api-results.json"",""row"":46,""label"":""partners-read"",""http"":200},{""file"":""api-results.json"",""row"":385,""label"":""inventory-probe"",""http"":200},{""file"":""api-results.json"",""row"":386,""label"":""inventory-auth-control"",""http"":401},{""file"":""extended-api-results.json"",""row"":60,""label"":""extended-partners-read"",""http"":200},{""file"":""extended-api-results.json"",""row"":63,""label"":""extended-partners-foreign"",""http"":200},{""file"":""auth-api-results.json"",""row"":216,""label"":""active-auth-control"",""http"":200},{""file"":""auth-api-results.json"",""row"":217,""label"":""invalid-credential-auth-negative"",""http"":401}]",IMPLEMENTADO means business-positive HTTP + anonymous negative at this route; does not certify every field or transition. PARCIAL can mean validation/auth exercised but no independent valid positive.
POST,/api/v2/carriers/:carrierId/partners/:id/revisions,IMPLEMENTADO,True,"[""/api/v2/carriers/:carrierId/partners/:id/revisions""]",6,1,1,[400],"[{""file"":""api-results.json"",""row"":48,""label"":""partners-revision"",""http"":200},{""file"":""api-results.json"",""row"":49,""label"":""partners-stale"",""http"":409},{""file"":""api-results.json"",""row"":389,""label"":""inventory-probe"",""http"":400},{""file"":""api-results.json"",""row"":390,""label"":""inventory-auth-control"",""http"":401},{""file"":""auth-api-results.json"",""row"":220,""label"":""active-auth-control"",""http"":400},{""file"":""auth-api-results.json"",""row"":221,""label"":""invalid-credential-auth-negative"",""http"":401}]",IMPLEMENTADO means business-positive HTTP + anonymous negative at this route; does not certify every field or transition. PARCIAL can mean validation/auth exercised but no independent valid positive.
GET,/api/v2/carriers/:carrierId/repositioning-blocks,IMPLEMENTADO,True,"[""/api/v2/carriers/:carrierId/repositioning-blocks""]",5,1,1,[200],"[{""file"":""api-results.json"",""row"":102,""label"":""repositioning-blocks-list"",""http"":200},{""file"":""api-results.json"",""row"":455,""label"":""inventory-probe"",""http"":200},{""file"":""api-results.json"",""row"":456,""label"":""inventory-auth-control"",""http"":401},{""file"":""auth-api-results.json"",""row"":286,""label"":""active-auth-control"",""http"":200},{""file"":""auth-api-results.json"",""row"":287,""label"":""invalid-credential-auth-negative"",""http"":401}]",IMPLEMENTADO means business-positive HTTP + anonymous negative at this route; does not certify every field or transition. PARCIAL can mean validation/auth exercised but no independent valid positive.
POST,/api/v2/carriers/:carrierId/repositioning-blocks,IMPLEMENTADO,True,"[""/api/v2/carriers/:carrierId/repositioning-blocks""]",6,2,1,[400],"[{""file"":""api-results.json"",""row"":99,""label"":""repositioning-blocks-create"",""http"":201},{""file"":""api-results.json"",""row"":100,""label"":""repositioning-blocks-replay"",""http"":200},{""file"":""api-results.json"",""row"":459,""label"":""inventory-probe"",""http"":400},{""file"":""api-results.json"",""row"":460,""label"":""inventory-auth-control"",""http"":401},{""file"":""auth-api-results.json"",""row"":290,""label"":""active-auth-control"",""http"":400},{""file"":""auth-api-results.json"",""row"":291,""label"":""invalid-credential-auth-negative"",""http"":401}]",IMPLEMENTADO means business-positive HTTP + anonymous negative at this route; does not certify every field or transition. PARCIAL can mean validation/auth exercised but no independent valid positive.
GET,/api/v2/carriers/:carrierId/repositioning-blocks/:id,IMPLEMENTADO,True,"[""/api/v2/carriers/:carrierId/repositioning-blocks/:id""]",5,1,1,[200],"[{""file"":""api-results.json"",""row"":101,""label"":""repositioning-blocks-read"",""http"":200},{""file"":""api-results.json"",""row"":457,""label"":""inventory-probe"",""http"":200},{""file"":""api-results.json"",""row"":458,""label"":""inventory-auth-control"",""http"":401},{""file"":""auth-api-results.json"",""row"":288,""label"":""active-auth-control"",""http"":200},{""file"":""auth-api-results.json"",""row"":289,""label"":""invalid-credential-auth-negative"",""http"":401}]",IMPLEMENTADO means business-positive HTTP + anonymous negative at this route; does not certify every field or transition. PARCIAL can mean validation/auth exercised but no independent valid positive.
POST,/api/v2/carriers/:carrierId/repositioning-blocks/:id/revisions,IMPLEMENTADO,True,"[""/api/v2/carriers/:carrierId/repositioning-blocks/:id/revisions""]",6,1,1,[400],"[{""file"":""api-results.json"",""row"":103,""label"":""repositioning-blocks-revision"",""http"":200},{""file"":""api-results.json"",""row"":104,""label"":""repositioning-blocks-stale"",""http"":409},{""file"":""api-results.json"",""row"":461,""label"":""inventory-probe"",""http"":400},{""file"":""api-results.json"",""row"":462,""label"":""inventory-auth-control"",""http"":401},{""file"":""auth-api-results.json"",""row"":292,""label"":""active-auth-control"",""http"":400},{""file"":""auth-api-results.json"",""row"":293,""label"":""invalid-credential-auth-negative"",""http"":401}]",IMPLEMENTADO means business-positive HTTP + anonymous negative at this route; does not certify every field or transition. PARCIAL can mean validation/auth exercised but no independent valid positive.
GET,/api/v2/carriers/:carrierId/route-limits,IMPLEMENTADO,True,"[""/api/v2/carriers/:carrierId/route-limits""]",6,2,1,[200],"[{""file"":""api-results.json"",""row"":151,""label"":""workflow-limits-list"",""http"":200},{""file"":""api-results.json"",""row"":247,""label"":""inventory-probe"",""http"":200},{""file"":""api-results.json"",""row"":248,""label"":""inventory-auth-control"",""http"":401},{""file"":""extended-api-results.json"",""row"":45,""label"":""extended-limits-list"",""http"":200},{""file"":""auth-api-results.json"",""row"":78,""label"":""active-auth-control"",""http"":200},{""file"":""auth-api-results.json"",""row"":79,""label"":""invalid-credential-auth-negative"",""http"":401}]",IMPLEMENTADO means business-positive HTTP + anonymous negative at this route; does not certify every field or transition. PARCIAL can mean validation/auth exercised but no independent valid positive.
POST,/api/v2/carriers/:carrierId/route-limits,IMPLEMENTADO,True,"[""/api/v2/carriers/:carrierId/route-limits""]",7,2,1,[400],"[{""file"":""api-results.json"",""row"":251,""label"":""inventory-probe"",""http"":400},{""file"":""api-results.json"",""row"":252,""label"":""inventory-auth-control"",""http"":401},{""file"":""extended-api-results.json"",""row"":43,""label"":""extended-limits-create"",""http"":201},{""file"":""extended-api-results.json"",""row"":46,""label"":""extended-limits-replay"",""http"":200},{""file"":""extended-api-results.json"",""row"":48,""label"":""extended-limits-foreign-write"",""http"":403},{""file"":""auth-api-results.json"",""row"":82,""label"":""active-auth-control"",""http"":400},{""file"":""auth-api-results.json"",""row"":83,""label"":""invalid-credential-auth-negative"",""http"":401}]",IMPLEMENTADO means business-positive HTTP + anonymous negative at this route; does not certify every field or transition. PARCIAL can mean validation/auth exercised but no independent valid positive.
GET,/api/v2/carriers/:carrierId/route-limits/:id,IMPLEMENTADO,True,"[""/api/v2/carriers/:carrierId/route-limits/:id""]",8,3,1,[200],"[{""file"":""api-results.json"",""row"":150,""label"":""workflow-limits-read"",""http"":200},{""file"":""api-results.json"",""row"":249,""label"":""inventory-probe"",""http"":200},{""file"":""api-results.json"",""row"":250,""label"":""inventory-auth-control"",""http"":401},{""file"":""extended-api-results.json"",""row"":44,""label"":""extended-limits-read"",""http"":200},{""file"":""extended-api-results.json"",""row"":47,""label"":""extended-limits-foreign"",""http"":403},{""file"":""auth-api-results.json"",""row"":80,""label"":""active-auth-control"",""http"":200},{""file"":""auth-api-results.json"",""row"":81,""label"":""invalid-credential-auth-negative"",""http"":401},{""file"":""pending-api-results.json"",""row"":149,""label"":""pending-current-version-control"",""http"":200}]",IMPLEMENTADO means business-positive HTTP + anonymous negative at this route; does not certify every field or transition. PARCIAL can mean validation/auth exercised but no independent valid positive.
POST,/api/v2/carriers/:carrierId/route-limits/:id/revisions,IMPLEMENTADO,True,"[""/api/v2/carriers/:carrierId/route-limits/:id/revisions""]",10,1,2,[400],"[{""file"":""api-results.json"",""row"":253,""label"":""inventory-probe"",""http"":400},{""file"":""api-results.json"",""row"":254,""label"":""inventory-auth-control"",""http"":401},{""file"":""auth-api-results.json"",""row"":84,""label"":""active-auth-control"",""http"":400},{""file"":""auth-api-results.json"",""row"":85,""label"":""invalid-credential-auth-negative"",""http"":401},{""file"":""pending-api-results.json"",""row"":150,""label"":""pending-anonymous-or-revoked"",""http"":401},{""file"":""pending-api-results.json"",""row"":151,""label"":""pending-anonymous-or-revoked"",""http"":403},{""file"":""pending-api-results.json"",""row"":152,""label"":""pending-foreign"",""http"":403},{""file"":""pending-api-results.json"",""row"":153,""label"":""pending-invalid-version"",""http"":409},{""file"":""pending-api-results.json"",""row"":154,""label"":""pending-functional-positive"",""http"":200},{""file"":""pending-api-results.json"",""row"":155,""label"":""pending-stale-after-positive"",""http"":409}]",IMPLEMENTADO means business-positive HTTP + anonymous negative at this route; does not certify every field or transition. PARCIAL can mean validation/auth exercised but no independent valid positive.
GET,/api/v2/carriers/:carrierId/services,IMPLEMENTADO,True,"[""/api/v2/carriers/:carrierId/services""]",5,1,1,[200],"[{""file"":""api-results.json"",""row"":41,""label"":""services-list"",""http"":200},{""file"":""api-results.json"",""row"":375,""label"":""inventory-probe"",""http"":200},{""file"":""api-results.json"",""row"":376,""label"":""inventory-auth-control"",""http"":401},{""file"":""auth-api-results.json"",""row"":206,""label"":""active-auth-control"",""http"":200},{""file"":""auth-api-results.json"",""row"":207,""label"":""invalid-credential-auth-negative"",""http"":401}]",IMPLEMENTADO means business-positive HTTP + anonymous negative at this route; does not certify every field or transition. PARCIAL can mean validation/auth exercised but no independent valid positive.
POST,/api/v2/carriers/:carrierId/services,IMPLEMENTADO,True,"[""/api/v2/carriers/:carrierId/services""]",6,2,1,[400],"[{""file"":""api-results.json"",""row"":38,""label"":""services-create"",""http"":201},{""file"":""api-results.json"",""row"":39,""label"":""services-replay"",""http"":200},{""file"":""api-results.json"",""row"":379,""label"":""inventory-probe"",""http"":400},{""file"":""api-results.json"",""row"":380,""label"":""inventory-auth-control"",""http"":401},{""file"":""auth-api-results.json"",""row"":210,""label"":""active-auth-control"",""http"":400},{""file"":""auth-api-results.json"",""row"":211,""label"":""invalid-credential-auth-negative"",""http"":401}]",IMPLEMENTADO means business-positive HTTP + anonymous negative at this route; does not certify every field or transition. PARCIAL can mean validation/auth exercised but no independent valid positive.
GET,/api/v2/carriers/:carrierId/services/:id,IMPLEMENTADO,True,"[""/api/v2/carriers/:carrierId/services/:id""]",5,1,1,[200],"[{""file"":""api-results.json"",""row"":40,""label"":""services-read"",""http"":200},{""file"":""api-results.json"",""row"":377,""label"":""inventory-probe"",""http"":200},{""file"":""api-results.json"",""row"":378,""label"":""inventory-auth-control"",""http"":401},{""file"":""auth-api-results.json"",""row"":208,""label"":""active-auth-control"",""http"":200},{""file"":""auth-api-results.json"",""row"":209,""label"":""invalid-credential-auth-negative"",""http"":401}]",IMPLEMENTADO means business-positive HTTP + anonymous negative at this route; does not certify every field or transition. PARCIAL can mean validation/auth exercised but no independent valid positive.
POST,/api/v2/carriers/:carrierId/services/:id/revisions,IMPLEMENTADO,True,"[""/api/v2/carriers/:carrierId/services/:id/revisions""]",6,1,1,[400],"[{""file"":""api-results.json"",""row"":42,""label"":""services-revision"",""http"":200},{""file"":""api-results.json"",""row"":43,""label"":""services-stale"",""http"":409},{""file"":""api-results.json"",""row"":381,""label"":""inventory-probe"",""http"":400},{""file"":""api-results.json"",""row"":382,""label"":""inventory-auth-control"",""http"":401},{""file"":""auth-api-results.json"",""row"":212,""label"":""active-auth-control"",""http"":400},{""file"":""auth-api-results.json"",""row"":213,""label"":""invalid-credential-auth-negative"",""http"":401}]",IMPLEMENTADO means business-positive HTTP + anonymous negative at this route; does not certify every field or transition. PARCIAL can mean validation/auth exercised but no independent valid positive.
GET,/api/v2/carriers/:carrierId/services/:serviceId/areas,IMPLEMENTADO,True,"[""/api/v2/carriers/:carrierId/services/:serviceId/areas""]",5,1,1,[200],"[{""file"":""api-results.json"",""row"":53,""label"":""areas-list"",""http"":200},{""file"":""api-results.json"",""row"":479,""label"":""inventory-probe"",""http"":200},{""file"":""api-results.json"",""row"":480,""label"":""inventory-auth-control"",""http"":401},{""file"":""auth-api-results.json"",""row"":310,""label"":""active-auth-control"",""http"":200},{""file"":""auth-api-results.json"",""row"":311,""label"":""invalid-credential-auth-negative"",""http"":401}]",IMPLEMENTADO means business-positive HTTP + anonymous negative at this route; does not certify every field or transition. PARCIAL can mean validation/auth exercised but no independent valid positive.
POST,/api/v2/carriers/:carrierId/services/:serviceId/areas,IMPLEMENTADO,True,"[""/api/v2/carriers/:carrierId/services/:serviceId/areas""]",7,3,1,[400],"[{""file"":""api-results.json"",""row"":50,""label"":""areas-create"",""http"":201},{""file"":""api-results.json"",""row"":51,""label"":""areas-replay"",""http"":200},{""file"":""api-results.json"",""row"":56,""label"":""delivery-create"",""http"":201},{""file"":""api-results.json"",""row"":483,""label"":""inventory-probe"",""http"":400},{""file"":""api-results.json"",""row"":484,""label"":""inventory-auth-control"",""http"":401},{""file"":""auth-api-results.json"",""row"":314,""label"":""active-auth-control"",""http"":400},{""file"":""auth-api-results.json"",""row"":315,""label"":""invalid-credential-auth-negative"",""http"":401}]",IMPLEMENTADO means business-positive HTTP + anonymous negative at this route; does not certify every field or transition. PARCIAL can mean validation/auth exercised but no independent valid positive.
GET,/api/v2/carriers/:carrierId/services/:serviceId/areas/:id,IMPLEMENTADO,True,"[""/api/v2/carriers/:carrierId/services/:serviceId/areas/:id""]",5,1,1,[200],"[{""file"":""api-results.json"",""row"":52,""label"":""areas-read"",""http"":200},{""file"":""api-results.json"",""row"":481,""label"":""inventory-probe"",""http"":200},{""file"":""api-results.json"",""row"":482,""label"":""inventory-auth-control"",""http"":401},{""file"":""auth-api-results.json"",""row"":312,""label"":""active-auth-control"",""http"":200},{""file"":""auth-api-results.json"",""row"":313,""label"":""invalid-credential-auth-negative"",""http"":401}]",IMPLEMENTADO means business-positive HTTP + anonymous negative at this route; does not certify every field or transition. PARCIAL can mean validation/auth exercised but no independent valid positive.
POST,/api/v2/carriers/:carrierId/services/:serviceId/areas/:id/revisions,IMPLEMENTADO,True,"[""/api/v2/carriers/:carrierId/services/:serviceId/areas/:id/revisions""]",6,1,1,[400],"[{""file"":""api-results.json"",""row"":54,""label"":""areas-revision"",""http"":200},{""file"":""api-results.json"",""row"":55,""label"":""areas-stale"",""http"":409},{""file"":""api-results.json"",""row"":485,""label"":""inventory-probe"",""http"":400},{""file"":""api-results.json"",""row"":486,""label"":""inventory-auth-control"",""http"":401},{""file"":""auth-api-results.json"",""row"":316,""label"":""active-auth-control"",""http"":400},{""file"":""auth-api-results.json"",""row"":317,""label"":""invalid-credential-auth-negative"",""http"":401}]",IMPLEMENTADO means business-positive HTTP + anonymous negative at this route; does not certify every field or transition. PARCIAL can mean validation/auth exercised but no independent valid positive.
GET,/api/v2/carriers/:carrierId/services/:serviceId/lanes,IMPLEMENTADO,True,"[""/api/v2/carriers/:carrierId/services/:serviceId/lanes""]",5,1,1,[200],"[{""file"":""api-results.json"",""row"":60,""label"":""lanes-list"",""http"":200},{""file"":""api-results.json"",""row"":487,""label"":""inventory-probe"",""http"":200},{""file"":""api-results.json"",""row"":488,""label"":""inventory-auth-control"",""http"":401},{""file"":""auth-api-results.json"",""row"":318,""label"":""active-auth-control"",""http"":200},{""file"":""auth-api-results.json"",""row"":319,""label"":""invalid-credential-auth-negative"",""http"":401}]",IMPLEMENTADO means business-positive HTTP + anonymous negative at this route; does not certify every field or transition. PARCIAL can mean validation/auth exercised but no independent valid positive.
POST,/api/v2/carriers/:carrierId/services/:serviceId/lanes,IMPLEMENTADO,True,"[""/api/v2/carriers/:carrierId/services/:serviceId/lanes""]",6,2,1,[400],"[{""file"":""api-results.json"",""row"":57,""label"":""lanes-create"",""http"":201},{""file"":""api-results.json"",""row"":58,""label"":""lanes-replay"",""http"":200},{""file"":""api-results.json"",""row"":491,""label"":""inventory-probe"",""http"":400},{""file"":""api-results.json"",""row"":492,""label"":""inventory-auth-control"",""http"":401},{""file"":""auth-api-results.json"",""row"":322,""label"":""active-auth-control"",""http"":400},{""file"":""auth-api-results.json"",""row"":323,""label"":""invalid-credential-auth-negative"",""http"":401}]",IMPLEMENTADO means business-positive HTTP + anonymous negative at this route; does not certify every field or transition. PARCIAL can mean validation/auth exercised but no independent valid positive.
GET,/api/v2/carriers/:carrierId/services/:serviceId/lanes/:id,IMPLEMENTADO,True,"[""/api/v2/carriers/:carrierId/services/:serviceId/lanes/:id""]",5,1,1,[200],"[{""file"":""api-results.json"",""row"":59,""label"":""lanes-read"",""http"":200},{""file"":""api-results.json"",""row"":489,""label"":""inventory-probe"",""http"":200},{""file"":""api-results.json"",""row"":490,""label"":""inventory-auth-control"",""http"":401},{""file"":""auth-api-results.json"",""row"":320,""label"":""active-auth-control"",""http"":200},{""file"":""auth-api-results.json"",""row"":321,""label"":""invalid-credential-auth-negative"",""http"":401}]",IMPLEMENTADO means business-positive HTTP + anonymous negative at this route; does not certify every field or transition. PARCIAL can mean validation/auth exercised but no independent valid positive.
POST,/api/v2/carriers/:carrierId/services/:serviceId/lanes/:id/revisions,IMPLEMENTADO,True,"[""/api/v2/carriers/:carrierId/services/:serviceId/lanes/:id/revisions""]",6,1,1,[400],"[{""file"":""api-results.json"",""row"":61,""label"":""lanes-revision"",""http"":200},{""file"":""api-results.json"",""row"":62,""label"":""lanes-stale"",""http"":409},{""file"":""api-results.json"",""row"":493,""label"":""inventory-probe"",""http"":400},{""file"":""api-results.json"",""row"":494,""label"":""inventory-auth-control"",""http"":401},{""file"":""auth-api-results.json"",""row"":324,""label"":""active-auth-control"",""http"":400},{""file"":""auth-api-results.json"",""row"":325,""label"":""invalid-credential-auth-negative"",""http"":401}]",IMPLEMENTADO means business-positive HTTP + anonymous negative at this route; does not certify every field or transition. PARCIAL can mean validation/auth exercised but no independent valid positive.
GET,/api/v2/carriers/:carrierId/vehicle-assignments,IMPLEMENTADO,True,"[""/api/v2/carriers/:carrierId/vehicle-assignments""]",7,3,1,[200],"[{""file"":""api-results.json"",""row"":126,""label"":""vehicle-assignments-list"",""http"":200},{""file"":""api-results.json"",""row"":415,""label"":""inventory-probe"",""http"":200},{""file"":""api-results.json"",""row"":416,""label"":""inventory-auth-control"",""http"":401},{""file"":""extended-api-results.json"",""row"":133,""label"":""extended-vehicle-assignments-list"",""http"":200},{""file"":""ltl-api-results.json"",""row"":20,""label"":""ltl-vehicle-assignments-list"",""http"":200},{""file"":""auth-api-results.json"",""row"":246,""label"":""active-auth-control"",""http"":200},{""file"":""auth-api-results.json"",""row"":247,""label"":""invalid-credential-auth-negative"",""http"":401}]",IMPLEMENTADO means business-positive HTTP + anonymous negative at this route; does not certify every field or transition. PARCIAL can mean validation/auth exercised but no independent valid positive.
POST,/api/v2/carriers/:carrierId/vehicle-assignments,IMPLEMENTADO,True,"[""/api/v2/carriers/:carrierId/vehicle-assignments""]",12,7,1,[400],"[{""file"":""api-results.json"",""row"":123,""label"":""vehicle-assignments-create"",""http"":201},{""file"":""api-results.json"",""row"":124,""label"":""vehicle-assignments-replay"",""http"":200},{""file"":""api-results.json"",""row"":419,""label"":""inventory-probe"",""http"":400},{""file"":""api-results.json"",""row"":420,""label"":""inventory-auth-control"",""http"":401},{""file"":""extended-api-results.json"",""row"":131,""label"":""extended-vehicle-assignments-create"",""http"":201},{""file"":""extended-api-results.json"",""row"":134,""label"":""extended-vehicle-assignments-replay"",""http"":200},{""file"":""extended-api-results.json"",""row"":136,""label"":""extended-vehicle-assignments-foreign-write"",""http"":403},{""file"":""ltl-api-results.json"",""row"":18,""label"":""ltl-vehicle-assignments-create"",""http"":201},{""file"":""ltl-api-results.json"",""row"":21,""label"":""ltl-vehicle-assignments-replay"",""http"":200},{""file"":""auth-api-results.json"",""row"":250,""label"":""active-auth-control"",""http"":400},{""file"":""auth-api-results.json"",""row"":251,""label"":""invalid-credential-auth-negative"",""http"":401},{""file"":""pending-api-results.json"",""row"":45,""label"":""pending-crew-control"",""http"":201}]",IMPLEMENTADO means business-positive HTTP + anonymous negative at this route; does not certify every field or transition. PARCIAL can mean validation/auth exercised but no independent valid positive.
GET,/api/v2/carriers/:carrierId/vehicle-assignments/:id,IMPLEMENTADO,True,"[""/api/v2/carriers/:carrierId/vehicle-assignments/:id""]",8,3,1,[200],"[{""file"":""api-results.json"",""row"":125,""label"":""vehicle-assignments-read"",""http"":200},{""file"":""api-results.json"",""row"":417,""label"":""inventory-probe"",""http"":200},{""file"":""api-results.json"",""row"":418,""label"":""inventory-auth-control"",""http"":401},{""file"":""extended-api-results.json"",""row"":132,""label"":""extended-vehicle-assignments-read"",""http"":200},{""file"":""extended-api-results.json"",""row"":135,""label"":""extended-vehicle-assignments-foreign"",""http"":403},{""file"":""ltl-api-results.json"",""row"":19,""label"":""ltl-vehicle-assignments-read"",""http"":200},{""file"":""auth-api-results.json"",""row"":248,""label"":""active-auth-control"",""http"":200},{""file"":""auth-api-results.json"",""row"":249,""label"":""invalid-credential-auth-negative"",""http"":401}]",IMPLEMENTADO means business-positive HTTP + anonymous negative at this route; does not certify every field or transition. PARCIAL can mean validation/auth exercised but no independent valid positive.
POST,/api/v2/carriers/:carrierId/vehicle-assignments/:id/revisions,IMPLEMENTADO,True,"[""/api/v2/carriers/:carrierId/vehicle-assignments/:id/revisions""]",12,2,2,[400],"[{""file"":""api-results.json"",""row"":127,""label"":""vehicle-assignments-revision"",""http"":200},{""file"":""api-results.json"",""row"":128,""label"":""vehicle-assignments-stale"",""http"":409},{""file"":""api-results.json"",""row"":421,""label"":""inventory-probe"",""http"":400},{""file"":""api-results.json"",""row"":422,""label"":""inventory-auth-control"",""http"":401},{""file"":""auth-api-results.json"",""row"":252,""label"":""active-auth-control"",""http"":400},{""file"":""auth-api-results.json"",""row"":253,""label"":""invalid-credential-auth-negative"",""http"":401},{""file"":""pending-api-results.json"",""row"":169,""label"":""pending-anonymous-or-revoked"",""http"":401},{""file"":""pending-api-results.json"",""row"":170,""label"":""pending-anonymous-or-revoked"",""http"":403},{""file"":""pending-api-results.json"",""row"":171,""label"":""pending-foreign"",""http"":403},{""file"":""pending-api-results.json"",""row"":172,""label"":""pending-invalid-version"",""http"":409},{""file"":""pending-api-results.json"",""row"":173,""label"":""pending-functional-positive"",""http"":200},{""file"":""pending-api-results.json"",""row"":174,""label"":""pending-stale-after-positive"",""http"":409}]",IMPLEMENTADO means business-positive HTTP + anonymous negative at this route; does not certify every field or transition. PARCIAL can mean validation/auth exercised but no independent valid positive.
GET,/api/v2/carriers/:carrierId/vehicle-combinations,IMPLEMENTADO,True,"[""/api/v2/carriers/:carrierId/vehicle-combinations""]",5,1,1,[200],"[{""file"":""api-results.json"",""row"":114,""label"":""vehicle-combinations-list"",""http"":200},{""file"":""api-results.json"",""row"":399,""label"":""inventory-probe"",""http"":200},{""file"":""api-results.json"",""row"":400,""label"":""inventory-auth-control"",""http"":401},{""file"":""auth-api-results.json"",""row"":230,""label"":""active-auth-control"",""http"":200},{""file"":""auth-api-results.json"",""row"":231,""label"":""invalid-credential-auth-negative"",""http"":401}]",IMPLEMENTADO means business-positive HTTP + anonymous negative at this route; does not certify every field or transition. PARCIAL can mean validation/auth exercised but no independent valid positive.
POST,/api/v2/carriers/:carrierId/vehicle-combinations,IMPLEMENTADO,True,"[""/api/v2/carriers/:carrierId/vehicle-combinations""]",6,2,1,[400],"[{""file"":""api-results.json"",""row"":111,""label"":""vehicle-combinations-create"",""http"":201},{""file"":""api-results.json"",""row"":112,""label"":""vehicle-combinations-replay"",""http"":200},{""file"":""api-results.json"",""row"":403,""label"":""inventory-probe"",""http"":400},{""file"":""api-results.json"",""row"":404,""label"":""inventory-auth-control"",""http"":401},{""file"":""auth-api-results.json"",""row"":234,""label"":""active-auth-control"",""http"":400},{""file"":""auth-api-results.json"",""row"":235,""label"":""invalid-credential-auth-negative"",""http"":401}]",IMPLEMENTADO means business-positive HTTP + anonymous negative at this route; does not certify every field or transition. PARCIAL can mean validation/auth exercised but no independent valid positive.
GET,/api/v2/carriers/:carrierId/vehicle-combinations/:id,IMPLEMENTADO,True,"[""/api/v2/carriers/:carrierId/vehicle-combinations/:id""]",5,1,1,[200],"[{""file"":""api-results.json"",""row"":113,""label"":""vehicle-combinations-read"",""http"":200},{""file"":""api-results.json"",""row"":401,""label"":""inventory-probe"",""http"":200},{""file"":""api-results.json"",""row"":402,""label"":""inventory-auth-control"",""http"":401},{""file"":""auth-api-results.json"",""row"":232,""label"":""active-auth-control"",""http"":200},{""file"":""auth-api-results.json"",""row"":233,""label"":""invalid-credential-auth-negative"",""http"":401}]",IMPLEMENTADO means business-positive HTTP + anonymous negative at this route; does not certify every field or transition. PARCIAL can mean validation/auth exercised but no independent valid positive.
POST,/api/v2/carriers/:carrierId/vehicle-combinations/:id/revisions,IMPLEMENTADO,True,"[""/api/v2/carriers/:carrierId/vehicle-combinations/:id/revisions""]",6,1,1,[400],"[{""file"":""api-results.json"",""row"":115,""label"":""vehicle-combinations-revision"",""http"":200},{""file"":""api-results.json"",""row"":116,""label"":""vehicle-combinations-stale"",""http"":409},{""file"":""api-results.json"",""row"":405,""label"":""inventory-probe"",""http"":400},{""file"":""api-results.json"",""row"":406,""label"":""inventory-auth-control"",""http"":401},{""file"":""auth-api-results.json"",""row"":236,""label"":""active-auth-control"",""http"":400},{""file"":""auth-api-results.json"",""row"":237,""label"":""invalid-credential-auth-negative"",""http"":401}]",IMPLEMENTADO means business-positive HTTP + anonymous negative at this route; does not certify every field or transition. PARCIAL can mean validation/auth exercised but no independent valid positive.
GET,/api/v2/carriers/:id,IMPLEMENTADO,True,"[""/api/v2/carriers/:id""]",5,1,1,[200],"[{""file"":""api-results.json"",""row"":28,""label"":""carriers-read"",""http"":200},{""file"":""api-results.json"",""row"":361,""label"":""inventory-probe"",""http"":200},{""file"":""api-results.json"",""row"":362,""label"":""inventory-auth-control"",""http"":401},{""file"":""auth-api-results.json"",""row"":192,""label"":""active-auth-control"",""http"":200},{""file"":""auth-api-results.json"",""row"":193,""label"":""invalid-credential-auth-negative"",""http"":401}]",IMPLEMENTADO means business-positive HTTP + anonymous negative at this route; does not certify every field or transition. PARCIAL can mean validation/auth exercised but no independent valid positive.
POST,/api/v2/carriers/:id/revisions,IMPLEMENTADO,True,"[""/api/v2/carriers/:id/revisions""]",6,1,1,[400],"[{""file"":""api-results.json"",""row"":30,""label"":""carriers-revision"",""http"":200},{""file"":""api-results.json"",""row"":31,""label"":""carriers-stale"",""http"":409},{""file"":""api-results.json"",""row"":365,""label"":""inventory-probe"",""http"":400},{""file"":""api-results.json"",""row"":366,""label"":""inventory-auth-control"",""http"":401},{""file"":""auth-api-results.json"",""row"":196,""label"":""active-auth-control"",""http"":400},{""file"":""auth-api-results.json"",""row"":197,""label"":""invalid-credential-auth-negative"",""http"":401}]",IMPLEMENTADO means business-positive HTTP + anonymous negative at this route; does not certify every field or transition. PARCIAL can mean validation/auth exercised but no independent valid positive.
GET,/api/v2/decisions/:id,IMPLEMENTADO,True,"[""/api/v2/decisions/:id""]",8,1,2,[200],"[{""file"":""api-results.json"",""row"":619,""label"":""inventory-probe"",""http"":200},{""file"":""api-results.json"",""row"":620,""label"":""inventory-auth-control"",""http"":401},{""file"":""auth-api-results.json"",""row"":450,""label"":""active-auth-control"",""http"":200},{""file"":""auth-api-results.json"",""row"":451,""label"":""invalid-credential-auth-negative"",""http"":401},{""file"":""pending-api-results.json"",""row"":113,""label"":""pending-anonymous-or-revoked"",""http"":401},{""file"":""pending-api-results.json"",""row"":114,""label"":""pending-anonymous-or-revoked"",""http"":403},{""file"":""pending-api-results.json"",""row"":115,""label"":""pending-foreign"",""http"":404},{""file"":""pending-api-results.json"",""row"":116,""label"":""pending-functional-positive"",""http"":200}]",IMPLEMENTADO means business-positive HTTP + anonymous negative at this route; does not certify every field or transition. PARCIAL can mean validation/auth exercised but no independent valid positive.
GET,/api/v2/executions,IMPLEMENTADO,True,"[""/api/v2/executions""]",6,2,1,[200],"[{""file"":""api-results.json"",""row"":169,""label"":""workflow-execution-list"",""http"":200},{""file"":""api-results.json"",""row"":587,""label"":""inventory-probe"",""http"":200},{""file"":""api-results.json"",""row"":588,""label"":""inventory-auth-control"",""http"":401},{""file"":""extended-api-results.json"",""row"":109,""label"":""extended-executions-list"",""http"":200},{""file"":""auth-api-results.json"",""row"":418,""label"":""active-auth-control"",""http"":200},{""file"":""auth-api-results.json"",""row"":419,""label"":""invalid-credential-auth-negative"",""http"":401}]",IMPLEMENTADO means business-positive HTTP + anonymous negative at this route; does not certify every field or transition. PARCIAL can mean validation/auth exercised but no independent valid positive.
POST,/api/v2/executions,IMPLEMENTADO,True,"[""/api/v2/executions""]",6,2,1,[400],"[{""file"":""api-results.json"",""row"":591,""label"":""inventory-probe"",""http"":400},{""file"":""api-results.json"",""row"":592,""label"":""inventory-auth-control"",""http"":401},{""file"":""extended-api-results.json"",""row"":107,""label"":""extended-executions-create"",""http"":201},{""file"":""extended-api-results.json"",""row"":110,""label"":""extended-executions-replay"",""http"":200},{""file"":""auth-api-results.json"",""row"":422,""label"":""active-auth-control"",""http"":400},{""file"":""auth-api-results.json"",""row"":423,""label"":""invalid-credential-auth-negative"",""http"":401}]",IMPLEMENTADO means business-positive HTTP + anonymous negative at this route; does not certify every field or transition. PARCIAL can mean validation/auth exercised but no independent valid positive.
GET,/api/v2/executions/:id,IMPLEMENTADO,True,"[""/api/v2/executions/:id""]",7,2,1,[200],"[{""file"":""api-results.json"",""row"":168,""label"":""workflow-execution-read"",""http"":200},{""file"":""api-results.json"",""row"":589,""label"":""inventory-probe"",""http"":200},{""file"":""api-results.json"",""row"":590,""label"":""inventory-auth-control"",""http"":401},{""file"":""extended-api-results.json"",""row"":108,""label"":""extended-executions-read"",""http"":200},{""file"":""extended-api-results.json"",""row"":111,""label"":""extended-executions-foreign"",""http"":404},{""file"":""auth-api-results.json"",""row"":420,""label"":""active-auth-control"",""http"":200},{""file"":""auth-api-results.json"",""row"":421,""label"":""invalid-credential-auth-negative"",""http"":401}]",IMPLEMENTADO means business-positive HTTP + anonymous negative at this route; does not certify every field or transition. PARCIAL can mean validation/auth exercised but no independent valid positive.
GET,/api/v2/executions/:parentId/events,IMPLEMENTADO,True,"[""/api/v2/executions/:parentId/events""]",9,2,2,[200],"[{""file"":""api-results.json"",""row"":601,""label"":""inventory-probe"",""http"":200},{""file"":""api-results.json"",""row"":602,""label"":""inventory-auth-control"",""http"":401},{""file"":""auth-api-results.json"",""row"":432,""label"":""active-auth-control"",""http"":200},{""file"":""auth-api-results.json"",""row"":433,""label"":""invalid-credential-auth-negative"",""http"":401},{""file"":""pending-api-results.json"",""row"":55,""label"":""pending-events-fixture"",""http"":200},{""file"":""pending-api-results.json"",""row"":56,""label"":""pending-anonymous-or-revoked"",""http"":401},{""file"":""pending-api-results.json"",""row"":57,""label"":""pending-anonymous-or-revoked"",""http"":403},{""file"":""pending-api-results.json"",""row"":58,""label"":""pending-foreign"",""http"":404},{""file"":""pending-api-results.json"",""row"":59,""label"":""pending-functional-positive"",""http"":200}]",IMPLEMENTADO means business-positive HTTP + anonymous negative at this route; does not certify every field or transition. PARCIAL can mean validation/auth exercised but no independent valid positive.
GET,/api/v2/executions/:parentId/events/:id,IMPLEMENTADO,True,"[""/api/v2/executions/:parentId/events/:id""]",8,1,2,[404],"[{""file"":""api-results.json"",""row"":603,""label"":""inventory-probe"",""http"":404},{""file"":""api-results.json"",""row"":604,""label"":""inventory-auth-control"",""http"":401},{""file"":""auth-api-results.json"",""row"":434,""label"":""active-auth-control"",""http"":404},{""file"":""auth-api-results.json"",""row"":435,""label"":""invalid-credential-auth-negative"",""http"":401},{""file"":""pending-api-results.json"",""row"":60,""label"":""pending-anonymous-or-revoked"",""http"":401},{""file"":""pending-api-results.json"",""row"":61,""label"":""pending-anonymous-or-revoked"",""http"":403},{""file"":""pending-api-results.json"",""row"":62,""label"":""pending-foreign"",""http"":404},{""file"":""pending-api-results.json"",""row"":63,""label"":""pending-functional-positive"",""http"":200}]",IMPLEMENTADO means business-positive HTTP + anonymous negative at this route; does not certify every field or transition. PARCIAL can mean validation/auth exercised but no independent valid positive.
GET,/api/v2/executions/:parentId/incidents,IMPLEMENTADO,True,"[""/api/v2/executions/:parentId/incidents""]",8,1,2,[200],"[{""file"":""api-results.json"",""row"":593,""label"":""inventory-probe"",""http"":200},{""file"":""api-results.json"",""row"":594,""label"":""inventory-auth-control"",""http"":401},{""file"":""auth-api-results.json"",""row"":424,""label"":""active-auth-control"",""http"":200},{""file"":""auth-api-results.json"",""row"":425,""label"":""invalid-credential-auth-negative"",""http"":401},{""file"":""pending-api-results.json"",""row"":72,""label"":""pending-anonymous-or-revoked"",""http"":401},{""file"":""pending-api-results.json"",""row"":73,""label"":""pending-anonymous-or-revoked"",""http"":403},{""file"":""pending-api-results.json"",""row"":74,""label"":""pending-foreign"",""http"":404},{""file"":""pending-api-results.json"",""row"":75,""label"":""pending-functional-positive"",""http"":200}]",IMPLEMENTADO means business-positive HTTP + anonymous negative at this route; does not certify every field or transition. PARCIAL can mean validation/auth exercised but no independent valid positive.
GET,/api/v2/executions/:parentId/incidents/:id,IMPLEMENTADO,True,"[""/api/v2/executions/:parentId/incidents/:id""]",8,1,2,[404],"[{""file"":""api-results.json"",""row"":595,""label"":""inventory-probe"",""http"":404},{""file"":""api-results.json"",""row"":596,""label"":""inventory-auth-control"",""http"":401},{""file"":""auth-api-results.json"",""row"":426,""label"":""active-auth-control"",""http"":404},{""file"":""auth-api-results.json"",""row"":427,""label"":""invalid-credential-auth-negative"",""http"":401},{""file"":""pending-api-results.json"",""row"":76,""label"":""pending-anonymous-or-revoked"",""http"":401},{""file"":""pending-api-results.json"",""row"":77,""label"":""pending-anonymous-or-revoked"",""http"":403},{""file"":""pending-api-results.json"",""row"":78,""label"":""pending-foreign"",""http"":404},{""file"":""pending-api-results.json"",""row"":79,""label"":""pending-functional-positive"",""http"":200}]",IMPLEMENTADO means business-positive HTTP + anonymous negative at this route; does not certify every field or transition. PARCIAL can mean validation/auth exercised but no independent valid positive.
GET,/api/v2/facilities,IMPLEMENTADO,True,"[""/api/v2/facilities""]",7,3,1,[200],"[{""file"":""api-results.json"",""row"":323,""label"":""inventory-probe"",""http"":200},{""file"":""api-results.json"",""row"":324,""label"":""inventory-auth-control"",""http"":401},{""file"":""extended-api-results.json"",""row"":22,""label"":""extended-facilities-list"",""http"":200},{""file"":""auth-api-results.json"",""row"":4,""label"":""carrier-A-tenant-positive"",""http"":200},{""file"":""auth-api-results.json"",""row"":154,""label"":""active-auth-control"",""http"":200},{""file"":""auth-api-results.json"",""row"":155,""label"":""invalid-credential-auth-negative"",""http"":401},{""file"":""pending-api-results.json"",""row"":1,""label"":""pending-B-own-control"",""http"":200}]",IMPLEMENTADO means business-positive HTTP + anonymous negative at this route; does not certify every field or transition. PARCIAL can mean validation/auth exercised but no independent valid positive.
POST,/api/v2/facilities,IMPLEMENTADO,True,"[""/api/v2/facilities""]",6,2,1,[400],"[{""file"":""api-results.json"",""row"":327,""label"":""inventory-probe"",""http"":400},{""file"":""api-results.json"",""row"":328,""label"":""inventory-auth-control"",""http"":401},{""file"":""extended-api-results.json"",""row"":20,""label"":""extended-facilities-create"",""http"":201},{""file"":""extended-api-results.json"",""row"":23,""label"":""extended-facilities-replay"",""http"":200},{""file"":""auth-api-results.json"",""row"":158,""label"":""active-auth-control"",""http"":400},{""file"":""auth-api-results.json"",""row"":159,""label"":""invalid-credential-auth-negative"",""http"":401}]",IMPLEMENTADO means business-positive HTTP + anonymous negative at this route; does not certify every field or transition. PARCIAL can mean validation/auth exercised but no independent valid positive.
GET,/api/v2/facilities/:id,IMPLEMENTADO,True,"[""/api/v2/facilities/:id""]",6,1,1,[404],"[{""file"":""api-results.json"",""row"":325,""label"":""inventory-probe"",""http"":404},{""file"":""api-results.json"",""row"":326,""label"":""inventory-auth-control"",""http"":401},{""file"":""extended-api-results.json"",""row"":21,""label"":""extended-facilities-read"",""http"":200},{""file"":""extended-api-results.json"",""row"":24,""label"":""extended-facilities-foreign"",""http"":404},{""file"":""auth-api-results.json"",""row"":156,""label"":""active-auth-control"",""http"":404},{""file"":""auth-api-results.json"",""row"":157,""label"":""invalid-credential-auth-negative"",""http"":401}]",IMPLEMENTADO means business-positive HTTP + anonymous negative at this route; does not certify every field or transition. PARCIAL can mean validation/auth exercised but no independent valid positive.
POST,/api/v2/facilities/:id/revisions,IMPLEMENTADO,True,"[""/api/v2/facilities/:id/revisions""]",6,1,1,[400],"[{""file"":""api-results.json"",""row"":329,""label"":""inventory-probe"",""http"":400},{""file"":""api-results.json"",""row"":330,""label"":""inventory-auth-control"",""http"":401},{""file"":""extended-api-results.json"",""row"":25,""label"":""facility-revision"",""http"":200},{""file"":""extended-api-results.json"",""row"":26,""label"":""facility-stale"",""http"":409},{""file"":""auth-api-results.json"",""row"":160,""label"":""active-auth-control"",""http"":400},{""file"":""auth-api-results.json"",""row"":161,""label"":""invalid-credential-auth-negative"",""http"":401}]",IMPLEMENTADO means business-positive HTTP + anonymous negative at this route; does not certify every field or transition. PARCIAL can mean validation/auth exercised but no independent valid positive.
GET,/api/v2/freight/requests,IMPLEMENTADO,True,"[""/api/v2/freight/requests""]",5,1,1,[200],"[{""file"":""api-results.json"",""row"":309,""label"":""inventory-probe"",""http"":200},{""file"":""api-results.json"",""row"":310,""label"":""inventory-auth-control"",""http"":401},{""file"":""extended-api-results.json"",""row"":29,""label"":""extended-request-list"",""http"":200},{""file"":""auth-api-results.json"",""row"":140,""label"":""active-auth-control"",""http"":200},{""file"":""auth-api-results.json"",""row"":141,""label"":""invalid-credential-auth-negative"",""http"":401}]",IMPLEMENTADO means business-positive HTTP + anonymous negative at this route; does not certify every field or transition. PARCIAL can mean validation/auth exercised but no independent valid positive.
POST,/api/v2/freight/requests,IMPLEMENTADO,True,"[""/api/v2/freight/requests""]",11,5,1,[400],"[{""file"":""api-results.json"",""row"":129,""label"":""request-create"",""http"":201},{""file"":""api-results.json"",""row"":131,""label"":""request-replay"",""http"":200},{""file"":""api-results.json"",""row"":132,""label"":""request-hash-conflict"",""http"":409},{""file"":""api-results.json"",""row"":315,""label"":""inventory-probe"",""http"":400},{""file"":""api-results.json"",""row"":316,""label"":""inventory-auth-control"",""http"":401},{""file"":""extended-api-results.json"",""row"":27,""label"":""extended-request-create"",""http"":201},{""file"":""extended-api-results.json"",""row"":30,""label"":""extended-request-replay"",""http"":200},{""file"":""extended-api-results.json"",""row"":173,""label"":""new-category-request-negative"",""http"":400},{""file"":""extended-api-results.json"",""row"":174,""label"":""new-category-request-positive"",""http"":201},{""file"":""auth-api-results.json"",""row"":146,""label"":""active-auth-control"",""http"":400},{""file"":""auth-api-results.json"",""row"":147,""label"":""invalid-credential-auth-negative"",""http"":401}]",IMPLEMENTADO means business-positive HTTP + anonymous negative at this route; does not certify every field or transition. PARCIAL can mean validation/auth exercised but no independent valid positive.
GET,/api/v2/freight/requests/:id,IMPLEMENTADO,True,"[""/api/v2/freight/requests/:id""]",11,5,1,[200],"[{""file"":""api-results.json"",""row"":4,""label"":""tenant-positive"",""http"":200},{""file"":""api-results.json"",""row"":5,""label"":""tenant-negative"",""http"":404},{""file"":""api-results.json"",""row"":130,""label"":""request-read"",""http"":200},{""file"":""api-results.json"",""row"":319,""label"":""inventory-probe"",""http"":200},{""file"":""api-results.json"",""row"":320,""label"":""inventory-auth-control"",""http"":401},{""file"":""extended-api-results.json"",""row"":28,""label"":""extended-request-read"",""http"":200},{""file"":""extended-api-results.json"",""row"":31,""label"":""extended-request-foreign"",""http"":404},{""file"":""extended-api-results.json"",""row"":175,""label"":""planner-request-control"",""http"":200},{""file"":""auth-api-results.json"",""row"":150,""label"":""active-auth-control"",""http"":200},{""file"":""auth-api-results.json"",""row"":151,""label"":""invalid-credential-auth-negative"",""http"":401},{""file"":""contract-api-results.json"",""row"":7,""label"":""read-normalization-positive"",""http"":200}]",IMPLEMENTADO means business-positive HTTP + anonymous negative at this route; does not certify every field or transition. PARCIAL can mean validation/auth exercised but no independent valid positive.
POST,/api/v2/freight/requests/:id/revisions,IMPLEMENTADO,True,"[""/api/v2/freight/requests/:id/revisions""]",6,1,1,[400],"[{""file"":""api-results.json"",""row"":133,""label"":""request-revise"",""http"":200},{""file"":""api-results.json"",""row"":134,""label"":""request-stale"",""http"":409},{""file"":""api-results.json"",""row"":311,""label"":""inventory-probe"",""http"":400},{""file"":""api-results.json"",""row"":312,""label"":""inventory-auth-control"",""http"":401},{""file"":""auth-api-results.json"",""row"":142,""label"":""active-auth-control"",""http"":400},{""file"":""auth-api-results.json"",""row"":143,""label"":""invalid-credential-auth-negative"",""http"":401}]",IMPLEMENTADO means business-positive HTTP + anonymous negative at this route; does not certify every field or transition. PARCIAL can mean validation/auth exercised but no independent valid positive.
GET,/api/v2/freight/requests/:id/serviceability,IMPLEMENTADO,True,"[""/api/v2/freight/requests/:id/serviceability""]",5,1,1,[404],"[{""file"":""api-results.json"",""row"":135,""label"":""serviceability"",""http"":200},{""file"":""api-results.json"",""row"":317,""label"":""inventory-probe"",""http"":404},{""file"":""api-results.json"",""row"":318,""label"":""inventory-auth-control"",""http"":401},{""file"":""auth-api-results.json"",""row"":148,""label"":""active-auth-control"",""http"":404},{""file"":""auth-api-results.json"",""row"":149,""label"":""invalid-credential-auth-negative"",""http"":401}]",IMPLEMENTADO means business-positive HTTP + anonymous negative at this route; does not certify every field or transition. PARCIAL can mean validation/auth exercised but no independent valid positive.
POST,/api/v2/freight/requests/:id/submissions,IMPLEMENTADO,True,"[""/api/v2/freight/requests/:id/submissions""]",7,2,1,[400],"[{""file"":""api-results.json"",""row"":136,""label"":""request-submit"",""http"":200},{""file"":""api-results.json"",""row"":137,""label"":""request-double-submit"",""http"":409},{""file"":""api-results.json"",""row"":313,""label"":""inventory-probe"",""http"":400},{""file"":""api-results.json"",""row"":314,""label"":""inventory-auth-control"",""http"":401},{""file"":""extended-api-results.json"",""row"":32,""label"":""extended-submit"",""http"":200},{""file"":""auth-api-results.json"",""row"":144,""label"":""active-auth-control"",""http"":400},{""file"":""auth-api-results.json"",""row"":145,""label"":""invalid-credential-auth-negative"",""http"":401}]",IMPLEMENTADO means business-positive HTTP + anonymous negative at this route; does not certify every field or transition. PARCIAL can mean validation/auth exercised but no independent valid positive.
GET,/api/v2/freight/requests/:requestId/decisions,IMPLEMENTADO,True,"[""/api/v2/freight/requests/:requestId/decisions""]",6,2,1,[200],"[{""file"":""api-results.json"",""row"":165,""label"":""workflow-decision-list"",""http"":200},{""file"":""api-results.json"",""row"":569,""label"":""inventory-probe"",""http"":200},{""file"":""api-results.json"",""row"":570,""label"":""inventory-auth-control"",""http"":401},{""file"":""extended-api-results.json"",""row"":99,""label"":""extended-decisions-list"",""http"":200},{""file"":""auth-api-results.json"",""row"":400,""label"":""active-auth-control"",""http"":200},{""file"":""auth-api-results.json"",""row"":401,""label"":""invalid-credential-auth-negative"",""http"":401}]",IMPLEMENTADO means business-positive HTTP + anonymous negative at this route; does not certify every field or transition. PARCIAL can mean validation/auth exercised but no independent valid positive.
POST,/api/v2/freight/requests/:requestId/decisions,IMPLEMENTADO,True,"[""/api/v2/freight/requests/:requestId/decisions""]",6,2,1,[400],"[{""file"":""api-results.json"",""row"":573,""label"":""inventory-probe"",""http"":400},{""file"":""api-results.json"",""row"":574,""label"":""inventory-auth-control"",""http"":401},{""file"":""extended-api-results.json"",""row"":97,""label"":""extended-decisions-create"",""http"":201},{""file"":""extended-api-results.json"",""row"":100,""label"":""extended-decisions-replay"",""http"":200},{""file"":""auth-api-results.json"",""row"":404,""label"":""active-auth-control"",""http"":400},{""file"":""auth-api-results.json"",""row"":405,""label"":""invalid-credential-auth-negative"",""http"":401}]",IMPLEMENTADO means business-positive HTTP + anonymous negative at this route; does not certify every field or transition. PARCIAL can mean validation/auth exercised but no independent valid positive.
GET,/api/v2/freight/requests/:requestId/decisions/:id,IMPLEMENTADO,True,"[""/api/v2/freight/requests/:requestId/decisions/:id""]",7,2,1,[200],"[{""file"":""api-results.json"",""row"":164,""label"":""workflow-decision-read"",""http"":200},{""file"":""api-results.json"",""row"":571,""label"":""inventory-probe"",""http"":200},{""file"":""api-results.json"",""row"":572,""label"":""inventory-auth-control"",""http"":401},{""file"":""extended-api-results.json"",""row"":98,""label"":""extended-decisions-read"",""http"":200},{""file"":""extended-api-results.json"",""row"":101,""label"":""extended-decisions-foreign"",""http"":404},{""file"":""auth-api-results.json"",""row"":402,""label"":""active-auth-control"",""http"":200},{""file"":""auth-api-results.json"",""row"":403,""label"":""invalid-credential-auth-negative"",""http"":401}]",IMPLEMENTADO means business-positive HTTP + anonymous negative at this route; does not certify every field or transition. PARCIAL can mean validation/auth exercised but no independent valid positive.
POST,/api/v2/freight/requests/:requestId/decisions/:id/revocations,IMPLEMENTADO,True,"[""/api/v2/freight/requests/:requestId/decisions/:id/revocations""]",11,1,2,[400],"[{""file"":""api-results.json"",""row"":623,""label"":""inventory-probe"",""http"":400},{""file"":""api-results.json"",""row"":624,""label"":""inventory-auth-control"",""http"":401},{""file"":""extended-api-results.json"",""row"":164,""label"":""extended-revoke-decision"",""http"":409},{""file"":""auth-api-results.json"",""row"":454,""label"":""active-auth-control"",""http"":400},{""file"":""auth-api-results.json"",""row"":455,""label"":""invalid-credential-auth-negative"",""http"":401},{""file"":""pending-api-results.json"",""row"":201,""label"":""pending-anonymous-or-revoked"",""http"":401},{""file"":""pending-api-results.json"",""row"":202,""label"":""pending-anonymous-or-revoked"",""http"":403},{""file"":""pending-api-results.json"",""row"":203,""label"":""pending-foreign"",""http"":404},{""file"":""pending-api-results.json"",""row"":204,""label"":""pending-invalid-version"",""http"":409},{""file"":""pending-api-results.json"",""row"":205,""label"":""pending-functional-positive"",""http"":200},{""file"":""pending-api-results.json"",""row"":206,""label"":""pending-stale-after-positive"",""http"":409}]",IMPLEMENTADO means business-positive HTTP + anonymous negative at this route; does not certify every field or transition. PARCIAL can mean validation/auth exercised but no independent valid positive.
GET,/api/v2/freight/requests/:requestId/offers,IMPLEMENTADO,True,"[""/api/v2/freight/requests/:requestId/offers""]",8,1,2,[200],"[{""file"":""api-results.json"",""row"":559,""label"":""inventory-probe"",""http"":200},{""file"":""api-results.json"",""row"":560,""label"":""inventory-auth-control"",""http"":401},{""file"":""auth-api-results.json"",""row"":390,""label"":""active-auth-control"",""http"":200},{""file"":""auth-api-results.json"",""row"":391,""label"":""invalid-credential-auth-negative"",""http"":401},{""file"":""pending-api-results.json"",""row"":93,""label"":""pending-anonymous-or-revoked"",""http"":401},{""file"":""pending-api-results.json"",""row"":94,""label"":""pending-anonymous-or-revoked"",""http"":403},{""file"":""pending-api-results.json"",""row"":95,""label"":""pending-foreign"",""http"":404},{""file"":""pending-api-results.json"",""row"":96,""label"":""pending-functional-positive"",""http"":200}]",IMPLEMENTADO means business-positive HTTP + anonymous negative at this route; does not certify every field or transition. PARCIAL can mean validation/auth exercised but no independent valid positive.
GET,/api/v2/freight/requests/:requestId/offers/:id,IMPLEMENTADO,True,"[""/api/v2/freight/requests/:requestId/offers/:id""]",8,1,2,[200],"[{""file"":""api-results.json"",""row"":561,""label"":""inventory-probe"",""http"":200},{""file"":""api-results.json"",""row"":562,""label"":""inventory-auth-control"",""http"":401},{""file"":""auth-api-results.json"",""row"":392,""label"":""active-auth-control"",""http"":200},{""file"":""auth-api-results.json"",""row"":393,""label"":""invalid-credential-auth-negative"",""http"":401},{""file"":""pending-api-results.json"",""row"":97,""label"":""pending-anonymous-or-revoked"",""http"":401},{""file"":""pending-api-results.json"",""row"":98,""label"":""pending-anonymous-or-revoked"",""http"":403},{""file"":""pending-api-results.json"",""row"":99,""label"":""pending-foreign"",""http"":404},{""file"":""pending-api-results.json"",""row"":100,""label"":""pending-functional-positive"",""http"":200}]",IMPLEMENTADO means business-positive HTTP + anonymous negative at this route; does not certify every field or transition. PARCIAL can mean validation/auth exercised but no independent valid positive.
GET,/api/v2/freight/requests/:requestId/opportunities,IMPLEMENTADO,True,"[""/api/v2/freight/requests/:requestId/opportunities""]",5,1,1,[200],"[{""file"":""api-results.json"",""row"":553,""label"":""inventory-probe"",""http"":200},{""file"":""api-results.json"",""row"":554,""label"":""inventory-auth-control"",""http"":401},{""file"":""extended-api-results.json"",""row"":71,""label"":""extended-opportunities-list"",""http"":200},{""file"":""auth-api-results.json"",""row"":384,""label"":""active-auth-control"",""http"":200},{""file"":""auth-api-results.json"",""row"":385,""label"":""invalid-credential-auth-negative"",""http"":401}]",IMPLEMENTADO means business-positive HTTP + anonymous negative at this route; does not certify every field or transition. PARCIAL can mean validation/auth exercised but no independent valid positive.
POST,/api/v2/freight/requests/:requestId/opportunities,IMPLEMENTADO,True,"[""/api/v2/freight/requests/:requestId/opportunities""]",6,2,1,[400],"[{""file"":""api-results.json"",""row"":557,""label"":""inventory-probe"",""http"":400},{""file"":""api-results.json"",""row"":558,""label"":""inventory-auth-control"",""http"":401},{""file"":""extended-api-results.json"",""row"":69,""label"":""extended-opportunities-create"",""http"":201},{""file"":""extended-api-results.json"",""row"":72,""label"":""extended-opportunities-replay"",""http"":200},{""file"":""auth-api-results.json"",""row"":388,""label"":""active-auth-control"",""http"":400},{""file"":""auth-api-results.json"",""row"":389,""label"":""invalid-credential-auth-negative"",""http"":401}]",IMPLEMENTADO means business-positive HTTP + anonymous negative at this route; does not certify every field or transition. PARCIAL can mean validation/auth exercised but no independent valid positive.
GET,/api/v2/freight/requests/:requestId/opportunities/:id,IMPLEMENTADO,True,"[""/api/v2/freight/requests/:requestId/opportunities/:id""]",6,1,1,[200],"[{""file"":""api-results.json"",""row"":555,""label"":""inventory-probe"",""http"":200},{""file"":""api-results.json"",""row"":556,""label"":""inventory-auth-control"",""http"":401},{""file"":""extended-api-results.json"",""row"":70,""label"":""extended-opportunities-read"",""http"":200},{""file"":""extended-api-results.json"",""row"":73,""label"":""extended-opportunities-foreign"",""http"":404},{""file"":""auth-api-results.json"",""row"":386,""label"":""active-auth-control"",""http"":200},{""file"":""auth-api-results.json"",""row"":387,""label"":""invalid-credential-auth-negative"",""http"":401}]",IMPLEMENTADO means business-positive HTTP + anonymous negative at this route; does not certify every field or transition. PARCIAL can mean validation/auth exercised but no independent valid positive.
GET,/api/v2/freight/requests/:requestId/plans,IMPLEMENTADO,True,"[""/api/v2/freight/requests/:requestId/plans""]",6,2,1,[200],"[{""file"":""api-results.json"",""row"":157,""label"":""workflow-plan-list"",""http"":200},{""file"":""api-results.json"",""row"":547,""label"":""inventory-probe"",""http"":200},{""file"":""api-results.json"",""row"":548,""label"":""inventory-auth-control"",""http"":401},{""file"":""extended-api-results.json"",""row"":56,""label"":""extended-plans-list"",""http"":200},{""file"":""auth-api-results.json"",""row"":378,""label"":""active-auth-control"",""http"":200},{""file"":""auth-api-results.json"",""row"":379,""label"":""invalid-credential-auth-negative"",""http"":401}]",IMPLEMENTADO means business-positive HTTP + anonymous negative at this route; does not certify every field or transition. PARCIAL can mean validation/auth exercised but no independent valid positive.
POST,/api/v2/freight/requests/:requestId/plans,IMPLEMENTADO,True,"[""/api/v2/freight/requests/:requestId/plans""]",10,5,1,[400],"[{""file"":""api-results.json"",""row"":551,""label"":""inventory-probe"",""http"":400},{""file"":""api-results.json"",""row"":552,""label"":""inventory-auth-control"",""http"":401},{""file"":""extended-api-results.json"",""row"":54,""label"":""extended-plans-create"",""http"":201},{""file"":""extended-api-results.json"",""row"":57,""label"":""extended-plans-replay"",""http"":200},{""file"":""auth-api-results.json"",""row"":382,""label"":""active-auth-control"",""http"":400},{""file"":""auth-api-results.json"",""row"":383,""label"":""invalid-credential-auth-negative"",""http"":401},{""file"":""contract-api-results.json"",""row"":3,""label"":""route-plan-cardinality-positive"",""http"":201},{""file"":""contract-api-results.json"",""row"":4,""label"":""route-plan-second-valid"",""http"":201},{""file"":""contract-api-results.json"",""row"":5,""label"":""route-plan-identical-replay"",""http"":200},{""file"":""contract-api-results.json"",""row"":6,""label"":""route-plan-changed-payload-conflict"",""http"":409}]",IMPLEMENTADO means business-positive HTTP + anonymous negative at this route; does not certify every field or transition. PARCIAL can mean validation/auth exercised but no independent valid positive.
GET,/api/v2/freight/requests/:requestId/plans/:id,IMPLEMENTADO,True,"[""/api/v2/freight/requests/:requestId/plans/:id""]",7,2,1,[200],"[{""file"":""api-results.json"",""row"":156,""label"":""workflow-plan-read"",""http"":200},{""file"":""api-results.json"",""row"":549,""label"":""inventory-probe"",""http"":200},{""file"":""api-results.json"",""row"":550,""label"":""inventory-auth-control"",""http"":401},{""file"":""extended-api-results.json"",""row"":55,""label"":""extended-plans-read"",""http"":200},{""file"":""extended-api-results.json"",""row"":58,""label"":""extended-plans-foreign"",""http"":404},{""file"":""auth-api-results.json"",""row"":380,""label"":""active-auth-control"",""http"":200},{""file"":""auth-api-results.json"",""row"":381,""label"":""invalid-credential-auth-negative"",""http"":401}]",IMPLEMENTADO means business-positive HTTP + anonymous negative at this route; does not certify every field or transition. PARCIAL can mean validation/auth exercised but no independent valid positive.
GET,/api/v2/freight/requests/:requestId/ranking,IMPLEMENTADO,True,"[""/api/v2/freight/requests/:requestId/ranking""]",6,2,1,[200],"[{""file"":""api-results.json"",""row"":163,""label"":""workflow-ranking-list"",""http"":200},{""file"":""api-results.json"",""row"":563,""label"":""inventory-probe"",""http"":200},{""file"":""api-results.json"",""row"":564,""label"":""inventory-auth-control"",""http"":401},{""file"":""extended-api-results.json"",""row"":94,""label"":""extended-ranking-list"",""http"":200},{""file"":""auth-api-results.json"",""row"":394,""label"":""active-auth-control"",""http"":200},{""file"":""auth-api-results.json"",""row"":395,""label"":""invalid-credential-auth-negative"",""http"":401}]",IMPLEMENTADO means business-positive HTTP + anonymous negative at this route; does not certify every field or transition. PARCIAL can mean validation/auth exercised but no independent valid positive.
POST,/api/v2/freight/requests/:requestId/ranking,IMPLEMENTADO,True,"[""/api/v2/freight/requests/:requestId/ranking""]",6,2,1,[400],"[{""file"":""api-results.json"",""row"":567,""label"":""inventory-probe"",""http"":400},{""file"":""api-results.json"",""row"":568,""label"":""inventory-auth-control"",""http"":401},{""file"":""extended-api-results.json"",""row"":92,""label"":""extended-ranking-create"",""http"":201},{""file"":""extended-api-results.json"",""row"":95,""label"":""extended-ranking-replay"",""http"":200},{""file"":""auth-api-results.json"",""row"":398,""label"":""active-auth-control"",""http"":400},{""file"":""auth-api-results.json"",""row"":399,""label"":""invalid-credential-auth-negative"",""http"":401}]",IMPLEMENTADO means business-positive HTTP + anonymous negative at this route; does not certify every field or transition. PARCIAL can mean validation/auth exercised but no independent valid positive.
GET,/api/v2/freight/requests/:requestId/ranking/:id,IMPLEMENTADO,True,"[""/api/v2/freight/requests/:requestId/ranking/:id""]",7,2,1,[200],"[{""file"":""api-results.json"",""row"":162,""label"":""workflow-ranking-read"",""http"":200},{""file"":""api-results.json"",""row"":565,""label"":""inventory-probe"",""http"":200},{""file"":""api-results.json"",""row"":566,""label"":""inventory-auth-control"",""http"":401},{""file"":""extended-api-results.json"",""row"":93,""label"":""extended-ranking-read"",""http"":200},{""file"":""extended-api-results.json"",""row"":96,""label"":""extended-ranking-foreign"",""http"":404},{""file"":""auth-api-results.json"",""row"":396,""label"":""active-auth-control"",""http"":200},{""file"":""auth-api-results.json"",""row"":397,""label"":""invalid-credential-auth-negative"",""http"":401}]",IMPLEMENTADO means business-positive HTTP + anonymous negative at this route; does not certify every field or transition. PARCIAL can mean validation/auth exercised but no independent valid positive.
GET,/api/v2/freight/requests/:requestId/routes,IMPLEMENTADO,True,"[""/api/v2/freight/requests/:requestId/routes""]",6,2,1,[200],"[{""file"":""api-results.json"",""row"":155,""label"":""workflow-route-list"",""http"":200},{""file"":""api-results.json"",""row"":541,""label"":""inventory-probe"",""http"":200},{""file"":""api-results.json"",""row"":542,""label"":""inventory-auth-control"",""http"":401},{""file"":""extended-api-results.json"",""row"":51,""label"":""extended-routes-list"",""http"":200},{""file"":""auth-api-results.json"",""row"":372,""label"":""active-auth-control"",""http"":200},{""file"":""auth-api-results.json"",""row"":373,""label"":""invalid-credential-auth-negative"",""http"":401}]",IMPLEMENTADO means business-positive HTTP + anonymous negative at this route; does not certify every field or transition. PARCIAL can mean validation/auth exercised but no independent valid positive.
POST,/api/v2/freight/requests/:requestId/routes,IMPLEMENTADO,True,"[""/api/v2/freight/requests/:requestId/routes""]",6,2,1,[400],"[{""file"":""api-results.json"",""row"":545,""label"":""inventory-probe"",""http"":400},{""file"":""api-results.json"",""row"":546,""label"":""inventory-auth-control"",""http"":401},{""file"":""extended-api-results.json"",""row"":49,""label"":""extended-routes-create"",""http"":201},{""file"":""extended-api-results.json"",""row"":52,""label"":""extended-routes-replay"",""http"":200},{""file"":""auth-api-results.json"",""row"":376,""label"":""active-auth-control"",""http"":400},{""file"":""auth-api-results.json"",""row"":377,""label"":""invalid-credential-auth-negative"",""http"":401}]",IMPLEMENTADO means business-positive HTTP + anonymous negative at this route; does not certify every field or transition. PARCIAL can mean validation/auth exercised but no independent valid positive.
GET,/api/v2/freight/requests/:requestId/routes/:id,IMPLEMENTADO,True,"[""/api/v2/freight/requests/:requestId/routes/:id""]",7,2,1,[200],"[{""file"":""api-results.json"",""row"":154,""label"":""workflow-route-read"",""http"":200},{""file"":""api-results.json"",""row"":543,""label"":""inventory-probe"",""http"":200},{""file"":""api-results.json"",""row"":544,""label"":""inventory-auth-control"",""http"":401},{""file"":""extended-api-results.json"",""row"":50,""label"":""extended-routes-read"",""http"":200},{""file"":""extended-api-results.json"",""row"":53,""label"":""extended-routes-foreign"",""http"":404},{""file"":""auth-api-results.json"",""row"":374,""label"":""active-auth-control"",""http"":200},{""file"":""auth-api-results.json"",""row"":375,""label"":""invalid-credential-auth-negative"",""http"":401}]",IMPLEMENTADO means business-positive HTTP + anonymous negative at this route; does not certify every field or transition. PARCIAL can mean validation/auth exercised but no independent valid positive.
GET,/api/v2/incidents/:parentId/updates,IMPLEMENTADO,True,"[""/api/v2/incidents/:parentId/updates""]",9,2,2,[404],"[{""file"":""api-results.json"",""row"":597,""label"":""inventory-probe"",""http"":404},{""file"":""api-results.json"",""row"":598,""label"":""inventory-auth-control"",""http"":401},{""file"":""auth-api-results.json"",""row"":428,""label"":""active-auth-control"",""http"":404},{""file"":""auth-api-results.json"",""row"":429,""label"":""invalid-credential-auth-negative"",""http"":401},{""file"":""pending-api-results.json"",""row"":80,""label"":""pending-updates-fixture"",""http"":200},{""file"":""pending-api-results.json"",""row"":81,""label"":""pending-anonymous-or-revoked"",""http"":401},{""file"":""pending-api-results.json"",""row"":82,""label"":""pending-anonymous-or-revoked"",""http"":403},{""file"":""pending-api-results.json"",""row"":83,""label"":""pending-foreign"",""http"":404},{""file"":""pending-api-results.json"",""row"":84,""label"":""pending-functional-positive"",""http"":200}]",IMPLEMENTADO means business-positive HTTP + anonymous negative at this route; does not certify every field or transition. PARCIAL can mean validation/auth exercised but no independent valid positive.
GET,/api/v2/incidents/:parentId/updates/:id,IMPLEMENTADO,True,"[""/api/v2/incidents/:parentId/updates/:id""]",8,1,2,[404],"[{""file"":""api-results.json"",""row"":599,""label"":""inventory-probe"",""http"":404},{""file"":""api-results.json"",""row"":600,""label"":""inventory-auth-control"",""http"":401},{""file"":""auth-api-results.json"",""row"":430,""label"":""active-auth-control"",""http"":404},{""file"":""auth-api-results.json"",""row"":431,""label"":""invalid-credential-auth-negative"",""http"":401},{""file"":""pending-api-results.json"",""row"":85,""label"":""pending-anonymous-or-revoked"",""http"":401},{""file"":""pending-api-results.json"",""row"":86,""label"":""pending-anonymous-or-revoked"",""http"":403},{""file"":""pending-api-results.json"",""row"":87,""label"":""pending-foreign"",""http"":404},{""file"":""pending-api-results.json"",""row"":88,""label"":""pending-functional-positive"",""http"":200}]",IMPLEMENTADO means business-positive HTTP + anonymous negative at this route; does not certify every field or transition. PARCIAL can mean validation/auth exercised but no independent valid positive.
GET,/api/v2/intake/options,IMPLEMENTADO,True,"[""/api/v2/intake/options""]",8,2,2,[200],"[{""file"":""api-results.json"",""row"":321,""label"":""inventory-probe"",""http"":200},{""file"":""api-results.json"",""row"":322,""label"":""inventory-auth-control"",""http"":401},{""file"":""auth-api-results.json"",""row"":152,""label"":""active-auth-control"",""http"":200},{""file"":""auth-api-results.json"",""row"":153,""label"":""invalid-credential-auth-negative"",""http"":401},{""file"":""pending-api-results.json"",""row"":117,""label"":""pending-anonymous-or-revoked"",""http"":401},{""file"":""pending-api-results.json"",""row"":118,""label"":""pending-anonymous-or-revoked"",""http"":403},{""file"":""pending-api-results.json"",""row"":119,""label"":""pending-foreign"",""http"":200},{""file"":""pending-api-results.json"",""row"":120,""label"":""pending-functional-positive"",""http"":200}]",IMPLEMENTADO means business-positive HTTP + anonymous negative at this route; does not certify every field or transition. PARCIAL can mean validation/auth exercised but no independent valid positive.
GET,/api/v2/offers/:id,IMPLEMENTADO,True,"[""/api/v2/offers/:id""]",8,1,2,[200],"[{""file"":""api-results.json"",""row"":617,""label"":""inventory-probe"",""http"":200},{""file"":""api-results.json"",""row"":618,""label"":""inventory-auth-control"",""http"":401},{""file"":""auth-api-results.json"",""row"":448,""label"":""active-auth-control"",""http"":200},{""file"":""auth-api-results.json"",""row"":449,""label"":""invalid-credential-auth-negative"",""http"":401},{""file"":""pending-api-results.json"",""row"":109,""label"":""pending-anonymous-or-revoked"",""http"":401},{""file"":""pending-api-results.json"",""row"":110,""label"":""pending-anonymous-or-revoked"",""http"":403},{""file"":""pending-api-results.json"",""row"":111,""label"":""pending-foreign"",""http"":404},{""file"":""pending-api-results.json"",""row"":112,""label"":""pending-functional-positive"",""http"":200}]",IMPLEMENTADO means business-positive HTTP + anonymous negative at this route; does not certify every field or transition. PARCIAL can mean validation/auth exercised but no independent valid positive.
GET,/api/v2/organizations/current,IMPLEMENTADO,True,"[""/api/v2/organizations/current""]",9,3,2,[200],"[{""file"":""api-results.json"",""row"":1,""label"":""auth-positive"",""http"":200},{""file"":""api-results.json"",""row"":2,""label"":""auth-negative-anonymous"",""http"":401},{""file"":""api-results.json"",""row"":3,""label"":""auth-negative-revoked"",""http"":403},{""file"":""api-results.json"",""row"":6,""label"":""organization-read"",""http"":200},{""file"":""api-results.json"",""row"":331,""label"":""inventory-probe"",""http"":200},{""file"":""api-results.json"",""row"":332,""label"":""inventory-auth-control"",""http"":401},{""file"":""extended-api-results.json"",""row"":167,""label"":""missing-control-positive"",""http"":200},{""file"":""auth-api-results.json"",""row"":162,""label"":""active-auth-control"",""http"":200},{""file"":""auth-api-results.json"",""row"":163,""label"":""invalid-credential-auth-negative"",""http"":401}]",IMPLEMENTADO means business-positive HTTP + anonymous negative at this route; does not certify every field or transition. PARCIAL can mean validation/auth exercised but no independent valid positive.
GET,/api/v2/organizations/current/preferences,IMPLEMENTADO,True,"[""/api/v2/organizations/current/preferences""]",5,1,1,[200],"[{""file"":""api-results.json"",""row"":11,""label"":""preferences-list"",""http"":200},{""file"":""api-results.json"",""row"":335,""label"":""inventory-probe"",""http"":200},{""file"":""api-results.json"",""row"":336,""label"":""inventory-auth-control"",""http"":401},{""file"":""auth-api-results.json"",""row"":166,""label"":""active-auth-control"",""http"":200},{""file"":""auth-api-results.json"",""row"":167,""label"":""invalid-credential-auth-negative"",""http"":401}]",IMPLEMENTADO means business-positive HTTP + anonymous negative at this route; does not certify every field or transition. PARCIAL can mean validation/auth exercised but no independent valid positive.
POST,/api/v2/organizations/current/preferences,IMPLEMENTADO,True,"[""/api/v2/organizations/current/preferences""]",6,2,1,[400],"[{""file"":""api-results.json"",""row"":8,""label"":""preferences-create"",""http"":201},{""file"":""api-results.json"",""row"":9,""label"":""preferences-replay"",""http"":200},{""file"":""api-results.json"",""row"":339,""label"":""inventory-probe"",""http"":400},{""file"":""api-results.json"",""row"":340,""label"":""inventory-auth-control"",""http"":401},{""file"":""auth-api-results.json"",""row"":170,""label"":""active-auth-control"",""http"":400},{""file"":""auth-api-results.json"",""row"":171,""label"":""invalid-credential-auth-negative"",""http"":401}]",IMPLEMENTADO means business-positive HTTP + anonymous negative at this route; does not certify every field or transition. PARCIAL can mean validation/auth exercised but no independent valid positive.
GET,/api/v2/organizations/current/preferences/:id,IMPLEMENTADO,True,"[""/api/v2/organizations/current/preferences/:id""]",5,1,1,[200],"[{""file"":""api-results.json"",""row"":10,""label"":""preferences-read"",""http"":200},{""file"":""api-results.json"",""row"":337,""label"":""inventory-probe"",""http"":200},{""file"":""api-results.json"",""row"":338,""label"":""inventory-auth-control"",""http"":401},{""file"":""auth-api-results.json"",""row"":168,""label"":""active-auth-control"",""http"":200},{""file"":""auth-api-results.json"",""row"":169,""label"":""invalid-credential-auth-negative"",""http"":401}]",IMPLEMENTADO means business-positive HTTP + anonymous negative at this route; does not certify every field or transition. PARCIAL can mean validation/auth exercised but no independent valid positive.
POST,/api/v2/organizations/current/preferences/:id/revisions,IMPLEMENTADO,True,"[""/api/v2/organizations/current/preferences/:id/revisions""]",6,1,1,[400],"[{""file"":""api-results.json"",""row"":12,""label"":""preferences-revision"",""http"":200},{""file"":""api-results.json"",""row"":13,""label"":""preferences-stale"",""http"":409},{""file"":""api-results.json"",""row"":341,""label"":""inventory-probe"",""http"":400},{""file"":""api-results.json"",""row"":342,""label"":""inventory-auth-control"",""http"":401},{""file"":""auth-api-results.json"",""row"":172,""label"":""active-auth-control"",""http"":400},{""file"":""auth-api-results.json"",""row"":173,""label"":""invalid-credential-auth-negative"",""http"":401}]",IMPLEMENTADO means business-positive HTTP + anonymous negative at this route; does not certify every field or transition. PARCIAL can mean validation/auth exercised but no independent valid positive.
POST,/api/v2/organizations/current/revisions,IMPLEMENTADO,True,"[""/api/v2/organizations/current/revisions""]",5,1,1,[400],"[{""file"":""api-results.json"",""row"":7,""label"":""organization-revision"",""http"":200},{""file"":""api-results.json"",""row"":333,""label"":""inventory-probe"",""http"":400},{""file"":""api-results.json"",""row"":334,""label"":""inventory-auth-control"",""http"":401},{""file"":""auth-api-results.json"",""row"":164,""label"":""active-auth-control"",""http"":400},{""file"":""auth-api-results.json"",""row"":165,""label"":""invalid-credential-auth-negative"",""http"":401}]",IMPLEMENTADO means business-positive HTTP + anonymous negative at this route; does not certify every field or transition. PARCIAL can mean validation/auth exercised but no independent valid positive.
GET,/api/v2/plans/:id,IMPLEMENTADO,True,"[""/api/v2/plans/:id""]",8,1,2,[200],"[{""file"":""api-results.json"",""row"":615,""label"":""inventory-probe"",""http"":200},{""file"":""api-results.json"",""row"":616,""label"":""inventory-auth-control"",""http"":401},{""file"":""auth-api-results.json"",""row"":446,""label"":""active-auth-control"",""http"":200},{""file"":""auth-api-results.json"",""row"":447,""label"":""invalid-credential-auth-negative"",""http"":401},{""file"":""pending-api-results.json"",""row"":105,""label"":""pending-anonymous-or-revoked"",""http"":401},{""file"":""pending-api-results.json"",""row"":106,""label"":""pending-anonymous-or-revoked"",""http"":403},{""file"":""pending-api-results.json"",""row"":107,""label"":""pending-foreign"",""http"":404},{""file"":""pending-api-results.json"",""row"":108,""label"":""pending-functional-positive"",""http"":200}]",IMPLEMENTADO means business-positive HTTP + anonymous negative at this route; does not certify every field or transition. PARCIAL can mean validation/auth exercised but no independent valid positive.
GET,/api/v2/routes/:id,IMPLEMENTADO,True,"[""/api/v2/routes/:id""]",8,1,2,[200],"[{""file"":""api-results.json"",""row"":613,""label"":""inventory-probe"",""http"":200},{""file"":""api-results.json"",""row"":614,""label"":""inventory-auth-control"",""http"":401},{""file"":""auth-api-results.json"",""row"":444,""label"":""active-auth-control"",""http"":200},{""file"":""auth-api-results.json"",""row"":445,""label"":""invalid-credential-auth-negative"",""http"":401},{""file"":""pending-api-results.json"",""row"":101,""label"":""pending-anonymous-or-revoked"",""http"":401},{""file"":""pending-api-results.json"",""row"":102,""label"":""pending-anonymous-or-revoked"",""http"":403},{""file"":""pending-api-results.json"",""row"":103,""label"":""pending-foreign"",""http"":404},{""file"":""pending-api-results.json"",""row"":104,""label"":""pending-functional-positive"",""http"":200}]",IMPLEMENTADO means business-positive HTTP + anonymous negative at this route; does not certify every field or transition. PARCIAL can mean validation/auth exercised but no independent valid positive.
GET,/api/v2/routing/conditions,IMPLEMENTADO,True,"[""/api/v2/routing/conditions""]",7,3,1,[200],"[{""file"":""api-results.json"",""row"":525,""label"":""inventory-probe"",""http"":200},{""file"":""api-results.json"",""row"":526,""label"":""inventory-auth-control"",""http"":401},{""file"":""extended-api-results.json"",""row"":148,""label"":""extended-model-condition-list"",""http"":200},{""file"":""extended-api-results.json"",""row"":160,""label"":""extended-conditions-list"",""http"":200},{""file"":""extended-api-results.json"",""row"":185,""label"":""extended-planner-condition-list"",""http"":200},{""file"":""auth-api-results.json"",""row"":356,""label"":""active-auth-control"",""http"":200},{""file"":""auth-api-results.json"",""row"":357,""label"":""invalid-credential-auth-negative"",""http"":401}]",IMPLEMENTADO means business-positive HTTP + anonymous negative at this route; does not certify every field or transition. PARCIAL can mean validation/auth exercised but no independent valid positive.
POST,/api/v2/routing/conditions,IMPLEMENTADO,True,"[""/api/v2/routing/conditions""]",10,6,1,[400],"[{""file"":""api-results.json"",""row"":529,""label"":""inventory-probe"",""http"":400},{""file"":""api-results.json"",""row"":530,""label"":""inventory-auth-control"",""http"":401},{""file"":""extended-api-results.json"",""row"":146,""label"":""extended-model-condition-create"",""http"":201},{""file"":""extended-api-results.json"",""row"":149,""label"":""extended-model-condition-replay"",""http"":200},{""file"":""extended-api-results.json"",""row"":158,""label"":""extended-conditions-create"",""http"":201},{""file"":""extended-api-results.json"",""row"":161,""label"":""extended-conditions-replay"",""http"":200},{""file"":""extended-api-results.json"",""row"":183,""label"":""extended-planner-condition-create"",""http"":201},{""file"":""extended-api-results.json"",""row"":186,""label"":""extended-planner-condition-replay"",""http"":200},{""file"":""auth-api-results.json"",""row"":360,""label"":""active-auth-control"",""http"":400},{""file"":""auth-api-results.json"",""row"":361,""label"":""invalid-credential-auth-negative"",""http"":401}]",IMPLEMENTADO means business-positive HTTP + anonymous negative at this route; does not certify every field or transition. PARCIAL can mean validation/auth exercised but no independent valid positive.
GET,/api/v2/routing/conditions/:id,IMPLEMENTADO,True,"[""/api/v2/routing/conditions/:id""]",11,7,1,[404],"[{""file"":""api-results.json"",""row"":527,""label"":""inventory-probe"",""http"":404},{""file"":""api-results.json"",""row"":528,""label"":""inventory-auth-control"",""http"":401},{""file"":""extended-api-results.json"",""row"":147,""label"":""extended-model-condition-read"",""http"":200},{""file"":""extended-api-results.json"",""row"":150,""label"":""extended-model-condition-foreign"",""http"":200},{""file"":""extended-api-results.json"",""row"":159,""label"":""extended-conditions-read"",""http"":200},{""file"":""extended-api-results.json"",""row"":162,""label"":""extended-conditions-foreign"",""http"":200},{""file"":""extended-api-results.json"",""row"":184,""label"":""extended-planner-condition-read"",""http"":200},{""file"":""extended-api-results.json"",""row"":187,""label"":""extended-planner-condition-foreign"",""http"":200},{""file"":""auth-api-results.json"",""row"":358,""label"":""active-auth-control"",""http"":404},{""file"":""auth-api-results.json"",""row"":359,""label"":""invalid-credential-auth-negative"",""http"":401},{""file"":""pending-api-results.json"",""row"":121,""label"":""pending-current-version-control"",""http"":200}]",IMPLEMENTADO means business-positive HTTP + anonymous negative at this route; does not certify every field or transition. PARCIAL can mean validation/auth exercised but no independent valid positive.
POST,/api/v2/routing/conditions/:id/revisions,IMPLEMENTADO,True,"[""/api/v2/routing/conditions/:id/revisions""]",10,1,2,[400],"[{""file"":""api-results.json"",""row"":531,""label"":""inventory-probe"",""http"":400},{""file"":""api-results.json"",""row"":532,""label"":""inventory-auth-control"",""http"":401},{""file"":""auth-api-results.json"",""row"":362,""label"":""active-auth-control"",""http"":400},{""file"":""auth-api-results.json"",""row"":363,""label"":""invalid-credential-auth-negative"",""http"":401},{""file"":""pending-api-results.json"",""row"":122,""label"":""pending-anonymous-or-revoked"",""http"":401},{""file"":""pending-api-results.json"",""row"":123,""label"":""pending-anonymous-or-revoked"",""http"":403},{""file"":""pending-api-results.json"",""row"":124,""label"":""pending-foreign"",""http"":403},{""file"":""pending-api-results.json"",""row"":125,""label"":""pending-invalid-version"",""http"":409},{""file"":""pending-api-results.json"",""row"":126,""label"":""pending-functional-positive"",""http"":200},{""file"":""pending-api-results.json"",""row"":127,""label"":""pending-stale-after-positive"",""http"":409}]",IMPLEMENTADO means business-positive HTTP + anonymous negative at this route; does not certify every field or transition. PARCIAL can mean validation/auth exercised but no independent valid positive.
GET,/api/v2/routing/corridors,IMPLEMENTADO,True,"[""/api/v2/routing/corridors""]",6,2,1,[200],"[{""file"":""api-results.json"",""row"":147,""label"":""workflow-corridor-list"",""http"":200},{""file"":""api-results.json"",""row"":509,""label"":""inventory-probe"",""http"":200},{""file"":""api-results.json"",""row"":510,""label"":""inventory-auth-control"",""http"":401},{""file"":""extended-api-results.json"",""row"":35,""label"":""extended-corridors-list"",""http"":200},{""file"":""auth-api-results.json"",""row"":340,""label"":""active-auth-control"",""http"":200},{""file"":""auth-api-results.json"",""row"":341,""label"":""invalid-credential-auth-negative"",""http"":401}]",IMPLEMENTADO means business-positive HTTP + anonymous negative at this route; does not certify every field or transition. PARCIAL can mean validation/auth exercised but no independent valid positive.
POST,/api/v2/routing/corridors,IMPLEMENTADO,True,"[""/api/v2/routing/corridors""]",6,2,1,[400],"[{""file"":""api-results.json"",""row"":513,""label"":""inventory-probe"",""http"":400},{""file"":""api-results.json"",""row"":514,""label"":""inventory-auth-control"",""http"":401},{""file"":""extended-api-results.json"",""row"":33,""label"":""extended-corridors-create"",""http"":201},{""file"":""extended-api-results.json"",""row"":36,""label"":""extended-corridors-replay"",""http"":200},{""file"":""auth-api-results.json"",""row"":344,""label"":""active-auth-control"",""http"":400},{""file"":""auth-api-results.json"",""row"":345,""label"":""invalid-credential-auth-negative"",""http"":401}]",IMPLEMENTADO means business-positive HTTP + anonymous negative at this route; does not certify every field or transition. PARCIAL can mean validation/auth exercised but no independent valid positive.
GET,/api/v2/routing/corridors/:id,IMPLEMENTADO,True,"[""/api/v2/routing/corridors/:id""]",8,4,1,[200],"[{""file"":""api-results.json"",""row"":146,""label"":""workflow-corridor-read"",""http"":200},{""file"":""api-results.json"",""row"":511,""label"":""inventory-probe"",""http"":200},{""file"":""api-results.json"",""row"":512,""label"":""inventory-auth-control"",""http"":401},{""file"":""extended-api-results.json"",""row"":34,""label"":""extended-corridors-read"",""http"":200},{""file"":""extended-api-results.json"",""row"":37,""label"":""extended-corridors-foreign"",""http"":200},{""file"":""auth-api-results.json"",""row"":342,""label"":""active-auth-control"",""http"":200},{""file"":""auth-api-results.json"",""row"":343,""label"":""invalid-credential-auth-negative"",""http"":401},{""file"":""pending-api-results.json"",""row"":128,""label"":""pending-current-version-control"",""http"":200}]",IMPLEMENTADO means business-positive HTTP + anonymous negative at this route; does not certify every field or transition. PARCIAL can mean validation/auth exercised but no independent valid positive.
POST,/api/v2/routing/corridors/:id/revisions,IMPLEMENTADO,True,"[""/api/v2/routing/corridors/:id/revisions""]",10,1,2,[400],"[{""file"":""api-results.json"",""row"":515,""label"":""inventory-probe"",""http"":400},{""file"":""api-results.json"",""row"":516,""label"":""inventory-auth-control"",""http"":401},{""file"":""auth-api-results.json"",""row"":346,""label"":""active-auth-control"",""http"":400},{""file"":""auth-api-results.json"",""row"":347,""label"":""invalid-credential-auth-negative"",""http"":401},{""file"":""pending-api-results.json"",""row"":129,""label"":""pending-anonymous-or-revoked"",""http"":401},{""file"":""pending-api-results.json"",""row"":130,""label"":""pending-anonymous-or-revoked"",""http"":403},{""file"":""pending-api-results.json"",""row"":131,""label"":""pending-foreign"",""http"":403},{""file"":""pending-api-results.json"",""row"":132,""label"":""pending-invalid-version"",""http"":409},{""file"":""pending-api-results.json"",""row"":133,""label"":""pending-functional-positive"",""http"":200},{""file"":""pending-api-results.json"",""row"":134,""label"":""pending-stale-after-positive"",""http"":409}]",IMPLEMENTADO means business-positive HTTP + anonymous negative at this route; does not certify every field or transition. PARCIAL can mean validation/auth exercised but no independent valid positive.
GET,/api/v2/routing/nodes,IMPLEMENTADO,True,"[""/api/v2/routing/nodes""]",6,2,1,[200],"[{""file"":""api-results.json"",""row"":143,""label"":""workflow-origin-list"",""http"":200},{""file"":""api-results.json"",""row"":145,""label"":""workflow-destination-list"",""http"":200},{""file"":""api-results.json"",""row"":501,""label"":""inventory-probe"",""http"":200},{""file"":""api-results.json"",""row"":502,""label"":""inventory-auth-control"",""http"":401},{""file"":""auth-api-results.json"",""row"":332,""label"":""active-auth-control"",""http"":200},{""file"":""auth-api-results.json"",""row"":333,""label"":""invalid-credential-auth-negative"",""http"":401}]",IMPLEMENTADO means business-positive HTTP + anonymous negative at this route; does not certify every field or transition. PARCIAL can mean validation/auth exercised but no independent valid positive.
POST,/api/v2/routing/nodes,IMPLEMENTADO,True,"[""/api/v2/routing/nodes""]",5,1,1,[400],"[{""file"":""api-results.json"",""row"":138,""label"":""node-create"",""http"":201},{""file"":""api-results.json"",""row"":505,""label"":""inventory-probe"",""http"":400},{""file"":""api-results.json"",""row"":506,""label"":""inventory-auth-control"",""http"":401},{""file"":""auth-api-results.json"",""row"":336,""label"":""active-auth-control"",""http"":400},{""file"":""auth-api-results.json"",""row"":337,""label"":""invalid-credential-auth-negative"",""http"":401}]",IMPLEMENTADO means business-positive HTTP + anonymous negative at this route; does not certify every field or transition. PARCIAL can mean validation/auth exercised but no independent valid positive.
GET,/api/v2/routing/nodes/:id,IMPLEMENTADO,True,"[""/api/v2/routing/nodes/:id""]",7,3,1,[200],"[{""file"":""api-results.json"",""row"":139,""label"":""node-read"",""http"":200},{""file"":""api-results.json"",""row"":142,""label"":""workflow-origin-read"",""http"":200},{""file"":""api-results.json"",""row"":144,""label"":""workflow-destination-read"",""http"":200},{""file"":""api-results.json"",""row"":503,""label"":""inventory-probe"",""http"":200},{""file"":""api-results.json"",""row"":504,""label"":""inventory-auth-control"",""http"":401},{""file"":""auth-api-results.json"",""row"":334,""label"":""active-auth-control"",""http"":200},{""file"":""auth-api-results.json"",""row"":335,""label"":""invalid-credential-auth-negative"",""http"":401}]",IMPLEMENTADO means business-positive HTTP + anonymous negative at this route; does not certify every field or transition. PARCIAL can mean validation/auth exercised but no independent valid positive.
POST,/api/v2/routing/nodes/:id/revisions,IMPLEMENTADO,True,"[""/api/v2/routing/nodes/:id/revisions""]",6,1,1,[400],"[{""file"":""api-results.json"",""row"":140,""label"":""node-revision"",""http"":200},{""file"":""api-results.json"",""row"":141,""label"":""node-stale"",""http"":409},{""file"":""api-results.json"",""row"":507,""label"":""inventory-probe"",""http"":400},{""file"":""api-results.json"",""row"":508,""label"":""inventory-auth-control"",""http"":401},{""file"":""auth-api-results.json"",""row"":338,""label"":""active-auth-control"",""http"":400},{""file"":""auth-api-results.json"",""row"":339,""label"":""invalid-credential-auth-negative"",""http"":401}]",IMPLEMENTADO means business-positive HTTP + anonymous negative at this route; does not certify every field or transition. PARCIAL can mean validation/auth exercised but no independent valid positive.
GET,/api/v2/routing/policies,IMPLEMENTADO,True,"[""/api/v2/routing/policies""]",6,2,1,[200],"[{""file"":""api-results.json"",""row"":149,""label"":""workflow-policy-list"",""http"":200},{""file"":""api-results.json"",""row"":517,""label"":""inventory-probe"",""http"":200},{""file"":""api-results.json"",""row"":518,""label"":""inventory-auth-control"",""http"":401},{""file"":""extended-api-results.json"",""row"":40,""label"":""extended-route-policies-list"",""http"":200},{""file"":""auth-api-results.json"",""row"":348,""label"":""active-auth-control"",""http"":200},{""file"":""auth-api-results.json"",""row"":349,""label"":""invalid-credential-auth-negative"",""http"":401}]",IMPLEMENTADO means business-positive HTTP + anonymous negative at this route; does not certify every field or transition. PARCIAL can mean validation/auth exercised but no independent valid positive.
POST,/api/v2/routing/policies,IMPLEMENTADO,True,"[""/api/v2/routing/policies""]",6,2,1,[400],"[{""file"":""api-results.json"",""row"":521,""label"":""inventory-probe"",""http"":400},{""file"":""api-results.json"",""row"":522,""label"":""inventory-auth-control"",""http"":401},{""file"":""extended-api-results.json"",""row"":38,""label"":""extended-route-policies-create"",""http"":201},{""file"":""extended-api-results.json"",""row"":41,""label"":""extended-route-policies-replay"",""http"":200},{""file"":""auth-api-results.json"",""row"":352,""label"":""active-auth-control"",""http"":400},{""file"":""auth-api-results.json"",""row"":353,""label"":""invalid-credential-auth-negative"",""http"":401}]",IMPLEMENTADO means business-positive HTTP + anonymous negative at this route; does not certify every field or transition. PARCIAL can mean validation/auth exercised but no independent valid positive.
GET,/api/v2/routing/policies/:id,IMPLEMENTADO,True,"[""/api/v2/routing/policies/:id""]",8,4,1,[200],"[{""file"":""api-results.json"",""row"":148,""label"":""workflow-policy-read"",""http"":200},{""file"":""api-results.json"",""row"":519,""label"":""inventory-probe"",""http"":200},{""file"":""api-results.json"",""row"":520,""label"":""inventory-auth-control"",""http"":401},{""file"":""extended-api-results.json"",""row"":39,""label"":""extended-route-policies-read"",""http"":200},{""file"":""extended-api-results.json"",""row"":42,""label"":""extended-route-policies-foreign"",""http"":200},{""file"":""auth-api-results.json"",""row"":350,""label"":""active-auth-control"",""http"":200},{""file"":""auth-api-results.json"",""row"":351,""label"":""invalid-credential-auth-negative"",""http"":401},{""file"":""pending-api-results.json"",""row"":135,""label"":""pending-current-version-control"",""http"":200}]",IMPLEMENTADO means business-positive HTTP + anonymous negative at this route; does not certify every field or transition. PARCIAL can mean validation/auth exercised but no independent valid positive.
POST,/api/v2/routing/policies/:id/revisions,IMPLEMENTADO,True,"[""/api/v2/routing/policies/:id/revisions""]",10,1,2,[400],"[{""file"":""api-results.json"",""row"":523,""label"":""inventory-probe"",""http"":400},{""file"":""api-results.json"",""row"":524,""label"":""inventory-auth-control"",""http"":401},{""file"":""auth-api-results.json"",""row"":354,""label"":""active-auth-control"",""http"":400},{""file"":""auth-api-results.json"",""row"":355,""label"":""invalid-credential-auth-negative"",""http"":401},{""file"":""pending-api-results.json"",""row"":136,""label"":""pending-anonymous-or-revoked"",""http"":401},{""file"":""pending-api-results.json"",""row"":137,""label"":""pending-anonymous-or-revoked"",""http"":403},{""file"":""pending-api-results.json"",""row"":138,""label"":""pending-foreign"",""http"":403},{""file"":""pending-api-results.json"",""row"":139,""label"":""pending-invalid-version"",""http"":409},{""file"":""pending-api-results.json"",""row"":140,""label"":""pending-functional-positive"",""http"":200},{""file"":""pending-api-results.json"",""row"":141,""label"":""pending-stale-after-positive"",""http"":409}]",IMPLEMENTADO means business-positive HTTP + anonymous negative at this route; does not certify every field or transition. PARCIAL can mean validation/auth exercised but no independent valid positive.
GET,/api/v2/scoring/policies,IMPLEMENTADO,True,"[""/api/v2/scoring/policies""]",6,2,1,[200],"[{""file"":""api-results.json"",""row"":153,""label"":""workflow-scorepolicy-list"",""http"":200},{""file"":""api-results.json"",""row"":533,""label"":""inventory-probe"",""http"":200},{""file"":""api-results.json"",""row"":534,""label"":""inventory-auth-control"",""http"":401},{""file"":""extended-api-results.json"",""row"":89,""label"":""extended-scoring-policies-list"",""http"":200},{""file"":""auth-api-results.json"",""row"":364,""label"":""active-auth-control"",""http"":200},{""file"":""auth-api-results.json"",""row"":365,""label"":""invalid-credential-auth-negative"",""http"":401}]",IMPLEMENTADO means business-positive HTTP + anonymous negative at this route; does not certify every field or transition. PARCIAL can mean validation/auth exercised but no independent valid positive.
POST,/api/v2/scoring/policies,IMPLEMENTADO,True,"[""/api/v2/scoring/policies""]",6,2,1,[400],"[{""file"":""api-results.json"",""row"":537,""label"":""inventory-probe"",""http"":400},{""file"":""api-results.json"",""row"":538,""label"":""inventory-auth-control"",""http"":401},{""file"":""extended-api-results.json"",""row"":87,""label"":""extended-scoring-policies-create"",""http"":201},{""file"":""extended-api-results.json"",""row"":90,""label"":""extended-scoring-policies-replay"",""http"":200},{""file"":""auth-api-results.json"",""row"":368,""label"":""active-auth-control"",""http"":400},{""file"":""auth-api-results.json"",""row"":369,""label"":""invalid-credential-auth-negative"",""http"":401}]",IMPLEMENTADO means business-positive HTTP + anonymous negative at this route; does not certify every field or transition. PARCIAL can mean validation/auth exercised but no independent valid positive.
GET,/api/v2/scoring/policies/:id,IMPLEMENTADO,True,"[""/api/v2/scoring/policies/:id""]",8,4,1,[200],"[{""file"":""api-results.json"",""row"":152,""label"":""workflow-scorepolicy-read"",""http"":200},{""file"":""api-results.json"",""row"":535,""label"":""inventory-probe"",""http"":200},{""file"":""api-results.json"",""row"":536,""label"":""inventory-auth-control"",""http"":401},{""file"":""extended-api-results.json"",""row"":88,""label"":""extended-scoring-policies-read"",""http"":200},{""file"":""extended-api-results.json"",""row"":91,""label"":""extended-scoring-policies-foreign"",""http"":200},{""file"":""auth-api-results.json"",""row"":366,""label"":""active-auth-control"",""http"":200},{""file"":""auth-api-results.json"",""row"":367,""label"":""invalid-credential-auth-negative"",""http"":401},{""file"":""pending-api-results.json"",""row"":142,""label"":""pending-current-version-control"",""http"":200}]",IMPLEMENTADO means business-positive HTTP + anonymous negative at this route; does not certify every field or transition. PARCIAL can mean validation/auth exercised but no independent valid positive.
POST,/api/v2/scoring/policies/:id/revisions,IMPLEMENTADO,True,"[""/api/v2/scoring/policies/:id/revisions""]",10,1,2,[400],"[{""file"":""api-results.json"",""row"":539,""label"":""inventory-probe"",""http"":400},{""file"":""api-results.json"",""row"":540,""label"":""inventory-auth-control"",""http"":401},{""file"":""auth-api-results.json"",""row"":370,""label"":""active-auth-control"",""http"":400},{""file"":""auth-api-results.json"",""row"":371,""label"":""invalid-credential-auth-negative"",""http"":401},{""file"":""pending-api-results.json"",""row"":143,""label"":""pending-anonymous-or-revoked"",""http"":401},{""file"":""pending-api-results.json"",""row"":144,""label"":""pending-anonymous-or-revoked"",""http"":403},{""file"":""pending-api-results.json"",""row"":145,""label"":""pending-foreign"",""http"":403},{""file"":""pending-api-results.json"",""row"":146,""label"":""pending-invalid-version"",""http"":409},{""file"":""pending-api-results.json"",""row"":147,""label"":""pending-functional-positive"",""http"":200},{""file"":""pending-api-results.json"",""row"":148,""label"":""pending-stale-after-positive"",""http"":409}]",IMPLEMENTADO means business-positive HTTP + anonymous negative at this route; does not certify every field or transition. PARCIAL can mean validation/auth exercised but no independent valid positive.
POST,/api/v2/plans/:id/assignments/:assignmentId/partner,IMPLEMENTADO,True,"[""/api/v2/plans/:id/assignments/:parentId/partner""]",8,1,2,[400],"[{""file"":""api-results.json"",""row"":621,""label"":""inventory-probe"",""http"":400},{""file"":""api-results.json"",""row"":622,""label"":""inventory-auth-control"",""http"":401},{""file"":""extended-api-results.json"",""row"":65,""label"":""model-partner-positive"",""http"":200},{""file"":""extended-api-results.json"",""row"":66,""label"":""model-partner-anonymous"",""http"":401},{""file"":""extended-api-results.json"",""row"":67,""label"":""model-partner-foreign"",""http"":404},{""file"":""extended-api-results.json"",""row"":68,""label"":""model-partner-stale"",""http"":409},{""file"":""auth-api-results.json"",""row"":452,""label"":""active-auth-control"",""http"":400},{""file"":""auth-api-results.json"",""row"":453,""label"":""invalid-credential-auth-negative"",""http"":401}]",IMPLEMENTADO means business-positive HTTP + anonymous negative at this route; does not certify every field or transition. PARCIAL can mean validation/auth exercised but no independent valid positive.
POST,/api/v2/carriers/:carrierId/incidents/:id/conditions,IMPLEMENTADO,True,"[""/api/v2/carriers/:carrierId/incidents/:id/conditions""]",8,1,2,[400],"[{""file"":""api-results.json"",""row"":285,""label"":""inventory-probe"",""http"":400},{""file"":""api-results.json"",""row"":286,""label"":""inventory-auth-control"",""http"":401},{""file"":""extended-api-results.json"",""row"":151,""label"":""model-incident-positive"",""http"":200},{""file"":""extended-api-results.json"",""row"":152,""label"":""model-incident-anonymous"",""http"":401},{""file"":""extended-api-results.json"",""row"":153,""label"":""model-incident-foreign"",""http"":403},{""file"":""extended-api-results.json"",""row"":154,""label"":""model-incident-stale"",""http"":409},{""file"":""auth-api-results.json"",""row"":116,""label"":""active-auth-control"",""http"":400},{""file"":""auth-api-results.json"",""row"":117,""label"":""invalid-credential-auth-negative"",""http"":401}]",IMPLEMENTADO means business-positive HTTP + anonymous negative at this route; does not certify every field or transition. PARCIAL can mean validation/auth exercised but no independent valid positive.
POST,/api/v2/freight/requests/:requestId/route-alternatives,IMPLEMENTADO,True,"[""/api/v2/freight/requests/:requestId/route-alternatives""]",8,1,2,[400],"[{""file"":""api-results.json"",""row"":497,""label"":""inventory-probe"",""http"":400},{""file"":""api-results.json"",""row"":498,""label"":""inventory-auth-control"",""http"":401},{""file"":""extended-api-results.json"",""row"":176,""label"":""planner-find-positive"",""http"":201},{""file"":""extended-api-results.json"",""row"":177,""label"":""planner-find-anonymous"",""http"":401},{""file"":""extended-api-results.json"",""row"":178,""label"":""planner-find-foreign"",""http"":404},{""file"":""extended-api-results.json"",""row"":179,""label"":""planner-find-stale"",""http"":409},{""file"":""auth-api-results.json"",""row"":328,""label"":""active-auth-control"",""http"":400},{""file"":""auth-api-results.json"",""row"":329,""label"":""invalid-credential-auth-negative"",""http"":401}]",IMPLEMENTADO means business-positive HTTP + anonymous negative at this route; does not certify every field or transition. PARCIAL can mean validation/auth exercised but no independent valid positive.
POST,/api/v2/routes/:id/replans,IMPLEMENTADO,True,"[""/api/v2/routes/:id/replans""]",7,1,2,[400],"[{""file"":""api-results.json"",""row"":499,""label"":""inventory-probe"",""http"":400},{""file"":""api-results.json"",""row"":500,""label"":""inventory-auth-control"",""http"":401},{""file"":""extended-api-results.json"",""row"":188,""label"":""planner-replan-positive"",""http"":201},{""file"":""extended-api-results.json"",""row"":189,""label"":""planner-replan-anonymous"",""http"":401},{""file"":""extended-api-results.json"",""row"":190,""label"":""planner-replan-foreign"",""http"":404},{""file"":""auth-api-results.json"",""row"":330,""label"":""active-auth-control"",""http"":400},{""file"":""auth-api-results.json"",""row"":331,""label"":""invalid-credential-auth-negative"",""http"":401}]",IMPLEMENTADO means business-positive HTTP + anonymous negative at this route; does not certify every field or transition. PARCIAL can mean validation/auth exercised but no independent valid positive.
GET,/api/v2/routes/:id/explanation,IMPLEMENTADO,True,"[""/api/v2/routes/:id/explanation""]",7,1,2,[404],"[{""file"":""api-results.json"",""row"":495,""label"":""inventory-probe"",""http"":404},{""file"":""api-results.json"",""row"":496,""label"":""inventory-auth-control"",""http"":401},{""file"":""extended-api-results.json"",""row"":180,""label"":""planner-explain-positive"",""http"":200},{""file"":""extended-api-results.json"",""row"":181,""label"":""planner-explain-anonymous"",""http"":401},{""file"":""extended-api-results.json"",""row"":182,""label"":""planner-explain-foreign"",""http"":404},{""file"":""auth-api-results.json"",""row"":326,""label"":""active-auth-control"",""http"":404},{""file"":""auth-api-results.json"",""row"":327,""label"":""invalid-credential-auth-negative"",""http"":401}]",IMPLEMENTADO means business-positive HTTP + anonymous negative at this route; does not certify every field or transition. PARCIAL can mean validation/auth exercised but no independent valid positive.
GET,/api/v2/organizations/current/members,IMPLEMENTADO,True,"[""/api/v2/organizations/current/members""]",13,4,5,[200],"[{""file"":""api-results.json"",""row"":179,""label"":""inventory-probe"",""http"":200},{""file"":""api-results.json"",""row"":180,""label"":""inventory-auth-control"",""http"":401},{""file"":""extended-api-results.json"",""row"":170,""label"":""proposal-route-presence-probe"",""http"":200},{""file"":""auth-api-results.json"",""row"":10,""label"":""active-auth-control"",""http"":200},{""file"":""auth-api-results.json"",""row"":11,""label"":""invalid-credential-auth-negative"",""http"":401},{""file"":""identity-api-results.json"",""row"":3,""label"":""members read"",""http"":200},{""file"":""identity-api-results.json"",""row"":4,""label"":""members read anonymous paired control"",""http"":401},{""file"":""identity-api-results.json"",""row"":9,""label"":""members read"",""http"":200},{""file"":""identity-api-results.json"",""row"":10,""label"":""members read anonymous paired control"",""http"":401},{""file"":""identity-api-results.json"",""row"":13,""label"":""members read"",""http"":200},{""file"":""identity-api-results.json"",""row"":14,""label"":""members read anonymous paired control"",""http"":401},{""file"":""identity-api-results.json"",""row"":16,""label"":""tenant B member list"",""http"":200},{""file"":""identity-api-results.json"",""row"":17,""label"":""tenant B member list anonymous paired control"",""http"":401}]",IMPLEMENTADO means business-positive HTTP + anonymous negative at this route; does not certify every field or transition. PARCIAL can mean validation/auth exercised but no independent valid positive.
POST,/api/v2/organizations/current/members/invitations,IMPLEMENTADO,True,"[""/api/v2/organizations/current/members/invitations""]",7,1,3,[400],"[{""file"":""api-results.json"",""row"":195,""label"":""inventory-probe"",""http"":400},{""file"":""api-results.json"",""row"":196,""label"":""inventory-auth-control"",""http"":401},{""file"":""auth-api-results.json"",""row"":26,""label"":""active-auth-control"",""http"":400},{""file"":""auth-api-results.json"",""row"":27,""label"":""invalid-credential-auth-negative"",""http"":401},{""file"":""identity-api-results.json"",""row"":1,""label"":""owner member invitation"",""http"":200},{""file"":""identity-api-results.json"",""row"":2,""label"":""owner member invitation anonymous paired control"",""http"":401},{""file"":""identity-api-results.json"",""row"":5,""label"":""anonymous member invitation"",""http"":401}]",IMPLEMENTADO means business-positive HTTP + anonymous negative at this route; does not certify every field or transition. PARCIAL can mean validation/auth exercised but no independent valid positive.
POST,/api/v2/organizations/current/members/:id/revisions,IMPLEMENTADO,True,"[""/api/v2/organizations/current/members/:id/revisions""]",7,1,2,[400],"[{""file"":""api-results.json"",""row"":197,""label"":""inventory-probe"",""http"":400},{""file"":""api-results.json"",""row"":198,""label"":""inventory-auth-control"",""http"":401},{""file"":""auth-api-results.json"",""row"":28,""label"":""active-auth-control"",""http"":400},{""file"":""auth-api-results.json"",""row"":29,""label"":""invalid-credential-auth-negative"",""http"":401},{""file"":""identity-api-results.json"",""row"":11,""label"":""owner member revision"",""http"":200},{""file"":""identity-api-results.json"",""row"":12,""label"":""owner member revision anonymous paired control"",""http"":401},{""file"":""identity-api-results.json"",""row"":15,""label"":""stale member revision"",""http"":409}]",IMPLEMENTADO means business-positive HTTP + anonymous negative at this route; does not certify every field or transition. PARCIAL can mean validation/auth exercised but no independent valid positive.
POST,/api/v2/identity/organizations/:organizationId/members/:id/acceptance,IMPLEMENTADO,True,"[""/api/v2/identity/organizations/:organizationId/members/:id/acceptance""]",7,1,2,[400],"[{""file"":""api-results.json"",""row"":199,""label"":""inventory-probe"",""http"":400},{""file"":""api-results.json"",""row"":200,""label"":""inventory-auth-control"",""http"":401},{""file"":""auth-api-results.json"",""row"":30,""label"":""active-auth-control"",""http"":400},{""file"":""auth-api-results.json"",""row"":31,""label"":""invalid-credential-auth-negative"",""http"":401},{""file"":""identity-api-results.json"",""row"":6,""label"":""wrong invited identity denied"",""http"":404},{""file"":""identity-api-results.json"",""row"":7,""label"":""invited verified user accepts membership"",""http"":200},{""file"":""identity-api-results.json"",""row"":8,""label"":""invited verified user accepts membership anonymous paired control"",""http"":401}]",IMPLEMENTADO means business-positive HTTP + anonymous negative at this route; does not certify every field or transition. PARCIAL can mean validation/auth exercised but no independent valid positive.
GET,/api/v2/carriers/:carrierId/operators,IMPLEMENTADO,True,"[""/api/v2/carriers/:carrierId/operators""]",11,3,4,[200],"[{""file"":""api-results.json"",""row"":181,""label"":""inventory-probe"",""http"":200},{""file"":""api-results.json"",""row"":182,""label"":""inventory-auth-control"",""http"":401},{""file"":""extended-api-results.json"",""row"":169,""label"":""proposal-route-presence-probe"",""http"":200},{""file"":""auth-api-results.json"",""row"":12,""label"":""active-auth-control"",""http"":200},{""file"":""auth-api-results.json"",""row"":13,""label"":""invalid-credential-auth-negative"",""http"":401},{""file"":""identity-api-results.json"",""row"":20,""label"":""operators read"",""http"":200},{""file"":""identity-api-results.json"",""row"":21,""label"":""operators read anonymous paired control"",""http"":401},{""file"":""identity-api-results.json"",""row"":26,""label"":""operators read"",""http"":200},{""file"":""identity-api-results.json"",""row"":27,""label"":""operators read anonymous paired control"",""http"":401},{""file"":""identity-api-results.json"",""row"":30,""label"":""operators read"",""http"":200},{""file"":""identity-api-results.json"",""row"":31,""label"":""operators read anonymous paired control"",""http"":401}]",IMPLEMENTADO means business-positive HTTP + anonymous negative at this route; does not certify every field or transition. PARCIAL can mean validation/auth exercised but no independent valid positive.
POST,/api/v2/carriers/:carrierId/operators/invitations,IMPLEMENTADO,True,"[""/api/v2/carriers/:carrierId/operators/invitations""]",7,1,2,[400],"[{""file"":""api-results.json"",""row"":201,""label"":""inventory-probe"",""http"":400},{""file"":""api-results.json"",""row"":202,""label"":""inventory-auth-control"",""http"":401},{""file"":""auth-api-results.json"",""row"":32,""label"":""active-auth-control"",""http"":400},{""file"":""auth-api-results.json"",""row"":33,""label"":""invalid-credential-auth-negative"",""http"":401},{""file"":""identity-api-results.json"",""row"":18,""label"":""carrier admin invitation"",""http"":200},{""file"":""identity-api-results.json"",""row"":19,""label"":""carrier admin invitation anonymous paired control"",""http"":401},{""file"":""identity-api-results.json"",""row"":22,""label"":""foreign carrier invitation denied"",""http"":403}]",IMPLEMENTADO means business-positive HTTP + anonymous negative at this route; does not certify every field or transition. PARCIAL can mean validation/auth exercised but no independent valid positive.
POST,/api/v2/carriers/:carrierId/operators/:id/revisions,IMPLEMENTADO,True,"[""/api/v2/carriers/:carrierId/operators/:id/revisions""]",7,1,2,[400],"[{""file"":""api-results.json"",""row"":203,""label"":""inventory-probe"",""http"":400},{""file"":""api-results.json"",""row"":204,""label"":""inventory-auth-control"",""http"":401},{""file"":""auth-api-results.json"",""row"":34,""label"":""active-auth-control"",""http"":400},{""file"":""auth-api-results.json"",""row"":35,""label"":""invalid-credential-auth-negative"",""http"":401},{""file"":""identity-api-results.json"",""row"":28,""label"":""carrier admin operator revision"",""http"":200},{""file"":""identity-api-results.json"",""row"":29,""label"":""carrier admin operator revision anonymous paired control"",""http"":401},{""file"":""identity-api-results.json"",""row"":32,""label"":""stale operator revision"",""http"":409}]",IMPLEMENTADO means business-positive HTTP + anonymous negative at this route; does not certify every field or transition. PARCIAL can mean validation/auth exercised but no independent valid positive.
POST,/api/v2/carriers/:carrierId/operators/:id/acceptance,IMPLEMENTADO,True,"[""/api/v2/carriers/:carrierId/operators/:id/acceptance""]",7,1,2,[400],"[{""file"":""api-results.json"",""row"":205,""label"":""inventory-probe"",""http"":400},{""file"":""api-results.json"",""row"":206,""label"":""inventory-auth-control"",""http"":401},{""file"":""auth-api-results.json"",""row"":36,""label"":""active-auth-control"",""http"":400},{""file"":""auth-api-results.json"",""row"":37,""label"":""invalid-credential-auth-negative"",""http"":401},{""file"":""identity-api-results.json"",""row"":23,""label"":""invitation alone cannot grant carrier access"",""http"":403},{""file"":""identity-api-results.json"",""row"":24,""label"":""invited carrier identity accepts with independently provisioned server grant"",""http"":200},{""file"":""identity-api-results.json"",""row"":25,""label"":""invited carrier identity accepts with independently provisioned server grant anonymous paired control"",""http"":401}]",IMPLEMENTADO means business-positive HTTP + anonymous negative at this route; does not certify every field or transition. PARCIAL can mean validation/auth exercised but no independent valid positive.
GET,/api/v2/identity/mcp/links,IMPLEMENTADO,True,"[""/api/v2/identity/mcp/links""]",8,2,3,[200],"[{""file"":""api-results.json"",""row"":185,""label"":""inventory-probe"",""http"":200},{""file"":""api-results.json"",""row"":186,""label"":""inventory-auth-control"",""http"":401},{""file"":""auth-api-results.json"",""row"":16,""label"":""active-auth-control"",""http"":200},{""file"":""auth-api-results.json"",""row"":17,""label"":""invalid-credential-auth-negative"",""http"":401},{""file"":""identity-api-results.json"",""row"":49,""label"":""links read"",""http"":200},{""file"":""identity-api-results.json"",""row"":50,""label"":""links read anonymous paired control"",""http"":401},{""file"":""identity-api-results.json"",""row"":52,""label"":""foreign link list positive"",""http"":200},{""file"":""identity-api-results.json"",""row"":53,""label"":""foreign link list positive anonymous paired control"",""http"":401}]",IMPLEMENTADO means business-positive HTTP + anonymous negative at this route; does not certify every field or transition. PARCIAL can mean validation/auth exercised but no independent valid positive.
POST,/api/v2/identity/mcp/links,IMPLEMENTADO,True,"[""/api/v2/identity/mcp/links""]",7,1,2,[400],"[{""file"":""api-results.json"",""row"":187,""label"":""inventory-probe"",""http"":400},{""file"":""api-results.json"",""row"":188,""label"":""inventory-auth-control"",""http"":401},{""file"":""auth-api-results.json"",""row"":18,""label"":""active-auth-control"",""http"":400},{""file"":""auth-api-results.json"",""row"":19,""label"":""invalid-credential-auth-negative"",""http"":401},{""file"":""identity-api-results.json"",""row"":47,""label"":""verified PKCE consent"",""http"":201},{""file"":""identity-api-results.json"",""row"":48,""label"":""verified PKCE consent anonymous paired control"",""http"":401},{""file"":""identity-api-results.json"",""row"":51,""label"":""ordinary bearer cannot forge client consent"",""http"":403}]",IMPLEMENTADO means business-positive HTTP + anonymous negative at this route; does not certify every field or transition. PARCIAL can mean validation/auth exercised but no independent valid positive.
POST,/api/v2/identity/mcp/links/:id/revocations,IMPLEMENTADO,True,"[""/api/v2/identity/mcp/links/:id/revocations""]",7,1,2,[400],"[{""file"":""api-results.json"",""row"":189,""label"":""inventory-probe"",""http"":400},{""file"":""api-results.json"",""row"":190,""label"":""inventory-auth-control"",""http"":401},{""file"":""auth-api-results.json"",""row"":20,""label"":""active-auth-control"",""http"":400},{""file"":""auth-api-results.json"",""row"":21,""label"":""invalid-credential-auth-negative"",""http"":401},{""file"":""identity-api-results.json"",""row"":54,""label"":""foreign revocation denied"",""http"":404},{""file"":""identity-api-results.json"",""row"":55,""label"":""own link revocation"",""http"":200},{""file"":""identity-api-results.json"",""row"":56,""label"":""own link revocation anonymous paired control"",""http"":401}]",IMPLEMENTADO means business-positive HTTP + anonymous negative at this route; does not certify every field or transition. PARCIAL can mean validation/auth exercised but no independent valid positive.
GET,/api/v2/carriers/:carrierId/integrations,IMPLEMENTADO,True,"[""/api/v2/carriers/:carrierId/integrations""]",7,1,2,[200],"[{""file"":""api-results.json"",""row"":183,""label"":""inventory-probe"",""http"":200},{""file"":""api-results.json"",""row"":184,""label"":""inventory-auth-control"",""http"":401},{""file"":""extended-api-results.json"",""row"":168,""label"":""proposal-route-presence-probe"",""http"":200},{""file"":""auth-api-results.json"",""row"":14,""label"":""active-auth-control"",""http"":200},{""file"":""auth-api-results.json"",""row"":15,""label"":""invalid-credential-auth-negative"",""http"":401},{""file"":""identity-api-results.json"",""row"":35,""label"":""integrations read"",""http"":200},{""file"":""identity-api-results.json"",""row"":36,""label"":""integrations read anonymous paired control"",""http"":401}]",IMPLEMENTADO means business-positive HTTP + anonymous negative at this route; does not certify every field or transition. PARCIAL can mean validation/auth exercised but no independent valid positive.
POST,/api/v2/carriers/:carrierId/integrations,IMPLEMENTADO,True,"[""/api/v2/carriers/:carrierId/integrations""]",8,1,2,[400],"[{""file"":""api-results.json"",""row"":191,""label"":""inventory-probe"",""http"":400},{""file"":""api-results.json"",""row"":192,""label"":""inventory-auth-control"",""http"":401},{""file"":""auth-api-results.json"",""row"":22,""label"":""active-auth-control"",""http"":400},{""file"":""auth-api-results.json"",""row"":23,""label"":""invalid-credential-auth-negative"",""http"":401},{""file"":""identity-api-results.json"",""row"":33,""label"":""persist response integration configuration"",""http"":200},{""file"":""identity-api-results.json"",""row"":34,""label"":""persist response integration configuration anonymous paired control"",""http"":401},{""file"":""identity-api-results.json"",""row"":37,""label"":""foreign integration denied"",""http"":403},{""file"":""identity-api-results.json"",""row"":38,""label"":""raw secret endpoint denied"",""http"":400}]",IMPLEMENTADO means business-positive HTTP + anonymous negative at this route; does not certify every field or transition. PARCIAL can mean validation/auth exercised but no independent valid positive.
GET,/api/v2/carriers/:carrierId/integrations/:id/diagnostics,IMPLEMENTADO,True,"[""/api/v2/carriers/:carrierId/integrations/:id/diagnostics""]",7,1,2,[404],"[{""file"":""api-results.json"",""row"":193,""label"":""inventory-probe"",""http"":404},{""file"":""api-results.json"",""row"":194,""label"":""inventory-auth-control"",""http"":401},{""file"":""auth-api-results.json"",""row"":24,""label"":""active-auth-control"",""http"":404},{""file"":""auth-api-results.json"",""row"":25,""label"":""invalid-credential-auth-negative"",""http"":401},{""file"":""identity-api-results.json"",""row"":39,""label"":""configuration diagnostic"",""http"":200},{""file"":""identity-api-results.json"",""row"":40,""label"":""configuration diagnostic anonymous paired control"",""http"":401},{""file"":""identity-api-results.json"",""row"":41,""label"":""foreign diagnostic denied"",""http"":403}]",IMPLEMENTADO means business-positive HTTP + anonymous negative at this route; does not certify every field or transition. PARCIAL can mean validation/auth exercised but no independent valid positive.
POST,/api/v2/locations/resolutions,IMPLEMENTADO,True,"[""/api/v2/locations/resolutions""]",6,1,2,[400],"[{""file"":""api-results.json"",""row"":305,""label"":""inventory-probe"",""http"":400},{""file"":""api-results.json"",""row"":306,""label"":""inventory-auth-control"",""http"":401},{""file"":""auth-api-results.json"",""row"":136,""label"":""active-auth-control"",""http"":400},{""file"":""auth-api-results.json"",""row"":137,""label"":""invalid-credential-auth-negative"",""http"":401},{""file"":""identity-api-results.json"",""row"":42,""label"":""resolve own saved locations"",""http"":200},{""file"":""identity-api-results.json"",""row"":43,""label"":""resolve own saved locations anonymous paired control"",""http"":401}]",IMPLEMENTADO means business-positive HTTP + anonymous negative at this route; does not certify every field or transition. PARCIAL can mean validation/auth exercised but no independent valid positive.
POST,/api/v2/locations/confirmations,IMPLEMENTADO,True,"[""/api/v2/locations/confirmations""]",7,1,2,[400],"[{""file"":""api-results.json"",""row"":307,""label"":""inventory-probe"",""http"":400},{""file"":""api-results.json"",""row"":308,""label"":""inventory-auth-control"",""http"":401},{""file"":""auth-api-results.json"",""row"":138,""label"":""active-auth-control"",""http"":400},{""file"":""auth-api-results.json"",""row"":139,""label"":""invalid-credential-auth-negative"",""http"":401},{""file"":""identity-api-results.json"",""row"":44,""label"":""confirm versioned own location"",""http"":200},{""file"":""identity-api-results.json"",""row"":45,""label"":""confirm versioned own location anonymous paired control"",""http"":401},{""file"":""identity-api-results.json"",""row"":46,""label"":""stale location denied"",""http"":409}]",IMPLEMENTADO means business-positive HTTP + anonymous negative at this route; does not certify every field or transition. PARCIAL can mean validation/auth exercised but no independent valid positive.
