clase,representacion,destino,estado,atributos,estados_atributos,relaciones_estados,migracion,api_servicio,permisos,evidencia,metodos_uml,metodos_evidencia,limite,endpoint_escritura,endpoint_lectura
Organization,TABLE_OR_SUBTYPE,organizations,PARCIAL,11,"{""PARCIAL"":11}","{""COMPLETO"":3,""PARCIAL"":2}",supabase-v2/supabase/migrations/20260927042808_v2_schema_baseline.sql:29,Organization,"{""table"":[{""relacl"":""{postgres=arwdDxtm/postgres,service_role=arwdDxtm/postgres,authenticated=r/postgres}"",""schema"":""public"",""relkind"":""r"",""relname"":""organizations"",""relrowsecurity"":true,""relforcerowsecurity"":false}],""policies"":[{""cmd"":""SELECT"",""qual"":""( SELECT private.is_organization_member(organizations.id) AS is_organization_member)"",""roles"":[""authenticated""],""tablename"":""organizations"",""policyname"":""organizations_member_select"",""schemaname"":""public"",""with_check"":null}],""grants"":[{""grantee"":""authenticated"",""table_name"":""organizations"",""table_schema"":""public"",""privilege_type"":""SELECT""},{""grantee"":""service_role"",""table_name"":""organizations"",""table_schema"":""public"",""privilege_type"":""DELETE""},{""grantee"":""service_role"",""table_name"":""organizations"",""table_schema"":""public"",""privilege_type"":""INSERT""},{""grantee"":""service_role"",""table_name"":""organizations"",""table_schema"":""public"",""privilege_type"":""REFERENCES""},{""grantee"":""service_role"",""table_name"":""organizations"",""table_schema"":""public"",""privilege_type"":""SELECT""},{""grantee"":""service_role"",""table_name"":""organizations"",""table_schema"":""public"",""privilege_type"":""TRIGGER""},{""grantee"":""service_role"",""table_name"":""organizations"",""table_schema"":""public"",""privilege_type"":""TRUNCATE""},{""grantee"":""service_role"",""table_name"":""organizations"",""table_schema"":""public"",""privilege_type"":""UPDATE""}]}",attribute-matrix.json rows for Organization; native full profile; independent HTTP/RLS/FK/race logs,"[""+ maySubmit(member: MemberId): boolean"",""+ owns(facility: Facility): boolean""]",BLOQUEADO: exact semantic method→service/test mapping not certified; not an assertion of missing code,"Class complete only with all attributes, related associations and explicit semantic method evidence; green suites alone never promote rows",POST /api/v2/organizations/current/members/invitations; POST /api/v2/organizations/current/members/:id/revisions; POST /api/v2/organizations/current/revisions; POST /api/v2/organizations/current/preferences; POST /api/v2/organizations/current/preferences/:id/revisions,GET /api/v2/organizations/current/members; GET /api/v2/organizations/current; GET /api/v2/organizations/current/preferences; GET /api/v2/organizations/current/preferences/:id
Facility,TABLE_OR_SUBTYPE,facilities,PARCIAL,7,"{""COMPLETO"":7}","{""COMPLETO"":3}",supabase-v2/supabase/migrations/20260927042808_v2_schema_baseline.sql:3232,Facility,"{""table"":[{""relacl"":""{postgres=arwdDxtm/postgres,service_role=arwdDxtm/postgres,authenticated=ar/postgres}"",""schema"":""public"",""relkind"":""r"",""relname"":""facilities"",""relrowsecurity"":true,""relforcerowsecurity"":false}],""policies"":[{""cmd"":""INSERT"",""qual"":null,""roles"":[""authenticated""],""tablename"":""facilities"",""policyname"":""facilities_manager_insert"",""schemaname"":""public"",""with_check"":""( SELECT private.has_organization_role(facilities.organization_id, ARRAY['OWNER'::text, 'SUPERVISOR'::text]) AS has_organization_role)""},{""cmd"":""UPDATE"",""qual"":""( SELECT private.has_organization_role(facilities.organization_id, ARRAY['OWNER'::text, 'SUPERVISOR'::text]) AS has_organization_role)"",""roles"":[""authenticated""],""tablename"":""facilities"",""policyname"":""facilities_manager_update"",""schemaname"":""public"",""with_check"":""( SELECT private.has_organization_role(facilities.organization_id, ARRAY['OWNER'::text, 'SUPERVISOR'::text]) AS has_organization_role)""},{""cmd"":""SELECT"",""qual"":""( SELECT private.is_organization_member(facilities.organization_id) AS is_organization_member)"",""roles"":[""authenticated""],""tablename"":""facilities"",""policyname"":""facilities_member_select"",""schemaname"":""public"",""with_check"":null}],""grants"":[{""grantee"":""authenticated"",""table_name"":""facilities"",""table_schema"":""public"",""privilege_type"":""INSERT""},{""grantee"":""authenticated"",""table_name"":""facilities"",""table_schema"":""public"",""privilege_type"":""SELECT""},{""grantee"":""service_role"",""table_name"":""facilities"",""table_schema"":""public"",""privilege_type"":""DELETE""},{""grantee"":""service_role"",""table_name"":""facilities"",""table_schema"":""public"",""privilege_type"":""INSERT""},{""grantee"":""service_role"",""table_name"":""facilities"",""table_schema"":""public"",""privilege_type"":""REFERENCES""},{""grantee"":""service_role"",""table_name"":""facilities"",""table_schema"":""public"",""privilege_type"":""SELECT""},{""grantee"":""service_role"",""table_name"":""facilities"",""table_schema"":""public"",""privilege_type"":""TRIGGER""},{""grantee"":""service_role"",""table_name"":""facilities"",""table_schema"":""public"",""privilege_type"":""TRUNCATE""},{""grantee"":""service_role"",""table_name"":""facilities"",""table_schema"":""public"",""privilege_type"":""UPDATE""}]}",attribute-matrix.json rows for Facility; native full profile; independent HTTP/RLS/FK/race logs,"[""+ belongsTo(org: Organization): boolean"",""+ accessibleAt(window: TimeWindow): Decision"",""+ canHandle(cargo: CargoSpecification): Decision""]",BLOQUEADO: exact semantic method→service/test mapping not certified; not an assertion of missing code,"Class complete only with all attributes, related associations and explicit semantic method evidence; green suites alone never promote rows",POST /api/v2/facilities; POST /api/v2/facilities/:id/revisions,GET /api/v2/facilities; GET /api/v2/facilities/:id
FreightRequest,TABLE_OR_SUBTYPE,freight_requests,PARCIAL,13,"{""COMPLETO"":7,""PARCIAL"":6}","{""PARCIAL"":4,""COMPLETO"":5}",supabase-v2/supabase/migrations/20260927042808_v2_schema_baseline.sql:136,FreightRequest,"{""table"":[{""relacl"":""{postgres=arwdDxtm/postgres,service_role=arwdDxtm/postgres,authenticated=arw/postgres}"",""schema"":""public"",""relkind"":""r"",""relname"":""freight_requests"",""relrowsecurity"":true,""relforcerowsecurity"":false}],""policies"":[{""cmd"":""INSERT"",""qual"":null,""roles"":[""authenticated""],""tablename"":""freight_requests"",""policyname"":""freight_requests_creation_receipt_owner"",""schemaname"":""public"",""with_check"":""((creation_idempotency_key IS NULL) OR (EXISTS ( SELECT 1\n   FROM organization_members m\n  WHERE ((m.id = freight_requests.requested_by_member_id) AND (m.organization_id = freight_requests.organization_id) AND (m.auth_user_id = ( SELECT auth.uid() AS uid)) AND (m.status = 'ACTIVE'::text) AND (m.role = ANY (ARRAY['OWNER'::text, 'SUPERVISOR'::text]))))))""},{""cmd"":""INSERT"",""qual"":null,""roles"":[""authenticated""],""tablename"":""freight_requests"",""policyname"":""freight_requests_member_insert"",""schemaname"":""public"",""with_check"":""( SELECT private.has_organization_role(freight_requests.organization_id, ARRAY['OWNER'::text, 'SUPERVISOR'::text]) AS has_organization_role)""},{""cmd"":""SELECT"",""qual"":""( SELECT private.is_organization_member(freight_requests.organization_id) AS is_organization_member)"",""roles"":[""authenticated""],""tablename"":""freight_requests"",""policyname"":""freight_requests_member_select"",""schemaname"":""public"",""with_check"":null},{""cmd"":""UPDATE"",""qual"":""( SELECT private.has_organization_role(freight_requests.organization_id, ARRAY['OWNER'::text, 'SUPERVISOR'::text]) AS has_organization_role)"",""roles"":[""authenticated""],""tablename"":""freight_requests"",""policyname"":""freight_requests_member_update"",""schemaname"":""public"",""with_check"":""( SELECT private.has_organization_role(freight_requests.organization_id, ARRAY['OWNER'::text, 'SUPERVISOR'::text]) AS has_organization_role)""}],""grants"":[{""grantee"":""authenticated"",""table_name"":""freight_requests"",""table_schema"":""public"",""privilege_type"":""INSERT""},{""grantee"":""authenticated"",""table_name"":""freight_requests"",""table_schema"":""public"",""privilege_type"":""SELECT""},{""grantee"":""authenticated"",""table_name"":""freight_requests"",""table_schema"":""public"",""privilege_type"":""UPDATE""},{""grantee"":""service_role"",""table_name"":""freight_requests"",""table_schema"":""public"",""privilege_type"":""DELETE""},{""grantee"":""service_role"",""table_name"":""freight_requests"",""table_schema"":""public"",""privilege_type"":""INSERT""},{""grantee"":""service_role"",""table_name"":""freight_requests"",""table_schema"":""public"",""privilege_type"":""REFERENCES""},{""grantee"":""service_role"",""table_name"":""freight_requests"",""table_schema"":""public"",""privilege_type"":""SELECT""},{""grantee"":""service_role"",""table_name"":""freight_requests"",""table_schema"":""public"",""privilege_type"":""TRIGGER""},{""grantee"":""service_role"",""table_name"":""freight_requests"",""table_schema"":""public"",""privilege_type"":""TRUNCATE""},{""grantee"":""service_role"",""table_name"":""freight_requests"",""table_schema"":""public"",""privilege_type"":""UPDATE""}]}",attribute-matrix.json rows for FreightRequest; native full profile; independent HTTP/RLS/FK/race logs,"[""+ revise(expectedVersion: number): Result"",""+ submit(expectedVersion: number): Result"",""+ validateCompleteness(): ValidationResult""]",BLOQUEADO: exact semantic method→service/test mapping not certified; not an assertion of missing code,"Class complete only with all attributes, related associations and explicit semantic method evidence; green suites alone never promote rows",POST /api/v2/freight/requests/:id/revisions; POST /api/v2/freight/requests/:id/submissions; POST /api/v2/freight/requests; POST /api/v2/freight/requests/:requestId/route-alternatives; POST /api/v2/freight/requests/:requestId/routes; POST /api/v2/freight/requests/:requestId/plans; POST /api/v2/freight/requests/:requestId/opportunities; POST /api/v2/freight/requests/:requestId/ranking; POST /api/v2/freight/requests/:requestId/decisions; POST /api/v2/freight/requests/:requestId/decisions/:id/revocations,GET /api/v2/freight/requests; GET /api/v2/freight/requests/:id/serviceability; GET /api/v2/freight/requests/:id; GET /api/v2/freight/requests/:requestId/routes; GET /api/v2/freight/requests/:requestId/routes/:id; GET /api/v2/freight/requests/:requestId/plans; GET /api/v2/freight/requests/:requestId/plans/:id; GET /api/v2/freight/requests/:requestId/opportunities; GET /api/v2/freight/requests/:requestId/opportunities/:id; GET /api/v2/freight/requests/:requestId/offers; GET /api/v2/freight/requests/:requestId/offers/:id; GET /api/v2/freight/requests/:requestId/ranking; GET /api/v2/freight/requests/:requestId/ranking/:id; GET /api/v2/freight/requests/:requestId/decisions; GET /api/v2/freight/requests/:requestId/decisions/:id
CargoSpecification,EMBEDDED_VALUE,freight_requests.v2_snapshot.cargoSpecification,PARCIAL,9,"{""COMPLETO"":9}","{""PARCIAL"":2}",supabase-v2/supabase/migrations/20260927042808_v2_schema_baseline.sql:136,CargoSpecification,"{""table"":[{""relacl"":""{postgres=arwdDxtm/postgres,service_role=arwdDxtm/postgres,authenticated=arw/postgres}"",""schema"":""public"",""relkind"":""r"",""relname"":""freight_requests"",""relrowsecurity"":true,""relforcerowsecurity"":false}],""policies"":[{""cmd"":""INSERT"",""qual"":null,""roles"":[""authenticated""],""tablename"":""freight_requests"",""policyname"":""freight_requests_creation_receipt_owner"",""schemaname"":""public"",""with_check"":""((creation_idempotency_key IS NULL) OR (EXISTS ( SELECT 1\n   FROM organization_members m\n  WHERE ((m.id = freight_requests.requested_by_member_id) AND (m.organization_id = freight_requests.organization_id) AND (m.auth_user_id = ( SELECT auth.uid() AS uid)) AND (m.status = 'ACTIVE'::text) AND (m.role = ANY (ARRAY['OWNER'::text, 'SUPERVISOR'::text]))))))""},{""cmd"":""INSERT"",""qual"":null,""roles"":[""authenticated""],""tablename"":""freight_requests"",""policyname"":""freight_requests_member_insert"",""schemaname"":""public"",""with_check"":""( SELECT private.has_organization_role(freight_requests.organization_id, ARRAY['OWNER'::text, 'SUPERVISOR'::text]) AS has_organization_role)""},{""cmd"":""SELECT"",""qual"":""( SELECT private.is_organization_member(freight_requests.organization_id) AS is_organization_member)"",""roles"":[""authenticated""],""tablename"":""freight_requests"",""policyname"":""freight_requests_member_select"",""schemaname"":""public"",""with_check"":null},{""cmd"":""UPDATE"",""qual"":""( SELECT private.has_organization_role(freight_requests.organization_id, ARRAY['OWNER'::text, 'SUPERVISOR'::text]) AS has_organization_role)"",""roles"":[""authenticated""],""tablename"":""freight_requests"",""policyname"":""freight_requests_member_update"",""schemaname"":""public"",""with_check"":""( SELECT private.has_organization_role(freight_requests.organization_id, ARRAY['OWNER'::text, 'SUPERVISOR'::text]) AS has_organization_role)""}],""grants"":[{""grantee"":""authenticated"",""table_name"":""freight_requests"",""table_schema"":""public"",""privilege_type"":""INSERT""},{""grantee"":""authenticated"",""table_name"":""freight_requests"",""table_schema"":""public"",""privilege_type"":""SELECT""},{""grantee"":""authenticated"",""table_name"":""freight_requests"",""table_schema"":""public"",""privilege_type"":""UPDATE""},{""grantee"":""service_role"",""table_name"":""freight_requests"",""table_schema"":""public"",""privilege_type"":""DELETE""},{""grantee"":""service_role"",""table_name"":""freight_requests"",""table_schema"":""public"",""privilege_type"":""INSERT""},{""grantee"":""service_role"",""table_name"":""freight_requests"",""table_schema"":""public"",""privilege_type"":""REFERENCES""},{""grantee"":""service_role"",""table_name"":""freight_requests"",""table_schema"":""public"",""privilege_type"":""SELECT""},{""grantee"":""service_role"",""table_name"":""freight_requests"",""table_schema"":""public"",""privilege_type"":""TRIGGER""},{""grantee"":""service_role"",""table_name"":""freight_requests"",""table_schema"":""public"",""privilege_type"":""TRUNCATE""},{""grantee"":""service_role"",""table_name"":""freight_requests"",""table_schema"":""public"",""privilege_type"":""UPDATE""}]}",attribute-matrix.json rows for CargoSpecification; native full profile; independent HTTP/RLS/FK/race logs,"[""+ validate(): ConstraintResult"",""+ fits(capacity: EffectiveCapacity): Decision"",""+ requiresPermit(route: RoutePlan): Decision""]",BLOQUEADO: exact semantic method→service/test mapping not certified; not an assertion of missing code,"Class complete only with all attributes, related associations and explicit semantic method evidence; green suites alone never promote rows",POST /api/v2/freight/requests/:id/revisions; POST /api/v2/freight/requests/:id/submissions; POST /api/v2/freight/requests; POST /api/v2/freight/requests/:requestId/route-alternatives; POST /api/v2/freight/requests/:requestId/routes; POST /api/v2/freight/requests/:requestId/plans; POST /api/v2/freight/requests/:requestId/opportunities; POST /api/v2/freight/requests/:requestId/ranking; POST /api/v2/freight/requests/:requestId/decisions; POST /api/v2/freight/requests/:requestId/decisions/:id/revocations,GET /api/v2/freight/requests; GET /api/v2/freight/requests/:id/serviceability; GET /api/v2/freight/requests/:id; GET /api/v2/freight/requests/:requestId/routes; GET /api/v2/freight/requests/:requestId/routes/:id; GET /api/v2/freight/requests/:requestId/plans; GET /api/v2/freight/requests/:requestId/plans/:id; GET /api/v2/freight/requests/:requestId/opportunities; GET /api/v2/freight/requests/:requestId/opportunities/:id; GET /api/v2/freight/requests/:requestId/offers; GET /api/v2/freight/requests/:requestId/offers/:id; GET /api/v2/freight/requests/:requestId/ranking; GET /api/v2/freight/requests/:requestId/ranking/:id; GET /api/v2/freight/requests/:requestId/decisions; GET /api/v2/freight/requests/:requestId/decisions/:id
CargoUnit,EMBEDDED_VALUE,freight_requests.v2_snapshot.cargoSpecification.units[],PARCIAL,8,"{""COMPLETO"":7,""PARCIAL"":1}","{""PARCIAL"":2}",supabase-v2/supabase/migrations/20260927042808_v2_schema_baseline.sql:136,CargoUnit,"{""table"":[{""relacl"":""{postgres=arwdDxtm/postgres,service_role=arwdDxtm/postgres,authenticated=arw/postgres}"",""schema"":""public"",""relkind"":""r"",""relname"":""freight_requests"",""relrowsecurity"":true,""relforcerowsecurity"":false}],""policies"":[{""cmd"":""INSERT"",""qual"":null,""roles"":[""authenticated""],""tablename"":""freight_requests"",""policyname"":""freight_requests_creation_receipt_owner"",""schemaname"":""public"",""with_check"":""((creation_idempotency_key IS NULL) OR (EXISTS ( SELECT 1\n   FROM organization_members m\n  WHERE ((m.id = freight_requests.requested_by_member_id) AND (m.organization_id = freight_requests.organization_id) AND (m.auth_user_id = ( SELECT auth.uid() AS uid)) AND (m.status = 'ACTIVE'::text) AND (m.role = ANY (ARRAY['OWNER'::text, 'SUPERVISOR'::text]))))))""},{""cmd"":""INSERT"",""qual"":null,""roles"":[""authenticated""],""tablename"":""freight_requests"",""policyname"":""freight_requests_member_insert"",""schemaname"":""public"",""with_check"":""( SELECT private.has_organization_role(freight_requests.organization_id, ARRAY['OWNER'::text, 'SUPERVISOR'::text]) AS has_organization_role)""},{""cmd"":""SELECT"",""qual"":""( SELECT private.is_organization_member(freight_requests.organization_id) AS is_organization_member)"",""roles"":[""authenticated""],""tablename"":""freight_requests"",""policyname"":""freight_requests_member_select"",""schemaname"":""public"",""with_check"":null},{""cmd"":""UPDATE"",""qual"":""( SELECT private.has_organization_role(freight_requests.organization_id, ARRAY['OWNER'::text, 'SUPERVISOR'::text]) AS has_organization_role)"",""roles"":[""authenticated""],""tablename"":""freight_requests"",""policyname"":""freight_requests_member_update"",""schemaname"":""public"",""with_check"":""( SELECT private.has_organization_role(freight_requests.organization_id, ARRAY['OWNER'::text, 'SUPERVISOR'::text]) AS has_organization_role)""}],""grants"":[{""grantee"":""authenticated"",""table_name"":""freight_requests"",""table_schema"":""public"",""privilege_type"":""INSERT""},{""grantee"":""authenticated"",""table_name"":""freight_requests"",""table_schema"":""public"",""privilege_type"":""SELECT""},{""grantee"":""authenticated"",""table_name"":""freight_requests"",""table_schema"":""public"",""privilege_type"":""UPDATE""},{""grantee"":""service_role"",""table_name"":""freight_requests"",""table_schema"":""public"",""privilege_type"":""DELETE""},{""grantee"":""service_role"",""table_name"":""freight_requests"",""table_schema"":""public"",""privilege_type"":""INSERT""},{""grantee"":""service_role"",""table_name"":""freight_requests"",""table_schema"":""public"",""privilege_type"":""REFERENCES""},{""grantee"":""service_role"",""table_name"":""freight_requests"",""table_schema"":""public"",""privilege_type"":""SELECT""},{""grantee"":""service_role"",""table_name"":""freight_requests"",""table_schema"":""public"",""privilege_type"":""TRIGGER""},{""grantee"":""service_role"",""table_name"":""freight_requests"",""table_schema"":""public"",""privilege_type"":""TRUNCATE""},{""grantee"":""service_role"",""table_name"":""freight_requests"",""table_schema"":""public"",""privilege_type"":""UPDATE""}]}",attribute-matrix.json rows for CargoUnit; native full profile; independent HTTP/RLS/FK/race logs,"[""+ totalWeightKg(): number"",""+ totalVolumeM3(): number"",""+ validatesIndivisibility(): Decision""]",BLOQUEADO: exact semantic method→service/test mapping not certified; not an assertion of missing code,"Class complete only with all attributes, related associations and explicit semantic method evidence; green suites alone never promote rows",POST /api/v2/freight/requests/:id/revisions; POST /api/v2/freight/requests/:id/submissions; POST /api/v2/freight/requests; POST /api/v2/freight/requests/:requestId/route-alternatives; POST /api/v2/freight/requests/:requestId/routes; POST /api/v2/freight/requests/:requestId/plans; POST /api/v2/freight/requests/:requestId/opportunities; POST /api/v2/freight/requests/:requestId/ranking; POST /api/v2/freight/requests/:requestId/decisions; POST /api/v2/freight/requests/:requestId/decisions/:id/revocations,GET /api/v2/freight/requests; GET /api/v2/freight/requests/:id/serviceability; GET /api/v2/freight/requests/:id; GET /api/v2/freight/requests/:requestId/routes; GET /api/v2/freight/requests/:requestId/routes/:id; GET /api/v2/freight/requests/:requestId/plans; GET /api/v2/freight/requests/:requestId/plans/:id; GET /api/v2/freight/requests/:requestId/opportunities; GET /api/v2/freight/requests/:requestId/opportunities/:id; GET /api/v2/freight/requests/:requestId/offers; GET /api/v2/freight/requests/:requestId/offers/:id; GET /api/v2/freight/requests/:requestId/ranking; GET /api/v2/freight/requests/:requestId/ranking/:id; GET /api/v2/freight/requests/:requestId/decisions; GET /api/v2/freight/requests/:requestId/decisions/:id
Carrier,TABLE_OR_SUBTYPE,carriers,PARCIAL,11,"{""COMPLETO"":10,""PARCIAL"":1}","{""COMPLETO"":6,""PARCIAL"":3}",supabase-v2/supabase/migrations/20260927042808_v2_schema_baseline.sql:49,carriers,"{""table"":[{""relacl"":""{postgres=arwdDxtm/postgres,service_role=arwdDxtm/postgres,authenticated=r/postgres}"",""schema"":""public"",""relkind"":""r"",""relname"":""carriers"",""relrowsecurity"":true,""relforcerowsecurity"":false}],""policies"":[{""cmd"":""SELECT"",""qual"":""( SELECT private.has_any_organization() AS has_any_organization)"",""roles"":[""authenticated""],""tablename"":""carriers"",""policyname"":""carriers_member_select"",""schemaname"":""public"",""with_check"":null}],""grants"":[{""grantee"":""authenticated"",""table_name"":""carriers"",""table_schema"":""public"",""privilege_type"":""SELECT""},{""grantee"":""service_role"",""table_name"":""carriers"",""table_schema"":""public"",""privilege_type"":""DELETE""},{""grantee"":""service_role"",""table_name"":""carriers"",""table_schema"":""public"",""privilege_type"":""INSERT""},{""grantee"":""service_role"",""table_name"":""carriers"",""table_schema"":""public"",""privilege_type"":""REFERENCES""},{""grantee"":""service_role"",""table_name"":""carriers"",""table_schema"":""public"",""privilege_type"":""SELECT""},{""grantee"":""service_role"",""table_name"":""carriers"",""table_schema"":""public"",""privilege_type"":""TRIGGER""},{""grantee"":""service_role"",""table_name"":""carriers"",""table_schema"":""public"",""privilege_type"":""TRUNCATE""},{""grantee"":""service_role"",""table_name"":""carriers"",""table_schema"":""public"",""privilege_type"":""UPDATE""}]}",attribute-matrix.json rows for Carrier; native full profile; independent HTTP/RLS/FK/race logs,"[""+ publishes(service: CarrierService): boolean"",""+ isActiveAt(at: Instant): boolean"",""+ mayRespond(o: CarrierOpportunity): boolean"",""+ issued(offer: CarrierOffer): boolean""]",BLOQUEADO: exact semantic method→service/test mapping not certified; not an assertion of missing code,"Class complete only with all attributes, related associations and explicit semantic method evidence; green suites alone never promote rows",POST /api/v2/carriers/:carrierId/integrations; POST /api/v2/carriers/:carrierId/operators/invitations; POST /api/v2/carriers/:carrierId/operators/:id/revisions; POST /api/v2/carriers/:carrierId/operators/:id/acceptance; POST /api/v2/carriers/:carrierId/executions/:parentId/incidents; POST /api/v2/carriers/:carrierId/consolidations; POST /api/v2/carriers/:carrierId/route-limits; POST /api/v2/carriers/:carrierId/route-limits/:id/revisions; POST /api/v2/carriers/:carrierId/metrics; POST /api/v2/carriers/:carrierId/metrics/:id/revisions; POST /api/v2/carriers/:carrierId/assets/:parentId/events; POST /api/v2/carriers/:carrierId/opportunities/:id/responses; POST /api/v2/carriers/:carrierId/opportunities/:parentId/offers; POST /api/v2/carriers/:carrierId/offers/:id/withdrawals; POST /api/v2/carriers/:carrierId/bookings/:id/confirmations; POST /api/v2/carriers/:carrierId/bookings/:id/cancellations; POST /api/v2/carriers/:carrierId/capacity/holds/:id/confirmations; POST /api/v2/carriers/:carrierId/capacity/holds/:id/releases; POST /api/v2/carriers/:carrierId/incidents/:id/updates; POST /api/v2/carriers/:carrierId/incidents/:id/conditions; POST /api/v2/carriers/:carrierId/executions/:id/starts; POST /api/v2/carriers/:carrierId/executions/:id/completions; POST /api/v2/carriers/:carrierId/executions/:id/cancellations; POST /api/v2/carriers/:carrierId/executions/:id/positions; POST /api/v2/carriers/:carrierId/consolidations/:id/closures; POST /api/v2/carriers/:carrierId/consolidations/:id/starts; POST /api/v2/carriers/:carrierId/consolidations/:id/completions; POST /api/v2/carriers/:carrierId/consolidations/:id/cancellations; POST /api/v2/carriers/:carrierId/consolidations/:id/positions; POST /api/v2/carriers; POST /api/v2/carriers/:id/revisions; POST /api/v2/carriers/:carrierId/depots; POST /api/v2/carriers/:carrierId/depots/:id/revisions; POST /api/v2/carriers/:carrierId/services; POST /api/v2/carriers/:carrierId/services/:id/revisions; POST /api/v2/carriers/:carrierId/partners; POST /api/v2/carriers/:carrierId/partners/:id/revisions; POST /api/v2/carriers/:carrierId/drivers; POST /api/v2/carriers/:carrierId/drivers/:id/revisions; POST /api/v2/carriers/:carrierId/vehicle-combinations; POST /api/v2/carriers/:carrierId/vehicle-combinations/:id/revisions; POST /api/v2/carriers/:carrierId/driver-assignments; POST /api/v2/carriers/:carrierId/driver-assignments/:id/revisions; POST /api/v2/carriers/:carrierId/vehicle-assignments; POST /api/v2/carriers/:carrierId/vehicle-assignments/:id/revisions; POST /api/v2/carriers/:carrierId/assets; POST /api/v2/carriers/:carrierId/assets/:id/revisions; POST /api/v2/carriers/:carrierId/capacity-pools; POST /api/v2/carriers/:carrierId/capacity-pools/:id/revisions; POST /api/v2/carriers/:carrierId/calendars; POST /api/v2/carriers/:carrierId/calendars/:id/revisions; POST /api/v2/carriers/:carrierId/maintenances; POST /api/v2/carriers/:carrierId/maintenances/:id/revisions; POST /api/v2/carriers/:carrierId/repositioning-blocks; POST /api/v2/carriers/:carrierId/repositioning-blocks/:id/revisions; POST /api/v2/carriers/:carrierId/asset-capabilities; POST /api/v2/carriers/:carrierId/asset-capabilities/:id/revisions; POST /api/v2/carriers/:carrierId/capability-definitions; POST /api/v2/carriers/:carrierId/capability-definitions/:id/revisions; POST /api/v2/carriers/:carrierId/services/:serviceId/areas; POST /api/v2/carriers/:carrierId/services/:serviceId/areas/:id/revisions; POST /api/v2/carriers/:carrierId/services/:serviceId/lanes; POST /api/v2/carriers/:carrierId/services/:serviceId/lanes/:id/revisions,GET /api/v2/carriers/:carrierId/operators; GET /api/v2/carriers/:carrierId/integrations; GET /api/v2/carriers/:carrierId/integrations/:id/diagnostics; GET /api/v2/carriers/:carrierId/opportunities; GET /api/v2/carriers/:carrierId/opportunities/:id; GET /api/v2/carriers/:carrierId/offers; GET /api/v2/carriers/:carrierId/offers/:id; GET /api/v2/carriers/:carrierId/bookings; GET /api/v2/carriers/:carrierId/bookings/:id; GET /api/v2/carriers/:carrierId/executions; GET /api/v2/carriers/:carrierId/executions/:id; GET /api/v2/carriers/:carrierId/executions/:parentId/incidents; GET /api/v2/carriers/:carrierId/executions/:parentId/incidents/:id; GET /api/v2/carriers/:carrierId/incidents/:parentId/updates; GET /api/v2/carriers/:carrierId/incidents/:parentId/updates/:id; GET /api/v2/carriers/:carrierId/executions/:parentId/events; GET /api/v2/carriers/:carrierId/executions/:parentId/events/:id; GET /api/v2/carriers/:carrierId/capacity/holds; GET /api/v2/carriers/:carrierId/capacity/holds/:id; GET /api/v2/carriers/:carrierId/consolidations; GET /api/v2/carriers/:carrierId/consolidations/:id; GET /api/v2/carriers/:carrierId/route-limits; GET /api/v2/carriers/:carrierId/route-limits/:id; GET /api/v2/carriers/:carrierId/metrics; GET /api/v2/carriers/:carrierId/metrics/:id; GET /api/v2/carriers/:carrierId/assets/:parentId/events; GET /api/v2/carriers/:carrierId/assets/:parentId/events/:id; GET /api/v2/carriers; GET /api/v2/carriers/:id; GET /api/v2/carriers/:carrierId/depots; GET /api/v2/carriers/:carrierId/depots/:id; GET /api/v2/carriers/:carrierId/services; GET /api/v2/carriers/:carrierId/services/:id; GET /api/v2/carriers/:carrierId/partners; GET /api/v2/carriers/:carrierId/partners/:id; GET /api/v2/carriers/:carrierId/drivers; GET /api/v2/carriers/:carrierId/drivers/:id; GET /api/v2/carriers/:carrierId/vehicle-combinations; GET /api/v2/carriers/:carrierId/vehicle-combinations/:id; GET /api/v2/carriers/:carrierId/driver-assignments; GET /api/v2/carriers/:carrierId/driver-assignments/:id; GET /api/v2/carriers/:carrierId/vehicle-assignments; GET /api/v2/carriers/:carrierId/vehicle-assignments/:id; GET /api/v2/carriers/:carrierId/assets; GET /api/v2/carriers/:carrierId/assets/:id; GET /api/v2/carriers/:carrierId/capacity-pools; GET /api/v2/carriers/:carrierId/capacity-pools/:id; GET /api/v2/carriers/:carrierId/calendars; GET /api/v2/carriers/:carrierId/calendars/:id; GET /api/v2/carriers/:carrierId/maintenances; GET /api/v2/carriers/:carrierId/maintenances/:id; GET /api/v2/carriers/:carrierId/repositioning-blocks; GET /api/v2/carriers/:carrierId/repositioning-blocks/:id; GET /api/v2/carriers/:carrierId/asset-capabilities; GET /api/v2/carriers/:carrierId/asset-capabilities/:id; GET /api/v2/carriers/:carrierId/capability-definitions; GET /api/v2/carriers/:carrierId/capability-definitions/:id; GET /api/v2/carriers/:carrierId/services/:serviceId/areas; GET /api/v2/carriers/:carrierId/services/:serviceId/areas/:id; GET /api/v2/carriers/:carrierId/services/:serviceId/lanes; GET /api/v2/carriers/:carrierId/services/:serviceId/lanes/:id
CarrierDepot,TABLE_OR_SUBTYPE,carrier_depots,PARCIAL,5,"{""COMPLETO"":5}","{""COMPLETO"":2}",supabase-v2/supabase/migrations/20260927042808_v2_schema_baseline.sql:3262,depots,"{""table"":[{""relacl"":""{postgres=arwdDxtm/postgres,service_role=arwdDxtm/postgres,authenticated=r/postgres}"",""schema"":""public"",""relkind"":""r"",""relname"":""carrier_depots"",""relrowsecurity"":true,""relforcerowsecurity"":false}],""policies"":[{""cmd"":""SELECT"",""qual"":""( SELECT private.has_any_organization() AS has_any_organization)"",""roles"":[""authenticated""],""tablename"":""carrier_depots"",""policyname"":""carrier_depots_member_select"",""schemaname"":""public"",""with_check"":null}],""grants"":[{""grantee"":""authenticated"",""table_name"":""carrier_depots"",""table_schema"":""public"",""privilege_type"":""SELECT""},{""grantee"":""service_role"",""table_name"":""carrier_depots"",""table_schema"":""public"",""privilege_type"":""DELETE""},{""grantee"":""service_role"",""table_name"":""carrier_depots"",""table_schema"":""public"",""privilege_type"":""INSERT""},{""grantee"":""service_role"",""table_name"":""carrier_depots"",""table_schema"":""public"",""privilege_type"":""REFERENCES""},{""grantee"":""service_role"",""table_name"":""carrier_depots"",""table_schema"":""public"",""privilege_type"":""SELECT""},{""grantee"":""service_role"",""table_name"":""carrier_depots"",""table_schema"":""public"",""privilege_type"":""TRIGGER""},{""grantee"":""service_role"",""table_name"":""carrier_depots"",""table_schema"":""public"",""privilege_type"":""TRUNCATE""},{""grantee"":""service_role"",""table_name"":""carrier_depots"",""table_schema"":""public"",""privilege_type"":""UPDATE""}]}",attribute-matrix.json rows for CarrierDepot; native full profile; independent HTTP/RLS/FK/race logs,"[""+ supports(type: EquipmentType): Decision"",""+ activeAt(at: Instant): boolean""]",BLOQUEADO: exact semantic method→service/test mapping not certified; not an assertion of missing code,"Class complete only with all attributes, related associations and explicit semantic method evidence; green suites alone never promote rows",POST /api/v2/carriers/:carrierId/depots; POST /api/v2/carriers/:carrierId/depots/:id/revisions,GET /api/v2/carriers/:carrierId/depots; GET /api/v2/carriers/:carrierId/depots/:id
CarrierService,TABLE_OR_SUBTYPE,carrier_services,PARCIAL,10,"{""COMPLETO"":9,""PARCIAL"":1}","{""COMPLETO"":4,""PARCIAL"":4}",supabase-v2/supabase/migrations/20260927042808_v2_schema_baseline.sql:73,services,"{""table"":[{""relacl"":""{postgres=arwdDxtm/postgres,service_role=arwdDxtm/postgres,authenticated=r/postgres}"",""schema"":""public"",""relkind"":""r"",""relname"":""carrier_services"",""relrowsecurity"":true,""relforcerowsecurity"":false}],""policies"":[{""cmd"":""SELECT"",""qual"":""( SELECT private.has_any_organization() AS has_any_organization)"",""roles"":[""authenticated""],""tablename"":""carrier_services"",""policyname"":""carrier_services_member_select"",""schemaname"":""public"",""with_check"":null}],""grants"":[{""grantee"":""authenticated"",""table_name"":""carrier_services"",""table_schema"":""public"",""privilege_type"":""SELECT""},{""grantee"":""service_role"",""table_name"":""carrier_services"",""table_schema"":""public"",""privilege_type"":""DELETE""},{""grantee"":""service_role"",""table_name"":""carrier_services"",""table_schema"":""public"",""privilege_type"":""INSERT""},{""grantee"":""service_role"",""table_name"":""carrier_services"",""table_schema"":""public"",""privilege_type"":""REFERENCES""},{""grantee"":""service_role"",""table_name"":""carrier_services"",""table_schema"":""public"",""privilege_type"":""SELECT""},{""grantee"":""service_role"",""table_name"":""carrier_services"",""table_schema"":""public"",""privilege_type"":""TRIGGER""},{""grantee"":""service_role"",""table_name"":""carrier_services"",""table_schema"":""public"",""privilege_type"":""TRUNCATE""},{""grantee"":""service_role"",""table_name"":""carrier_services"",""table_schema"":""public"",""privilege_type"":""UPDATE""}]}",attribute-matrix.json rows for CarrierService; native full profile; independent HTTP/RLS/FK/race logs,"[""+ accepts(cargo: CargoSpecification): Decision"",""+ covers(leg: RouteLeg): Decision"",""+ validAt(at: Instant): boolean"",""+ supportsRequirements(cargo: CargoSpecification): Decision""]",BLOQUEADO: exact semantic method→service/test mapping not certified; not an assertion of missing code,"Class complete only with all attributes, related associations and explicit semantic method evidence; green suites alone never promote rows",POST /api/v2/carriers/:carrierId/services; POST /api/v2/carriers/:carrierId/services/:id/revisions; POST /api/v2/carriers/:carrierId/services/:serviceId/areas; POST /api/v2/carriers/:carrierId/services/:serviceId/areas/:id/revisions; POST /api/v2/carriers/:carrierId/services/:serviceId/lanes; POST /api/v2/carriers/:carrierId/services/:serviceId/lanes/:id/revisions,GET /api/v2/carriers/:carrierId/services; GET /api/v2/carriers/:carrierId/services/:id; GET /api/v2/carriers/:carrierId/services/:serviceId/areas; GET /api/v2/carriers/:carrierId/services/:serviceId/areas/:id; GET /api/v2/carriers/:carrierId/services/:serviceId/lanes; GET /api/v2/carriers/:carrierId/services/:serviceId/lanes/:id
ServiceLane,TABLE_OR_SUBTYPE,service_lanes,PARCIAL,5,"{""COMPLETO"":5}","{""PARCIAL"":1,""COMPLETO"":2}",supabase-v2/supabase/migrations/20260927042808_v2_schema_baseline.sql:3330,lanes,"{""table"":[{""relacl"":""{postgres=arwdDxtm/postgres,service_role=arwdDxtm/postgres,authenticated=r/postgres}"",""schema"":""public"",""relkind"":""r"",""relname"":""service_lanes"",""relrowsecurity"":true,""relforcerowsecurity"":false}],""policies"":[{""cmd"":""SELECT"",""qual"":""( SELECT private.has_any_organization() AS has_any_organization)"",""roles"":[""authenticated""],""tablename"":""service_lanes"",""policyname"":""service_lanes_member_select"",""schemaname"":""public"",""with_check"":null}],""grants"":[{""grantee"":""authenticated"",""table_name"":""service_lanes"",""table_schema"":""public"",""privilege_type"":""SELECT""},{""grantee"":""service_role"",""table_name"":""service_lanes"",""table_schema"":""public"",""privilege_type"":""DELETE""},{""grantee"":""service_role"",""table_name"":""service_lanes"",""table_schema"":""public"",""privilege_type"":""INSERT""},{""grantee"":""service_role"",""table_name"":""service_lanes"",""table_schema"":""public"",""privilege_type"":""REFERENCES""},{""grantee"":""service_role"",""table_name"":""service_lanes"",""table_schema"":""public"",""privilege_type"":""SELECT""},{""grantee"":""service_role"",""table_name"":""service_lanes"",""table_schema"":""public"",""privilege_type"":""TRIGGER""},{""grantee"":""service_role"",""table_name"":""service_lanes"",""table_schema"":""public"",""privilege_type"":""TRUNCATE""},{""grantee"":""service_role"",""table_name"":""service_lanes"",""table_schema"":""public"",""privilege_type"":""UPDATE""}]}",attribute-matrix.json rows for ServiceLane; native full profile; independent HTTP/RLS/FK/race logs,"[""+ connects(pickup: ServiceArea, delivery: ServiceArea): boolean"",""+ validAt(at: Instant): boolean""]",Native lane same-service/role/validity cases + HTTP directed create/read/revision; supabase/tests/09_v2_clean_road_network.test.sql; logs/pgtap-v2.log; api-results.json,"Class complete only with all attributes, related associations and explicit semantic method evidence; green suites alone never promote rows",POST /api/v2/carriers/:carrierId/services/:serviceId/lanes; POST /api/v2/carriers/:carrierId/services/:serviceId/lanes/:id/revisions,GET /api/v2/carriers/:carrierId/services/:serviceId/lanes; GET /api/v2/carriers/:carrierId/services/:serviceId/lanes/:id
ResponseIntegration,TABLE_OR_SUBTYPE,public.response_integrations,PARCIAL,5,"{""COMPLETO"":3,""PARCIAL"":2}","{""COMPLETO"":1}",supabase-v2/supabase/migrations/20261008235124_hac41_identity_integrations.sql:20,ResponseIntegration,"{""table"":[{""relacl"":""{postgres=arwdDxtm/postgres,authenticated=r/postgres}"",""schema"":""public"",""relkind"":""r"",""relname"":""response_integrations"",""relrowsecurity"":true,""relforcerowsecurity"":false}],""policies"":[{""cmd"":""SELECT"",""qual"":""private.identity_carrier_read(carrier_id)"",""roles"":[""authenticated""],""tablename"":""response_integrations"",""policyname"":""response_integrations_carrier_read"",""schemaname"":""public"",""with_check"":null}],""grants"":[{""grantee"":""authenticated"",""table_name"":""response_integrations"",""table_schema"":""public"",""privilege_type"":""SELECT""}]}",attribute-matrix.json rows for ResponseIntegration; native full profile; independent HTTP/RLS/FK/race logs,"[""+ canRespond(at: Instant): Decision"",""+ validateContract(): ValidationResult""]",BLOQUEADO: exact semantic method→service/test mapping not certified; not an assertion of missing code,"Class complete only with all attributes, related associations and explicit semantic method evidence; green suites alone never promote rows",POST /api/v2/carriers/:carrierId/integrations,GET /api/v2/carriers/:carrierId/integrations; GET /api/v2/carriers/:carrierId/integrations/:id/diagnostics
CapacitySource,PORT_OR_PROJECTION,|capacity_source_projection,PARCIAL,2,"{""PARCIAL"":2}","{""PARCIAL"":4}",NO_DEFINITION,CapacitySource,"{""table"":[],""policies"":[],""grants"":[]}",attribute-matrix.json rows for CapacitySource; native full profile; independent HTTP/RLS/FK/race logs,"[""+ availabilityFor(w: TimeWindow): Availability"",""+ effectiveCapacity(w: TimeWindow): Capacity""]",BLOQUEADO: exact semantic method→service/test mapping not certified; not an assertion of missing code,"Class complete only with all attributes, related associations and explicit semantic method evidence; green suites alone never promote rows",NO_HONO_OPERATION; see service/port/identity evidence,NO_HONO_OPERATION; see service/port/identity evidence
TransportAsset,TABLE_OR_SUBTYPE,transport_assets,PARCIAL,7,"{""COMPLETO"":6,""PARCIAL"":1}","{""PARCIAL"":6,""COMPLETO"":2}",supabase-v2/supabase/migrations/20260927064713_hac12_road_vertical.sql:40,assets,"{""table"":[{""relacl"":""{postgres=arwdDxtm/postgres,service_role=arwdDxtm/postgres}"",""schema"":""public"",""relkind"":""r"",""relname"":""transport_assets"",""relrowsecurity"":true,""relforcerowsecurity"":false}],""policies"":[{""cmd"":""SELECT"",""qual"":""( SELECT private.has_any_organization() AS has_any_organization)"",""roles"":[""authenticated""],""tablename"":""transport_assets"",""policyname"":""transport_assets_member_select"",""schemaname"":""public"",""with_check"":null}],""grants"":[{""grantee"":""service_role"",""table_name"":""transport_assets"",""table_schema"":""public"",""privilege_type"":""DELETE""},{""grantee"":""service_role"",""table_name"":""transport_assets"",""table_schema"":""public"",""privilege_type"":""INSERT""},{""grantee"":""service_role"",""table_name"":""transport_assets"",""table_schema"":""public"",""privilege_type"":""REFERENCES""},{""grantee"":""service_role"",""table_name"":""transport_assets"",""table_schema"":""public"",""privilege_type"":""SELECT""},{""grantee"":""service_role"",""table_name"":""transport_assets"",""table_schema"":""public"",""privilege_type"":""TRIGGER""},{""grantee"":""service_role"",""table_name"":""transport_assets"",""table_schema"":""public"",""privilege_type"":""TRUNCATE""},{""grantee"":""service_role"",""table_name"":""transport_assets"",""table_schema"":""public"",""privilege_type"":""UPDATE""}]}",attribute-matrix.json rows for TransportAsset; native full profile; independent HTTP/RLS/FK/race logs,"[""+ capacityOn(route: RoutePlan): Capacity"",""+ canCarry(cargo: CargoSpecification): Decision"",""+ availabilityFor(w: TimeWindow): Availability"",""+ effectiveCapacity(w: TimeWindow): Capacity""]",BLOQUEADO: exact semantic method→service/test mapping not certified; not an assertion of missing code,"Class complete only with all attributes, related associations and explicit semantic method evidence; green suites alone never promote rows",POST /api/v2/carriers/:carrierId/assets/:parentId/events; POST /api/v2/carriers/:carrierId/assets; POST /api/v2/carriers/:carrierId/assets/:id/revisions,GET /api/v2/carriers/:carrierId/assets/:parentId/events; GET /api/v2/carriers/:carrierId/assets/:parentId/events/:id; GET /api/v2/carriers/:carrierId/assets; GET /api/v2/carriers/:carrierId/assets/:id
RoadVehicle,TABLE_OR_SUBTYPE,transport_assets,PARCIAL,11,"{""PARCIAL"":4,""COMPLETO"":7}","{""PARCIAL"":1,""COMPLETO"":1}",supabase-v2/supabase/migrations/20260927064713_hac12_road_vertical.sql:40,assets,"{""table"":[{""relacl"":""{postgres=arwdDxtm/postgres,service_role=arwdDxtm/postgres}"",""schema"":""public"",""relkind"":""r"",""relname"":""transport_assets"",""relrowsecurity"":true,""relforcerowsecurity"":false}],""policies"":[{""cmd"":""SELECT"",""qual"":""( SELECT private.has_any_organization() AS has_any_organization)"",""roles"":[""authenticated""],""tablename"":""transport_assets"",""policyname"":""transport_assets_member_select"",""schemaname"":""public"",""with_check"":null}],""grants"":[{""grantee"":""service_role"",""table_name"":""transport_assets"",""table_schema"":""public"",""privilege_type"":""DELETE""},{""grantee"":""service_role"",""table_name"":""transport_assets"",""table_schema"":""public"",""privilege_type"":""INSERT""},{""grantee"":""service_role"",""table_name"":""transport_assets"",""table_schema"":""public"",""privilege_type"":""REFERENCES""},{""grantee"":""service_role"",""table_name"":""transport_assets"",""table_schema"":""public"",""privilege_type"":""SELECT""},{""grantee"":""service_role"",""table_name"":""transport_assets"",""table_schema"":""public"",""privilege_type"":""TRIGGER""},{""grantee"":""service_role"",""table_name"":""transport_assets"",""table_schema"":""public"",""privilege_type"":""TRUNCATE""},{""grantee"":""service_role"",""table_name"":""transport_assets"",""table_schema"":""public"",""privilege_type"":""UPDATE""}]}",attribute-matrix.json rows for RoadVehicle; native full profile; independent HTTP/RLS/FK/race logs,"[""+ legalCapacityFor(route: RoutePlan): Capacity"",""+ isRoadworthy(at: Instant): Decision"",""+ recordOdometer(km: number): Result""]",BLOQUEADO: exact semantic method→service/test mapping not certified; not an assertion of missing code,"Class complete only with all attributes, related associations and explicit semantic method evidence; green suites alone never promote rows",POST /api/v2/carriers/:carrierId/assets/:parentId/events; POST /api/v2/carriers/:carrierId/assets; POST /api/v2/carriers/:carrierId/assets/:id/revisions,GET /api/v2/carriers/:carrierId/assets/:parentId/events; GET /api/v2/carriers/:carrierId/assets/:parentId/events/:id; GET /api/v2/carriers/:carrierId/assets; GET /api/v2/carriers/:carrierId/assets/:id
CapacityPool,TABLE_OR_SUBTYPE,capacity_pools,PARCIAL,6,"{""COMPLETO"":3,""PARCIAL"":3}","{""PARCIAL"":2,""COMPLETO"":1}",supabase-v2/supabase/migrations/20260927064713_hac12_road_vertical.sql:78,capacity-pools,"{""table"":[{""relacl"":""{postgres=arwdDxtm/postgres,service_role=arwdDxtm/postgres}"",""schema"":""public"",""relkind"":""r"",""relname"":""capacity_pools"",""relrowsecurity"":true,""relforcerowsecurity"":false}],""policies"":[{""cmd"":""SELECT"",""qual"":""( SELECT private.has_any_organization() AS has_any_organization)"",""roles"":[""authenticated""],""tablename"":""capacity_pools"",""policyname"":""capacity_pools_member_select"",""schemaname"":""public"",""with_check"":null}],""grants"":[{""grantee"":""service_role"",""table_name"":""capacity_pools"",""table_schema"":""public"",""privilege_type"":""DELETE""},{""grantee"":""service_role"",""table_name"":""capacity_pools"",""table_schema"":""public"",""privilege_type"":""INSERT""},{""grantee"":""service_role"",""table_name"":""capacity_pools"",""table_schema"":""public"",""privilege_type"":""REFERENCES""},{""grantee"":""service_role"",""table_name"":""capacity_pools"",""table_schema"":""public"",""privilege_type"":""SELECT""},{""grantee"":""service_role"",""table_name"":""capacity_pools"",""table_schema"":""public"",""privilege_type"":""TRIGGER""},{""grantee"":""service_role"",""table_name"":""capacity_pools"",""table_schema"":""public"",""privilege_type"":""TRUNCATE""},{""grantee"":""service_role"",""table_name"":""capacity_pools"",""table_schema"":""public"",""privilege_type"":""UPDATE""}]}",attribute-matrix.json rows for CapacityPool; native full profile; independent HTTP/RLS/FK/race logs,"[""+ supports(window: TimeWindow): Decision"",""+ capacityFor(window: TimeWindow): Capacity"",""+ availabilityFor(w: TimeWindow): Availability"",""+ effectiveCapacity(w: TimeWindow): Capacity""]",BLOQUEADO: exact semantic method→service/test mapping not certified; not an assertion of missing code,"Class complete only with all attributes, related associations and explicit semantic method evidence; green suites alone never promote rows",POST /api/v2/carriers/:carrierId/capacity-pools; POST /api/v2/carriers/:carrierId/capacity-pools/:id/revisions,GET /api/v2/carriers/:carrierId/capacity-pools; GET /api/v2/carriers/:carrierId/capacity-pools/:id
CapacityCalendar,TABLE_OR_SUBTYPE,capacity_calendars,PARCIAL,5,"{""PARCIAL"":3,""COMPLETO"":2}","{""PARCIAL"":1,""COMPLETO"":2}",supabase-v2/supabase/migrations/20260927064713_hac12_road_vertical.sql:98,calendars,"{""table"":[{""relacl"":""{postgres=arwdDxtm/postgres,service_role=arwdDxtm/postgres}"",""schema"":""public"",""relkind"":""r"",""relname"":""capacity_calendars"",""relrowsecurity"":true,""relforcerowsecurity"":false}],""policies"":[{""cmd"":""SELECT"",""qual"":""( SELECT private.has_any_organization() AS has_any_organization)"",""roles"":[""authenticated""],""tablename"":""capacity_calendars"",""policyname"":""capacity_calendars_member_select"",""schemaname"":""public"",""with_check"":null}],""grants"":[{""grantee"":""service_role"",""table_name"":""capacity_calendars"",""table_schema"":""public"",""privilege_type"":""DELETE""},{""grantee"":""service_role"",""table_name"":""capacity_calendars"",""table_schema"":""public"",""privilege_type"":""INSERT""},{""grantee"":""service_role"",""table_name"":""capacity_calendars"",""table_schema"":""public"",""privilege_type"":""REFERENCES""},{""grantee"":""service_role"",""table_name"":""capacity_calendars"",""table_schema"":""public"",""privilege_type"":""SELECT""},{""grantee"":""service_role"",""table_name"":""capacity_calendars"",""table_schema"":""public"",""privilege_type"":""TRIGGER""},{""grantee"":""service_role"",""table_name"":""capacity_calendars"",""table_schema"":""public"",""privilege_type"":""TRUNCATE""},{""grantee"":""service_role"",""table_name"":""capacity_calendars"",""table_schema"":""public"",""privilege_type"":""UPDATE""}]}",attribute-matrix.json rows for CapacityCalendar; native full profile; independent HTTP/RLS/FK/race logs,"[""+ availableAt(window: TimeWindow): Availability"",""+ blocks(window: TimeWindow): BlockReason[]"",""+ nextAvailable(after: Instant): TimeWindow | unknown""]",BLOQUEADO: exact semantic method→service/test mapping not certified; not an assertion of missing code,"Class complete only with all attributes, related associations and explicit semantic method evidence; green suites alone never promote rows",POST /api/v2/carriers/:carrierId/calendars; POST /api/v2/carriers/:carrierId/calendars/:id/revisions,GET /api/v2/carriers/:carrierId/calendars; GET /api/v2/carriers/:carrierId/calendars/:id
CapacityReservation,TABLE_OR_SUBTYPE,capacity_reservations,PARCIAL,7,"{""COMPLETO"":4,""PARCIAL"":3}","{""COMPLETO"":3}",supabase-v2/supabase/migrations/20260927064713_hac12_road_vertical.sql:127,holds,"{""table"":[{""relacl"":""{postgres=arwdDxtm/postgres,service_role=arwdDxtm/postgres}"",""schema"":""public"",""relkind"":""r"",""relname"":""capacity_reservations"",""relrowsecurity"":true,""relforcerowsecurity"":false}],""policies"":[{""cmd"":""SELECT"",""qual"":""( SELECT private.has_any_organization() AS has_any_organization)"",""roles"":[""authenticated""],""tablename"":""capacity_reservations"",""policyname"":""capacity_reservations_member_select"",""schemaname"":""public"",""with_check"":null}],""grants"":[{""grantee"":""service_role"",""table_name"":""capacity_reservations"",""table_schema"":""public"",""privilege_type"":""DELETE""},{""grantee"":""service_role"",""table_name"":""capacity_reservations"",""table_schema"":""public"",""privilege_type"":""INSERT""},{""grantee"":""service_role"",""table_name"":""capacity_reservations"",""table_schema"":""public"",""privilege_type"":""REFERENCES""},{""grantee"":""service_role"",""table_name"":""capacity_reservations"",""table_schema"":""public"",""privilege_type"":""SELECT""},{""grantee"":""service_role"",""table_name"":""capacity_reservations"",""table_schema"":""public"",""privilege_type"":""TRIGGER""},{""grantee"":""service_role"",""table_name"":""capacity_reservations"",""table_schema"":""public"",""privilege_type"":""TRUNCATE""},{""grantee"":""service_role"",""table_name"":""capacity_reservations"",""table_schema"":""public"",""privilege_type"":""UPDATE""}]}",attribute-matrix.json rows for CapacityReservation; native full profile; independent HTTP/RLS/FK/race logs,"[""+ overlaps(window: TimeWindow): boolean"",""+ consumes(load: Capacity): Capacity"",""+ release(reason: ReasonCode): Result""]",BLOQUEADO: exact semantic method→service/test mapping not certified; not an assertion of missing code,"Class complete only with all attributes, related associations and explicit semantic method evidence; green suites alone never promote rows",POST /api/v2/carriers/:carrierId/capacity/holds/:id/confirmations; POST /api/v2/carriers/:carrierId/capacity/holds/:id/releases; POST /api/v2/capacity/holds; POST /api/v2/capacity/holds/:id/releases,GET /api/v2/carriers/:carrierId/capacity/holds; GET /api/v2/carriers/:carrierId/capacity/holds/:id; GET /api/v2/capacity/holds; GET /api/v2/capacity/holds/:id; GET /api/v2/bookings/:parentId/reservations; GET /api/v2/bookings/:parentId/reservations/:id
ScheduledMaintenance,TABLE_OR_SUBTYPE,scheduled_maintenances,PARCIAL,4,"{""COMPLETO"":2,""PARCIAL"":2}","{""COMPLETO"":1}",supabase-v2/supabase/migrations/20260927064713_hac12_road_vertical.sql:141,maintenances,"{""table"":[{""relacl"":""{postgres=arwdDxtm/postgres,service_role=arwdDxtm/postgres}"",""schema"":""public"",""relkind"":""r"",""relname"":""scheduled_maintenances"",""relrowsecurity"":true,""relforcerowsecurity"":false}],""policies"":[{""cmd"":""SELECT"",""qual"":""( SELECT private.has_any_organization() AS has_any_organization)"",""roles"":[""authenticated""],""tablename"":""scheduled_maintenances"",""policyname"":""scheduled_maintenances_member_select"",""schemaname"":""public"",""with_check"":null}],""grants"":[{""grantee"":""service_role"",""table_name"":""scheduled_maintenances"",""table_schema"":""public"",""privilege_type"":""DELETE""},{""grantee"":""service_role"",""table_name"":""scheduled_maintenances"",""table_schema"":""public"",""privilege_type"":""INSERT""},{""grantee"":""service_role"",""table_name"":""scheduled_maintenances"",""table_schema"":""public"",""privilege_type"":""REFERENCES""},{""grantee"":""service_role"",""table_name"":""scheduled_maintenances"",""table_schema"":""public"",""privilege_type"":""SELECT""},{""grantee"":""service_role"",""table_name"":""scheduled_maintenances"",""table_schema"":""public"",""privilege_type"":""TRIGGER""},{""grantee"":""service_role"",""table_name"":""scheduled_maintenances"",""table_schema"":""public"",""privilege_type"":""TRUNCATE""},{""grantee"":""service_role"",""table_name"":""scheduled_maintenances"",""table_schema"":""public"",""privilege_type"":""UPDATE""}]}",attribute-matrix.json rows for ScheduledMaintenance; native full profile; independent HTTP/RLS/FK/race logs,"[""+ blocks(window: TimeWindow): boolean"",""+ belongsTo(asset: TransportAsset): boolean""]",BLOQUEADO: exact semantic method→service/test mapping not certified; not an assertion of missing code,"Class complete only with all attributes, related associations and explicit semantic method evidence; green suites alone never promote rows",POST /api/v2/carriers/:carrierId/maintenances; POST /api/v2/carriers/:carrierId/maintenances/:id/revisions,GET /api/v2/carriers/:carrierId/maintenances; GET /api/v2/carriers/:carrierId/maintenances/:id
Driver,TABLE_OR_SUBTYPE,drivers,PARCIAL,8,"{""COMPLETO"":7,""PARCIAL"":1}","{""PARCIAL"":1,""COMPLETO"":1}",supabase-v2/supabase/migrations/20261004080506_hac40_crew_assignments.sql:18,drivers,"{""table"":[{""relacl"":""{postgres=arwdDxtm/postgres}"",""schema"":""public"",""relkind"":""r"",""relname"":""drivers"",""relrowsecurity"":true,""relforcerowsecurity"":false}],""policies"":[],""grants"":[]}",attribute-matrix.json rows for Driver; native full profile; independent HTTP/RLS/FK/race logs,"[""+ qualifiedFor(vehicle: RoadVehicle, cargo: CargoSpecification): Decision"",""+ availableFor(window: TimeWindow): Availability""]",BLOQUEADO: exact semantic method→service/test mapping not certified; not an assertion of missing code,"Class complete only with all attributes, related associations and explicit semantic method evidence; green suites alone never promote rows",POST /api/v2/carriers/:carrierId/drivers; POST /api/v2/carriers/:carrierId/drivers/:id/revisions,GET /api/v2/carriers/:carrierId/drivers; GET /api/v2/carriers/:carrierId/drivers/:id
DriverAssignment,TABLE_OR_SUBTYPE,driver_assignments,COMPLETO,4,"{""COMPLETO"":4}","{""COMPLETO"":2}",supabase-v2/supabase/migrations/20261004080506_hac40_crew_assignments.sql:51,driver-assignments,"{""table"":[{""relacl"":""{postgres=arwdDxtm/postgres}"",""schema"":""public"",""relkind"":""r"",""relname"":""driver_assignments"",""relrowsecurity"":true,""relforcerowsecurity"":false}],""policies"":[],""grants"":[]}",attribute-matrix.json rows for DriverAssignment; native full profile; independent HTTP/RLS/FK/race logs,"[""+ overlaps(other: DriverAssignment): boolean"",""+ validateHours(): Decision""]",Native crew positive assignment / overlap / duty policies + authenticated confirmed assignment HTTP; supabase/tests/21_v2_hac40_crew.test.sql; logs/pgtap-v2.log; extended-api-results.json,"Class complete only with all attributes, related associations and explicit semantic method evidence; green suites alone never promote rows",POST /api/v2/carriers/:carrierId/driver-assignments; POST /api/v2/carriers/:carrierId/driver-assignments/:id/revisions,GET /api/v2/carriers/:carrierId/driver-assignments; GET /api/v2/carriers/:carrierId/driver-assignments/:id
VehicleAssignment,TABLE_OR_SUBTYPE,vehicle_assignments,PARCIAL,4,"{""COMPLETO"":4}","{""COMPLETO"":2}",supabase-v2/supabase/migrations/20261004080506_hac40_crew_assignments.sql:62,vehicle-assignments,"{""table"":[{""relacl"":""{postgres=arwdDxtm/postgres}"",""schema"":""public"",""relkind"":""r"",""relname"":""vehicle_assignments"",""relrowsecurity"":true,""relforcerowsecurity"":false}],""policies"":[],""grants"":[]}",attribute-matrix.json rows for VehicleAssignment; native full profile; independent HTTP/RLS/FK/race logs,"[""+ isAvailable(): Decision"",""+ release(reason: ReasonCode): Result""]",BLOQUEADO: exact semantic method→service/test mapping not certified; not an assertion of missing code,"Class complete only with all attributes, related associations and explicit semantic method evidence; green suites alone never promote rows",POST /api/v2/carriers/:carrierId/vehicle-assignments; POST /api/v2/carriers/:carrierId/vehicle-assignments/:id/revisions,GET /api/v2/carriers/:carrierId/vehicle-assignments; GET /api/v2/carriers/:carrierId/vehicle-assignments/:id
AssetStatusEvent,TABLE_OR_SUBTYPE,asset_status_events,PARCIAL,5,"{""PARCIAL"":5}","{""PARCIAL"":1}",supabase-v2/supabase/migrations/20261004154048_hac40_workflow.sql:253,asset-events,"{""table"":[{""relacl"":""{postgres=arwdDxtm/postgres}"",""schema"":""public"",""relkind"":""r"",""relname"":""asset_status_events"",""relrowsecurity"":true,""relforcerowsecurity"":false}],""policies"":[],""grants"":[]}",attribute-matrix.json rows for AssetStatusEvent; native full profile; independent HTTP/RLS/FK/race logs,"[""+ validateTransition(): Decision"",""+ isOperationalBlock(): boolean""]",BLOQUEADO: exact semantic method→service/test mapping not certified; not an assertion of missing code,"Class complete only with all attributes, related associations and explicit semantic method evidence; green suites alone never promote rows",POST /api/v2/carriers/:carrierId/assets/:parentId/events,GET /api/v2/carriers/:carrierId/assets/:parentId/events; GET /api/v2/carriers/:carrierId/assets/:parentId/events/:id
RoutePlan,TABLE_OR_SUBTYPE,route_plans,PARCIAL,8,"{""COMPLETO"":6,""PARCIAL"":2}","{""COMPLETO"":3,""PARCIAL"":2}",supabase-v2/supabase/migrations/20261004154048_hac40_workflow.sql:136,routes,"{""table"":[{""relacl"":""{postgres=arwdDxtm/postgres}"",""schema"":""public"",""relkind"":""r"",""relname"":""route_plans"",""relrowsecurity"":true,""relforcerowsecurity"":false}],""policies"":[],""grants"":[]}",attribute-matrix.json rows for RoutePlan; native full profile; independent HTTP/RLS/FK/race logs,"[""+ orderedLegs(): RouteLeg[]"",""+ validatesContinuity(): Decision"",""+ compareWith(other: RoutePlan, policy: RoutePlanningPolicy): Decision"",""+ evaluateConditions(at: Instant): RouteDecision""]",BLOQUEADO: exact semantic method→service/test mapping not certified; not an assertion of missing code,"Class complete only with all attributes, related associations and explicit semantic method evidence; green suites alone never promote rows",POST /api/v2/freight/requests/:requestId/routes,GET /api/v2/freight/requests/:requestId/routes; GET /api/v2/freight/requests/:requestId/routes/:id
RouteLeg,TABLE_OR_SUBTYPE,route_legs,PARCIAL,7,"{""COMPLETO"":6,""PARCIAL"":1}","{""PARCIAL"":3,""COMPLETO"":2}",supabase-v2/supabase/migrations/20261004154048_hac40_workflow.sql:312,routes,"{""table"":[{""relacl"":""{postgres=arwdDxtm/postgres}"",""schema"":""public"",""relkind"":""r"",""relname"":""route_legs"",""relrowsecurity"":true,""relforcerowsecurity"":false}],""policies"":[],""grants"":[]}",attribute-matrix.json rows for RouteLeg; native full profile; independent HTTP/RLS/FK/race logs,"[""+ requiresPermit(): boolean"",""+ connects(next: RouteLeg): boolean"",""+ validatesBorderRequirements(): Decision""]",BLOQUEADO: exact semantic method→service/test mapping not certified; not an assertion of missing code,"Class complete only with all attributes, related associations and explicit semantic method evidence; green suites alone never promote rows",POST /api/v2/freight/requests/:requestId/routes,GET /api/v2/freight/requests/:requestId/routes; GET /api/v2/freight/requests/:requestId/routes/:id
RouteCondition,TABLE_OR_SUBTYPE,route_conditions,PARCIAL,6,"{""COMPLETO"":6}","{""PARCIAL"":3}",supabase-v2/supabase/migrations/20261004154048_hac40_workflow.sql:84,conditions,"{""table"":[{""relacl"":""{postgres=arwdDxtm/postgres}"",""schema"":""public"",""relkind"":""r"",""relname"":""route_conditions"",""relrowsecurity"":true,""relforcerowsecurity"":false}],""policies"":[],""grants"":[]}",attribute-matrix.json rows for RouteCondition; native full profile; independent HTTP/RLS/FK/race logs,"[""+ affects(leg: RouteLeg, at: Instant): Decision"",""+ requiresReplan(): boolean""]",BLOQUEADO: exact semantic method→service/test mapping not certified; not an assertion of missing code,"Class complete only with all attributes, related associations and explicit semantic method evidence; green suites alone never promote rows",POST /api/v2/routing/conditions; POST /api/v2/routing/conditions/:id/revisions,GET /api/v2/routing/conditions; GET /api/v2/routing/conditions/:id
RouteWaypoint,TABLE_OR_SUBTYPE,route_waypoints,PARCIAL,5,"{""COMPLETO"":5}","{""COMPLETO"":1}",supabase-v2/supabase/migrations/20261004154048_hac40_workflow.sql:313,routes,"{""table"":[{""relacl"":""{postgres=arwdDxtm/postgres}"",""schema"":""public"",""relkind"":""r"",""relname"":""route_waypoints"",""relrowsecurity"":true,""relforcerowsecurity"":false}],""policies"":[],""grants"":[]}",attribute-matrix.json rows for RouteWaypoint; native full profile; independent HTTP/RLS/FK/race logs,"[""+ isUsableAt(at: Instant): Decision"",""+ addsDelay(): Duration | unknown""]",BLOQUEADO: exact semantic method→service/test mapping not certified; not an assertion of missing code,"Class complete only with all attributes, related associations and explicit semantic method evidence; green suites alone never promote rows",POST /api/v2/freight/requests/:requestId/routes,GET /api/v2/freight/requests/:requestId/routes; GET /api/v2/freight/requests/:requestId/routes/:id
RoutePlanningPolicy,TABLE_OR_SUBTYPE,route_planning_policies,PARCIAL,5,"{""COMPLETO"":4,""PARCIAL"":1}","{""COMPLETO"":1,""PARCIAL"":1}",supabase-v2/supabase/migrations/20261004154048_hac40_workflow.sql:71,route-policies,"{""table"":[{""relacl"":""{postgres=arwdDxtm/postgres}"",""schema"":""public"",""relkind"":""r"",""relname"":""route_planning_policies"",""relrowsecurity"":true,""relforcerowsecurity"":false}],""policies"":[],""grants"":[]}",attribute-matrix.json rows for RoutePlanningPolicy; native full profile; independent HTTP/RLS/FK/race logs,"[""+ evaluate(route: RoutePlan): RouteDecision"",""+ explain(route: RoutePlan): Explanation""]",BLOQUEADO: exact semantic method→service/test mapping not certified; not an assertion of missing code,"Class complete only with all attributes, related associations and explicit semantic method evidence; green suites alone never promote rows",POST /api/v2/routing/policies; POST /api/v2/routing/policies/:id/revisions,GET /api/v2/routing/policies; GET /api/v2/routing/policies/:id
TransportPlanCandidate,TABLE_OR_SUBTYPE,transport_plan_candidates,PARCIAL,6,"{""COMPLETO"":4,""PARCIAL"":2}","{""COMPLETO"":3,""PARCIAL"":4}",supabase-v2/supabase/migrations/20261004154048_hac40_workflow.sql:149,plans,"{""table"":[{""relacl"":""{postgres=arwdDxtm/postgres}"",""schema"":""public"",""relkind"":""r"",""relname"":""transport_plan_candidates"",""relrowsecurity"":true,""relforcerowsecurity"":false}],""policies"":[],""grants"":[]}",attribute-matrix.json rows for TransportPlanCandidate; native full profile; independent HTTP/RLS/FK/race logs,"[""+ assessEligibility(): EligibilityDecision"",""+ require(resource: PlanResource): void"",""+ isQuotable(): boolean""]",BLOQUEADO: exact semantic method→service/test mapping not certified; not an assertion of missing code,"Class complete only with all attributes, related associations and explicit semantic method evidence; green suites alone never promote rows",POST /api/v2/freight/requests/:requestId/plans,GET /api/v2/freight/requests/:requestId/plans; GET /api/v2/freight/requests/:requestId/plans/:id
PlanResource,TABLE_OR_SUBTYPE,plan_resources,PARCIAL,8,"{""COMPLETO"":8}","{""PARCIAL"":3,""COMPLETO"":4}",supabase-v2/supabase/migrations/20261004154048_hac40_workflow.sql:314,plans,"{""table"":[{""relacl"":""{postgres=arwdDxtm/postgres}"",""schema"":""public"",""relkind"":""r"",""relname"":""plan_resources"",""relrowsecurity"":true,""relforcerowsecurity"":false}],""policies"":[],""grants"":[]}",attribute-matrix.json rows for PlanResource; native full profile; independent HTTP/RLS/FK/race logs,"[""+ contributesCargoCapacity(): boolean"",""+ coversEntireWindow(): Decision"",""+ validateWithCalendar(): Decision""]",BLOQUEADO: exact semantic method→service/test mapping not certified; not an assertion of missing code,"Class complete only with all attributes, related associations and explicit semantic method evidence; green suites alone never promote rows",POST /api/v2/freight/requests/:requestId/plans,GET /api/v2/freight/requests/:requestId/plans; GET /api/v2/freight/requests/:requestId/plans/:id
CarrierOpportunity,TABLE_OR_SUBTYPE,carrier_opportunities,PARCIAL,4,"{""COMPLETO"":4}","{""PARCIAL"":1,""COMPLETO"":2}",supabase-v2/supabase/migrations/20261004154048_hac40_workflow.sql:162,opportunities,"{""table"":[{""relacl"":""{postgres=arwdDxtm/postgres}"",""schema"":""public"",""relkind"":""r"",""relname"":""carrier_opportunities"",""relrowsecurity"":true,""relforcerowsecurity"":false}],""policies"":[],""grants"":[]}",attribute-matrix.json rows for CarrierOpportunity; native full profile; independent HTTP/RLS/FK/race logs,"[""+ invite(carrier: Carrier): Result"",""+ accepts(offer: CarrierOffer): Decision""]",Native invitation/attributable offer checks + HTTP invite/accept/offer and cross-tenant controls; supabase/tests/22_v2_hac40_workflow.test.sql; logs/extended-api-results.json,"Class complete only with all attributes, related associations and explicit semantic method evidence; green suites alone never promote rows",POST /api/v2/carriers/:carrierId/opportunities/:id/responses; POST /api/v2/carriers/:carrierId/opportunities/:parentId/offers; POST /api/v2/freight/requests/:requestId/opportunities,GET /api/v2/carriers/:carrierId/opportunities; GET /api/v2/carriers/:carrierId/opportunities/:id; GET /api/v2/freight/requests/:requestId/opportunities; GET /api/v2/freight/requests/:requestId/opportunities/:id
CarrierOffer,TABLE_OR_SUBTYPE,v2_carrier_offers,PARCIAL,22,"{""COMPLETO"":15,""PARCIAL"":7}","{""COMPLETO"":3,""PARCIAL"":7}",supabase-v2/supabase/migrations/20261004154048_hac40_workflow.sql:175,offers,"{""table"":[{""relacl"":""{postgres=arwdDxtm/postgres}"",""schema"":""public"",""relkind"":""r"",""relname"":""v2_carrier_offers"",""relrowsecurity"":true,""relforcerowsecurity"":false}],""policies"":[],""grants"":[]}",attribute-matrix.json rows for CarrierOffer; native full profile; independent HTTP/RLS/FK/race logs,"[""+ isValidAt(at: Instant): boolean"",""+ isComparableTo(other: CarrierOffer): Decision"",""+ covers(assignment: PlanLegAssignment): Decision"",""+ validatesBreakdownCurrency(policy: CurrencyPolicy): ValidationResult"",""+ bookableAt(window: TimeWindow): Decision"",""+ validatesAttribution(): Decision""]",BLOQUEADO: exact semantic method→service/test mapping not certified; not an assertion of missing code,"Class complete only with all attributes, related associations and explicit semantic method evidence; green suites alone never promote rows",POST /api/v2/carriers/:carrierId/offers/:id/withdrawals,GET /api/v2/carriers/:carrierId/offers; GET /api/v2/carriers/:carrierId/offers/:id; GET /api/v2/freight/requests/:requestId/offers; GET /api/v2/freight/requests/:requestId/offers/:id
RankedOption,TABLE_OR_SUBTYPE,ranked_options,PARCIAL,5,"{""PARCIAL"":2,""COMPLETO"":3}","{""PARCIAL"":2}",supabase-v2/supabase/migrations/20261004154048_hac40_workflow.sql:325,ranking,"{""table"":[{""relacl"":""{postgres=arwdDxtm/postgres}"",""schema"":""public"",""relkind"":""r"",""relname"":""ranked_options"",""relrowsecurity"":true,""relforcerowsecurity"":false}],""policies"":[],""grants"":[]}",attribute-matrix.json rows for RankedOption; native full profile; independent HTTP/RLS/FK/race logs,"[""+ isComparable(): boolean"",""+ provenance(): EvidenceRef[]""]",BLOQUEADO: exact semantic method→service/test mapping not certified; not an assertion of missing code,"Class complete only with all attributes, related associations and explicit semantic method evidence; green suites alone never promote rows",POST /api/v2/freight/requests/:requestId/ranking,GET /api/v2/freight/requests/:requestId/ranking; GET /api/v2/freight/requests/:requestId/ranking/:id
ScoringPolicy,TABLE_OR_SUBTYPE,scoring_policies,PARCIAL,5,"{""COMPLETO"":5}","{""PARCIAL"":1}",supabase-v2/supabase/migrations/20261004154048_hac40_workflow.sql:110,scoring-policies,"{""table"":[{""relacl"":""{postgres=arwdDxtm/postgres}"",""schema"":""public"",""relkind"":""r"",""relname"":""scoring_policies"",""relrowsecurity"":true,""relforcerowsecurity"":false}],""policies"":[],""grants"":[]}",attribute-matrix.json rows for ScoringPolicy; native full profile; independent HTTP/RLS/FK/race logs,"[""+ rank(offers: CarrierOffer[]): RankedOption[]"",""+ explain(option: RankedOption): Explanation""]",BLOQUEADO: exact semantic method→service/test mapping not certified; not an assertion of missing code,"Class complete only with all attributes, related associations and explicit semantic method evidence; green suites alone never promote rows",POST /api/v2/scoring/policies; POST /api/v2/scoring/policies/:id/revisions,GET /api/v2/scoring/policies; GET /api/v2/scoring/policies/:id
Booking,TABLE_OR_SUBTYPE,v2_bookings,PARCIAL,8,"{""PARCIAL"":3,""COMPLETO"":5}","{""COMPLETO"":3,""PARCIAL"":1}",supabase-v2/supabase/migrations/20261004154048_hac40_workflow.sql:214,bookings,"{""table"":[{""relacl"":""{postgres=arwdDxtm/postgres}"",""schema"":""public"",""relkind"":""r"",""relname"":""v2_bookings"",""relrowsecurity"":true,""relforcerowsecurity"":false}],""policies"":[],""grants"":[]}",attribute-matrix.json rows for Booking; native full profile; independent HTTP/RLS/FK/race logs,"[""+ recordResponse(reply: CarrierResponse): Result"",""+ cancel(authorizedBy: MemberId): Result"",""+ authorize(decision: SelectionDecision): Result"",""+ validateCapacityCommitment(): Decision""]",BLOQUEADO: exact semantic method→service/test mapping not certified; not an assertion of missing code,"Class complete only with all attributes, related associations and explicit semantic method evidence; green suites alone never promote rows",POST /api/v2/carriers/:carrierId/bookings/:id/confirmations; POST /api/v2/carriers/:carrierId/bookings/:id/cancellations; POST /api/v2/bookings; POST /api/v2/bookings/:id/cancellations,GET /api/v2/carriers/:carrierId/bookings; GET /api/v2/carriers/:carrierId/bookings/:id; GET /api/v2/bookings; GET /api/v2/bookings/:id; GET /api/v2/bookings/:parentId/reservations; GET /api/v2/bookings/:parentId/reservations/:id; GET /api/v2/bookings/:parentId/execution; GET /api/v2/bookings/:parentId/execution/:id
TransportExecution,TABLE_OR_SUBTYPE,transport_executions,PARCIAL,6,"{""COMPLETO"":3,""PARCIAL"":3}","{""COMPLETO"":4}",supabase-v2/supabase/migrations/20261004080506_hac40_crew_assignments.sql:9,executions,"{""table"":[{""relacl"":""{postgres=arwdDxtm/postgres}"",""schema"":""public"",""relkind"":""r"",""relname"":""transport_executions"",""relrowsecurity"":true,""relforcerowsecurity"":false}],""policies"":[],""grants"":[]}",attribute-matrix.json rows for TransportExecution; native full profile; independent HTTP/RLS/FK/race logs,"[""+ start(expectedVersion: number): Result"",""+ complete(proof: EvidenceRef): Result"",""+ requestReplan(reason: ReasonCode): Result""]",BLOQUEADO: exact semantic method→service/test mapping not certified; not an assertion of missing code,"Class complete only with all attributes, related associations and explicit semantic method evidence; green suites alone never promote rows",POST /api/v2/carriers/:carrierId/executions/:parentId/incidents; POST /api/v2/carriers/:carrierId/executions/:id/starts; POST /api/v2/carriers/:carrierId/executions/:id/completions; POST /api/v2/carriers/:carrierId/executions/:id/cancellations; POST /api/v2/carriers/:carrierId/executions/:id/positions; POST /api/v2/executions,GET /api/v2/carriers/:carrierId/executions; GET /api/v2/carriers/:carrierId/executions/:id; GET /api/v2/carriers/:carrierId/executions/:parentId/incidents; GET /api/v2/carriers/:carrierId/executions/:parentId/incidents/:id; GET /api/v2/carriers/:carrierId/executions/:parentId/events; GET /api/v2/carriers/:carrierId/executions/:parentId/events/:id; GET /api/v2/executions; GET /api/v2/executions/:id; GET /api/v2/executions/:parentId/incidents; GET /api/v2/executions/:parentId/incidents/:id; GET /api/v2/executions/:parentId/events; GET /api/v2/executions/:parentId/events/:id; GET /api/v2/bookings/:parentId/execution; GET /api/v2/bookings/:parentId/execution/:id
OperationalIncident,TABLE_OR_SUBTYPE,operational_incidents,PARCIAL,9,"{""COMPLETO"":9}","{""COMPLETO"":2,""PARCIAL"":1}",supabase-v2/supabase/migrations/20261004154048_hac40_workflow.sql:227,incidents,"{""table"":[{""relacl"":""{postgres=arwdDxtm/postgres}"",""schema"":""public"",""relkind"":""r"",""relname"":""operational_incidents"",""relrowsecurity"":true,""relforcerowsecurity"":false}],""policies"":[],""grants"":[]}",attribute-matrix.json rows for OperationalIncident; native full profile; independent HTTP/RLS/FK/race logs,"[""+ classify(): IncidentDecision"",""+ escalate(to: ActorRef): Result"",""+ resolve(proof: EvidenceRef): Result""]",BLOQUEADO: exact semantic method→service/test mapping not certified; not an assertion of missing code,"Class complete only with all attributes, related associations and explicit semantic method evidence; green suites alone never promote rows",POST /api/v2/carriers/:carrierId/executions/:parentId/incidents,GET /api/v2/carriers/:carrierId/executions/:parentId/incidents; GET /api/v2/carriers/:carrierId/executions/:parentId/incidents/:id; GET /api/v2/executions/:parentId/incidents; GET /api/v2/executions/:parentId/incidents/:id
IncidentUpdate,TABLE_OR_SUBTYPE,incident_updates,PARCIAL,5,"{""PARCIAL"":5}","{""COMPLETO"":1}",supabase-v2/supabase/migrations/20261004154048_hac40_workflow.sql:240,incident-updates,"{""table"":[{""relacl"":""{postgres=arwdDxtm/postgres}"",""schema"":""public"",""relkind"":""r"",""relname"":""incident_updates"",""relrowsecurity"":true,""relforcerowsecurity"":false}],""policies"":[],""grants"":[]}",attribute-matrix.json rows for IncidentUpdate; native full profile; independent HTTP/RLS/FK/race logs,"[""+ isAuthorized(): Decision"",""+ auditRecord(): AuditEvent""]",BLOQUEADO: exact semantic method→service/test mapping not certified; not an assertion of missing code,"Class complete only with all attributes, related associations and explicit semantic method evidence; green suites alone never promote rows",NO_MATCHING_HONO_ROUTE,GET /api/v2/carriers/:carrierId/incidents/:parentId/updates; GET /api/v2/carriers/:carrierId/incidents/:parentId/updates/:id; GET /api/v2/incidents/:parentId/updates; GET /api/v2/incidents/:parentId/updates/:id
LogisticsNode,TABLE_OR_SUBTYPE,logistics_nodes,PARCIAL,7,"{""COMPLETO"":7}","{""COMPLETO"":2}",supabase-v2/supabase/migrations/20261004154048_hac40_workflow.sql:45,nodes,"{""table"":[{""relacl"":""{postgres=arwdDxtm/postgres}"",""schema"":""public"",""relkind"":""r"",""relname"":""logistics_nodes"",""relrowsecurity"":true,""relforcerowsecurity"":false}],""policies"":[],""grants"":[]}",attribute-matrix.json rows for LogisticsNode; native full profile; independent HTTP/RLS/FK/race logs,"[""+ supports(mode: TransportMode): Decision"",""+ activeAt(at: Instant): Decision""]",BLOQUEADO: exact semantic method→service/test mapping not certified; not an assertion of missing code,"Class complete only with all attributes, related associations and explicit semantic method evidence; green suites alone never promote rows",POST /api/v2/routing/nodes; POST /api/v2/routing/nodes/:id/revisions,GET /api/v2/routing/nodes; GET /api/v2/routing/nodes/:id
RouteCorridor,TABLE_OR_SUBTYPE,route_corridors,PARCIAL,8,"{""COMPLETO"":7,""PARCIAL"":1}","{""COMPLETO"":2,""PARCIAL"":3}",supabase-v2/supabase/migrations/20261004154048_hac40_workflow.sql:58,corridors,"{""table"":[{""relacl"":""{postgres=arwdDxtm/postgres}"",""schema"":""public"",""relkind"":""r"",""relname"":""route_corridors"",""relrowsecurity"":true,""relforcerowsecurity"":false}],""policies"":[],""grants"":[]}",attribute-matrix.json rows for RouteCorridor; native full profile; independent HTTP/RLS/FK/race logs,"[""+ connects(origin: LogisticsNode, destination: LogisticsNode): boolean"",""+ usableAt(at: Instant): Decision""]",BLOQUEADO: exact semantic method→service/test mapping not certified; not an assertion of missing code,"Class complete only with all attributes, related associations and explicit semantic method evidence; green suites alone never promote rows",POST /api/v2/routing/corridors; POST /api/v2/routing/corridors/:id/revisions,GET /api/v2/routing/corridors; GET /api/v2/routing/corridors/:id
CargoProfile,TABLE_OR_SUBTYPE,organization_cargo_profiles,PARCIAL,6,"{""COMPLETO"":6}","{""COMPLETO"":2}",supabase-v2/supabase/migrations/20260927042808_v2_schema_baseline.sql:899,cargo-profiles,"{""table"":[{""relacl"":""{postgres=arwdDxtm/postgres,service_role=arwdDxtm/postgres,authenticated=arw/postgres}"",""schema"":""public"",""relkind"":""r"",""relname"":""organization_cargo_profiles"",""relrowsecurity"":true,""relforcerowsecurity"":false}],""policies"":[{""cmd"":""INSERT"",""qual"":null,""roles"":[""authenticated""],""tablename"":""organization_cargo_profiles"",""policyname"":""organization_cargo_profiles_manager_insert"",""schemaname"":""public"",""with_check"":""( SELECT private.has_organization_role(organization_cargo_profiles.organization_id, ARRAY['OWNER'::text, 'SUPERVISOR'::text]) AS has_organization_role)""},{""cmd"":""UPDATE"",""qual"":""( SELECT private.has_organization_role(organization_cargo_profiles.organization_id, ARRAY['OWNER'::text, 'SUPERVISOR'::text]) AS has_organization_role)"",""roles"":[""authenticated""],""tablename"":""organization_cargo_profiles"",""policyname"":""organization_cargo_profiles_manager_update"",""schemaname"":""public"",""with_check"":""( SELECT private.has_organization_role(organization_cargo_profiles.organization_id, ARRAY['OWNER'::text, 'SUPERVISOR'::text]) AS has_organization_role)""},{""cmd"":""SELECT"",""qual"":""( SELECT private.is_organization_member(organization_cargo_profiles.organization_id) AS is_organization_member)"",""roles"":[""authenticated""],""tablename"":""organization_cargo_profiles"",""policyname"":""organization_cargo_profiles_member_select"",""schemaname"":""public"",""with_check"":null}],""grants"":[{""grantee"":""authenticated"",""table_name"":""organization_cargo_profiles"",""table_schema"":""public"",""privilege_type"":""INSERT""},{""grantee"":""authenticated"",""table_name"":""organization_cargo_profiles"",""table_schema"":""public"",""privilege_type"":""SELECT""},{""grantee"":""authenticated"",""table_name"":""organization_cargo_profiles"",""table_schema"":""public"",""privilege_type"":""UPDATE""},{""grantee"":""service_role"",""table_name"":""organization_cargo_profiles"",""table_schema"":""public"",""privilege_type"":""DELETE""},{""grantee"":""service_role"",""table_name"":""organization_cargo_profiles"",""table_schema"":""public"",""privilege_type"":""INSERT""},{""grantee"":""service_role"",""table_name"":""organization_cargo_profiles"",""table_schema"":""public"",""privilege_type"":""REFERENCES""},{""grantee"":""service_role"",""table_name"":""organization_cargo_profiles"",""table_schema"":""public"",""privilege_type"":""SELECT""},{""grantee"":""service_role"",""table_name"":""organization_cargo_profiles"",""table_schema"":""public"",""privilege_type"":""TRIGGER""},{""grantee"":""service_role"",""table_name"":""organization_cargo_profiles"",""table_schema"":""public"",""privilege_type"":""TRUNCATE""},{""grantee"":""service_role"",""table_name"":""organization_cargo_profiles"",""table_schema"":""public"",""privilege_type"":""UPDATE""}]}",attribute-matrix.json rows for CargoProfile; native full profile; independent HTTP/RLS/FK/race logs,"[""+ prefillRequest(): RequestDraft"",""+ requiresRevalidation(): boolean""]",BLOQUEADO: exact semantic method→service/test mapping not certified; not an assertion of missing code,"Class complete only with all attributes, related associations and explicit semantic method evidence; green suites alone never promote rows",POST /api/v2/cargo-profiles; POST /api/v2/cargo-profiles/:id/revisions,GET /api/v2/cargo-profiles; GET /api/v2/cargo-profiles/:id
CargoCategory,TABLE_OR_SUBTYPE,cargo_categories,PARCIAL,5,"{""COMPLETO"":5}","{""COMPLETO"":2}",supabase-v2/supabase/migrations/20260927042808_v2_schema_baseline.sql:40,cargo-categories,"{""table"":[{""relacl"":""{postgres=arwdDxtm/postgres,service_role=arwdDxtm/postgres,authenticated=r/postgres}"",""schema"":""public"",""relkind"":""r"",""relname"":""cargo_categories"",""relrowsecurity"":true,""relforcerowsecurity"":false}],""policies"":[{""cmd"":""SELECT"",""qual"":""( SELECT private.has_any_organization() AS has_any_organization)"",""roles"":[""authenticated""],""tablename"":""cargo_categories"",""policyname"":""cargo_categories_member_select"",""schemaname"":""public"",""with_check"":null}],""grants"":[{""grantee"":""authenticated"",""table_name"":""cargo_categories"",""table_schema"":""public"",""privilege_type"":""SELECT""},{""grantee"":""service_role"",""table_name"":""cargo_categories"",""table_schema"":""public"",""privilege_type"":""DELETE""},{""grantee"":""service_role"",""table_name"":""cargo_categories"",""table_schema"":""public"",""privilege_type"":""INSERT""},{""grantee"":""service_role"",""table_name"":""cargo_categories"",""table_schema"":""public"",""privilege_type"":""REFERENCES""},{""grantee"":""service_role"",""table_name"":""cargo_categories"",""table_schema"":""public"",""privilege_type"":""SELECT""},{""grantee"":""service_role"",""table_name"":""cargo_categories"",""table_schema"":""public"",""privilege_type"":""TRIGGER""},{""grantee"":""service_role"",""table_name"":""cargo_categories"",""table_schema"":""public"",""privilege_type"":""TRUNCATE""},{""grantee"":""service_role"",""table_name"":""cargo_categories"",""table_schema"":""public"",""privilege_type"":""UPDATE""}]}",attribute-matrix.json rows for CargoCategory; native full profile; independent HTTP/RLS/FK/race logs,"[""+ suggestRequirements(): CargoRequirement[]"",""+ isCurrent(at: Instant): boolean""]",BLOQUEADO: exact semantic method→service/test mapping not certified; not an assertion of missing code,"Class complete only with all attributes, related associations and explicit semantic method evidence; green suites alone never promote rows",POST /api/v2/cargo-categories; POST /api/v2/cargo-categories/:id/revisions,GET /api/v2/cargo-categories; GET /api/v2/cargo-categories/:id
LoadAllocation,TABLE_OR_SUBTYPE,load_allocations,PARCIAL,5,"{""COMPLETO"":4,""PARCIAL"":1}","{""PARCIAL"":1,""COMPLETO"":1}",supabase-v2/supabase/migrations/20261004154048_hac40_workflow.sql:316,plans,"{""table"":[{""relacl"":""{postgres=arwdDxtm/postgres}"",""schema"":""public"",""relkind"":""r"",""relname"":""load_allocations"",""relrowsecurity"":true,""relforcerowsecurity"":false}],""policies"":[],""grants"":[]}",attribute-matrix.json rows for LoadAllocation; native full profile; independent HTTP/RLS/FK/race logs,"[""+ respectsIndivisibility(unit: CargoUnit): Decision"",""+ fits(resource: PlanResource): Decision""]",BLOQUEADO: exact semantic method→service/test mapping not certified; not an assertion of missing code,"Class complete only with all attributes, related associations and explicit semantic method evidence; green suites alone never promote rows",POST /api/v2/freight/requests/:requestId/plans,GET /api/v2/freight/requests/:requestId/plans; GET /api/v2/freight/requests/:requestId/plans/:id
OrganizationMember,TABLE_OR_SUBTYPE,public.organization_members,PARCIAL,5,"{""COMPLETO"":5}","{""PARCIAL"":1,""COMPLETO"":2}",supabase-v2/supabase/migrations/20260927042808_v2_schema_baseline.sql:215,OrganizationMember,"{""table"":[{""relacl"":""{postgres=arwdDxtm/postgres,service_role=arwdDxtm/postgres,authenticated=r/postgres}"",""schema"":""public"",""relkind"":""r"",""relname"":""organization_members"",""relrowsecurity"":true,""relforcerowsecurity"":false}],""policies"":[{""cmd"":""SELECT"",""qual"":""( SELECT private.is_organization_member(organization_members.organization_id) AS is_organization_member)"",""roles"":[""authenticated""],""tablename"":""organization_members"",""policyname"":""organization_members_member_select"",""schemaname"":""public"",""with_check"":null}],""grants"":[{""grantee"":""authenticated"",""table_name"":""organization_members"",""table_schema"":""public"",""privilege_type"":""SELECT""},{""grantee"":""service_role"",""table_name"":""organization_members"",""table_schema"":""public"",""privilege_type"":""DELETE""},{""grantee"":""service_role"",""table_name"":""organization_members"",""table_schema"":""public"",""privilege_type"":""INSERT""},{""grantee"":""service_role"",""table_name"":""organization_members"",""table_schema"":""public"",""privilege_type"":""REFERENCES""},{""grantee"":""service_role"",""table_name"":""organization_members"",""table_schema"":""public"",""privilege_type"":""SELECT""},{""grantee"":""service_role"",""table_name"":""organization_members"",""table_schema"":""public"",""privilege_type"":""TRIGGER""},{""grantee"":""service_role"",""table_name"":""organization_members"",""table_schema"":""public"",""privilege_type"":""TRUNCATE""},{""grantee"":""service_role"",""table_name"":""organization_members"",""table_schema"":""public"",""privilege_type"":""UPDATE""}]}",attribute-matrix.json rows for OrganizationMember; native full profile; independent HTTP/RLS/FK/race logs,"[""+ canSubmit(): boolean"",""+ canAuthorizeBooking(): boolean""]",BLOQUEADO: exact semantic method→service/test mapping not certified; not an assertion of missing code,"Class complete only with all attributes, related associations and explicit semantic method evidence; green suites alone never promote rows",POST /api/v2/organizations/current/members/invitations; POST /api/v2/organizations/current/members/:id/revisions; POST /api/v2/identity/organizations/:organizationId/members/:id/acceptance,GET /api/v2/organizations/current/members
McpAccountLink,TABLE_OR_SUBTYPE,public.mcp_account_links,DIVERGENTE,11,"{""COMPLETO"":7,""DIVERGENTE"":3,""PARCIAL"":1}","{""COMPLETO"":1}",supabase-v2/supabase/migrations/20261002160000_hac11_mcp_account_links.sql:7,McpAccountLink,"{""table"":[{""relacl"":""{postgres=arwdDxtm/postgres,service_role=arwdDxtm/postgres,authenticated=r/postgres}"",""schema"":""public"",""relkind"":""r"",""relname"":""mcp_account_links"",""relrowsecurity"":true,""relforcerowsecurity"":false}],""policies"":[{""cmd"":""SELECT"",""qual"":""private.identity_link_active(id)"",""roles"":[""authenticated""],""tablename"":""mcp_account_links"",""policyname"":""mcp_account_links_owner_select"",""schemaname"":""public"",""with_check"":null}],""grants"":[{""grantee"":""authenticated"",""table_name"":""mcp_account_links"",""table_schema"":""public"",""privilege_type"":""SELECT""},{""grantee"":""service_role"",""table_name"":""mcp_account_links"",""table_schema"":""public"",""privilege_type"":""DELETE""},{""grantee"":""service_role"",""table_name"":""mcp_account_links"",""table_schema"":""public"",""privilege_type"":""INSERT""},{""grantee"":""service_role"",""table_name"":""mcp_account_links"",""table_schema"":""public"",""privilege_type"":""REFERENCES""},{""grantee"":""service_role"",""table_name"":""mcp_account_links"",""table_schema"":""public"",""privilege_type"":""SELECT""},{""grantee"":""service_role"",""table_name"":""mcp_account_links"",""table_schema"":""public"",""privilege_type"":""TRIGGER""},{""grantee"":""service_role"",""table_name"":""mcp_account_links"",""table_schema"":""public"",""privilege_type"":""TRUNCATE""},{""grantee"":""service_role"",""table_name"":""mcp_account_links"",""table_schema"":""public"",""privilege_type"":""UPDATE""}]}",attribute-matrix.json rows for McpAccountLink; native full profile; independent HTTP/RLS/FK/race logs,"[""+ resolvesTo(member: OrganizationMember): boolean"",""+ validAt(at: Instant): boolean"",""+ hasScope(scope: string): boolean""]",BLOQUEADO: exact semantic method→service/test mapping not certified; not an assertion of missing code,"Class complete only with all attributes, related associations and explicit semantic method evidence; green suites alone never promote rows",POST /api/v2/identity/mcp/links; POST /api/v2/identity/mcp/links/:id/revocations,GET /api/v2/identity/mcp/links
RepositioningBlock,TABLE_OR_SUBTYPE,repositioning_blocks,PARCIAL,6,"{""COMPLETO"":2,""PARCIAL"":4}","{""COMPLETO"":1}",supabase-v2/supabase/migrations/20260927064713_hac12_road_vertical.sql:153,repositioning-blocks,"{""table"":[{""relacl"":""{postgres=arwdDxtm/postgres,service_role=arwdDxtm/postgres}"",""schema"":""public"",""relkind"":""r"",""relname"":""repositioning_blocks"",""relrowsecurity"":true,""relforcerowsecurity"":false}],""policies"":[{""cmd"":""SELECT"",""qual"":""( SELECT private.has_any_organization() AS has_any_organization)"",""roles"":[""authenticated""],""tablename"":""repositioning_blocks"",""policyname"":""repositioning_blocks_member_select"",""schemaname"":""public"",""with_check"":null}],""grants"":[{""grantee"":""service_role"",""table_name"":""repositioning_blocks"",""table_schema"":""public"",""privilege_type"":""DELETE""},{""grantee"":""service_role"",""table_name"":""repositioning_blocks"",""table_schema"":""public"",""privilege_type"":""INSERT""},{""grantee"":""service_role"",""table_name"":""repositioning_blocks"",""table_schema"":""public"",""privilege_type"":""REFERENCES""},{""grantee"":""service_role"",""table_name"":""repositioning_blocks"",""table_schema"":""public"",""privilege_type"":""SELECT""},{""grantee"":""service_role"",""table_name"":""repositioning_blocks"",""table_schema"":""public"",""privilege_type"":""TRIGGER""},{""grantee"":""service_role"",""table_name"":""repositioning_blocks"",""table_schema"":""public"",""privilege_type"":""TRUNCATE""},{""grantee"":""service_role"",""table_name"":""repositioning_blocks"",""table_schema"":""public"",""privilege_type"":""UPDATE""}]}",attribute-matrix.json rows for RepositioningBlock; native full profile; independent HTTP/RLS/FK/race logs,"[""+ blocks(window: TimeWindow): boolean"",""+ freshnessAt(at: Instant): EvidenceStatus""]",BLOQUEADO: exact semantic method→service/test mapping not certified; not an assertion of missing code,"Class complete only with all attributes, related associations and explicit semantic method evidence; green suites alone never promote rows",POST /api/v2/carriers/:carrierId/repositioning-blocks; POST /api/v2/carriers/:carrierId/repositioning-blocks/:id/revisions,GET /api/v2/carriers/:carrierId/repositioning-blocks; GET /api/v2/carriers/:carrierId/repositioning-blocks/:id
OrganizationPreferences,TABLE_OR_SUBTYPE,organization_preferences,PARCIAL,6,"{""COMPLETO"":5,""PARCIAL"":1}","{""COMPLETO"":1}",supabase-v2/supabase/migrations/20260927042808_v2_schema_baseline.sql:60,preferences,"{""table"":[{""relacl"":""{postgres=arwdDxtm/postgres,service_role=arwdDxtm/postgres,authenticated=rw/postgres}"",""schema"":""public"",""relkind"":""r"",""relname"":""organization_preferences"",""relrowsecurity"":true,""relforcerowsecurity"":false}],""policies"":[{""cmd"":""SELECT"",""qual"":""( SELECT private.is_organization_member(organization_preferences.organization_id) AS is_organization_member)"",""roles"":[""authenticated""],""tablename"":""organization_preferences"",""policyname"":""organization_preferences_member_select"",""schemaname"":""public"",""with_check"":null},{""cmd"":""UPDATE"",""qual"":""( SELECT private.has_organization_role(organization_preferences.organization_id, ARRAY['OWNER'::text, 'SUPERVISOR'::text]) AS has_organization_role)"",""roles"":[""authenticated""],""tablename"":""organization_preferences"",""policyname"":""organization_preferences_owner_update"",""schemaname"":""public"",""with_check"":""( SELECT private.has_organization_role(organization_preferences.organization_id, ARRAY['OWNER'::text, 'SUPERVISOR'::text]) AS has_organization_role)""}],""grants"":[{""grantee"":""authenticated"",""table_name"":""organization_preferences"",""table_schema"":""public"",""privilege_type"":""SELECT""},{""grantee"":""authenticated"",""table_name"":""organization_preferences"",""table_schema"":""public"",""privilege_type"":""UPDATE""},{""grantee"":""service_role"",""table_name"":""organization_preferences"",""table_schema"":""public"",""privilege_type"":""DELETE""},{""grantee"":""service_role"",""table_name"":""organization_preferences"",""table_schema"":""public"",""privilege_type"":""INSERT""},{""grantee"":""service_role"",""table_name"":""organization_preferences"",""table_schema"":""public"",""privilege_type"":""REFERENCES""},{""grantee"":""service_role"",""table_name"":""organization_preferences"",""table_schema"":""public"",""privilege_type"":""SELECT""},{""grantee"":""service_role"",""table_name"":""organization_preferences"",""table_schema"":""public"",""privilege_type"":""TRIGGER""},{""grantee"":""service_role"",""table_name"":""organization_preferences"",""table_schema"":""public"",""privilege_type"":""TRUNCATE""},{""grantee"":""service_role"",""table_name"":""organization_preferences"",""table_schema"":""public"",""privilege_type"":""UPDATE""}]}",attribute-matrix.json rows for OrganizationPreferences; native full profile; independent HTTP/RLS/FK/race logs,"[""+ suggestDefaults(): RequestDefaults"",""+ validFor(request: FreightRequest): Decision""]",BLOQUEADO: exact semantic method→service/test mapping not certified; not an assertion of missing code,"Class complete only with all attributes, related associations and explicit semantic method evidence; green suites alone never promote rows",POST /api/v2/organizations/current/preferences; POST /api/v2/organizations/current/preferences/:id/revisions,GET /api/v2/organizations/current/preferences; GET /api/v2/organizations/current/preferences/:id
CarrierMetric,TABLE_OR_SUBTYPE,v2_carrier_metrics,PARCIAL,7,"{""COMPLETO"":7}","{""COMPLETO"":1}",supabase-v2/supabase/migrations/20261004154048_hac40_workflow.sql:123,metrics,"{""table"":[{""relacl"":""{postgres=arwdDxtm/postgres}"",""schema"":""public"",""relkind"":""r"",""relname"":""v2_carrier_metrics"",""relrowsecurity"":true,""relforcerowsecurity"":false}],""policies"":[],""grants"":[]}",attribute-matrix.json rows for CarrierMetric; native full profile; independent HTTP/RLS/FK/race logs,"[""+ isRepresentative(minSample: number): boolean"",""+ comparableTo(other: CarrierMetric): boolean""]",BLOQUEADO: exact semantic method→service/test mapping not certified; not an assertion of missing code,"Class complete only with all attributes, related associations and explicit semantic method evidence; green suites alone never promote rows",POST /api/v2/carriers/:carrierId/metrics; POST /api/v2/carriers/:carrierId/metrics/:id/revisions,GET /api/v2/carriers/:carrierId/metrics; GET /api/v2/carriers/:carrierId/metrics/:id
VehicleCombination,TABLE_OR_SUBTYPE,vehicle_combinations,PARCIAL,8,"{""COMPLETO"":8}","{""COMPLETO"":1,""PARCIAL"":1}",supabase-v2/supabase/migrations/20261004080506_hac40_crew_assignments.sql:33,vehicle-combinations,"{""table"":[{""relacl"":""{postgres=arwdDxtm/postgres}"",""schema"":""public"",""relkind"":""r"",""relname"":""vehicle_combinations"",""relrowsecurity"":true,""relforcerowsecurity"":false}],""policies"":[],""grants"":[]}",attribute-matrix.json rows for VehicleCombination; native full profile; independent HTTP/RLS/FK/race logs,"[""+ validateCompatibility(): Decision"",""+ effectiveCapacityOn(route: RoutePlan): Capacity""]",BLOQUEADO: exact semantic method→service/test mapping not certified; not an assertion of missing code,"Class complete only with all attributes, related associations and explicit semantic method evidence; green suites alone never promote rows",POST /api/v2/carriers/:carrierId/vehicle-combinations; POST /api/v2/carriers/:carrierId/vehicle-combinations/:id/revisions,GET /api/v2/carriers/:carrierId/vehicle-combinations; GET /api/v2/carriers/:carrierId/vehicle-combinations/:id
ServiceArea,TABLE_OR_SUBTYPE,service_areas,PARCIAL,8,"{""COMPLETO"":8}","{""COMPLETO"":4}",supabase-v2/supabase/migrations/20260927042808_v2_schema_baseline.sql:3289,areas,"{""table"":[{""relacl"":""{postgres=arwdDxtm/postgres,service_role=arwdDxtm/postgres,authenticated=r/postgres}"",""schema"":""public"",""relkind"":""r"",""relname"":""service_areas"",""relrowsecurity"":true,""relforcerowsecurity"":false}],""policies"":[{""cmd"":""SELECT"",""qual"":""( SELECT private.has_any_organization() AS has_any_organization)"",""roles"":[""authenticated""],""tablename"":""service_areas"",""policyname"":""service_areas_member_select"",""schemaname"":""public"",""with_check"":null}],""grants"":[{""grantee"":""authenticated"",""table_name"":""service_areas"",""table_schema"":""public"",""privilege_type"":""SELECT""},{""grantee"":""service_role"",""table_name"":""service_areas"",""table_schema"":""public"",""privilege_type"":""DELETE""},{""grantee"":""service_role"",""table_name"":""service_areas"",""table_schema"":""public"",""privilege_type"":""INSERT""},{""grantee"":""service_role"",""table_name"":""service_areas"",""table_schema"":""public"",""privilege_type"":""REFERENCES""},{""grantee"":""service_role"",""table_name"":""service_areas"",""table_schema"":""public"",""privilege_type"":""SELECT""},{""grantee"":""service_role"",""table_name"":""service_areas"",""table_schema"":""public"",""privilege_type"":""TRIGGER""},{""grantee"":""service_role"",""table_name"":""service_areas"",""table_schema"":""public"",""privilege_type"":""TRUNCATE""},{""grantee"":""service_role"",""table_name"":""service_areas"",""table_schema"":""public"",""privilege_type"":""UPDATE""}]}",attribute-matrix.json rows for ServiceArea; native full profile; independent HTTP/RLS/FK/race logs,"[""+ covers(place: GeoLocation): Decision"",""+ validAt(at: Instant): boolean""]",BLOQUEADO: exact semantic method→service/test mapping not certified; not an assertion of missing code,"Class complete only with all attributes, related associations and explicit semantic method evidence; green suites alone never promote rows",POST /api/v2/carriers/:carrierId/services/:serviceId/areas; POST /api/v2/carriers/:carrierId/services/:serviceId/areas/:id/revisions,GET /api/v2/carriers/:carrierId/services/:serviceId/areas; GET /api/v2/carriers/:carrierId/services/:serviceId/areas/:id
FulfilmentPartner,TABLE_OR_SUBTYPE,fulfilment_partners,PARCIAL,7,"{""COMPLETO"":6,""PARCIAL"":1}","{""COMPLETO"":4}",supabase-v2/supabase/migrations/20261004032151_hac40_catalog.sql:43,partners,"{""table"":[{""relacl"":""{postgres=arwdDxtm/postgres,service_role=arwdDxtm/postgres,authenticated=r/postgres}"",""schema"":""public"",""relkind"":""r"",""relname"":""fulfilment_partners"",""relrowsecurity"":true,""relforcerowsecurity"":false}],""policies"":[{""cmd"":""SELECT"",""qual"":""(EXISTS ( SELECT 1\n   FROM organization_members m\n  WHERE ((m.auth_user_id = ( SELECT auth.uid() AS uid)) AND (m.status = 'ACTIVE'::text))))"",""roles"":[""authenticated""],""tablename"":""fulfilment_partners"",""policyname"":""fulfilment_partners_member_read"",""schemaname"":""public"",""with_check"":null}],""grants"":[{""grantee"":""authenticated"",""table_name"":""fulfilment_partners"",""table_schema"":""public"",""privilege_type"":""SELECT""},{""grantee"":""service_role"",""table_name"":""fulfilment_partners"",""table_schema"":""public"",""privilege_type"":""DELETE""},{""grantee"":""service_role"",""table_name"":""fulfilment_partners"",""table_schema"":""public"",""privilege_type"":""INSERT""},{""grantee"":""service_role"",""table_name"":""fulfilment_partners"",""table_schema"":""public"",""privilege_type"":""REFERENCES""},{""grantee"":""service_role"",""table_name"":""fulfilment_partners"",""table_schema"":""public"",""privilege_type"":""SELECT""},{""grantee"":""service_role"",""table_name"":""fulfilment_partners"",""table_schema"":""public"",""privilege_type"":""TRIGGER""},{""grantee"":""service_role"",""table_name"":""fulfilment_partners"",""table_schema"":""public"",""privilege_type"":""TRUNCATE""},{""grantee"":""service_role"",""table_name"":""fulfilment_partners"",""table_schema"":""public"",""privilege_type"":""UPDATE""}]}",attribute-matrix.json rows for FulfilmentPartner; native full profile; independent HTTP/RLS/FK/race logs,"[""+ supports(leg: RouteLeg, at: Instant): Decision"",""+ isAuthorizedAt(at: Instant): boolean""]",BLOQUEADO: exact semantic method→service/test mapping not certified; not an assertion of missing code,"Class complete only with all attributes, related associations and explicit semantic method evidence; green suites alone never promote rows",POST /api/v2/carriers/:carrierId/partners; POST /api/v2/carriers/:carrierId/partners/:id/revisions,GET /api/v2/carriers/:carrierId/partners; GET /api/v2/carriers/:carrierId/partners/:id
PlanLegAssignment,TABLE_OR_SUBTYPE,plan_leg_assignments,PARCIAL,8,"{""COMPLETO"":7,""PARCIAL"":1}","{""COMPLETO"":3,""PARCIAL"":3}",supabase-v2/supabase/migrations/20261004154048_hac40_workflow.sql:315,plans,"{""table"":[{""relacl"":""{postgres=arwdDxtm/postgres}"",""schema"":""public"",""relkind"":""r"",""relname"":""plan_leg_assignments"",""relrowsecurity"":true,""relforcerowsecurity"":false}],""policies"":[],""grants"":[]}",attribute-matrix.json rows for PlanLegAssignment; native full profile; independent HTTP/RLS/FK/race logs,"[""+ validateEligibility(): EligibilityDecision"",""+ carrierForLeg(): Carrier"",""+ isQuotable(): boolean""]",BLOQUEADO: exact semantic method→service/test mapping not certified; not an assertion of missing code,"Class complete only with all attributes, related associations and explicit semantic method evidence; green suites alone never promote rows",POST /api/v2/freight/requests/:requestId/plans,GET /api/v2/freight/requests/:requestId/plans; GET /api/v2/freight/requests/:requestId/plans/:id
OfferCostComponent,EMBEDDED_VALUE,v2_carrier_offers.breakdown[],PARCIAL,6,"{""COMPLETO"":5,""PARCIAL"":1}","{""PARCIAL"":1}",supabase-v2/supabase/migrations/20261004154048_hac40_workflow.sql:175,offers,"{""table"":[{""relacl"":""{postgres=arwdDxtm/postgres}"",""schema"":""public"",""relkind"":""r"",""relname"":""v2_carrier_offers"",""relrowsecurity"":true,""relforcerowsecurity"":false}],""policies"":[],""grants"":[]}",attribute-matrix.json rows for OfferCostComponent; native full profile; independent HTTP/RLS/FK/race logs,"[""+ contributesToQuotedTotal(): boolean"",""+ isComparable(): Decision""]",BLOQUEADO: exact semantic method→service/test mapping not certified; not an assertion of missing code,"Class complete only with all attributes, related associations and explicit semantic method evidence; green suites alone never promote rows",POST /api/v2/carriers/:carrierId/offers/:id/withdrawals,GET /api/v2/carriers/:carrierId/offers; GET /api/v2/carriers/:carrierId/offers/:id; GET /api/v2/freight/requests/:requestId/offers; GET /api/v2/freight/requests/:requestId/offers/:id
ShipmentContact,EMBEDDED_VALUE,freight_requests.v2_snapshot.contacts,PARCIAL,7,"{""PARCIAL"":4,""COMPLETO"":3}","{""PARCIAL"":2}",supabase-v2/supabase/migrations/20260927042808_v2_schema_baseline.sql:136,ShipmentContact,"{""table"":[{""relacl"":""{postgres=arwdDxtm/postgres,service_role=arwdDxtm/postgres,authenticated=arw/postgres}"",""schema"":""public"",""relkind"":""r"",""relname"":""freight_requests"",""relrowsecurity"":true,""relforcerowsecurity"":false}],""policies"":[{""cmd"":""INSERT"",""qual"":null,""roles"":[""authenticated""],""tablename"":""freight_requests"",""policyname"":""freight_requests_creation_receipt_owner"",""schemaname"":""public"",""with_check"":""((creation_idempotency_key IS NULL) OR (EXISTS ( SELECT 1\n   FROM organization_members m\n  WHERE ((m.id = freight_requests.requested_by_member_id) AND (m.organization_id = freight_requests.organization_id) AND (m.auth_user_id = ( SELECT auth.uid() AS uid)) AND (m.status = 'ACTIVE'::text) AND (m.role = ANY (ARRAY['OWNER'::text, 'SUPERVISOR'::text]))))))""},{""cmd"":""INSERT"",""qual"":null,""roles"":[""authenticated""],""tablename"":""freight_requests"",""policyname"":""freight_requests_member_insert"",""schemaname"":""public"",""with_check"":""( SELECT private.has_organization_role(freight_requests.organization_id, ARRAY['OWNER'::text, 'SUPERVISOR'::text]) AS has_organization_role)""},{""cmd"":""SELECT"",""qual"":""( SELECT private.is_organization_member(freight_requests.organization_id) AS is_organization_member)"",""roles"":[""authenticated""],""tablename"":""freight_requests"",""policyname"":""freight_requests_member_select"",""schemaname"":""public"",""with_check"":null},{""cmd"":""UPDATE"",""qual"":""( SELECT private.has_organization_role(freight_requests.organization_id, ARRAY['OWNER'::text, 'SUPERVISOR'::text]) AS has_organization_role)"",""roles"":[""authenticated""],""tablename"":""freight_requests"",""policyname"":""freight_requests_member_update"",""schemaname"":""public"",""with_check"":""( SELECT private.has_organization_role(freight_requests.organization_id, ARRAY['OWNER'::text, 'SUPERVISOR'::text]) AS has_organization_role)""}],""grants"":[{""grantee"":""authenticated"",""table_name"":""freight_requests"",""table_schema"":""public"",""privilege_type"":""INSERT""},{""grantee"":""authenticated"",""table_name"":""freight_requests"",""table_schema"":""public"",""privilege_type"":""SELECT""},{""grantee"":""authenticated"",""table_name"":""freight_requests"",""table_schema"":""public"",""privilege_type"":""UPDATE""},{""grantee"":""service_role"",""table_name"":""freight_requests"",""table_schema"":""public"",""privilege_type"":""DELETE""},{""grantee"":""service_role"",""table_name"":""freight_requests"",""table_schema"":""public"",""privilege_type"":""INSERT""},{""grantee"":""service_role"",""table_name"":""freight_requests"",""table_schema"":""public"",""privilege_type"":""REFERENCES""},{""grantee"":""service_role"",""table_name"":""freight_requests"",""table_schema"":""public"",""privilege_type"":""SELECT""},{""grantee"":""service_role"",""table_name"":""freight_requests"",""table_schema"":""public"",""privilege_type"":""TRIGGER""},{""grantee"":""service_role"",""table_name"":""freight_requests"",""table_schema"":""public"",""privilege_type"":""TRUNCATE""},{""grantee"":""service_role"",""table_name"":""freight_requests"",""table_schema"":""public"",""privilege_type"":""UPDATE""}]}",attribute-matrix.json rows for ShipmentContact; native full profile; independent HTTP/RLS/FK/race logs,"[""+ canNotify(): Decision"",""+ matches(role: ContactRole): boolean""]",BLOQUEADO: exact semantic method→service/test mapping not certified; not an assertion of missing code,"Class complete only with all attributes, related associations and explicit semantic method evidence; green suites alone never promote rows",POST /api/v2/freight/requests/:id/revisions; POST /api/v2/freight/requests/:id/submissions; POST /api/v2/freight/requests; POST /api/v2/freight/requests/:requestId/route-alternatives; POST /api/v2/freight/requests/:requestId/routes; POST /api/v2/freight/requests/:requestId/plans; POST /api/v2/freight/requests/:requestId/opportunities; POST /api/v2/freight/requests/:requestId/ranking; POST /api/v2/freight/requests/:requestId/decisions; POST /api/v2/freight/requests/:requestId/decisions/:id/revocations,GET /api/v2/freight/requests; GET /api/v2/freight/requests/:id/serviceability; GET /api/v2/freight/requests/:id; GET /api/v2/freight/requests/:requestId/routes; GET /api/v2/freight/requests/:requestId/routes/:id; GET /api/v2/freight/requests/:requestId/plans; GET /api/v2/freight/requests/:requestId/plans/:id; GET /api/v2/freight/requests/:requestId/opportunities; GET /api/v2/freight/requests/:requestId/opportunities/:id; GET /api/v2/freight/requests/:requestId/offers; GET /api/v2/freight/requests/:requestId/offers/:id; GET /api/v2/freight/requests/:requestId/ranking; GET /api/v2/freight/requests/:requestId/ranking/:id; GET /api/v2/freight/requests/:requestId/decisions; GET /api/v2/freight/requests/:requestId/decisions/:id
CarrierOperator,TABLE_OR_SUBTYPE,public.carrier_operators,PARCIAL,7,"{""COMPLETO"":6,""PARCIAL"":1}","{""PARCIAL"":1,""COMPLETO"":1}",supabase-v2/supabase/migrations/20261004080506_hac40_crew_assignments.sql:3,CarrierOperator,"{""table"":[{""relacl"":""{postgres=arwdDxtm/postgres,authenticated=r/postgres}"",""schema"":""public"",""relkind"":""r"",""relname"":""carrier_operators"",""relrowsecurity"":true,""relforcerowsecurity"":false}],""policies"":[{""cmd"":""SELECT"",""qual"":""(auth_user_id = ( SELECT auth.uid() AS uid))"",""roles"":[""authenticated""],""tablename"":""carrier_operators"",""policyname"":""carrier_operators_own_identity"",""schemaname"":""public"",""with_check"":null}],""grants"":[{""grantee"":""authenticated"",""table_name"":""carrier_operators"",""table_schema"":""public"",""privilege_type"":""SELECT""}]}",attribute-matrix.json rows for CarrierOperator; native full profile; independent HTTP/RLS/FK/race logs,"[""+ mayIssueOffer(): Decision"",""+ mayUpdateCapacity(): Decision""]",BLOQUEADO: exact semantic method→service/test mapping not certified; not an assertion of missing code,"Class complete only with all attributes, related associations and explicit semantic method evidence; green suites alone never promote rows",POST /api/v2/carriers/:carrierId/operators/invitations; POST /api/v2/carriers/:carrierId/operators/:id/revisions; POST /api/v2/carriers/:carrierId/operators/:id/acceptance,GET /api/v2/carriers/:carrierId/operators
AssetCargoCapability,TABLE_OR_SUBTYPE,cargo_capability_definitions,PARCIAL,5,"{""PARCIAL"":2,""COMPLETO"":3}","{""PARCIAL"":1,""COMPLETO"":1}",supabase-v2/supabase/migrations/20261004042259_hac40_fleet.sql:2,capability-definitions,"{""table"":[{""relacl"":""{postgres=arwdDxtm/postgres}"",""schema"":""public"",""relkind"":""r"",""relname"":""cargo_capability_definitions"",""relrowsecurity"":true,""relforcerowsecurity"":false}],""policies"":[{""cmd"":""SELECT"",""qual"":""( SELECT private.has_any_organization() AS has_any_organization)"",""roles"":[""authenticated""],""tablename"":""cargo_capability_definitions"",""policyname"":""capability_definition_evaluator_select"",""schemaname"":""public"",""with_check"":null}],""grants"":[]}",attribute-matrix.json rows for AssetCargoCapability; native full profile; independent HTTP/RLS/FK/race logs,"[""+ supports(cargo: CargoSpecification): Decision"",""+ currentAt(at: Instant): Decision""]",BLOQUEADO: exact semantic method→service/test mapping not certified; not an assertion of missing code,"Class complete only with all attributes, related associations and explicit semantic method evidence; green suites alone never promote rows",POST /api/v2/carriers/:carrierId/capability-definitions; POST /api/v2/carriers/:carrierId/capability-definitions/:id/revisions,GET /api/v2/carriers/:carrierId/capability-definitions; GET /api/v2/carriers/:carrierId/capability-definitions/:id
RouteSimulationScenario,PORT_OR_PROJECTION,|scenario_files,PARCIAL,7,"{""PARCIAL"":7}","{""PARCIAL"":2}",NO_DEFINITION,RouteSimulationScenario,"{""table"":[],""policies"":[],""grants"":[]}",attribute-matrix.json rows for RouteSimulationScenario; native full profile; independent HTTP/RLS/FK/race logs,"[""+ inject(condition: RouteCondition): Result"",""+ replay(): RouteDecision""]",BLOQUEADO: exact semantic method→service/test mapping not certified; not an assertion of missing code,"Class complete only with all attributes, related associations and explicit semantic method evidence; green suites alone never promote rows",NO_HONO_OPERATION; see service/port/identity evidence,NO_HONO_OPERATION; see service/port/identity evidence
RoutePlanner,PORT_OR_PROJECTION,route_plans.data.planner,PARCIAL,3,"{""COMPLETO"":3}","{""PARCIAL"":3}",NO_DEFINITION,routes,"{""table"":[],""policies"":[],""grants"":[]}",attribute-matrix.json rows for RoutePlanner; native full profile; independent HTTP/RLS/FK/race logs,"[""+ findAlternatives(request: FreightRequest, policy: RoutePlanningPolicy): RoutePlan[]"",""+ replan(plan: RoutePlan, condition: RouteCondition): RouteDecision"",""+ explain(plan: RoutePlan): Explanation""]",BLOQUEADO: exact semantic method→service/test mapping not certified; not an assertion of missing code,"Class complete only with all attributes, related associations and explicit semantic method evidence; green suites alone never promote rows",POST /api/v2/freight/requests/:requestId/route-alternatives; POST /api/v2/routes/:id/replans,GET /api/v2/routes/:id/explanation
SelectionDecision,TABLE_OR_SUBTYPE,selection_decisions,PARCIAL,9,"{""COMPLETO"":9}","{""PARCIAL"":2,""COMPLETO"":3}",supabase-v2/supabase/migrations/20261004154048_hac40_workflow.sql:201,decisions,"{""table"":[{""relacl"":""{postgres=arwdDxtm/postgres}"",""schema"":""public"",""relkind"":""r"",""relname"":""selection_decisions"",""relrowsecurity"":true,""relforcerowsecurity"":false}],""policies"":[],""grants"":[]}",attribute-matrix.json rows for SelectionDecision; native full profile; independent HTTP/RLS/FK/race logs,"[""+ validatesSelectedOffer(): Decision"",""+ auditRecord(): AuditEvent"",""+ validatePlanAndOffers(): Decision""]",BLOQUEADO: exact semantic method→service/test mapping not certified; not an assertion of missing code,"Class complete only with all attributes, related associations and explicit semantic method evidence; green suites alone never promote rows",POST /api/v2/freight/requests/:requestId/decisions; POST /api/v2/freight/requests/:requestId/decisions/:id/revocations,GET /api/v2/freight/requests/:requestId/decisions; GET /api/v2/freight/requests/:requestId/decisions/:id
